week,industry,industry_amt,total_amt,amt_pct,industry_avg_turnover
2018-01-05,交通运输,5.9155763e+10,1.921195e+12,0.030791128,5.737780632717269
2018-01-05,传媒,3.904951e+10,1.921195e+12,0.020325636,7.1161396606894565
2018-01-05,农林牧渔,2.3371153e+10,1.921195e+12,0.012164904,9.268352588638663
2018-01-05,医药,1.0999354e+11,1.921195e+12,0.057252668,8.059265492516424
2018-01-05,商贸零售,3.0236176e+10,1.921195e+12,0.015738213,4.6250077896647985
2018-01-05,国防军工,2.6364078e+10,1.921195e+12,0.013722749,8.422954077758487
2018-01-05,基础化工,1.1897922e+11,1.921195e+12,0.0619298,12.55844434817357
2018-01-05,家电,4.0699957e+10,1.921195e+12,0.021184709,6.121508462954376
2018-01-05,建材,7.207877e+10,1.921195e+12,0.037517674,12.706229993275233
2018-01-05,建筑,6.0270395e+10,1.921195e+12,0.031371303,14.781987772045428
2018-01-05,房地产,1.0619039e+11,1.921195e+12,0.05527309,5.504111670753331
2018-01-05,有色金属,1.3004608e+11,1.921195e+12,0.0676902,11.411856385110651
2018-01-05,机械,9.8878505e+10,1.921195e+12,0.051467188,8.271048200130462
2018-01-05,汽车,6.233483e+10,1.921195e+12,0.032445863,9.278034904409175
2018-01-05,消费者服务,1.0149155e+10,1.921195e+12,0.00528273,4.086132011413574
2018-01-05,煤炭,3.997343e+10,1.921195e+12,0.020806544,8.84669143472399
2018-01-05,电力及公用事业,7.818092e+10,1.921195e+12,0.040693898,9.723760862516452
2018-01-05,电力设备及新能源,7.544298e+10,1.921195e+12,0.039268777,7.694438977700444
2018-01-05,电子,1.6826814e+11,1.921195e+12,0.08758514,13.489205184133397
2018-01-05,石油石化,4.450073e+10,1.921195e+12,0.023163047,10.853374433378841
2018-01-05,纺织服装,1.2321075e+10,1.921195e+12,0.006413235,5.991165818723097
2018-01-05,综合,4.8343475e+09,1.921195e+12,0.0025163232,3.9407114661656895
2018-01-05,综合金融,1.7562076e+09,1.921195e+12,0.0009141225,2.455733338991801
2018-01-05,计算机,9.407758e+10,1.921195e+12,0.048968263,9.795290166541085
2018-01-05,轻工制造,2.580636e+10,1.921195e+12,0.013432452,9.555086860452036
2018-01-05,通信,7.16292e+10,1.921195e+12,0.03728367,14.236085082225976
2018-01-05,钢铁,6.3461503e+10,1.921195e+12,0.033032306,8.708978504474674
2018-01-05,银行,7.232018e+10,1.921195e+12,0.037643332,6.763124132156372
2018-01-05,非银行金融,1.0785976e+11,1.921195e+12,0.056142017,5.170056588244888
2018-01-05,食品饮料,7.258044e+10,1.921195e+12,0.0377788,6.655001134015201
2018-01-12,交通运输,6.6592e+10,2.4196764e+12,0.027521035,7.008060175545362
2018-01-12,传媒,5.708941e+10,2.4196764e+12,0.023593819,11.037371787157925
2018-01-12,农林牧渔,3.0056729e+10,2.4196764e+12,0.012421797,9.596903635561466
2018-01-12,医药,1.5373622e+11,2.4196764e+12,0.063535854,12.659675159624644
2018-01-12,商贸零售,3.653228e+10,2.4196764e+12,0.015098003,5.676758929093679
2018-01-12,国防军工,3.3611114e+10,2.4196764e+12,0.013890748,10.810169684508491
2018-01-12,基础化工,1.3639762e+11,2.4196764e+12,0.05637019,14.86730476956054
2018-01-12,家电,5.8275193e+10,2.4196764e+12,0.024083879,7.911113646070836
2018-01-12,建材,7.661358e+10,2.4196764e+12,0.03166274,13.14898276925087
2018-01-12,建筑,6.8696252e+10,2.4196764e+12,0.028390678,17.205611509712117
2018-01-12,房地产,1.513603e+11,2.4196764e+12,0.06255394,9.416062104470521
2018-01-12,有色金属,1.5636372e+11,2.4196764e+12,0.06462175,13.429588423191923
2018-01-12,机械,1.1395676e+11,2.4196764e+12,0.047095865,10.327272433995223
2018-01-12,汽车,8.2033754e+10,2.4196764e+12,0.03390278,14.628657659828264
2018-01-12,消费者服务,1.3090104e+10,2.4196764e+12,0.0054098573,5.4307959997653965
2018-01-12,煤炭,4.913298e+10,2.4196764e+12,0.020305598,9.722154242651802
2018-01-12,电力及公用事业,8.023164e+10,2.4196764e+12,0.033158004,11.469396155563336
2018-01-12,电力设备及新能源,8.815344e+10,2.4196764e+12,0.036431912,9.642399552842262
2018-01-12,电子,2.1284304e+11,2.4196764e+12,0.08796343,17.143393802888614
2018-01-12,石油石化,4.4168434e+10,2.4196764e+12,0.01825386,12.699111854960751
2018-01-12,纺织服装,1.3743988e+10,2.4196764e+12,0.005680093,6.926110977995886
2018-01-12,综合,6.2506194e+09,2.4196764e+12,0.002583246,4.872349954568422
2018-01-12,综合金融,2.626384e+09,2.4196764e+12,0.0010854277,3.8216444651285806
2018-01-12,计算机,1.6897712e+11,2.4196764e+12,0.0698346,18.038253409874873
2018-01-12,轻工制造,3.4602754e+10,2.4196764e+12,0.014300571,13.160167712755877
2018-01-12,通信,8.7527965e+10,2.4196764e+12,0.03617342,18.74990110616935
2018-01-12,钢铁,7.436846e+10,2.4196764e+12,0.030734878,9.435338000456492
2018-01-12,银行,9.139011e+10,2.4196764e+12,0.037769556,5.859943982362747
2018-01-12,非银行金融,1.3650584e+11,2.4196764e+12,0.056414917,6.4122849798427435
2018-01-12,食品饮料,9.456161e+10,2.4196764e+12,0.03908027,10.820757235703843
2018-01-19,交通运输,7.130527e+10,2.6653908e+12,0.026752276,9.69160405350755
2018-01-19,传媒,5.6934924e+10,2.6653908e+12,0.021360816,12.330837205421826
2018-01-19,农林牧渔,3.366318e+10,2.6653908e+12,0.012629735,9.686402435600758
2018-01-19,医药,1.5628091e+11,2.6653908e+12,0.058633395,11.844384642012859
2018-01-19,商贸零售,4.5034004e+10,2.6653908e+12,0.016895836,7.933330676139711
2018-01-19,国防军工,3.5099623e+10,2.6653908e+12,0.013168659,12.343193614293659
2018-01-19,基础化工,1.375001e+11,2.6653908e+12,0.05158722,17.36247018783975
2018-01-19,家电,6.119773e+10,2.6653908e+12,0.022960134,8.137215147584172
2018-01-19,建材,6.018369e+10,2.6653908e+12,0.022579687,11.898071541104997
2018-01-19,建筑,9.364075e+10,2.6653908e+12,0.03513209,19.120100931640255
2018-01-19,房地产,1.785547e+11,2.6653908e+12,0.06699006,9.643173741484151
2018-01-19,有色金属,1.2572566e+11,2.6653908e+12,0.047169693,12.289119404496498
2018-01-19,机械,1.215762e+11,2.6653908e+12,0.045612898,13.20365969587545
2018-01-19,汽车,8.013592e+10,2.6653908e+12,0.030065356,16.462218709935744
2018-01-19,消费者服务,1.3898631e+10,2.6653908e+12,0.0052144816,6.09738796710968
2018-01-19,煤炭,3.5833565e+10,2.6653908e+12,0.0134440195,6.62893710902759
2018-01-19,电力及公用事业,7.847906e+10,2.6653908e+12,0.029443733,12.530017633981343
2018-01-19,电力设备及新能源,8.704428e+10,2.6653908e+12,0.03265723,10.350268478404749
2018-01-19,电子,2.1863629e+11,2.6653908e+12,0.08202785,18.121866203643954
2018-01-19,石油石化,4.6019965e+10,2.6653908e+12,0.017265748,11.324218755544619
2018-01-19,纺织服装,1.5398046e+10,2.6653908e+12,0.005777031,8.6078232245086
2018-01-19,综合,5.2266895e+09,2.6653908e+12,0.0019609467,4.797892405436589
2018-01-19,综合金融,2.7784543e+09,2.6653908e+12,0.0010424191,3.78622223271264
2018-01-19,计算机,1.35306355e+11,2.6653908e+12,0.05076417,16.08391027433368
2018-01-19,轻工制造,4.27077e+10,2.6653908e+12,0.016023055,15.63406366019538
2018-01-19,通信,9.766402e+10,2.6653908e+12,0.03664154,19.413838867137308
2018-01-19,钢铁,6.930622e+10,2.6653908e+12,0.026002273,8.657447525433131
2018-01-19,银行,1.9811161e+11,2.6653908e+12,0.07432742,13.36589194536209
2018-01-19,非银行金融,2.4408595e+11,2.6653908e+12,0.09157605,12.208260289902958
2018-01-19,食品饮料,1.17885985e+11,2.6653908e+12,0.044228405,10.272202330358912
2018-01-26,交通运输,8.400594e+10,2.6315803e+12,0.03192224,11.024001894575177
2018-01-26,传媒,9.976281e+10,2.6315803e+12,0.037909847,16.974190312968798
2018-01-26,农林牧渔,3.2838302e+10,2.6315803e+12,0.012478548,9.70155498534441
2018-01-26,医药,1.4441102e+11,2.6315803e+12,0.05487616,10.060502804218684
2018-01-26,商贸零售,5.0249724e+10,2.6315803e+12,0.019094886,8.558797866433531
2018-01-26,国防军工,3.3790835e+10,2.6315803e+12,0.01284051,13.310782723956638
2018-01-26,基础化工,1.3376495e+11,2.6315803e+12,0.050830655,15.441759553644484
2018-01-26,家电,6.5882608e+10,2.6315803e+12,0.025035378,8.864740652553106
2018-01-26,建材,5.6987693e+10,2.6315803e+12,0.021655312,11.125339365918451
2018-01-26,建筑,8.7984366e+10,2.6315803e+12,0.03343404,17.4485517536339
2018-01-26,房地产,1.3610696e+11,2.6315803e+12,0.05172062,6.985122300756788
2018-01-26,有色金属,1.3204529e+11,2.6315803e+12,0.050177187,11.730104739226183
2018-01-26,机械,1.1447265e+11,2.6315803e+12,0.043499585,10.849944313884947
2018-01-26,汽车,7.31961e+10,2.6315803e+12,0.027814506,14.841441924969356
2018-01-26,消费者服务,1.3881726e+10,2.6315803e+12,0.0052750534,6.246219944953919
2018-01-26,煤炭,3.604793e+10,2.6315803e+12,0.013698206,6.3082199692726135
2018-01-26,电力及公用事业,8.1585684e+10,2.6315803e+12,0.031002544,11.859179018796246
2018-01-26,电力设备及新能源,8.110685e+10,2.6315803e+12,0.03082059,8.962121150023501
2018-01-26,电子,1.796471e+11,2.6315803e+12,0.06826586,14.997376505863398
2018-01-26,石油石化,4.645216e+10,2.6315803e+12,0.017651811,9.356951179892517
2018-01-26,纺织服装,1.5964871e+10,2.6315803e+12,0.006066648,7.756208271196444
2018-01-26,综合,6.5444987e+09,2.6315803e+12,0.0024869083,6.930273078955137
2018-01-26,综合金融,3.1412214e+09,2.6315803e+12,0.0011936636,4.294955571492513
2018-01-26,计算机,1.4290493e+11,2.6315803e+12,0.054303847,16.21571486026813
2018-01-26,轻工制造,3.691562e+10,2.6315803e+12,0.014027929,13.818166765901777
2018-01-26,通信,8.730463e+10,2.6315803e+12,0.03317574,17.38762418345401
2018-01-26,钢铁,7.208312e+10,2.6315803e+12,0.027391572,8.53931182339078
2018-01-26,银行,2.4069027e+11,2.6315803e+12,0.091462255,17.971196026802062
2018-01-26,非银行金融,2.4840854e+11,2.6315803e+12,0.0943952,11.428118813712642
2018-01-26,食品饮料,9.331291e+10,2.6315803e+12,0.03545889,9.128756221760526
2018-02-02,交通运输,7.151333e+10,2.434586e+12,0.029373918,5.375271831498002
2018-02-02,传媒,8.309145e+10,2.434586e+12,0.034129597,6.780097526213354
2018-02-02,农林牧渔,3.7569536e+10,2.434586e+12,0.01543159,5.839900607056916
2018-02-02,医药,1.3264108e+11,2.434586e+12,0.054481983,4.80321865038174
2018-02-02,商贸零售,5.2257243e+10,2.434586e+12,0.021464529,4.760149461882455
2018-02-02,国防军工,2.5530155e+10,2.434586e+12,0.010486445,4.402176985428447
2018-02-02,基础化工,1.4435346e+11,2.434586e+12,0.059292812,7.862147063635625
2018-02-02,家电,5.6060875e+10,2.434586e+12,0.023026861,4.069941526752407
2018-02-02,建材,6.1943812e+10,2.434586e+12,0.025443261,6.4260753189593975
2018-02-02,建筑,6.947083e+10,2.434586e+12,0.028534966,6.511613594466134
2018-02-02,房地产,1.4074495e+11,2.434586e+12,0.057810627,3.727752641923186
2018-02-02,有色金属,1.4329941e+11,2.434586e+12,0.058859866,6.304517006411136
2018-02-02,机械,1.09940744e+11,2.434586e+12,0.04515788,5.757206014293801
2018-02-02,汽车,6.7177345e+10,2.434586e+12,0.027592922,6.618291311065356
2018-02-02,消费者服务,1.493352e+10,2.434586e+12,0.006133905,3.209509977698326
2018-02-02,煤炭,6.06134e+10,2.434586e+12,0.024896799,5.301087161047118
2018-02-02,电力及公用事业,7.011454e+10,2.434586e+12,0.028799368,5.17116328210959
2018-02-02,电力设备及新能源,7.543076e+10,2.434586e+12,0.03098299,4.4467248846667475
2018-02-02,电子,1.653211e+11,2.434586e+12,0.06790522,7.174449128729989
2018-02-02,石油石化,4.1502675e+10,2.434586e+12,0.017047117,4.4073836710737195
2018-02-02,纺织服装,2.2778518e+10,2.434586e+12,0.009356217,6.282717811734709
2018-02-02,综合,6.262388e+09,2.434586e+12,0.0025722599,2.926107714955623
2018-02-02,综合金融,3.7354056e+09,2.434586e+12,0.0015343083,2.6865721974107952
2018-02-02,计算机,1.25785465e+11,2.434586e+12,0.05166606,7.066674128308168
2018-02-02,轻工制造,3.9475147e+10,2.434586e+12,0.016214315,7.065793438391252
2018-02-02,通信,8.254166e+10,2.434586e+12,0.033903774,7.147863142937422
2018-02-02,钢铁,9.08603e+10,2.434586e+12,0.037320636,4.733044058439278
2018-02-02,银行,1.6359899e+11,2.434586e+12,0.06719787,5.302382718341855
2018-02-02,非银行金融,1.78814e+11,2.434586e+12,0.07344739,3.9968858670513585
2018-02-02,食品饮料,9.7099416e+10,2.434586e+12,0.039883334,4.9561072822367205
2018-02-09,交通运输,7.192114e+10,2.3793636e+12,0.030227048,9.57894509613514
2018-02-09,传媒,7.772495e+10,2.3793636e+12,0.032666277,12.300098396529837
2018-02-09,农林牧渔,3.023699e+10,2.3793636e+12,0.012708015,10.470928734540939
2018-02-09,医药,1.138403e+11,2.3793636e+12,0.04784485,8.014234527851412
2018-02-09,商贸零售,3.49746e+10,2.3793636e+12,0.014699141,6.572909965947434
2018-02-09,国防军工,2.5534345e+10,2.3793636e+12,0.010731586,8.616190386196923
2018-02-09,基础化工,1.2538829e+11,2.3793636e+12,0.052698247,12.96845607625967
2018-02-09,家电,6.5621344e+10,2.3793636e+12,0.027579367,7.347198315596176
2018-02-09,建材,5.9180474e+10,2.3793636e+12,0.024872396,10.735483096518987
2018-02-09,建筑,7.197196e+10,2.3793636e+12,0.03024841,10.141622806850233
2018-02-09,房地产,1.245868e+11,2.3793636e+12,0.052361395,6.4954692225974915
2018-02-09,有色金属,1.4219228e+11,2.3793636e+12,0.059760634,10.695469981837041
2018-02-09,机械,8.938119e+10,2.3793636e+12,0.037565168,9.986211409009629
2018-02-09,汽车,5.8263597e+10,2.3793636e+12,0.02448705,10.944328672091165
2018-02-09,消费者服务,1.4316394e+10,2.3793636e+12,0.0060169008,5.667285952568054
2018-02-09,煤炭,7.431257e+10,2.3793636e+12,0.03123212,12.532294232504709
2018-02-09,电力及公用事业,5.3177213e+10,2.3793636e+12,0.022349343,7.845196146376526
2018-02-09,电力设备及新能源,6.147897e+10,2.3793636e+12,0.025838409,7.782609852966568
2018-02-09,电子,1.4697211e+11,2.3793636e+12,0.061769504,13.416153075838727
2018-02-09,石油石化,3.9960584e+10,2.3793636e+12,0.016794652,7.4758976885052615
2018-02-09,纺织服装,1.853368e+10,2.3793636e+12,0.0077893427,7.410391747135005
2018-02-09,综合,3.7161482e+09,2.3793636e+12,0.0015618245,3.71444224852782
2018-02-09,综合金融,3.8080763e+09,2.3793636e+12,0.00160046,5.533744427892897
2018-02-09,计算机,1.15865534e+11,2.3793636e+12,0.04869602,13.909044859360675
2018-02-09,轻工制造,3.6461937e+10,2.3793636e+12,0.015324239,11.306500009894371
2018-02-09,通信,6.5282736e+10,2.3793636e+12,0.027437057,14.03584212754902
2018-02-09,钢铁,9.373527e+10,2.3793636e+12,0.0393951,9.924695257629667
2018-02-09,银行,2.4848518e+11,2.3793636e+12,0.10443346,14.319280904072981
2018-02-09,非银行金融,1.9378125e+11,2.3793636e+12,0.08144247,7.872753786819953
2018-02-09,食品饮料,1.1854556e+11,2.3793636e+12,0.049822383,8.819413426886783
2018-02-16,交通运输,,,,4.592718022316694
2018-02-16,传媒,,,,5.680441365754309
2018-02-16,农林牧渔,,,,4.550821236148477
2018-02-16,医药,,,,3.766751601681996
2018-02-16,商贸零售,,,,2.541229649231984
2018-02-16,国防军工,,,,3.989806314782491
2018-02-16,基础化工,,,,6.792106195400978
2018-02-16,家电,,,,3.7011610431186224
2018-02-16,建材,,,,3.875402831695449
2018-02-16,建筑,,,,5.586244717763181
2018-02-16,房地产,,,,3.3823413329485517
2018-02-16,有色金属,,,,4.489386423698907
2018-02-16,机械,,,,4.734430936046842
2018-02-16,汽车,,,,5.299153329730034
2018-02-16,消费者服务,,,,2.5089540326595308
2018-02-16,煤炭,,,,3.5938228568860464
2018-02-16,电力及公用事业,,,,3.4165082334340373
2018-02-16,电力设备及新能源,,,,3.692601856001666
2018-02-16,电子,,,,6.867541364603201
2018-02-16,石油石化,,,,2.835279090806495
2018-02-16,纺织服装,,,,3.294580827837121
2018-02-16,综合,,,,1.9313538303742042
2018-02-16,综合金融,,,,1.789255526330736
2018-02-16,计算机,,,,7.159566343134763
2018-02-16,轻工制造,,,,5.542150959670543
2018-02-16,通信,,,,6.206794780179074
2018-02-16,钢铁,,,,4.024819046258926
2018-02-16,银行,,,,5.797127065750269
2018-02-16,非银行金融,,,,3.51566665481638
2018-02-16,食品饮料,,,,3.672896660864353
2018-02-23,交通运输,1.9466465e+10,6.349295e+11,0.030659257,3.0526729638874532
2018-02-23,传媒,2.18776e+10,6.349295e+11,0.03445674,3.707110806191263
2018-02-23,农林牧渔,8.693848e+09,6.349295e+11,0.01369262,2.978158755041659
2018-02-23,医药,3.2909947e+10,6.349295e+11,0.051832445,2.266095848825439
2018-02-23,商贸零售,9.752277e+09,6.349295e+11,0.015359622,1.8574043969204137
2018-02-23,国防军工,7.398879e+09,6.349295e+11,0.011653072,2.48391907579369
2018-02-23,基础化工,4.2927137e+10,6.349295e+11,0.067609295,4.913837450738881
2018-02-23,家电,1.5564514e+10,6.349295e+11,0.024513768,2.3846304871268194
2018-02-23,建材,1.707981e+10,6.349295e+11,0.026900327,3.092625335908272
2018-02-23,建筑,1.6480222e+10,6.349295e+11,0.025955988,3.9378903562431797
2018-02-23,房地产,2.8313653e+10,6.349295e+11,0.044593383,2.1249817442148924
2018-02-23,有色金属,5.169127e+10,6.349295e+11,0.08141261,3.606053391561925
2018-02-23,机械,2.8097059e+10,6.349295e+11,0.04425225,3.4347403955187783
2018-02-23,汽车,1.606577e+10,6.349295e+11,0.025303235,3.3617673241098722
2018-02-23,消费者服务,4.71033e+09,6.349295e+11,0.007418666,1.632291995882988
2018-02-23,煤炭,1.389855e+10,6.349295e+11,0.021889912,2.624665722676686
2018-02-23,电力及公用事业,1.7834201e+10,6.349295e+11,0.028088475,2.8581784482620938
2018-02-23,电力设备及新能源,2.3334253e+10,6.349295e+11,0.036750935,2.6688163570154493
2018-02-23,电子,4.6814515e+10,6.349295e+11,0.07373183,4.256903066622968
2018-02-23,石油石化,8.605658e+09,6.349295e+11,0.013553723,1.9554813982442367
2018-02-23,纺织服装,4.9161364e+09,6.349295e+11,0.0077428073,1.8419890415995088
2018-02-23,综合,1.0817455e+09,6.349295e+11,0.0017037254,1.1299576873962696
2018-02-23,综合金融,1.08601e+09,6.349295e+11,0.0017104419,1.4941000209914312
2018-02-23,计算机,3.621532e+10,6.349295e+11,0.057038337,4.510300525217032
2018-02-23,轻工制造,1.1239545e+10,6.349295e+11,0.017702036,4.148187007457018
2018-02-23,通信,1.9094376e+10,6.349295e+11,0.030073224,3.842402101504175
2018-02-23,钢铁,2.8795806e+10,6.349295e+11,0.04535276,3.3273262197063085
2018-02-23,银行,3.7050405e+10,6.349295e+11,0.058353573,2.9620230977351847
2018-02-23,非银行金融,3.7928354e+10,6.349295e+11,0.059736326,1.9868536795730944
2018-02-23,食品饮料,2.598082e+10,6.349295e+11,0.040919222,2.505905537803968
2018-03-02,交通运输,5.1886137e+10,2.129188e+12,0.024368979,4.926663685868036
2018-03-02,传媒,8.376165e+10,2.129188e+12,0.039339717,6.842371495794659
2018-03-02,农林牧渔,2.5490026e+10,2.129188e+12,0.011971713,4.447581276204437
2018-03-02,医药,1.1942505e+11,2.129188e+12,0.056089483,4.366381022832535
2018-03-02,商贸零售,3.5541905e+10,2.129188e+12,0.016692704,3.3162867738814144
2018-03-02,国防军工,4.1096778e+10,2.129188e+12,0.019301621,5.521178122027777
2018-03-02,基础化工,1.3592804e+11,2.129188e+12,0.063840315,7.599714597006605
2018-03-02,家电,5.489297e+10,2.129188e+12,0.025781177,4.236338113829241
2018-03-02,建材,5.0101985e+10,2.129188e+12,0.023531029,5.351152820486418
2018-03-02,建筑,4.5635846e+10,2.129188e+12,0.02143345,5.808119722364242
2018-03-02,房地产,8.3554574e+10,2.129188e+12,0.03924246,3.3574283682526302
2018-03-02,有色金属,1.568236e+11,2.129188e+12,0.07365418,5.15417619237622
2018-03-02,机械,1.0937893e+11,2.129188e+12,0.051371194,5.927548205407409
2018-03-02,汽车,5.7087767e+10,2.129188e+12,0.02681199,6.369517660240333
2018-03-02,消费者服务,1.4718979e+10,2.129188e+12,0.006912954,3.0435670122504233
2018-03-02,煤炭,3.5492377e+10,2.129188e+12,0.016669443,3.287081441283226
2018-03-02,电力及公用事业,5.624936e+10,2.129188e+12,0.026418222,4.567142743570141
2018-03-02,电力设备及新能源,8.432399e+10,2.129188e+12,0.039603826,4.580564732480551
2018-03-02,电子,2.0749899e+11,2.129188e+12,0.09745452,8.754261186869984
2018-03-02,石油石化,2.2446189e+10,2.129188e+12,0.010542136,3.388448853695462
2018-03-02,纺织服装,1.6109252e+10,2.129188e+12,0.0075659133,3.4649404442473632
2018-03-02,综合,4.5453327e+09,2.129188e+12,0.002134773,2.3724730828633676
2018-03-02,综合金融,2.7495603e+09,2.129188e+12,0.0012913657,2.046783294942644
2018-03-02,计算机,1.8587915e+11,2.129188e+12,0.08730049,9.916300748303836
2018-03-02,轻工制造,3.763421e+10,2.129188e+12,0.017675383,6.766976653862355
2018-03-02,通信,7.815252e+10,2.129188e+12,0.03670532,8.785177494452887
2018-03-02,钢铁,7.066277e+10,2.129188e+12,0.03318766,3.945640559707369
2018-03-02,银行,8.972808e+10,2.129188e+12,0.042141926,4.490182630431193
2018-03-02,非银行金融,1.0287594e+11,2.129188e+12,0.04831698,3.0926238566363624
2018-03-02,食品饮料,6.93865e+10,2.129188e+12,0.032588247,3.738467193974389
2018-03-09,交通运输,5.353987e+10,2.1566099e+12,0.02482594,11.341876196094079
2018-03-09,传媒,8.462232e+10,2.1566099e+12,0.039238583,14.801343023777008
2018-03-09,农林牧渔,2.3751107e+10,2.1566099e+12,0.011013168,8.69609880372882
2018-03-09,医药,1.4662176e+11,2.1566099e+12,0.06798715,10.666177013817565
2018-03-09,商贸零售,3.506788e+10,2.1566099e+12,0.01626065,6.490156064321707
2018-03-09,国防军工,3.8659908e+10,2.1566099e+12,0.01792624,11.43466405570507
2018-03-09,基础化工,1.3941303e+11,2.1566099e+12,0.06464453,16.264117055355687
2018-03-09,家电,4.659648e+10,2.1566099e+12,0.021606356,11.981322130914462
2018-03-09,建材,5.224849e+10,2.1566099e+12,0.02422714,11.677740763610517
2018-03-09,建筑,4.541547e+10,2.1566099e+12,0.02105873,14.077509631713232
2018-03-09,房地产,7.657316e+10,2.1566099e+12,0.035506263,6.685142286121845
2018-03-09,有色金属,1.4485248e+11,2.1566099e+12,0.06716675,10.680387319870366
2018-03-09,机械,1.1143825e+11,2.1566099e+12,0.051672883,12.851810752958446
2018-03-09,汽车,5.9475665e+10,2.1566099e+12,0.027578313,14.468229350248972
2018-03-09,消费者服务,1.5272967e+10,2.1566099e+12,0.007081933,8.616157915592193
2018-03-09,煤炭,2.9957966e+10,2.1566099e+12,0.01389123,6.405577177660806
2018-03-09,电力及公用事业,6.6440385e+10,2.1566099e+12,0.03080779,10.340526522903502
2018-03-09,电力设备及新能源,9.117395e+10,2.1566099e+12,0.042276517,12.231507442404176
2018-03-09,电子,2.0466973e+11,2.1566099e+12,0.094903454,19.458327182416557
2018-03-09,石油石化,1.8658075e+10,2.1566099e+12,0.008651576,6.1540209349504735
2018-03-09,纺织服装,1.5188588e+10,2.1566099e+12,0.007042807,7.299458880947061
2018-03-09,综合,8.074379e+09,2.1566099e+12,0.0037440145,6.672034662503463
2018-03-09,综合金融,3.2577582e+09,2.1566099e+12,0.0015105922,4.630200068155925
2018-03-09,计算机,2.0339291e+11,2.1566099e+12,0.0943114,20.90292097821984
2018-03-09,轻工制造,3.5151327e+10,2.1566099e+12,0.016299345,15.134997771813138
2018-03-09,通信,8.569439e+10,2.1566099e+12,0.039735693,22.89953015993039
2018-03-09,钢铁,5.7517806e+10,2.1566099e+12,0.026670473,6.9826238467579795
2018-03-09,银行,8.395582e+10,2.1566099e+12,0.038929533,8.304353952407837
2018-03-09,非银行金融,1.0530662e+11,2.1566099e+12,0.0488297,9.162172760204836
2018-03-09,食品饮料,7.453402e+10,2.1566099e+12,0.034560733,8.133411204152637
2018-03-16,交通运输,5.54319e+10,2.3154928e+12,0.02393957,12.319656413380462
2018-03-16,传媒,9.116183e+10,2.3154928e+12,0.03937038,14.885244535513161
2018-03-16,农林牧渔,2.725149e+10,2.3154928e+12,0.011769197,9.770938701182605
2018-03-16,医药,1.4378669e+11,2.3154928e+12,0.06209766,10.312717798487235
2018-03-16,商贸零售,4.282648e+10,2.3154928e+12,0.018495623,7.608805507748992
2018-03-16,国防军工,3.673466e+10,2.3154928e+12,0.015864726,11.800884300842881
2018-03-16,基础化工,1.5419826e+11,2.3154928e+12,0.066594146,16.89535512295488
2018-03-16,家电,5.7918874e+10,2.3154928e+12,0.025013627,12.903106642981706
2018-03-16,建材,7.083032e+10,2.3154928e+12,0.030589739,16.368229660349833
2018-03-16,建筑,5.1095732e+10,2.3154928e+12,0.022066893,14.860615811849895
2018-03-16,房地产,7.759793e+10,2.3154928e+12,0.03351249,8.065575079849133
2018-03-16,有色金属,1.5741256e+11,2.3154928e+12,0.067982316,11.254075686908463
2018-03-16,机械,1.2692497e+11,2.3154928e+12,0.054815535,15.031601344803711
2018-03-16,汽车,7.136496e+10,2.3154928e+12,0.030820636,17.471838651895524
2018-03-16,消费者服务,1.579639e+10,2.3154928e+12,0.006822042,9.210518076419831
2018-03-16,煤炭,3.166087e+10,2.3154928e+12,0.013673491,6.738745699610029
2018-03-16,电力及公用事业,5.861241e+10,2.3154928e+12,0.025313146,8.326094936343688
2018-03-16,电力设备及新能源,1.2146728e+11,2.3154928e+12,0.052458502,13.662373343082232
2018-03-16,电子,2.0297902e+11,2.3154928e+12,0.08766126,20.21915965877017
2018-03-16,石油石化,2.2639342e+10,2.3154928e+12,0.009777332,8.702188409171825
2018-03-16,纺织服装,1.7421535e+10,2.3154928e+12,0.0075238994,8.0647671737083
2018-03-16,综合,8.672196e+09,2.3154928e+12,0.0037452916,7.566938524062817
2018-03-16,综合金融,3.5058847e+09,2.3154928e+12,0.0015140987,5.5313889318042335
2018-03-16,计算机,2.393313e+11,2.3154928e+12,0.10336085,23.521614724276017
2018-03-16,轻工制造,3.8877757e+10,2.3154928e+12,0.016790275,16.4837851825327
2018-03-16,通信,8.713981e+10,2.3154928e+12,0.037633378,23.641380245486896
2018-03-16,钢铁,4.5642674e+10,2.3154928e+12,0.019711861,5.913714272635324
2018-03-16,银行,7.4649575e+10,2.3154928e+12,0.032239173,7.843965265613336
2018-03-16,非银行金融,1.09893526e+11,2.3154928e+12,0.0474601,8.589201816103675
2018-03-16,食品饮料,7.25626e+10,2.3154928e+12,0.031337865,8.034622204966015
2018-03-23,交通运输,4.968707e+10,2.2648243e+12,0.021938598,9.234886259135633
2018-03-23,传媒,8.15706e+10,2.2648243e+12,0.036016304,15.58967277185976
2018-03-23,农林牧渔,3.702089e+10,2.2648243e+12,0.016346032,11.993608828634024
2018-03-23,医药,1.8886654e+11,2.2648243e+12,0.08339126,13.996674170477466
2018-03-23,商贸零售,5.3452444e+10,2.2648243e+12,0.023601145,10.041454966251667
2018-03-23,国防军工,5.4875857e+10,2.2648243e+12,0.02422963,19.961529459804296
2018-03-23,基础化工,1.2925025e+11,2.2648243e+12,0.057068553,15.419244171777255
2018-03-23,家电,5.103558e+10,2.2648243e+12,0.022534013,11.546340524140051
2018-03-23,建材,6.2334153e+10,2.2648243e+12,0.027522732,15.601669063030833
2018-03-23,建筑,4.891137e+10,2.2648243e+12,0.021596098,13.149657008940714
2018-03-23,房地产,7.341144e+10,2.2648243e+12,0.032413743,7.101389477745845
2018-03-23,有色金属,1.2991621e+11,2.2648243e+12,0.057362597,10.207323252576069
2018-03-23,机械,1.1848557e+11,2.2648243e+12,0.05231557,14.384668508326852
2018-03-23,汽车,7.341525e+10,2.2648243e+12,0.03241543,18.43840202232202
2018-03-23,消费者服务,1.4601017e+10,2.2648243e+12,0.0064468654,6.153380000591278
2018-03-23,煤炭,2.6896478e+10,2.2648243e+12,0.011875746,5.429157168524606
2018-03-23,电力及公用事业,6.4509837e+10,2.2648243e+12,0.028483374,9.316274097448662
2018-03-23,电力设备及新能源,1.0535672e+11,2.2648243e+12,0.046518717,12.344056146445675
2018-03-23,电子,1.9849285e+11,2.2648243e+12,0.08764161,22.107144415559134
2018-03-23,石油石化,2.9190124e+10,2.2648243e+12,0.012888472,10.607679112012995
2018-03-23,纺织服装,1.6403317e+10,2.2648243e+12,0.007242644,7.490462962895224
2018-03-23,综合,8.280567e+09,2.2648243e+12,0.003656163,8.061499879910397
2018-03-23,综合金融,4.863825e+09,2.2648243e+12,0.0021475507,7.452666759490967
2018-03-23,计算机,2.1889537e+11,2.2648243e+12,0.09665004,22.54078645296962
2018-03-23,轻工制造,3.4319399e+10,2.2648243e+12,0.015153228,16.20152279882148
2018-03-23,通信,8.051777e+10,2.2648243e+12,0.03555144,22.27828748524189
2018-03-23,钢铁,4.0655766e+10,2.2648243e+12,0.017950958,6.176916690099807
2018-03-23,银行,7.162655e+10,2.2648243e+12,0.031625655,5.518596205573815
2018-03-23,非银行金融,1.2915411e+11,2.2648243e+12,0.057026107,7.903510914607481
2018-03-23,食品饮料,6.8687245e+10,2.2648243e+12,0.030327847,9.747742290629281
2018-03-30,交通运输,4.9847816e+10,2.4100854e+12,0.02068301,8.996048037327972
2018-03-30,传媒,7.76164e+10,2.4100854e+12,0.032204833,14.988314775395985
2018-03-30,农林牧渔,4.894312e+10,2.4100854e+12,0.02030763,17.046203796565532
2018-03-30,医药,2.0308109e+11,2.4100854e+12,0.08426303,15.951087440140157
2018-03-30,商贸零售,4.9210348e+10,2.4100854e+12,0.020418508,9.673836901702959
2018-03-30,国防军工,8.983316e+10,2.4100854e+12,0.03727385,29.478529889136553
2018-03-30,基础化工,1.2314717e+11,2.4100854e+12,0.051096603,16.421430702960127
2018-03-30,家电,5.3791887e+10,2.4100854e+12,0.022319496,11.929015242447287
2018-03-30,建材,5.474475e+10,2.4100854e+12,0.022714859,14.073085852072273
2018-03-30,建筑,4.6987112e+10,2.4100854e+12,0.019496037,14.03000091251574
2018-03-30,房地产,7.746874e+10,2.4100854e+12,0.032143567,6.710952913818451
2018-03-30,有色金属,1.347748e+11,2.4100854e+12,0.055921175,10.5139873826388
2018-03-30,机械,1.2760067e+11,2.4100854e+12,0.052944463,15.662201254979356
2018-03-30,汽车,7.100135e+10,2.4100854e+12,0.029460099,16.382791393200556
2018-03-30,消费者服务,1.7549603e+10,2.4100854e+12,0.007281735,8.567406148910523
2018-03-30,煤炭,2.2761406e+10,2.4100854e+12,0.009444232,4.876617165974208
2018-03-30,电力及公用事业,6.475116e+10,2.4100854e+12,0.02686675,8.758065182574187
2018-03-30,电力设备及新能源,9.864246e+10,2.4100854e+12,0.04092903,11.927326250873575
2018-03-30,电子,2.1108272e+11,2.4100854e+12,0.08758309,23.85900635078397
2018-03-30,石油石化,2.6095223e+10,2.4100854e+12,0.01082751,9.725941784160081
2018-03-30,纺织服装,1.6275174e+10,2.4100854e+12,0.006752945,8.606938388249645
2018-03-30,综合,6.651916e+09,2.4100854e+12,0.0027600334,6.892246145468492
2018-03-30,综合金融,2.8544115e+09,2.4100854e+12,0.0011843612,4.648477819230822
2018-03-30,计算机,2.8100624e+11,2.4100854e+12,0.11659597,28.24675222550552
2018-03-30,轻工制造,2.9870252e+10,2.4100854e+12,0.012393856,14.754795043480279
2018-03-30,通信,8.755869e+10,2.4100854e+12,0.036330123,25.677750647068024
2018-03-30,钢铁,3.744103e+10,2.4100854e+12,0.015535146,7.098126134702137
2018-03-30,银行,8.271995e+10,2.4100854e+12,0.034322415,6.025065389963297
2018-03-30,非银行金融,1.2571239e+11,2.4100854e+12,0.05216097,7.945985454862768
2018-03-30,食品饮料,9.094333e+10,2.4100854e+12,0.037734486,8.883618940909704
2018-04-06,交通运输,,,,6.887124481738782
2018-04-06,传媒,,,,7.749823985020976
2018-04-06,农林牧渔,,,,11.384672544896603
2018-04-06,医药,,,,10.717344891422718
2018-04-06,商贸零售,,,,5.21998265515203
2018-04-06,国防军工,,,,17.272857839241624
2018-04-06,基础化工,,,,11.834520504870309
2018-04-06,家电,,,,7.521744020914627
2018-04-06,建材,,,,7.6532028413994215
2018-04-06,建筑,,,,9.030318486847376
2018-04-06,房地产,,,,4.023195167143758
2018-04-06,有色金属,,,,6.829253427033286
2018-04-06,机械,,,,11.233028874548701
2018-04-06,汽车,,,,11.22177470544974
2018-04-06,消费者服务,,,,5.333862007856369
2018-04-06,煤炭,,,,2.6805856585502625
2018-04-06,电力及公用事业,,,,6.427831624127641
2018-04-06,电力设备及新能源,,,,8.545786452975786
2018-04-06,电子,,,,17.619087684666738
2018-04-06,石油石化,,,,5.510913918704488
2018-04-06,纺织服装,,,,5.770141094923019
2018-04-06,综合,,,,3.7918115877188168
2018-04-06,综合金融,,,,2.5051444901360407
2018-04-06,计算机,,,,16.050960862697078
2018-04-06,轻工制造,,,,8.865956457239566
2018-04-06,通信,,,,18.02268867425083
2018-04-06,钢铁,,,,3.5836666964349293
2018-04-06,银行,,,,2.58620768900101
2018-04-06,非银行金融,,,,4.590445471622727
2018-04-06,食品饮料,,,,5.730380054977205
2018-04-13,交通运输,5.655077e+10,2.1592113e+12,0.026190475,13.760854917121868
2018-04-13,传媒,6.8164817e+10,2.1592113e+12,0.031569313,15.397828846923575
2018-04-13,农林牧渔,4.475155e+10,2.1592113e+12,0.020725878,14.324305048584938
2018-04-13,医药,2.0534708e+11,2.1592113e+12,0.09510282,18.214637072989717
2018-04-13,商贸零售,3.740416e+10,2.1592113e+12,0.017323066,7.815811871186547
2018-04-13,国防军工,8.5632524e+10,2.1592113e+12,0.03965917,27.175437413156033
2018-04-13,基础化工,1.2397048e+11,2.1592113e+12,0.057414703,18.601565484707674
2018-04-13,家电,4.0925225e+10,2.1592113e+12,0.018953783,10.98642216799623
2018-04-13,建材,4.7481233e+10,2.1592113e+12,0.021990081,12.86553528012944
2018-04-13,建筑,4.3332473e+10,2.1592113e+12,0.020068659,14.445672715442223
2018-04-13,房地产,6.3985717e+10,2.1592113e+12,0.029633837,6.5802326408716345
2018-04-13,有色金属,1.3678526e+11,2.1592113e+12,0.06334964,12.190753421737153
2018-04-13,机械,1.1860087e+11,2.1592113e+12,0.054927867,16.908213346907235
2018-04-13,汽车,7.162429e+10,2.1592113e+12,0.033171505,21.74693320989609
2018-04-13,消费者服务,1.4389923e+10,2.1592113e+12,0.006664435,8.10761389017105
2018-04-13,煤炭,2.073055e+10,2.1592113e+12,0.009600983,5.066697238172804
2018-04-13,电力及公用事业,4.8458707e+10,2.1592113e+12,0.02244278,8.285315850113012
2018-04-13,电力设备及新能源,9.385862e+10,2.1592113e+12,0.043468937,15.565200005991514
2018-04-13,电子,1.773111e+11,2.1592113e+12,0.08211846,23.90392604531074
2018-04-13,石油石化,2.7386108e+10,2.1592113e+12,0.012683385,10.10018382325422
2018-04-13,纺织服装,1.591582e+10,2.1592113e+12,0.0073711267,8.856102669892246
2018-04-13,综合,5.817284e+09,2.1592113e+12,0.002694171,6.460561614770156
2018-04-13,综合金融,3.1157053e+09,2.1592113e+12,0.001442983,5.958477894465129
2018-04-13,计算机,2.3020569e+11,2.1592113e+12,0.10661563,26.41704664678138
2018-04-13,轻工制造,3.5128373e+10,2.1592113e+12,0.016269077,18.03829118668443
2018-04-13,通信,7.5737e+10,2.1592113e+12,0.03507623,25.509335286838493
2018-04-13,钢铁,3.429194e+10,2.1592113e+12,0.015881697,5.52454286813736
2018-04-13,银行,6.6155274e+10,2.1592113e+12,0.03063863,5.572173016575666
2018-04-13,非银行金融,1.0156126e+11,2.1592113e+12,0.04703628,7.589654589241201
2018-04-13,食品饮料,6.447886e+10,2.1592113e+12,0.029862227,8.500373259517882
2018-04-20,交通运输,5.4334083e+10,2.2705125e+12,0.023930317,13.37170581344296
2018-04-20,传媒,6.875268e+10,2.2705125e+12,0.030280687,12.922328985427036
2018-04-20,农林牧渔,4.4666827e+10,2.2705125e+12,0.019672574,13.223087444156409
2018-04-20,医药,1.589479e+11,2.2705125e+12,0.0700053,11.662449310844144
2018-04-20,商贸零售,3.471567e+10,2.2705125e+12,0.015289794,8.5650761263526
2018-04-20,国防军工,8.652869e+10,2.2705125e+12,0.03810976,22.675368685275316
2018-04-20,基础化工,1.1639923e+11,2.2705125e+12,0.051265616,15.010560734076712
2018-04-20,家电,4.495733e+10,2.2705125e+12,0.019800521,9.566818590891563
2018-04-20,建材,4.803044e+10,2.2705125e+12,0.021154009,13.379836895935972
2018-04-20,建筑,4.087734e+10,2.2705125e+12,0.018003574,12.568207910970637
2018-04-20,房地产,6.3561974e+10,2.2705125e+12,0.027994549,5.836889407382562
2018-04-20,有色金属,1.3880984e+11,2.2705125e+12,0.061135903,13.074570213946012
2018-04-20,机械,1.1299988e+11,2.2705125e+12,0.049768448,13.389519428165213
2018-04-20,汽车,5.380476e+10,2.2705125e+12,0.023697188,13.521669358809788
2018-04-20,消费者服务,1.741706e+10,2.2705125e+12,0.007670982,6.955653953552246
2018-04-20,煤炭,2.3018205e+10,2.2705125e+12,0.0101378895,6.044465674672808
2018-04-20,电力及公用事业,4.4041146e+10,2.2705125e+12,0.019397007,7.131217713597454
2018-04-20,电力设备及新能源,9.208731e+10,2.2705125e+12,0.04055794,12.559656166614488
2018-04-20,电子,2.6981958e+11,2.2705125e+12,0.11883642,26.783307765133035
2018-04-20,石油石化,2.1311574e+10,2.2705125e+12,0.00938624,6.705281455676223
2018-04-20,纺织服装,1.3027168e+10,2.2705125e+12,0.005737545,7.239653354638244
2018-04-20,综合,7.168178e+09,2.2705125e+12,0.0031570748,6.4942730986154995
2018-04-20,综合金融,3.5300147e+09,2.2705125e+12,0.0015547215,7.8427665498521595
2018-04-20,计算机,3.2072375e+11,2.2705125e+12,0.1412561,30.60086595951603
2018-04-20,轻工制造,3.278576e+10,2.2705125e+12,0.014439805,13.513382334700403
2018-04-20,通信,9.54717e+10,2.2705125e+12,0.04204852,28.460118615750186
2018-04-20,钢铁,3.2894579e+10,2.2705125e+12,0.014487732,5.0721047180039545
2018-04-20,银行,6.597943e+10,2.2705125e+12,0.029059267,4.665726892077005
2018-04-20,非银行金融,9.8555994e+10,2.2705125e+12,0.043406937,6.330523697354577
2018-04-20,食品饮料,6.522933e+10,2.2705125e+12,0.0287289,7.774193312062158
2018-04-27,交通运输,4.3673584e+10,2.041872e+12,0.021388993,9.097460770723867
2018-04-27,传媒,5.6743498e+10,2.041872e+12,0.02778994,10.572074407388357
2018-04-27,农林牧渔,2.6173317e+10,2.041872e+12,0.012818295,9.26214753985405
2018-04-27,医药,1.6856306e+11,2.041872e+12,0.0825532,11.353172953137094
2018-04-27,商贸零售,2.7973753e+10,2.041872e+12,0.013700052,6.927532709163168
2018-04-27,国防军工,6.3529943e+10,2.041872e+12,0.031113578,17.167068669572473
2018-04-27,基础化工,1.08378096e+11,2.041872e+12,0.05307781,13.458441689152766
2018-04-27,家电,6.6530587e+10,2.041872e+12,0.032583132,8.074911822706966
2018-04-27,建材,4.163347e+10,2.041872e+12,0.020389853,12.688602873137299
2018-04-27,建筑,3.6519772e+10,2.041872e+12,0.017885437,11.173526266687794
2018-04-27,房地产,5.94707e+10,2.041872e+12,0.029125577,5.434074118733406
2018-04-27,有色金属,9.1979735e+10,2.041872e+12,0.04504677,9.048102942223732
2018-04-27,机械,1.0475616e+11,2.041872e+12,0.05130398,12.900518144411562
2018-04-27,汽车,4.943051e+10,2.041872e+12,0.024208428,11.470440790400302
2018-04-27,消费者服务,1.4174176e+10,2.041872e+12,0.006941756,7.189883987903595
2018-04-27,煤炭,2.0039778e+10,2.041872e+12,0.009814414,4.443777146509715
2018-04-27,电力及公用事业,4.039426e+10,2.041872e+12,0.019782955,5.965689898480343
2018-04-27,电力设备及新能源,7.537874e+10,2.041872e+12,0.036916487,11.127298156882441
2018-04-27,电子,2.5113587e+11,2.041872e+12,0.122992955,25.83905885996401
2018-04-27,石油石化,1.7341465e+10,2.041872e+12,0.008492924,5.180172137742819
2018-04-27,纺织服装,1.2240407e+10,2.041872e+12,0.0059946985,6.558580861924446
2018-04-27,综合,6.622282e+09,2.041872e+12,0.0032432408,5.94470770083941
2018-04-27,综合金融,1.5129089e+09,2.041872e+12,0.0007409421,3.0898777974976435
2018-04-27,计算机,2.8290725e+11,2.041872e+12,0.13855287,28.668503481631326
2018-04-27,轻工制造,2.6301987e+10,2.041872e+12,0.012881311,10.483044120610929
2018-04-27,通信,9.168468e+10,2.041872e+12,0.04490227,27.477224640010558
2018-04-27,钢铁,2.9517638e+10,2.041872e+12,0.014456165,4.574757184301104
2018-04-27,银行,5.8776576e+10,2.041872e+12,0.028785633,3.7963422055427847
2018-04-27,非银行金融,9.862298e+10,2.041872e+12,0.048300277,4.56609089049426
2018-04-27,食品饮料,6.978494e+10,2.041872e+12,0.03417694,6.3008111427227655
2018-05-04,交通运输,2.4799451e+10,1.1167973e+12,0.022205867,4.9645676589479635
2018-05-04,传媒,3.0101354e+10,1.1167973e+12,0.026953284,5.604526459924446
2018-05-04,农林牧渔,1.6709285e+10,1.1167973e+12,0.014961788,5.6157799329608675
2018-05-04,医药,1.2377439e+11,1.1167973e+12,0.11082977,7.768794817229112
2018-05-04,商贸零售,1.7037091e+10,1.1167973e+12,0.015255312,3.823676092793112
2018-05-04,国防军工,2.7902853e+10,1.1167973e+12,0.024984708,8.465346874669194
2018-05-04,基础化工,5.995568e+10,1.1167973e+12,0.053685375,6.890359060317532
2018-05-04,家电,3.0451278e+10,1.1167973e+12,0.027266612,4.8221372578103665
2018-05-04,建材,2.3674474e+10,1.1167973e+12,0.021198543,6.5062803298654694
2018-05-04,建筑,2.0288092e+10,1.1167973e+12,0.018166317,5.5659815797157455
2018-05-04,房地产,2.9573325e+10,1.1167973e+12,0.026480477,3.0545730946155696
2018-05-04,有色金属,4.6146945e+10,1.1167973e+12,0.04132079,5.196353829824007
2018-05-04,机械,5.703249e+10,1.1167973e+12,0.0510679,7.239500947561851
2018-05-04,汽车,2.922077e+10,1.1167973e+12,0.026164792,6.373624336856761
2018-05-04,消费者服务,9.425777e+09,1.1167973e+12,0.0084400065,3.312272050976753
2018-05-04,煤炭,1.0939485e+10,1.1167973e+12,0.009795408,2.6371685871056147
2018-05-04,电力及公用事业,2.8507134e+10,1.1167973e+12,0.025525792,4.313217744985713
2018-05-04,电力设备及新能源,4.1845314e+10,1.1167973e+12,0.037469033,6.073506022747173
2018-05-04,电子,1.1896886e+11,1.1167973e+12,0.10652682,13.160915674216252
2018-05-04,石油石化,1.1963451e+10,1.1167973e+12,0.0107122855,3.2677255402817282
2018-05-04,纺织服装,8.198876e+09,1.1167973e+12,0.0073414184,4.014619185499949
2018-05-04,综合,2.805488e+09,1.1167973e+12,0.0025120836,3.016842307952734
2018-05-04,综合金融,1.052549e+09,1.1167973e+12,0.000942471,2.0718999637497797
2018-05-04,计算机,1.2870683e+11,1.1167973e+12,0.11524637,13.118206585371736
2018-05-04,轻工制造,1.9126477e+10,1.1167973e+12,0.017126186,8.568358821611778
2018-05-04,通信,3.767464e+10,1.1167973e+12,0.033734538,12.086917540077696
2018-05-04,钢铁,2.443238e+10,1.1167973e+12,0.021877185,2.8099904500302815
2018-05-04,银行,3.0675421e+10,1.1167973e+12,0.027467314,2.1477500177346744
2018-05-04,非银行金融,5.8186543e+10,1.1167973e+12,0.05210126,3.3284672132947226
2018-05-04,食品饮料,4.757053e+10,1.1167973e+12,0.042595495,4.043701131310728
2018-05-11,交通运输,4.6778716e+10,2.0134294e+12,0.023233354,11.685966775113462
2018-05-11,传媒,5.2995244e+10,2.0134294e+12,0.026320886,10.320388464888266
2018-05-11,农林牧渔,3.54613e+10,2.0134294e+12,0.017612388,9.969506253302097
2018-05-11,医药,2.2382905e+11,2.0134294e+12,0.111168064,14.308045667837854
2018-05-11,商贸零售,3.3856272e+10,2.0134294e+12,0.016815227,7.917069606806921
2018-05-11,国防军工,4.403414e+10,2.0134294e+12,0.021870218,13.648656209930778
2018-05-11,基础化工,1.4541949e+11,2.0134294e+12,0.07222477,16.54712226366427
2018-05-11,家电,4.5889974e+10,2.0134294e+12,0.022791946,8.862132195699013
2018-05-11,建材,3.7993476e+10,2.0134294e+12,0.018870031,11.995387267059003
2018-05-11,建筑,3.964059e+10,2.0134294e+12,0.019688094,12.345613123554932
2018-05-11,房地产,5.9935793e+10,2.0134294e+12,0.029768014,6.69894906735191
2018-05-11,有色金属,9.83974e+10,2.0134294e+12,0.04887055,9.966290382238535
2018-05-11,机械,1.2240674e+11,2.0134294e+12,0.06079515,17.873714548098615
2018-05-11,汽车,5.7786257e+10,2.0134294e+12,0.028700415,15.25741888040846
2018-05-11,消费者服务,1.6014128e+10,2.0134294e+12,0.007953658,7.517459905147552
2018-05-11,煤炭,2.5915265e+10,2.0134294e+12,0.012871207,5.472125734601702
2018-05-11,电力及公用事业,4.9707123e+10,2.0134294e+12,0.024687791,8.110932953372787
2018-05-11,电力设备及新能源,9.570643e+10,2.0134294e+12,0.04753404,13.20663074213405
2018-05-11,电子,1.7633578e+11,2.0134294e+12,0.08757982,21.604042518562473
2018-05-11,石油石化,2.7510012e+10,2.0134294e+12,0.013663261,9.997532391964002
2018-05-11,纺织服装,1.6475642e+10,2.0134294e+12,0.008182876,9.159454810292754
2018-05-11,综合,5.5263534e+09,2.0134294e+12,0.0027447466,7.316434585131132
2018-05-11,综合金融,1.7954529e+09,2.0134294e+12,0.00089173875,3.5879111025068493
2018-05-11,计算机,1.882323e+11,2.0134294e+12,0.0934884,20.32689137410636
2018-05-11,轻工制造,3.86654e+10,2.0134294e+12,0.019203752,17.305449084323996
2018-05-11,通信,6.3851024e+10,2.0134294e+12,0.031712573,21.93603825907117
2018-05-11,钢铁,3.1647302e+10,2.0134294e+12,0.015718108,4.165200023424058
2018-05-11,银行,5.0330882e+10,2.0134294e+12,0.02499759,3.6982961990512333
2018-05-11,非银行金融,8.799618e+10,2.0134294e+12,0.043704625,4.610089114579288
2018-05-11,食品饮料,9.3232595e+10,2.0134294e+12,0.046305373,9.534964436292649
2018-05-18,交通运输,4.2506473e+10,1.859762e+12,0.022855867,9.471619636989107
2018-05-18,传媒,5.1678314e+10,1.859762e+12,0.027787596,11.826423865211897
2018-05-18,农林牧渔,4.2576077e+10,1.859762e+12,0.022893293,11.391368793626317
2018-05-18,医药,2.073887e+11,1.859762e+12,0.11151357,12.540771996892447
2018-05-18,商贸零售,3.0305376e+10,1.859762e+12,0.016295299,6.912894687574843
2018-05-18,国防军工,3.5677266e+10,1.859762e+12,0.019183781,11.058253096416593
2018-05-18,基础化工,1.5804228e+11,1.859762e+12,0.08497984,17.224142685481713
2018-05-18,家电,4.0490795e+10,1.859762e+12,0.02177203,7.336777951757787
2018-05-18,建材,3.0882726e+10,1.859762e+12,0.01660574,9.30945211648941
2018-05-18,建筑,3.2598075e+10,1.859762e+12,0.01752809,10.947951686094727
2018-05-18,房地产,4.63606e+10,1.859762e+12,0.024928244,5.067424073815346
2018-05-18,有色金属,9.533561e+10,1.859762e+12,0.051262267,9.852960623872395
2018-05-18,机械,1.0987027e+11,1.859762e+12,0.0590776,15.826314674997793
2018-05-18,汽车,6.547706e+10,1.859762e+12,0.035207223,16.89607537557165
2018-05-18,消费者服务,1.5133025e+10,1.859762e+12,0.008137076,7.999246046543122
2018-05-18,煤炭,2.4345115e+10,1.859762e+12,0.013090447,5.065611485072544
2018-05-18,电力及公用事业,4.7163916e+10,1.859762e+12,0.02536019,7.967361331363268
2018-05-18,电力设备及新能源,8.448334e+10,1.859762e+12,0.045426965,11.040417633812737
2018-05-18,电子,1.4627719e+11,1.859762e+12,0.078653716,15.976218733690716
2018-05-18,石油石化,3.362641e+10,1.859762e+12,0.01808103,12.283625509503276
2018-05-18,纺织服装,1.8508288e+10,1.859762e+12,0.009951966,10.103238375219581
2018-05-18,综合,4.003853e+09,1.859762e+12,0.0021528846,4.26287689117285
2018-05-18,综合金融,1.7212526e+09,1.859762e+12,0.00092552305,3.1450221935908
2018-05-18,计算机,1.536787e+11,1.859762e+12,0.082633525,16.017844199310595
2018-05-18,轻工制造,3.4685792e+10,1.859762e+12,0.018650662,15.562901836984297
2018-05-18,通信,6.356777e+10,1.859762e+12,0.034180593,20.260806158645867
2018-05-18,钢铁,2.9350904e+10,1.859762e+12,0.015782075,3.6764785775116513
2018-05-18,银行,4.8098533e+10,1.859762e+12,0.025862737,3.6859768411287894
2018-05-18,非银行金融,7.2509284e+10,1.859762e+12,0.038988475,3.807632763819261
2018-05-18,食品饮料,9.337833e+10,1.859762e+12,0.050209828,14.743052090538873
2018-05-25,交通运输,5.8673672e+10,2.0789838e+12,0.028222283,14.384050893432955
2018-05-25,传媒,5.3888975e+10,2.0789838e+12,0.025920825,12.50935461895525
2018-05-25,农林牧渔,4.4807725e+10,2.0789838e+12,0.021552704,13.841007570922375
2018-05-25,医药,2.191803e+11,2.0789838e+12,0.10542665,13.860846742007972
2018-05-25,商贸零售,4.3963494e+10,2.0789838e+12,0.021146627,9.27551841541477
2018-05-25,国防军工,4.2161193e+10,2.0789838e+12,0.020279711,15.1455546207726
2018-05-25,基础化工,1.8009045e+11,2.0789838e+12,0.086624265,19.989409575486754
2018-05-25,家电,3.719798e+10,2.0789838e+12,0.017892385,8.229894993668896
2018-05-25,建材,4.25302e+10,2.0789838e+12,0.020457206,11.271907212868543
2018-05-25,建筑,4.316948e+10,2.0789838e+12,0.020764703,14.02879647039201
2018-05-25,房地产,5.155516e+10,2.0789838e+12,0.02479825,5.176441367429036
2018-05-25,有色金属,8.902185e+10,2.0789838e+12,0.042819884,10.786496103597948
2018-05-25,机械,1.2657445e+11,2.0789838e+12,0.060882844,18.33480837049029
2018-05-25,汽车,8.899853e+10,2.0789838e+12,0.042808667,25.737721476268458
2018-05-25,消费者服务,1.4476662e+10,2.0789838e+12,0.0069633354,8.287001976966858
2018-05-25,煤炭,2.6956298e+10,2.0789838e+12,0.012966094,5.277371450832912
2018-05-25,电力及公用事业,7.149969e+10,2.0789838e+12,0.034391653,12.18734363607968
2018-05-25,电力设备及新能源,8.563189e+10,2.0789838e+12,0.0411893,11.964584288268869
2018-05-25,电子,1.6448522e+11,2.0789838e+12,0.07911808,19.628032634706063
2018-05-25,石油石化,4.0656765e+10,2.0789838e+12,0.019556075,15.648532566636108
2018-05-25,纺织服装,1.7585435e+10,2.0789838e+12,0.008458668,10.287071277833965
2018-05-25,综合,6.1150863e+09,2.0789838e+12,0.0029413824,6.202065348625183
2018-05-25,综合金融,2.4046036e+09,2.0789838e+12,0.0011566245,5.080033514234755
2018-05-25,计算机,1.73355e+11,2.0789838e+12,0.08338449,19.993298574907694
2018-05-25,轻工制造,4.128694e+10,2.0789838e+12,0.019859191,20.347152107486536
2018-05-25,通信,8.704477e+10,2.0789838e+12,0.0418689,26.26524549415431
2018-05-25,钢铁,2.8335804e+10,2.0789838e+12,0.013629641,4.077464273997715
2018-05-25,银行,4.890128e+10,2.0789838e+12,0.023521721,4.228630704948535
2018-05-25,非银行金融,6.878552e+10,2.0789838e+12,0.033086125,4.398470828478986
2018-05-25,食品饮料,7.959389e+10,2.0789838e+12,0.038285,16.286486550834443
2018-06-01,交通运输,5.1042497e+10,1.9684966e+12,0.025929686,6.130544111680458
2018-06-01,传媒,5.509269e+10,1.9684966e+12,0.027987191,6.225277272968992
2018-06-01,农林牧渔,5.1429675e+10,1.9684966e+12,0.026126372,7.5515512905083595
2018-06-01,医药,2.7309793e+11,1.9684966e+12,0.13873427,7.22394097694373
2018-06-01,商贸零售,5.478672e+10,1.9684966e+12,0.027831757,5.44410052029011
2018-06-01,国防军工,3.2662127e+10,1.9684966e+12,0.016592423,5.684529685531743
2018-06-01,基础化工,1.3015446e+11,1.9684966e+12,0.06611872,7.892546213298731
2018-06-01,家电,4.3196125e+10,1.9684966e+12,0.021943714,3.6912245515544537
2018-06-01,建材,3.278154e+10,1.9684966e+12,0.016653085,4.151102838486853
2018-06-01,建筑,3.3658182e+10,1.9684966e+12,0.01709842,6.128496937874867
2018-06-01,房地产,5.2161843e+10,1.9684966e+12,0.026498316,2.63147066716248
2018-06-01,有色金属,8.212385e+10,1.9684966e+12,0.04171907,5.467328863782593
2018-06-01,机械,1.0185391e+11,1.9684966e+12,0.05174198,7.388356787959234
2018-06-01,汽车,7.7908165e+10,1.9684966e+12,0.039577495,12.254746223618458
2018-06-01,消费者服务,1.9886948e+10,1.9684966e+12,0.010102607,4.306163969486952
2018-06-01,煤炭,1.7790431e+10,1.9684966e+12,0.009037573,1.8971400226865496
2018-06-01,电力及公用事业,4.4376637e+10,1.9684966e+12,0.022543415,3.6966490432785095
2018-06-01,电力设备及新能源,7.470045e+10,1.9684966e+12,0.037947968,5.397609706624724
2018-06-01,电子,1.3451463e+11,1.9684966e+12,0.068333685,8.253105330520881
2018-06-01,石油石化,2.6333698e+10,1.9684966e+12,0.013377569,6.487297572736996
2018-06-01,纺织服装,2.559821e+10,1.9684966e+12,0.01300394,6.282688321979487
2018-06-01,综合,4.901137e+09,1.9684966e+12,0.0024897868,2.6306730832618017
2018-06-01,综合金融,1.9193519e+09,1.9684966e+12,0.00097503443,2.327700044545862
2018-06-01,计算机,1.5830335e+11,1.9684966e+12,0.08041841,9.499903518388319
2018-06-01,轻工制造,3.8016328e+10,1.9684966e+12,0.019312367,10.481898560973944
2018-06-01,通信,5.9343856e+10,1.9684966e+12,0.03014679,10.484931444077148
2018-06-01,钢铁,2.925249e+10,1.9684966e+12,0.01486032,2.2112559408304238
2018-06-01,银行,5.0260144e+10,1.9684966e+12,0.02553225,2.25677115835536
2018-06-01,非银行金融,7.222636e+10,1.9684966e+12,0.036691125,2.331979116899046
2018-06-01,食品饮料,1.3907014e+11,1.9684966e+12,0.070647895,9.406433324681387
2018-06-08,交通运输,5.6959603e+10,1.7443737e+12,0.032653328,14.36299898869851
2018-06-08,传媒,4.908977e+10,1.7443737e+12,0.028141774,11.01425950340003
2018-06-08,农林牧渔,4.381455e+10,1.7443737e+12,0.025117641,13.579768669605254
2018-06-08,医药,1.8220017e+11,1.7443737e+12,0.104450196,9.57684673796888
2018-06-08,商贸零售,3.769671e+10,1.7443737e+12,0.021610456,7.3727196688237395
2018-06-08,国防军工,2.5623417e+10,1.7443737e+12,0.014689179,8.242095272988081
2018-06-08,基础化工,1.4016173e+11,1.7443737e+12,0.08035075,15.076954155448353
2018-06-08,家电,5.3457207e+10,1.7443737e+12,0.030645503,7.652303372399282
2018-06-08,建材,3.0476638e+10,1.7443737e+12,0.017471394,7.018211244697302
2018-06-08,建筑,2.5202934e+10,1.7443737e+12,0.014448128,8.100060839756676
2018-06-08,房地产,4.912164e+10,1.7443737e+12,0.028160045,4.265568307385995
2018-06-08,有色金属,7.602764e+10,1.7443737e+12,0.043584492,10.190805789369803
2018-06-08,机械,9.5234e+10,1.7443737e+12,0.054594953,13.477249234554268
2018-06-08,汽车,6.2290334e+10,1.7443737e+12,0.035709284,17.998127397391702
2018-06-08,消费者服务,2.3194843e+10,1.7443737e+12,0.013296946,9.627355921268464
2018-06-08,煤炭,1.8038559e+10,1.7443737e+12,0.010340994,3.60174571786608
2018-06-08,电力及公用事业,3.7330776e+10,1.7443737e+12,0.021400675,6.032070304774031
2018-06-08,电力设备及新能源,7.708877e+10,1.7443737e+12,0.044192806,11.249031313690722
2018-06-08,电子,1.2746107e+11,1.7443737e+12,0.07306982,16.225957668684234
2018-06-08,石油石化,2.0760779e+10,1.7443737e+12,0.011901566,10.705807096736375
2018-06-08,纺织服装,1.84585e+10,1.7443737e+12,0.010581735,9.751042480338109
2018-06-08,综合,6.7252065e+09,1.7443737e+12,0.0038553702,4.140080759158502
2018-06-08,综合金融,1.4307369e+09,1.7443737e+12,0.00082020095,3.5875333084000482
2018-06-08,计算机,1.3109673e+11,1.7443737e+12,0.075154044,15.823698584884404
2018-06-08,轻工制造,3.3960776e+10,1.7443737e+12,0.01946875,17.761875530376155
2018-06-08,通信,5.3357847e+10,1.7443737e+12,0.030588541,21.032209401278152
2018-06-08,钢铁,2.8829653e+10,1.7443737e+12,0.016527222,4.018478578045254
2018-06-08,银行,4.888663e+10,1.7443737e+12,0.028025318,4.4646268641719455
2018-06-08,非银行金融,7.777305e+10,1.7443737e+12,0.044585086,4.004463640126315
2018-06-08,食品饮料,1.12560456e+11,1.7443737e+12,0.06452772,13.733448889520433
2018-06-15,交通运输,4.9094574e+10,1.647114e+12,0.02980642,11.912292970453992
2018-06-15,传媒,4.0582025e+10,1.647114e+12,0.02463826,9.987247974173096
2018-06-15,农林牧渔,4.1133777e+10,1.647114e+12,0.024973242,11.216481284052133
2018-06-15,医药,1.555058e+11,1.647114e+12,0.094411075,8.281077857300073
2018-06-15,商贸零售,3.1407878e+10,1.647114e+12,0.01906843,6.19611512578052
2018-06-15,国防军工,2.362446e+10,1.647114e+12,0.014342941,8.327514121308923
2018-06-15,基础化工,1.1526569e+11,1.647114e+12,0.0699804,13.986656035376082
2018-06-15,家电,5.1809497e+10,1.647114e+12,0.031454712,7.2566796369471795
2018-06-15,建材,2.962243e+10,1.647114e+12,0.017984444,6.983804151205949
2018-06-15,建筑,2.6346107e+10,1.647114e+12,0.015995314,8.780197406333425
2018-06-15,房地产,4.8959635e+10,1.647114e+12,0.029724495,4.271159590436862
2018-06-15,有色金属,7.047266e+10,1.647114e+12,0.04278554,9.271912472179302
2018-06-15,机械,9.572612e+10,1.647114e+12,0.05811748,13.258280399384223
2018-06-15,汽车,6.668159e+10,1.647114e+12,0.040483892,17.76969037224333
2018-06-15,消费者服务,2.362778e+10,1.647114e+12,0.014344957,12.259208149909973
2018-06-15,煤炭,2.0626553e+10,1.647114e+12,0.012522845,4.176500049659184
2018-06-15,电力及公用事业,3.6845924e+10,1.647114e+12,0.02236999,6.7408717477096705
2018-06-15,电力设备及新能源,7.724494e+10,1.647114e+12,0.04689714,13.746689488308146
2018-06-15,电子,1.2317645e+11,1.647114e+12,0.0747832,16.641577148668205
2018-06-15,石油石化,1.5758331e+10,1.647114e+12,0.009567237,7.597165154336497
2018-06-15,纺织服装,1.4548824e+10,1.647114e+12,0.0088329185,7.788826109611825
2018-06-15,综合,5.352023e+09,1.647114e+12,0.0032493337,3.3572500302241397
2018-06-15,综合金融,2.0845353e+09,1.647114e+12,0.0012655683,4.3791555696063575
2018-06-15,计算机,1.4979547e+11,1.647114e+12,0.0909442,16.343325456976892
2018-06-15,轻工制造,2.6215197e+10,1.647114e+12,0.015915835,13.773830357427691
2018-06-15,通信,5.1692704e+10,1.647114e+12,0.031383805,21.185495959882882
2018-06-15,钢铁,3.9853367e+10,1.647114e+12,0.024195876,6.702283348355975
2018-06-15,银行,4.239525e+10,1.647114e+12,0.025739111,3.068665347993374
2018-06-15,非银行金融,6.896035e+10,1.647114e+12,0.04186738,3.6613803806581666
2018-06-15,食品饮料,1.0263286e+11,1.647114e+12,0.062310718,12.252271078692543
2018-06-22,交通运输,4.226685e+10,1.4401819e+12,0.029348271,8.29734605521548
2018-06-22,传媒,3.5301724e+10,1.4401819e+12,0.02451199,8.733065268224921
2018-06-22,农林牧渔,3.591001e+10,1.4401819e+12,0.024934357,11.573681312426924
2018-06-22,医药,1.3444921e+11,1.4401819e+12,0.093355715,7.342449496619429
2018-06-22,商贸零售,2.3507728e+10,1.4401819e+12,0.016322749,4.668344565707704
2018-06-22,国防军工,2.5218728e+10,1.4401819e+12,0.017510794,10.212790597230196
2018-06-22,基础化工,1.0292492e+11,1.4401819e+12,0.07146661,12.96420003468673
2018-06-22,家电,3.5135586e+10,1.4401819e+12,0.02439663,5.258864402770996
2018-06-22,建材,3.0774776e+10,1.4401819e+12,0.021368673,7.891502790048089
2018-06-22,建筑,3.0813725e+10,1.4401819e+12,0.021395717,9.43356328813926
2018-06-22,房地产,4.792845e+10,1.4401819e+12,0.03327944,4.262664414942265
2018-06-22,有色金属,6.895095e+10,1.4401819e+12,0.047876555,8.220033630728722
2018-06-22,机械,7.4181755e+10,1.4401819e+12,0.0515086,10.087103518259104
2018-06-22,汽车,4.833472e+10,1.4401819e+12,0.03356154,12.307268190693545
2018-06-22,消费者服务,2.0328358e+10,1.4401819e+12,0.014115132,8.21502376317978
2018-06-22,煤炭,2.5908976e+10,1.4401819e+12,0.017990071,5.430617160456521
2018-06-22,电力及公用事业,3.1257629e+10,1.4401819e+12,0.021703945,5.009229585996963
2018-06-22,电力设备及新能源,7.152606e+10,1.4401819e+12,0.049664598,11.134483065797921
2018-06-22,电子,1.1223255e+11,1.4401819e+12,0.07792942,13.821503169569873
2018-06-22,石油石化,1.5796691e+10,1.4401819e+12,0.010968539,6.523044224395308
2018-06-22,纺织服装,1.0355568e+10,1.4401819e+12,0.007190458,5.686306735953769
2018-06-22,综合,3.8028413e+09,1.4401819e+12,0.0026405284,3.6001615203343906
2018-06-22,综合金融,2.1770783e+09,1.4401819e+12,0.0015116689,4.587922241952684
2018-06-22,计算机,1.12198025e+11,1.4401819e+12,0.077905454,11.469677968621253
2018-06-22,轻工制造,2.1411332e+10,1.4401819e+12,0.014867103,10.953480433307442
2018-06-22,通信,4.168611e+10,1.4401819e+12,0.02894503,14.568247341925336
2018-06-22,钢铁,3.961851e+10,1.4401819e+12,0.02750938,6.936411878892353
2018-06-22,银行,4.803681e+10,1.4401819e+12,0.03335468,3.480276968616706
2018-06-22,非银行金融,7.3179415e+10,1.4401819e+12,0.05081262,4.381622825275388
2018-06-22,食品饮料,7.4917675e+10,1.4401819e+12,0.052019592,8.97018330693245
2018-06-29,交通运输,4.8103637e+10,1.5609969e+12,0.030815972,10.52455705827942
2018-06-29,传媒,3.6201603e+10,1.5609969e+12,0.023191337,8.811626506245826
2018-06-29,农林牧渔,3.032689e+10,1.5609969e+12,0.0194279,11.0057214461267
2018-06-29,医药,1.360657e+11,1.5609969e+12,0.08716591,7.583224897334114
2018-06-29,商贸零售,2.3696882e+10,1.5609969e+12,0.015180608,5.342639161192852
2018-06-29,国防军工,2.5583028e+10,1.5609969e+12,0.016388904,11.481887644156814
2018-06-29,基础化工,1.1578361e+11,1.5609969e+12,0.07417286,15.32510708728615
2018-06-29,家电,4.1958568e+10,1.5609969e+12,0.026879342,6.756823766029488
2018-06-29,建材,3.0912442e+10,1.5609969e+12,0.019803014,8.577022398861361
2018-06-29,建筑,2.6364355e+10,1.5609969e+12,0.016889434,8.894806170981862
2018-06-29,房地产,4.7788134e+10,1.5609969e+12,0.030613856,3.876967334546722
2018-06-29,有色金属,6.2899368e+10,1.5609969e+12,0.04029436,8.022916300365559
2018-06-29,机械,8.611693e+10,1.5609969e+12,0.05516791,12.481501296449165
2018-06-29,汽车,5.2246614e+10,1.5609969e+12,0.03347003,14.552732478101532
2018-06-29,消费者服务,2.207969e+10,1.5609969e+12,0.01414461,9.658654108047486
2018-06-29,煤炭,1.8299175e+10,1.5609969e+12,0.011722749,4.032834260804313
2018-06-29,电力及公用事业,2.8647715e+10,1.5609969e+12,0.018352192,4.8260735803805055
2018-06-29,电力设备及新能源,9.294265e+10,1.5609969e+12,0.059540574,14.11646551331249
2018-06-29,电子,1.2345327e+11,1.5609969e+12,0.07908617,16.827280174657172
2018-06-29,石油石化,2.0205408e+10,1.5609969e+12,0.012943913,10.828639743979586
2018-06-29,纺织服装,1.7554555e+10,1.5609969e+12,0.011245733,9.42762698817092
2018-06-29,综合,2.545946e+09,1.5609969e+12,0.0016309745,3.2047269424566855
2018-06-29,综合金融,2.5276792e+09,1.5609969e+12,0.0016192724,6.772877640194363
2018-06-29,计算机,1.2921269e+11,1.5609969e+12,0.08277575,14.875938098430634
2018-06-29,轻工制造,2.567128e+10,1.5609969e+12,0.01644544,14.721663740043546
2018-06-29,通信,6.446517e+10,1.5609969e+12,0.041297436,18.962971179755694
2018-06-29,钢铁,3.1663649e+10,1.5609969e+12,0.020284249,5.602883380083811
2018-06-29,银行,4.6114443e+10,1.5609969e+12,0.029541662,3.5069538412185817
2018-06-29,非银行金融,8.330075e+10,1.5609969e+12,0.05336382,11.013143626221439
2018-06-29,食品饮料,8.818382e+10,1.5609969e+12,0.056491986,9.347383348809348
2018-07-06,交通运输,4.1310396e+10,1.7038318e+12,0.024245584,9.34479520396859
2018-07-06,传媒,4.509786e+10,1.7038318e+12,0.026468493,10.497380978804975
2018-07-06,农林牧渔,3.3679282e+10,1.7038318e+12,0.019766789,12.605808776337653
2018-07-06,医药,1.5073888e+11,1.7038318e+12,0.08847052,8.786674331551398
2018-07-06,商贸零售,2.6151975e+10,1.7038318e+12,0.015348918,5.918884750293649
2018-07-06,国防军工,3.3561106e+10,1.7038318e+12,0.01969743,12.16787036228925
2018-07-06,基础化工,1.1561694e+11,1.7038318e+12,0.06785701,14.65951297062823
2018-07-06,家电,4.6959026e+10,1.7038318e+12,0.027560834,6.841311857861988
2018-07-06,建材,3.0511092e+10,1.7038318e+12,0.017907338,8.211836568066772
2018-07-06,建筑,2.8040288e+10,1.7038318e+12,0.016457193,9.420840151931928
2018-07-06,房地产,4.2378977e+10,1.7038318e+12,0.024872746,3.973871120180075
2018-07-06,有色金属,6.958955e+10,1.7038318e+12,0.04084297,9.405403835842243
2018-07-06,机械,9.801497e+10,1.7038318e+12,0.0575262,13.126381049171473
2018-07-06,汽车,5.8097467e+10,1.7038318e+12,0.034098122,15.693637659797421
2018-07-06,消费者服务,2.0759716e+10,1.7038318e+12,0.012184135,9.541314058303833
2018-07-06,煤炭,1.6577313e+10,1.7038318e+12,0.00972943,3.7922514336449757
2018-07-06,电力及公用事业,3.948588e+10,1.7038318e+12,0.023174752,7.2263993822969494
2018-07-06,电力设备及新能源,9.499438e+10,1.7038318e+12,0.05575338,14.97973533302819
2018-07-06,电子,1.5311749e+11,1.7038318e+12,0.089866556,18.849029538595133
2018-07-06,石油石化,2.042743e+10,1.7038318e+12,0.011989112,12.127625547869261
2018-07-06,纺织服装,1.9591485e+10,1.7038318e+12,0.011498486,10.472998710902962
2018-07-06,综合,7.1812613e+09,1.7038318e+12,0.004214771,4.574876902195124
2018-07-06,综合金融,2.6414436e+09,1.7038318e+12,0.001550296,7.547089192602369
2018-07-06,计算机,1.6208771e+11,1.7038318e+12,0.095131285,17.87523301333189
2018-07-06,轻工制造,2.8708966e+10,1.7038318e+12,0.016849648,15.47086172273346
2018-07-06,通信,7.765583e+10,1.7038318e+12,0.04557717,23.627325970487497
2018-07-06,钢铁,2.8684177e+10,1.7038318e+12,0.0168351,5.500973826362973
2018-07-06,银行,4.5691937e+10,1.7038318e+12,0.026817163,3.2420846028969836
2018-07-06,非银行金融,8.096303e+10,1.7038318e+12,0.047518205,9.53544025436828
2018-07-06,食品饮料,8.54348e+10,1.7038318e+12,0.050142743,8.966848886675304
2018-07-13,交通运输,3.5194524e+10,1.7240608e+12,0.020413738,8.057877593248794
2018-07-13,传媒,4.5024674e+10,1.7240608e+12,0.026115479,10.580000906936393
2018-07-13,农林牧渔,3.2750694e+10,1.7240608e+12,0.018996252,12.007351323217154
2018-07-13,医药,1.7811128e+11,1.7240608e+12,0.10330917,11.81934999679697
2018-07-13,商贸零售,2.7361718e+10,1.7240608e+12,0.015870506,6.9422804045936335
2018-07-13,国防军工,3.2209265e+10,1.7240608e+12,0.01868221,12.093060905113816
2018-07-13,基础化工,1.4093438e+11,1.7240608e+12,0.0817456,16.52353504751207
2018-07-13,家电,3.8078788e+10,1.7240608e+12,0.022086686,6.700940682726391
2018-07-13,建材,3.6748292e+10,1.7240608e+12,0.021314964,9.453380307261373
2018-07-13,建筑,2.7813097e+10,1.7240608e+12,0.016132317,10.28094608200633
2018-07-13,房地产,3.8732448e+10,1.7240608e+12,0.022465825,3.6615740275726867
2018-07-13,有色金属,7.785377e+10,1.7240608e+12,0.045157205,9.641652854589315
2018-07-13,机械,9.94207e+10,1.7240608e+12,0.057666585,14.175897011008018
2018-07-13,汽车,6.0694495e+10,1.7240608e+12,0.03520438,18.463846776779597
2018-07-13,消费者服务,1.9251847e+10,1.7240608e+12,0.011166571,9.44913990020752
2018-07-13,煤炭,1.2936423e+10,1.7240608e+12,0.007503461,3.020125789301736
2018-07-13,电力及公用事业,4.1951277e+10,1.7240608e+12,0.024332829,7.196482706493065
2018-07-13,电力设备及新能源,9.971333e+10,1.7240608e+12,0.057836317,14.957392581148978
2018-07-13,电子,1.6168144e+11,1.7240608e+12,0.09377943,19.541589724493264
2018-07-13,石油石化,1.8771622e+10,1.7240608e+12,0.010888028,10.304265179259833
2018-07-13,纺织服装,1.4684415e+10,1.7240608e+12,0.008517342,8.506276986888937
2018-07-13,综合,5.18608e+09,1.7240608e+12,0.0030080609,3.8412846624851227
2018-07-13,综合金融,1.8467799e+09,1.7240608e+12,0.0010711802,5.190888947910732
2018-07-13,计算机,1.5714905e+11,1.7240608e+12,0.09115053,17.921875984966753
2018-07-13,轻工制造,2.661856e+10,1.7240608e+12,0.015439455,14.072925477051268
2018-07-13,通信,7.127399e+10,1.7240608e+12,0.04134076,22.413385444080706
2018-07-13,钢铁,3.3602312e+10,1.7240608e+12,0.019490212,5.85867146792866
2018-07-13,银行,4.2260144e+10,1.7240608e+12,0.02451198,3.2636077197698445
2018-07-13,非银行金融,7.016788e+10,1.7240608e+12,0.04069919,9.082331350759455
2018-07-13,食品饮料,7.594599e+10,1.7240608e+12,0.044050645,9.451521113846038
2018-07-20,交通运输,3.2205795e+10,1.583341e+12,0.020340404,6.715023264361238
2018-07-20,传媒,4.1846567e+10,1.583341e+12,0.026429283,9.264133077022457
2018-07-20,农林牧渔,2.5572526e+10,1.583341e+12,0.01615099,9.120750002935528
2018-07-20,医药,1.5218411e+11,1.583341e+12,0.09611582,8.957795164297368
2018-07-20,商贸零售,2.5487208e+10,1.583341e+12,0.016097106,7.011470566625181
2018-07-20,国防军工,3.184913e+10,1.583341e+12,0.020115143,11.673899899236858
2018-07-20,基础化工,1.3705621e+11,1.583341e+12,0.0865614,14.987820785365948
2018-07-20,家电,3.2460681e+10,1.583341e+12,0.020501385,5.345591546115228
2018-07-20,建材,2.69379e+10,1.583341e+12,0.017013328,6.720933772413663
2018-07-20,建筑,2.5124086e+10,1.583341e+12,0.015867768,8.969159186663836
2018-07-20,房地产,3.369022e+10,1.583341e+12,0.02127793,2.961009630217002
2018-07-20,有色金属,5.9882643e+10,1.583341e+12,0.037820436,7.65490762087015
2018-07-20,机械,9.515282e+10,1.583341e+12,0.060096227,12.259833037089079
2018-07-20,汽车,4.4524302e+10,1.583341e+12,0.028120477,11.613685047471678
2018-07-20,消费者服务,1.9054647e+10,1.583341e+12,0.012034456,7.577349965572357
2018-07-20,煤炭,1.3740371e+10,1.583341e+12,0.008678087,3.763225760630199
2018-07-20,电力及公用事业,5.276001e+10,1.583341e+12,0.03332195,8.203853048200225
2018-07-20,电力设备及新能源,8.4715676e+10,1.583341e+12,0.053504378,12.781560103280828
2018-07-20,电子,1.544918e+11,1.583341e+12,0.097573295,18.40484870157292
2018-07-20,石油石化,1.4789026e+10,1.583341e+12,0.009340392,7.324072142326554
2018-07-20,纺织服装,1.435627e+10,1.583341e+12,0.009067074,8.626190560089576
2018-07-20,综合,7.083876e+09,1.583341e+12,0.004474005,4.141661522480158
2018-07-20,综合金融,1.8810079e+09,1.583341e+12,0.0011879993,5.009866668118371
2018-07-20,计算机,1.4404872e+11,1.583341e+12,0.0909777,14.619979039430618
2018-07-20,轻工制造,2.38744e+10,1.583341e+12,0.015078496,12.943881347921549
2018-07-20,通信,7.822869e+10,1.583341e+12,0.049407355,20.68464804083413
2018-07-20,钢铁,2.9728225e+10,1.583341e+12,0.01877563,4.804040440491268
2018-07-20,银行,4.2220716e+10,1.583341e+12,0.026665587,3.7634038289005938
2018-07-20,非银行金融,7.294245e+10,1.583341e+12,0.046068694,7.943622995886886
2018-07-20,食品饮料,6.536395e+10,1.583341e+12,0.041282296,9.495727713240518
2018-07-27,交通运输,4.5460005e+10,1.9279991e+12,0.02357885,8.21799706154078
2018-07-27,传媒,5.2111225e+10,1.9279991e+12,0.027028656,10.767513193374823
2018-07-27,农林牧渔,3.2383513e+10,1.9279991e+12,0.016796436,9.273668758571148
2018-07-27,医药,1.8775805e+11,1.9279991e+12,0.09738492,9.940928276448414
2018-07-27,商贸零售,3.216233e+10,1.9279991e+12,0.016681714,9.709054423415143
2018-07-27,国防军工,3.792464e+10,1.9279991e+12,0.019670464,11.554531237110496
2018-07-27,基础化工,1.3777835e+11,1.9279991e+12,0.071461834,14.888800669689568
2018-07-27,家电,4.0106455e+10,1.9279991e+12,0.020802112,6.4886305736283125
2018-07-27,建材,5.6212267e+10,1.9279991e+12,0.029155754,12.653721126662173
2018-07-27,建筑,6.3824945e+10,1.9279991e+12,0.03310424,14.564729553720225
2018-07-27,房地产,4.461121e+10,1.9279991e+12,0.023138605,4.151845185802533
2018-07-27,有色金属,8.592698e+10,1.9279991e+12,0.044567954,10.515136592663252
2018-07-27,机械,1.1238336e+11,1.9279991e+12,0.05829015,13.080529600763933
2018-07-27,汽车,4.9648255e+10,1.9279991e+12,0.025751181,11.67074086449363
2018-07-27,消费者服务,2.171292e+10,1.9279991e+12,0.011261893,8.913372025489807
2018-07-27,煤炭,2.1748822e+10,1.9279991e+12,0.011280514,5.648271477222442
2018-07-27,电力及公用事业,6.7435516e+10,1.9279991e+12,0.034976944,11.40941170832993
2018-07-27,电力设备及新能源,9.125739e+10,1.9279991e+12,0.047332693,12.783964724715696
2018-07-27,电子,1.5247008e+11,1.9279991e+12,0.07908203,15.770907118235748
2018-07-27,石油石化,2.0833389e+10,1.9279991e+12,0.010805705,8.700669720942198
2018-07-27,纺织服装,1.610718e+10,1.9279991e+12,0.00835435,9.19647287758621
2018-07-27,综合,6.2700375e+09,1.9279991e+12,0.0032520955,5.795030770393518
2018-07-27,综合金融,2.5366917e+09,1.9279991e+12,0.0013157121,6.275244355201721
2018-07-27,计算机,1.60812e+11,1.9279991e+12,0.08340876,15.755175008177757
2018-07-27,轻工制造,3.1933377e+10,1.9279991e+12,0.016562963,14.743531448876157
2018-07-27,通信,6.7647406e+10,1.9279991e+12,0.035086844,15.725340742237714
2018-07-27,钢铁,5.7098064e+10,1.9279991e+12,0.029615192,9.144769034215383
2018-07-27,银行,6.2664843e+10,1.9279991e+12,0.03250253,10.039423012962708
2018-07-27,非银行金融,9.444739e+10,1.9279991e+12,0.048987255,9.851613938024169
2018-07-27,食品饮料,7.420031e+10,1.9279991e+12,0.038485654,10.002858942084842
2018-08-03,交通运输,4.5165634e+10,1.5479606e+12,0.02917751,5.576685027481572
2018-08-03,传媒,3.966632e+10,1.5479606e+12,0.02562489,3.856568160443759
2018-08-03,农林牧渔,2.9402325e+10,1.5479606e+12,0.018994235,4.523834372800775
2018-08-03,医药,1.4105308e+11,1.5479606e+12,0.09112188,4.368740163075513
2018-08-03,商贸零售,2.9151435e+10,1.5479606e+12,0.018832156,4.07962554320693
2018-08-03,国防军工,2.911841e+10,1.5479606e+12,0.018810822,4.661792963044718
2018-08-03,基础化工,1.0521787e+11,1.5479606e+12,0.06797193,5.874263616595544
2018-08-03,家电,3.8253195e+10,1.5479606e+12,0.024711996,3.1916241742670537
2018-08-03,建材,4.943188e+10,1.5479606e+12,0.031933554,6.541218299261281
2018-08-03,建筑,5.371884e+10,1.5479606e+12,0.034702975,7.092616114733012
2018-08-03,房地产,3.7858095e+10,1.5479606e+12,0.024456756,1.898086538251776
2018-08-03,有色金属,6.3047897e+10,1.5479606e+12,0.040729653,4.025295659899712
2018-08-03,机械,9.282382e+10,1.5479606e+12,0.059965238,5.451405780748106
2018-08-03,汽车,4.5425095e+10,1.5479606e+12,0.029345123,5.352221364615025
2018-08-03,消费者服务,1.764435e+10,1.5479606e+12,0.011398449,3.472173000872135
2018-08-03,煤炭,2.1318427e+10,1.5479606e+12,0.013771944,3.419961420765945
2018-08-03,电力及公用事业,5.683919e+10,1.5479606e+12,0.036718756,5.090509315607725
2018-08-03,电力设备及新能源,6.5760203e+10,1.5479606e+12,0.042481832,4.6282651162612325
2018-08-03,电子,1.1663457e+11,1.5479606e+12,0.075347245,5.882715204001409
2018-08-03,石油石化,2.5353452e+10,1.5479606e+12,0.016378615,6.0836093346046844
2018-08-03,纺织服装,1.5785207e+10,1.5479606e+12,0.010197422,4.182278337712224
2018-08-03,综合,6.907345e+09,1.5479606e+12,0.0044622226,3.0427038560693083
2018-08-03,综合金融,2.022398e+09,1.5479606e+12,0.0013064919,2.4278555462757745
2018-08-03,计算机,1.0278982e+11,1.5479606e+12,0.06640338,5.2728069764945165
2018-08-03,轻工制造,2.5592738e+10,1.5479606e+12,0.016533198,5.760456363287042
2018-08-03,通信,5.288212e+10,1.5479606e+12,0.034162447,6.126252011985195
2018-08-03,钢铁,4.9545912e+10,1.5479606e+12,0.032007217,3.7691452123579525
2018-08-03,银行,4.820314e+10,1.5479606e+12,0.031139772,3.0841346245545607
2018-08-03,非银行金融,6.0631146e+10,1.5479606e+12,0.039168406,2.906898229791407
2018-08-03,食品饮料,8.03104e+10,1.5479606e+12,0.051881425,4.731916085547871
2018-08-10,交通运输,4.1685578e+10,1.5058663e+12,0.027682124,10.057182442505383
2018-08-10,传媒,3.2895238e+10,1.5058663e+12,0.021844728,6.8684586552549
2018-08-10,农林牧渔,3.352855e+10,1.5058663e+12,0.022265289,10.817036371305585
2018-08-10,医药,1.3531167e+11,1.5058663e+12,0.089856364,8.178998631752771
2018-08-10,商贸零售,2.5339701e+10,1.5058663e+12,0.016827324,7.354453292229901
2018-08-10,国防军工,2.3213177e+10,1.5058663e+12,0.015415165,8.75279236619289
2018-08-10,基础化工,1.09742146e+11,1.5058663e+12,0.07287642,12.753851307087205
2018-08-10,家电,3.6119486e+10,1.5058663e+12,0.023985852,7.717509895563126
2018-08-10,建材,4.681383e+10,1.5058663e+12,0.03108764,10.991871799381686
2018-08-10,建筑,5.2823466e+10,1.5058663e+12,0.03507846,12.196113055685291
2018-08-10,房地产,3.797003e+10,1.5058663e+12,0.025214743,3.469405805835357
2018-08-10,有色金属,6.4303428e+10,1.5058663e+12,0.042701952,7.8918596007502995
2018-08-10,机械,9.606736e+10,1.5058663e+12,0.06379542,10.436096178099941
2018-08-10,汽车,3.5292467e+10,1.5058663e+12,0.023436654,8.905535134015146
2018-08-10,消费者服务,1.9624298e+10,1.5058663e+12,0.0130319,8.15730792760849
2018-08-10,煤炭,2.1709285e+10,1.5058663e+12,0.014416476,6.42515429684094
2018-08-10,电力及公用事业,5.637613e+10,1.5058663e+12,0.037437674,10.3853208510964
2018-08-10,电力设备及新能源,5.9423126e+10,1.5058663e+12,0.03946109,8.942268784439891
2018-08-10,电子,1.0939406e+11,1.5058663e+12,0.07264527,12.114855335079852
2018-08-10,石油石化,3.0755035e+10,1.5058663e+12,0.020423483,13.477399870753288
2018-08-10,纺织服装,1.5050409e+10,1.5058663e+12,0.009994519,8.534906726028469
2018-08-10,综合,4.948501e+09,1.5058663e+12,0.003286149,5.519534587860107
2018-08-10,综合金融,1.3453656e+09,1.5058663e+12,0.0008934164,3.3543001214663186
2018-08-10,计算机,1.2193575e+11,1.5058663e+12,0.08097382,12.292631851499946
2018-08-10,轻工制造,2.4950555e+10,1.5058663e+12,0.016568905,11.143352909123196
2018-08-10,通信,5.2552983e+10,1.5058663e+12,0.034898836,13.096454046818675
2018-08-10,钢铁,4.052947e+10,1.5058663e+12,0.026914388,6.940209559031895
2018-08-10,银行,4.0377557e+10,1.5058663e+12,0.026813507,4.800765359630952
2018-08-10,非银行金融,6.1118583e+10,1.5058663e+12,0.040586993,5.314345608416357
2018-08-10,食品饮料,7.450286e+10,1.5058663e+12,0.04947508,7.844008922576904
2018-08-17,交通运输,3.825866e+10,1.3396174e+12,0.028559392,9.842205860805743
2018-08-17,传媒,3.3039995e+10,1.3396174e+12,0.024663754,7.206829725772389
2018-08-17,农林牧渔,2.4799773e+10,1.3396174e+12,0.018512579,7.9332562264055015
2018-08-17,医药,1.1469229e+11,1.3396174e+12,0.0856157,7.096711036151853
2018-08-17,商贸零售,2.2509437e+10,1.3396174e+12,0.016802885,6.850839114707449
2018-08-17,国防军工,2.094136e+10,1.3396174e+12,0.015632343,8.717136893822596
2018-08-17,基础化工,8.978743e+10,1.3396174e+12,0.067024685,11.105313659119767
2018-08-17,家电,2.7677762e+10,1.3396174e+12,0.020660944,8.589443588256836
2018-08-17,建材,3.576182e+10,1.3396174e+12,0.026695546,9.868714126902567
2018-08-17,建筑,3.881763e+10,1.3396174e+12,0.02897665,10.094125135566877
2018-08-17,房地产,3.2204788e+10,1.3396174e+12,0.024040287,3.41577787969548
2018-08-17,有色金属,4.7315538e+10,1.3396174e+12,0.035320185,6.672521085693286
2018-08-17,机械,7.724625e+10,1.3396174e+12,0.05766292,9.239970285957233
2018-08-17,汽车,3.1271166e+10,1.3396174e+12,0.023343354,7.82209858704697
2018-08-17,消费者服务,1.3641691e+10,1.3396174e+12,0.010183274,6.219735976457596
2018-08-17,煤炭,1.8985245e+10,1.3396174e+12,0.014172139,6.199185779264995
2018-08-17,电力及公用事业,4.886939e+10,1.3396174e+12,0.036480106,9.345548843344053
2018-08-17,电力设备及新能源,5.016997e+10,1.3396174e+12,0.03745097,7.919561506001227
2018-08-17,电子,1.0568472e+11,1.3396174e+12,0.07889172,12.295858925066623
2018-08-17,石油石化,2.2047519e+10,1.3396174e+12,0.01645807,8.794072051900764
2018-08-17,纺织服装,1.3423608e+10,1.3396174e+12,0.010020479,9.658598618732917
2018-08-17,综合,4.3347123e+09,1.3396174e+12,0.0032357837,4.646296106852018
2018-08-17,综合金融,1.0623345e+09,1.3396174e+12,0.0007930134,3.2734000616603427
2018-08-17,计算机,1.379911e+11,1.3396174e+12,0.10300784,12.255063696880246
2018-08-17,轻工制造,2.4121614e+10,1.3396174e+12,0.018006345,12.430638222279502
2018-08-17,通信,7.668726e+10,1.3396174e+12,0.057245642,16.833071441066508
2018-08-17,钢铁,3.5438236e+10,1.3396174e+12,0.026453996,5.94375003803344
2018-08-17,银行,3.463779e+10,1.3396174e+12,0.02585648,3.1874615601622143
2018-08-17,非银行金融,5.2629516e+10,1.3396174e+12,0.039286975,4.669863224552389
2018-08-17,食品饮料,6.5464857e+10,1.3396174e+12,0.04886832,6.156331119603581
2018-08-24,交通运输,2.9357367e+10,1.2253375e+12,0.023958597,6.942477618461674
2018-08-24,传媒,2.8838457e+10,1.2253375e+12,0.023535114,6.6131496247181225
2018-08-24,农林牧渔,2.3219591e+10,1.2253375e+12,0.018949548,7.901313774287701
2018-08-24,医药,1.1980741e+11,1.2253375e+12,0.097775035,7.330864483015291
2018-08-24,商贸零售,1.8539604e+10,1.2253375e+12,0.015130202,5.241253213713998
2018-08-24,国防军工,1.8564768e+10,1.2253375e+12,0.015150739,7.038364591506811
2018-08-24,基础化工,7.863032e+10,1.2253375e+12,0.06417034,9.55658676672955
2018-08-24,家电,2.5772327e+10,1.2253375e+12,0.02103284,7.222144894798597
2018-08-24,建材,2.7197972e+10,1.2253375e+12,0.022196312,6.462807025288193
2018-08-24,建筑,3.1922897e+10,1.2253375e+12,0.02605233,7.836900034158126
2018-08-24,房地产,2.7285842e+10,1.2253375e+12,0.022268021,2.960859587845894
2018-08-24,有色金属,4.1007473e+10,1.2253375e+12,0.03346627,5.266560522696147
2018-08-24,机械,7.54457e+10,1.2253375e+12,0.061571363,9.535919162316825
2018-08-24,汽车,2.8777107e+10,1.2253375e+12,0.023485046,6.919864286753264
2018-08-24,消费者服务,1.258516e+10,1.2253375e+12,0.010270771,5.420490025281906
2018-08-24,煤炭,1.7003346e+10,1.2253375e+12,0.01387646,5.9709885707923345
2018-08-24,电力及公用事业,3.5869004e+10,1.2253375e+12,0.029272756,7.0155758365160885
2018-08-24,电力设备及新能源,4.3886793e+10,1.2253375e+12,0.035816085,6.768138954535536
2018-08-24,电子,9.9426116e+10,1.2253375e+12,0.08114182,11.104278667525005
2018-08-24,石油石化,1.6226785e+10,1.2253375e+12,0.013242708,6.154300019491551
2018-08-24,纺织服装,9.763699e+09,1.2253375e+12,0.0079681715,6.057717600384274
2018-08-24,综合,3.1120195e+09,1.2253375e+12,0.0025397243,3.0344423537070933
2018-08-24,综合金融,9.3414445e+08,1.2253375e+12,0.00076235685,2.898988856209649
2018-08-24,计算机,1.2138218e+11,1.2253375e+12,0.09906021,12.08210952127751
2018-08-24,轻工制造,1.9836981e+10,1.2253375e+12,0.016188994,9.43207449539035
2018-08-24,通信,7.563155e+10,1.2253375e+12,0.06172304,19.485580624366293
2018-08-24,钢铁,3.1793613e+10,1.2253375e+12,0.025946822,5.774314295677912
2018-08-24,银行,3.9829217e+10,1.2253375e+12,0.032504693,4.211611523651159
2018-08-24,非银行金融,6.357003e+10,1.2253375e+12,0.05187961,4.994642136389749
2018-08-24,食品饮料,6.0048384e+10,1.2253375e+12,0.04900559,6.056386678748661
2018-08-31,交通运输,3.3881825e+10,1.3158739e+12,0.025748536,8.10685923854703
2018-08-31,传媒,3.634234e+10,1.3158739e+12,0.027618408,6.980793397042377
2018-08-31,农林牧渔,2.1403939e+10,1.3158739e+12,0.01626595,7.57083994820714
2018-08-31,医药,1.20740545e+11,1.3158739e+12,0.091756925,6.974785539907279
2018-08-31,商贸零售,1.9480814e+10,1.3158739e+12,0.0148044685,5.638398845558581
2018-08-31,国防军工,3.2756546e+10,1.3158739e+12,0.024893377,12.406590809424719
2018-08-31,基础化工,7.778619e+10,1.3158739e+12,0.059113715,9.032089864601524
2018-08-31,家电,3.2620374e+10,1.3158739e+12,0.024789894,8.339756720264752
2018-08-31,建材,2.7832736e+10,1.3158739e+12,0.021151522,7.22504225331293
2018-08-31,建筑,3.3357562e+10,1.3158739e+12,0.02535012,8.281199939677428
2018-08-31,房地产,3.335805e+10,1.3158739e+12,0.02535049,3.253443283960223
2018-08-31,有色金属,5.1647037e+10,1.3158739e+12,0.03924923,6.431600999373656
2018-08-31,机械,7.753215e+10,1.3158739e+12,0.058920655,9.663000985837211
2018-08-31,汽车,3.2052853e+10,1.3158739e+12,0.024358606,8.219385680053142
2018-08-31,消费者服务,1.5347878e+10,1.3158739e+12,0.011663639,6.201959973573684
2018-08-31,煤炭,1.3987312e+10,1.3158739e+12,0.010629675,4.509088579245976
2018-08-31,电力及公用事业,3.5066053e+10,1.3158739e+12,0.02664849,6.671487650569574
2018-08-31,电力设备及新能源,5.2128174e+10,1.3158739e+12,0.03961487,7.843059625920899
2018-08-31,电子,1.0724474e+11,1.3158739e+12,0.081500776,10.717948215488855
2018-08-31,石油石化,2.1510044e+10,1.3158739e+12,0.016346585,6.840337251681228
2018-08-31,纺织服装,8.916482e+09,1.3158739e+12,0.0067760916,5.410563487861608
2018-08-31,综合,3.0566996e+09,1.3158739e+12,0.0023229427,2.598480795438473
2018-08-31,综合金融,9.5489837e+08,1.3158739e+12,0.0007256762,2.456122226185269
2018-08-31,计算机,1.2327413e+11,1.3158739e+12,0.093682334,12.445145791442833
2018-08-31,轻工制造,1.9770874e+10,1.3158739e+12,0.0150249,9.053902961751994
2018-08-31,通信,8.688829e+10,1.3158739e+12,0.06603087,20.85622336365739
2018-08-31,钢铁,3.2944878e+10,1.3158739e+12,0.0250365,5.822280990225928
2018-08-31,银行,4.5036155e+10,1.3158739e+12,0.03422528,4.295115466301258
2018-08-31,非银行金融,5.2971856e+10,1.3158739e+12,0.040256027,4.249747358131827
2018-08-31,食品饮料,6.591884e+10,1.3158739e+12,0.050095104,5.320453327231937
2018-09-07,交通运输,2.708712e+10,1.2425243e+12,0.021800073,7.310621417552522
2018-09-07,传媒,3.6778947e+10,1.2425243e+12,0.029600183,6.982376857237383
2018-09-07,农林牧渔,2.5117594e+10,1.2425243e+12,0.020214971,9.994771181419491
2018-09-07,医药,1.062219e+11,1.2425243e+12,0.085488796,6.626894862586281
2018-09-07,商贸零售,2.0514105e+10,1.2425243e+12,0.016510023,5.973403215084387
2018-09-07,国防军工,4.668398e+10,1.2425243e+12,0.037571885,16.50337908606031
2018-09-07,基础化工,7.328829e+10,1.2425243e+12,0.05898338,8.823017652762138
2018-09-07,家电,2.7037835e+10,1.2425243e+12,0.021760408,6.9323816925287245
2018-09-07,建材,2.1850034e+10,1.2425243e+12,0.017585197,6.27066756638003
2018-09-07,建筑,2.715995e+10,1.2425243e+12,0.021858687,7.035357716525423
2018-09-07,房地产,2.9727273e+10,1.2425243e+12,0.023924902,2.6924461626376095
2018-09-07,有色金属,4.290651e+10,1.2425243e+12,0.034531727,5.807386556496987
2018-09-07,机械,7.3888645e+10,1.2425243e+12,0.05946656,9.312814095625862
2018-09-07,汽车,2.8622344e+10,1.2425243e+12,0.023035642,7.884623328586677
2018-09-07,消费者服务,1.2996193e+10,1.2425243e+12,0.010459509,5.9079300248622895
2018-09-07,煤炭,1.3474707e+10,1.2425243e+12,0.010844623,3.6983485451766422
2018-09-07,电力及公用事业,4.1192645e+10,1.2425243e+12,0.033152387,8.261770372313482
2018-09-07,电力设备及新能源,5.2792254e+10,1.2425243e+12,0.042487904,8.347630330318704
2018-09-07,电子,9.7358225e+10,1.2425243e+12,0.078355186,10.012287281451245
2018-09-07,石油石化,1.629423e+10,1.2425243e+12,0.013113813,6.17419765543106
2018-09-07,纺织服装,8.256995e+09,1.2425243e+12,0.0066453386,5.105006746343665
2018-09-07,综合,2.7569574e+09,1.2425243e+12,0.0022188358,2.507838439482909
2018-09-07,综合金融,1.0418803e+09,1.2425243e+12,0.0008385191,2.6554666293991938
2018-09-07,计算机,1.5179688e+11,1.2425243e+12,0.12216814,13.641067180467482
2018-09-07,轻工制造,1.8347618e+10,1.2425243e+12,0.014766406,9.10963427392291
2018-09-07,通信,7.557676e+10,1.2425243e+12,0.06082518,19.27480510272542
2018-09-07,钢铁,2.343905e+10,1.2425243e+12,0.018864058,4.166647564797175
2018-09-07,银行,3.563686e+10,1.2425243e+12,0.028681016,3.1740423303384047
2018-09-07,非银行金融,4.996964e+10,1.2425243e+12,0.040216226,4.123775491066146
2018-09-07,食品饮料,5.4623523e+10,1.2425243e+12,0.043961734,5.422291044063038
2018-09-14,交通运输,2.4044034e+10,1.1531835e+12,0.020850137,7.27897867097438
2018-09-14,传媒,3.346794e+10,1.1531835e+12,0.029022215,6.953323138646843
2018-09-14,农林牧渔,1.7784267e+10,1.1531835e+12,0.015421888,6.200133730098605
2018-09-14,医药,1.079265e+11,1.1531835e+12,0.09359005,6.2528697618913816
2018-09-14,商贸零售,1.8370765e+10,1.1531835e+12,0.015930478,5.328214130971743
2018-09-14,国防军工,4.768338e+10,1.1531835e+12,0.04134934,19.320541810633532
2018-09-14,基础化工,7.31784e+10,1.1531835e+12,0.06345772,8.567679742653224
2018-09-14,家电,1.8813475e+10,1.1531835e+12,0.01631438,6.854594924052557
2018-09-14,建材,2.2798356e+10,1.1531835e+12,0.01976993,5.285871827266585
2018-09-14,建筑,2.9115935e+10,1.1531835e+12,0.02524831,8.56280084416784
2018-09-14,房地产,2.5606052e+10,1.1531835e+12,0.022204664,2.4273105822503567
2018-09-14,有色金属,4.409074e+10,1.1531835e+12,0.038233932,5.445977864930263
2018-09-14,机械,7.062774e+10,1.1531835e+12,0.061245877,9.166969000424345
2018-09-14,汽车,2.9762875e+10,1.1531835e+12,0.025809314,8.703302529725162
2018-09-14,消费者服务,1.1170676e+10,1.1531835e+12,0.009686816,5.332653942108155
2018-09-14,煤炭,1.2567401e+10,1.1531835e+12,0.010898006,3.770622901405607
2018-09-14,电力及公用事业,4.9453396e+10,1.1531835e+12,0.042884238,10.616158024304443
2018-09-14,电力设备及新能源,5.764554e+10,1.1531835e+12,0.049988177,9.329440432267452
2018-09-14,电子,8.9099715e+10,1.1531835e+12,0.07726412,8.99564795963692
2018-09-14,石油石化,2.2586483e+10,1.1531835e+12,0.0195862,11.029134783980458
2018-09-14,纺织服装,7.231154e+09,1.1531835e+12,0.0062706014,4.87575003102019
2018-09-14,综合,2.802517e+09,1.1531835e+12,0.0024302437,2.474823098916274
2018-09-14,综合金融,8.563687e+08,1.1531835e+12,0.0007426127,1.985299997859531
2018-09-14,计算机,1.03201284e+11,1.1531835e+12,0.08949251,10.093788083364714
2018-09-14,轻工制造,1.6672407e+10,1.1531835e+12,0.014457722,9.4046706368818
2018-09-14,通信,5.958303e+10,1.1531835e+12,0.051668297,15.727519421553126
2018-09-14,钢铁,2.5667054e+10,1.1531835e+12,0.022257563,4.796202404158456
2018-09-14,银行,2.9519317e+10,1.1531835e+12,0.025598109,2.7728153839707375
2018-09-14,非银行金融,4.9559253e+10,1.1531835e+12,0.042976033,4.60719123678772
2018-09-14,食品饮料,5.2219896e+10,1.1531835e+12,0.045283247,5.612848911351628
2018-09-21,交通运输,3.4500178e+10,1.29444e+12,0.026652591,7.93302618487946
2018-09-21,传媒,3.1606946e+10,1.29444e+12,0.024417467,6.435890883946222
2018-09-21,农林牧渔,1.8210777e+10,1.29444e+12,0.01406846,6.611200001835823
2018-09-21,医药,9.79696e+10,1.29444e+12,0.075684935,5.740456022142954
2018-09-21,商贸零售,2.1594907e+10,1.29444e+12,0.016682819,5.964078309095425
2018-09-21,国防军工,3.8983512e+10,1.29444e+12,0.030116122,17.234603061604854
2018-09-21,基础化工,7.526874e+10,1.29444e+12,0.05814773,8.717343772501255
2018-09-21,家电,2.7260125e+10,1.29444e+12,0.021059398,6.950158344705899
2018-09-21,建材,2.7802743e+10,1.29444e+12,0.021478588,7.755833821397432
2018-09-21,建筑,4.7833027e+10,1.29444e+12,0.03695268,11.743620654118471
2018-09-21,房地产,4.2041197e+10,1.29444e+12,0.03247829,3.8200817689872704
2018-09-21,有色金属,5.4742225e+10,1.29444e+12,0.042290278,6.722792427170845
2018-09-21,机械,7.920511e+10,1.29444e+12,0.061188713,10.274654489651228
2018-09-21,汽车,3.3653746e+10,1.29444e+12,0.025998693,8.036042275560366
2018-09-21,消费者服务,1.4987059e+10,1.29444e+12,0.011578026,6.76300400018692
2018-09-21,煤炭,1.383921e+10,1.29444e+12,0.010691273,3.579517194202968
2018-09-21,电力及公用事业,5.0039222e+10,1.29444e+12,0.038657043,9.149751887921198
2018-09-21,电力设备及新能源,6.250868e+10,1.29444e+12,0.048290133,10.113962821867489
2018-09-21,电子,9.638148e+10,1.29444e+12,0.074458055,10.868191906798575
2018-09-21,石油石化,2.2757308e+10,1.29444e+12,0.017580815,9.365725590739139
2018-09-21,纺织服装,8.893743e+09,1.29444e+12,0.0068707266,5.5532229506486175
2018-09-21,综合,4.9802665e+09,1.29444e+12,0.0038474295,4.900726964840522
2018-09-21,综合金融,9.3135834e+08,1.29444e+12,0.0007195068,2.4073888725704617
2018-09-21,计算机,9.524347e+10,1.29444e+12,0.0735789,9.63405964979485
2018-09-21,轻工制造,1.932234e+10,1.29444e+12,0.014927181,9.143471579341327
2018-09-21,通信,5.9192914e+10,1.29444e+12,0.04572859,16.405842838542803
2018-09-21,钢铁,3.5159368e+10,1.29444e+12,0.027161838,6.97680478445476
2018-09-21,银行,4.7904784e+10,1.29444e+12,0.037008118,3.985937065548367
2018-09-21,非银行金融,6.4991085e+10,1.29444e+12,0.05020788,5.375010554727755
2018-09-21,食品饮料,6.6534146e+10,1.29444e+12,0.05139995,6.996230033702321
2018-09-28,交通运输,3.1025414e+10,1.055081e+12,0.029405719,7.054204861515934
2018-09-28,传媒,2.3534957e+10,1.055081e+12,0.022306304,5.100665295912215
2018-09-28,农林牧渔,1.8356404e+10,1.055081e+12,0.0173981,5.670178692787886
2018-09-28,医药,8.800105e+10,1.055081e+12,0.08340692,5.256298268783543
2018-09-28,商贸零售,1.7000586e+10,1.055081e+12,0.016113063,4.746629328183506
2018-09-28,国防军工,2.7162204e+10,1.055081e+12,0.025744189,11.547231338807006
2018-09-28,基础化工,6.4310116e+10,1.055081e+12,0.06095278,8.529174016380953
2018-09-28,家电,1.9268387e+10,1.055081e+12,0.018262472,5.012810005744298
2018-09-28,建材,2.0861823e+10,1.055081e+12,0.019772721,6.522721175156849
2018-09-28,建筑,3.151394e+10,1.055081e+12,0.02986874,7.858751751739403
2018-09-28,房地产,3.2595552e+10,1.055081e+12,0.030893886,2.5414490507772336
2018-09-28,有色金属,4.779978e+10,1.055081e+12,0.04530437,5.397471438703083
2018-09-28,机械,6.542179e+10,1.055081e+12,0.062006418,8.817389115501362
2018-09-28,汽车,2.960317e+10,1.055081e+12,0.028057724,7.50916425032275
2018-09-28,消费者服务,1.1587429e+10,1.055081e+12,0.010982502,5.127626024484634
2018-09-28,煤炭,1.1813384e+10,1.055081e+12,0.011196661,2.9541371379579817
2018-09-28,电力及公用事业,3.4055678e+10,1.055081e+12,0.032277785,5.625840096561997
2018-09-28,电力设备及新能源,4.908534e+10,1.055081e+12,0.04652282,7.206851791214506
2018-09-28,电子,7.139823e+10,1.055081e+12,0.06767085,7.866896502235904
2018-09-28,石油石化,2.0424036e+10,1.055081e+12,0.019357791,6.794665127472822
2018-09-28,纺织服装,7.686631e+09,1.055081e+12,0.0072853467,4.668598639803964
2018-09-28,综合,2.9709248e+09,1.055081e+12,0.0028158263,2.874719202518463
2018-09-28,综合金融,9.701125e+08,1.055081e+12,0.00091946736,2.13051105539004
2018-09-28,计算机,7.204013e+10,1.055081e+12,0.068279244,6.912531838784764
2018-09-28,轻工制造,1.3674956e+10,1.055081e+12,0.012961049,6.351743655731377
2018-09-28,通信,4.3108323e+10,1.055081e+12,0.040857833,10.849576582105792
2018-09-28,钢铁,2.9205404e+10,1.055081e+12,0.027680723,5.01170950617996
2018-09-28,银行,5.7996222e+10,1.055081e+12,0.054968502,10.651100136339664
2018-09-28,非银行金融,5.4795194e+10,1.055081e+12,0.051934585,3.5619578758875527
2018-09-28,食品饮料,5.7755324e+10,1.055081e+12,0.054740183,5.283437818951077
2018-10-12,交通运输,3.92171e+10,1.3700765e+12,0.028624022,8.808150417307049
2018-10-12,传媒,2.811906e+10,1.3700765e+12,0.020523716,6.954877679998225
2018-10-12,农林牧渔,2.1869697e+10,1.3700765e+12,0.015962392,7.364980039186776
2018-10-12,医药,1.0995746e+11,1.3700765e+12,0.08025644,7.331283182725055
2018-10-12,商贸零售,2.1116226e+10,1.3700765e+12,0.015412443,6.149002269558284
2018-10-12,国防军工,2.9957644e+10,1.3700765e+12,0.021865673,13.137474595610776
2018-10-12,基础化工,9.405096e+10,1.3700765e+12,0.068646505,14.128039112195422
2018-10-12,家电,2.3932107e+10,1.3700765e+12,0.017467717,6.664383260409037
2018-10-12,建材,2.961844e+10,1.3700765e+12,0.021618092,7.926215477392707
2018-10-12,建筑,4.212838e+10,1.3700765e+12,0.030748926,9.959534477570962
2018-10-12,房地产,3.5421647e+10,1.3700765e+12,0.025853774,3.738653852389409
2018-10-12,有色金属,7.596326e+10,1.3700765e+12,0.055444542,8.449266686467897
2018-10-12,机械,8.125589e+10,1.3700765e+12,0.05930756,11.965676117474866
2018-10-12,汽车,4.0167342e+10,1.3700765e+12,0.029317591,10.544898087424892
2018-10-12,消费者服务,1.2419784e+10,1.3700765e+12,0.009065029,5.477405940890312
2018-10-12,煤炭,2.2914963e+10,1.3700765e+12,0.016725317,5.989460005078997
2018-10-12,电力及公用事业,5.465664e+10,1.3700765e+12,0.03989313,10.052671683101375
2018-10-12,电力设备及新能源,5.9301122e+10,1.3700765e+12,0.043283075,9.476328915822396
2018-10-12,电子,9.606421e+10,1.3700765e+12,0.070115946,10.801343538125511
2018-10-12,石油石化,3.3139857e+10,1.3700765e+12,0.024188327,13.174334783193677
2018-10-12,纺织服装,1.0580665e+10,1.3700765e+12,0.0077226823,6.757447193603258
2018-10-12,综合,3.7961428e+09,1.3700765e+12,0.0027707524,4.1738808155059814
2018-10-12,综合金融,1.7785747e+09,1.3700765e+12,0.0012981573,4.940144419670105
2018-10-12,计算机,8.602931e+10,1.3700765e+12,0.062791616,9.131348744850253
2018-10-12,轻工制造,2.0296188e+10,1.3700765e+12,0.014813908,12.284864182611114
2018-10-12,通信,4.5609394e+10,1.3700765e+12,0.03328967,12.374739785583651
2018-10-12,钢铁,3.782551e+10,1.3700765e+12,0.027608322,6.440978545429451
2018-10-12,银行,6.1451493e+10,1.3700765e+12,0.0448526,9.442753487399646
2018-10-12,非银行金融,6.976042e+10,1.3700765e+12,0.05091717,4.56895441339727
2018-10-12,食品饮料,8.161203e+10,1.3700765e+12,0.0595675,6.102095566193262
2018-10-19,交通运输,2.9395012e+10,1.2079751e+12,0.02433412,6.603294180579556
2018-10-19,传媒,2.3694348e+10,1.2079751e+12,0.01961493,5.802707435670963
2018-10-19,农林牧渔,1.759307e+10,1.2079751e+12,0.014564099,6.3355274822562935
2018-10-19,医药,1.0971462e+11,1.2079751e+12,0.09082523,6.780004467866192
2018-10-19,商贸零售,1.7704483e+10,1.2079751e+12,0.01465633,5.205921725086544
2018-10-19,国防军工,2.574813e+10,1.2079751e+12,0.021315115,12.200747817309935
2018-10-19,基础化工,7.816642e+10,1.2079751e+12,0.06470863,13.336158528723299
2018-10-19,家电,2.2196056e+10,1.2079751e+12,0.018374596,9.43654834528764
2018-10-19,建材,2.453568e+10,1.2079751e+12,0.02031141,6.9093830518319574
2018-10-19,建筑,3.3115105e+10,1.2079751e+12,0.027413731,9.75888446744146
2018-10-19,房地产,2.9594038e+10,1.2079751e+12,0.02449888,3.486150028327337
2018-10-19,有色金属,5.4731047e+10,1.2079751e+12,0.04530809,8.19473909082867
2018-10-19,机械,7.232049e+10,1.2079751e+12,0.05986919,12.133778651998302
2018-10-19,汽车,3.4518675e+10,1.2079751e+12,0.02857565,9.474207735253918
2018-10-19,消费者服务,1.3247118e+10,1.2079751e+12,0.010966383,4.889403980970383
2018-10-19,煤炭,1.6780833e+10,1.2079751e+12,0.013891703,4.627577189036778
2018-10-19,电力及公用事业,4.6195032e+10,1.2079751e+12,0.038241707,9.019029689975726
2018-10-19,电力设备及新能源,5.22882e+10,1.2079751e+12,0.043285824,9.837269766341656
2018-10-19,电子,9.663653e+10,1.2079751e+12,0.07999877,13.865135982632637
2018-10-19,石油石化,2.65079e+10,1.2079751e+12,0.021944078,9.088083697612895
2018-10-19,纺织服装,7.969455e+09,1.2079751e+12,0.0065973666,5.537527046493582
2018-10-19,综合,4.235045e+09,1.2079751e+12,0.0035059042,6.3990115110690775
2018-10-19,综合金融,1.5521883e+09,1.2079751e+12,0.0012849505,5.425333360830943
2018-10-19,计算机,9.422684e+10,1.2079751e+12,0.07800396,10.753966711943422
2018-10-19,轻工制造,2.0159027e+10,1.2079751e+12,0.01668828,15.033834837304736
2018-10-19,通信,4.2915283e+10,1.2079751e+12,0.035526626,14.130283629407687
2018-10-19,钢铁,3.027477e+10,1.2079751e+12,0.025062412,5.062595216646081
2018-10-19,银行,5.3955953e+10,1.2079751e+12,0.044666443,6.46741425458874
2018-10-19,非银行金融,6.7686375e+10,1.2079751e+12,0.056032922,4.573475901165913
2018-10-19,食品饮料,6.0269683e+10,1.2079751e+12,0.04989315,5.232696698109309
2018-10-26,交通运输,3.5267965e+10,1.5903767e+12,0.022175856,7.767904930901759
2018-10-26,传媒,2.8990392e+10,1.5903767e+12,0.018228633,7.13757189788109
2018-10-26,农林牧渔,1.9360166e+10,1.5903767e+12,0.012173321,7.118948686867952
2018-10-26,医药,1.5153537e+11,1.5903767e+12,0.09528269,8.342090471307571
2018-10-26,商贸零售,2.621003e+10,1.5903767e+12,0.016480392,9.045242443032887
2018-10-26,国防军工,2.7386149e+10,1.5903767e+12,0.017219914,12.890532869011608
2018-10-26,基础化工,8.533719e+10,1.5903767e+12,0.053658474,12.751742057928734
2018-10-26,家电,2.6972447e+10,1.5903767e+12,0.016959785,10.462541661659877
2018-10-26,建材,2.9819998e+10,1.5903767e+12,0.018750275,9.188676075196602
2018-10-26,建筑,3.7236077e+10,1.5903767e+12,0.02341337,10.58054479494177
2018-10-26,房地产,4.6489866e+10,1.5903767e+12,0.029231984,5.457627872434946
2018-10-26,有色金属,6.7222405e+10,1.5903767e+12,0.042268228,11.487408452942258
2018-10-26,机械,8.085493e+10,1.5903767e+12,0.050840117,12.462213686886866
2018-10-26,汽车,4.141591e+10,1.5903767e+12,0.026041573,11.515372928880875
2018-10-26,消费者服务,1.4069415e+10,1.5903767e+12,0.008846593,5.723645992279053
2018-10-26,煤炭,2.0592855e+10,1.5903767e+12,0.012948413,5.484551425491061
2018-10-26,电力及公用事业,4.796047e+10,1.5903767e+12,0.030156674,8.915257430370943
2018-10-26,电力设备及新能源,6.333755e+10,1.5903767e+12,0.039825503,11.638967905296099
2018-10-26,电子,1.12972505e+11,1.5903767e+12,0.071035065,14.57115199610591
2018-10-26,石油石化,2.4657457e+10,1.5903767e+12,0.015504162,8.339967495826787
2018-10-26,纺织服装,1.3188788e+10,1.5903767e+12,0.008292871,8.241885093418327
2018-10-26,综合,4.939573e+09,1.5903767e+12,0.003105914,7.979911503883509
2018-10-26,综合金融,2.2962143e+09,1.5903767e+12,0.0014438179,7.337777879503038
2018-10-26,计算机,1.0860903e+11,1.5903767e+12,0.06829139,12.353661152260814
2018-10-26,轻工制造,2.3933968e+10,1.5903767e+12,0.015049245,16.112826202390263
2018-10-26,通信,5.3627683e+10,1.5903767e+12,0.033720113,17.083722579235932
2018-10-26,钢铁,3.6542476e+10,1.5903767e+12,0.022977246,6.513335677839461
2018-10-26,银行,8.324486e+10,1.5903767e+12,0.05234286,14.971431983368737
2018-10-26,非银行金融,1.8216662e+11,1.5903767e+12,0.114543065,16.11020310399896
2018-10-26,食品饮料,9.406484e+10,1.5903767e+12,0.059146263,7.025092228915956
2018-11-02,交通运输,3.9324185e+10,1.6537585e+12,0.023778675,3.8554257321921948
2018-11-02,传媒,3.9555314e+10,1.6537585e+12,0.023918435,4.488560757484318
2018-11-02,农林牧渔,1.9215587e+10,1.6537585e+12,0.011619343,3.456419375073165
2018-11-02,医药,1.4202647e+11,1.6537585e+12,0.085881025,4.3286841290243245
2018-11-02,商贸零售,2.6724037e+10,1.6537585e+12,0.016159575,4.131922817586557
2018-11-02,国防军工,2.781965e+10,1.6537585e+12,0.016822075,6.595593266522706
2018-11-02,基础化工,8.4369334e+10,1.6537585e+12,0.051016722,6.20431850559583
2018-11-02,家电,4.2925187e+10,1.6537585e+12,0.02595614,5.544505013711751
2018-11-02,建材,3.369264e+10,1.6537585e+12,0.020373374,4.840280985538389
2018-11-02,建筑,4.2762842e+10,1.6537585e+12,0.025857972,5.831840455981678
2018-11-02,房地产,4.7954506e+10,1.6537585e+12,0.028997285,2.7221673177555203
2018-11-02,有色金属,7.278473e+10,1.6537585e+12,0.044011705,5.56147615753469
2018-11-02,机械,8.21347e+10,1.6537585e+12,0.049665473,6.433829455618646
2018-11-02,汽车,4.9499394e+10,1.6537585e+12,0.029931452,7.385200655364221
2018-11-02,消费者服务,1.3746054e+10,1.6537585e+12,0.008312008,3.2842510029673577
2018-11-02,煤炭,2.0011317e+10,1.6537585e+12,0.0121005075,2.801074291552816
2018-11-02,电力及公用事业,4.6756766e+10,1.6537585e+12,0.028273031,4.322499382309616
2018-11-02,电力设备及新能源,6.3829373e+10,1.6537585e+12,0.038596552,5.306226580924944
2018-11-02,电子,1.1967342e+11,1.6537585e+12,0.07236451,7.950240246355533
2018-11-02,石油石化,2.0379689e+10,1.6537585e+12,0.012323256,3.6990953489791516
2018-11-02,纺织服装,1.4671029e+10,1.6537585e+12,0.008871325,4.591137842552082
2018-11-02,综合,4.85689e+09,1.6537585e+12,0.0029368799,3.6443058332571616
2018-11-02,综合金融,2.913477e+09,1.6537585e+12,0.0017617308,4.3202666027678385
2018-11-02,计算机,1.1396434e+11,1.6537585e+12,0.06891233,6.356365167308803
2018-11-02,轻工制造,2.4150606e+10,1.6537585e+12,0.014603466,7.568991209732966
2018-11-02,通信,6.2057685e+10,1.6537585e+12,0.03752524,9.464415274560452
2018-11-02,钢铁,3.615512e+10,1.6537585e+12,0.021862395,3.0369892851227807
2018-11-02,银行,8.398264e+10,1.6537585e+12,0.050782893,6.701955368210163
2018-11-02,非银行金融,1.7596118e+11,1.6537585e+12,0.10640077,8.21560762948909
2018-11-02,食品饮料,9.979345e+10,1.6537585e+12,0.060343426,3.8193072158429358
2018-11-09,交通运输,3.4442318e+10,1.5422177e+12,0.022332981,8.14755435533894
2018-11-09,传媒,4.6659953e+10,1.5422177e+12,0.030255102,9.49480165578117
2018-11-09,农林牧渔,2.0751954e+10,1.5422177e+12,0.013455918,7.77668999992311
2018-11-09,医药,1.2451785e+11,1.5422177e+12,0.080739476,8.546409603983875
2018-11-09,商贸零售,2.6903532e+10,1.5422177e+12,0.017444704,9.452614065745603
2018-11-09,国防军工,2.7002896e+10,1.5422177e+12,0.017509134,12.366402876910879
2018-11-09,基础化工,8.760935e+10,1.5422177e+12,0.056807384,13.176040082467525
2018-11-09,家电,3.2900305e+10,1.5422177e+12,0.021333113,12.248574884732564
2018-11-09,建材,2.5758867e+10,1.5422177e+12,0.016702484,8.528671852299865
2018-11-09,建筑,3.7675246e+10,1.5422177e+12,0.024429265,10.45328187634205
2018-11-09,房地产,4.785074e+10,1.5422177e+12,0.03102723,6.7592316928964395
2018-11-09,有色金属,7.909441e+10,1.5422177e+12,0.05128615,12.467328436034066
2018-11-09,机械,8.837639e+10,1.5422177e+12,0.057304747,13.539734889495941
2018-11-09,汽车,4.3616084e+10,1.5422177e+12,0.028281406,13.031464604793056
2018-11-09,消费者服务,1.735857e+10,1.5422177e+12,0.01125559,9.252629910707475
2018-11-09,煤炭,1.5029687e+10,1.5422177e+12,0.009745503,4.753497133084706
2018-11-09,电力及公用事业,6.1498864e+10,1.5422177e+12,0.039876904,10.712638336567231
2018-11-09,电力设备及新能源,8.300546e+10,1.5422177e+12,0.05382214,12.162909682464162
2018-11-09,电子,1.1335536e+11,1.5422177e+12,0.07350153,16.741549927592278
2018-11-09,石油石化,2.0247245e+10,1.5422177e+12,0.013128656,9.348962927973547
2018-11-09,纺织服装,1.8699928e+10,1.5422177e+12,0.012125349,11.720989129833272
2018-11-09,综合,1.1150693e+10,1.5422177e+12,0.007230298,13.462030878433815
2018-11-09,综合金融,4.2477924e+09,1.5422177e+12,0.0027543404,10.848888900544909
2018-11-09,计算机,1.04597905e+11,1.5422177e+12,0.06782305,13.32885249327905
2018-11-09,轻工制造,2.8583674e+10,1.5422177e+12,0.018534137,17.110857266824222
2018-11-09,通信,7.459036e+10,1.5422177e+12,0.048365653,22.136105025301173
2018-11-09,钢铁,2.7146318e+10,1.5422177e+12,0.01760213,5.189130959056673
2018-11-09,银行,5.9443716e+10,1.5422177e+12,0.038544312,7.996767829571452
2018-11-09,非银行金融,1.2351088e+11,1.5422177e+12,0.080086544,16.67304078982038
2018-11-09,食品饮料,5.6504345e+10,1.5422177e+12,0.03663837,6.650305561224619
2018-11-16,交通运输,4.652588e+10,1.972867e+12,0.023582876,10.326669947036262
2018-11-16,传媒,7.6235145e+10,1.972867e+12,0.038641807,14.437758630957486
2018-11-16,农林牧渔,2.9668553e+10,1.972867e+12,0.015038293,10.272933783009648
2018-11-16,医药,1.5274846e+11,1.972867e+12,0.07742461,10.845154247593147
2018-11-16,商贸零售,3.5520926e+10,1.972867e+12,0.018004723,12.38032714439475
2018-11-16,国防军工,3.4082329e+10,1.972867e+12,0.017275533,15.603435881102262
2018-11-16,基础化工,1.1791191e+11,1.972867e+12,0.05976678,17.19997913026649
2018-11-16,家电,3.737809e+10,1.972867e+12,0.018946076,16.126433139046032
2018-11-16,建材,3.2546515e+10,1.972867e+12,0.016497064,12.644101384659889
2018-11-16,建筑,5.0792554e+10,1.972867e+12,0.025745554,14.21223615829287
2018-11-16,房地产,6.6950062e+10,1.972867e+12,0.033935416,9.811344158477509
2018-11-16,有色金属,7.509028e+10,1.972867e+12,0.0380615,12.40413423492795
2018-11-16,机械,1.1258135e+11,1.972867e+12,0.057064846,17.15543428091776
2018-11-16,汽车,6.003061e+10,1.972867e+12,0.030428108,17.62782912485061
2018-11-16,消费者服务,2.1017762e+10,1.972867e+12,0.01065341,12.72729983329773
2018-11-16,煤炭,1.8599797e+10,1.972867e+12,0.009427801,6.194282766750881
2018-11-16,电力及公用事业,8.000845e+10,1.972867e+12,0.040554404,13.25941115985682
2018-11-16,电力设备及新能源,1.0161152e+11,1.972867e+12,0.051504496,15.584381214522441
2018-11-16,电子,1.5018695e+11,1.972867e+12,0.07612624,21.342260497808457
2018-11-16,石油石化,2.7447996e+10,1.972867e+12,0.013912745,11.789930276399435
2018-11-16,纺织服装,2.8785807e+10,1.972867e+12,0.01459085,16.696985186757267
2018-11-16,综合,2.257911e+10,1.972867e+12,0.011444821,23.193384784918564
2018-11-16,综合金融,5.557935e+09,1.972867e+12,0.0028171868,12.990355677074856
2018-11-16,计算机,1.437455e+11,1.972867e+12,0.07286122,17.01837434328281
2018-11-16,轻工制造,4.7095075e+10,1.972867e+12,0.023871388,25.948000963451793
2018-11-16,通信,8.942788e+10,1.972867e+12,0.045328893,25.582713095076155
2018-11-16,钢铁,3.3074723e+10,1.972867e+12,0.016764801,6.459954690321216
2018-11-16,银行,5.3878227e+10,1.972867e+12,0.02730961,8.684078502867903
2018-11-16,非银行金融,1.6192602e+11,1.972867e+12,0.0820765,18.475220008194448
2018-11-16,食品饮料,5.970052e+10,1.972867e+12,0.030260792,8.556533375051286
2018-11-23,交通运输,4.3999437e+10,1.7759403e+12,0.02477529,10.865723235514558
2018-11-23,传媒,6.2312067e+10,1.7759403e+12,0.035086803,11.456032275537813
2018-11-23,农林牧渔,2.6233706e+10,1.7759403e+12,0.014771728,9.279268775135279
2018-11-23,医药,1.4174313e+11,1.7759403e+12,0.079813,9.291711565475822
2018-11-23,商贸零售,3.3145586e+10,1.7759403e+12,0.018663682,10.127458714920541
2018-11-23,国防军工,3.660266e+10,1.7759403e+12,0.020610299,14.443614970392256
2018-11-23,基础化工,1.0245261e+11,1.7759403e+12,0.05768922,13.93977913732079
2018-11-23,家电,2.9415793e+10,1.7759403e+12,0.016563503,11.213450042406718
2018-11-23,建材,3.7951164e+10,1.7759403e+12,0.021369617,11.962252093033053
2018-11-23,建筑,4.922123e+10,1.7759403e+12,0.02771559,13.386700773033603
2018-11-23,房地产,8.9025356e+10,1.7759403e+12,0.050128575,10.3571172740597
2018-11-23,有色金属,6.7386565e+10,1.7759403e+12,0.03794416,10.319670384270804
2018-11-23,机械,1.1174307e+11,1.7759403e+12,0.06292051,15.679338410733239
2018-11-23,汽车,5.814438e+10,1.7759403e+12,0.032740053,14.906458012519344
2018-11-23,消费者服务,1.7287e+10,1.7759403e+12,0.009733998,10.640593762397765
2018-11-23,煤炭,1.3729594e+10,1.7759403e+12,0.0077308873,4.462819974763053
2018-11-23,电力及公用事业,7.316165e+10,1.7759403e+12,0.041196007,10.659612938945676
2018-11-23,电力设备及新能源,8.4309705e+10,1.7759403e+12,0.047473278,13.435669246069882
2018-11-23,电子,1.1976159e+11,1.7759403e+12,0.0674356,16.040398459006102
2018-11-23,石油石化,2.3260641e+10,1.7759403e+12,0.0130976485,10.311569753774377
2018-11-23,纺织服装,2.1067837e+10,1.7759403e+12,0.01186292,12.364808112382889
2018-11-23,综合,2.1086726e+10,1.7759403e+12,0.011873556,22.126092365154854
2018-11-23,综合金融,6.140672e+09,1.7759403e+12,0.0034577018,12.513188680013021
2018-11-23,计算机,1.24818104e+11,1.7759403e+12,0.070282824,15.938539153278464
2018-11-23,轻工制造,4.053567e+10,1.7759403e+12,0.022824906,20.253974686259205
2018-11-23,通信,6.8151337e+10,1.7759403e+12,0.038374793,19.7695202418048
2018-11-23,钢铁,3.3021495e+10,1.7759403e+12,0.01859381,6.288566631930215
2018-11-23,银行,4.5067915e+10,1.7759403e+12,0.025376933,9.098789422107595
2018-11-23,非银行金融,1.5059185e+11,1.7759403e+12,0.08479556,19.328298421700797
2018-11-23,食品饮料,4.4427194e+10,1.7759403e+12,0.025016153,7.049665489792824
2018-11-30,交通运输,2.9711917e+10,1.3090555e+12,0.022697218,6.950538842640455
2018-11-30,传媒,6.1282415e+10,1.3090555e+12,0.046814222,12.605544652820619
2018-11-30,农林牧渔,2.315646e+10,1.3090555e+12,0.01768944,8.113798801228404
2018-11-30,医药,1.0553253e+11,1.3090555e+12,0.08061731,6.757311588464743
2018-11-30,商贸零售,2.0590748e+10,1.3090555e+12,0.015729468,6.361475029717321
2018-11-30,国防军工,2.4234002e+10,1.3090555e+12,0.018512586,10.1727149744532
2018-11-30,基础化工,8.231941e+10,1.3090555e+12,0.062884584,11.01211480861561
2018-11-30,家电,2.3711169e+10,1.3090555e+12,0.018113188,8.557461672027905
2018-11-30,建材,2.4039633e+10,1.3090555e+12,0.018364105,8.902292961805639
2018-11-30,建筑,3.2529893e+10,1.3090555e+12,0.024849895,9.162012025331839
2018-11-30,房地产,4.912661e+10,1.3090555e+12,0.037528284,6.247901936419881
2018-11-30,有色金属,4.981965e+10,1.3090555e+12,0.038057704,7.462058093434289
2018-11-30,机械,8.61244e+10,1.3090555e+12,0.06579125,12.098901851790185
2018-11-30,汽车,3.931457e+10,1.3090555e+12,0.030032776,10.067981252362651
2018-11-30,消费者服务,1.2627385e+10,1.3090555e+12,0.00964618,7.437574099302292
2018-11-30,煤炭,8.748583e+09,1.3090555e+12,0.006683126,3.0516885608434676
2018-11-30,电力及公用事业,4.592254e+10,1.3090555e+12,0.035080668,6.610243827288533
2018-11-30,电力设备及新能源,6.888706e+10,1.3090555e+12,0.052623484,10.266869779163544
2018-11-30,电子,9.271004e+10,1.3090555e+12,0.07082209,12.752862213670614
2018-11-30,石油石化,1.5921621e+10,1.3090555e+12,0.012162678,7.2951651766549706
2018-11-30,纺织服装,1.3575673e+10,1.3090555e+12,0.010370586,8.445425721439156
2018-11-30,综合,1.3237392e+10,1.3090555e+12,0.01011217,16.522719211303272
2018-11-30,综合金融,3.1987968e+09,1.3090555e+12,0.0024435914,7.487688766585456
2018-11-30,计算机,9.106724e+10,1.3090555e+12,0.06956713,12.777409419786222
2018-11-30,轻工制造,2.5641077e+10,1.3090555e+12,0.019587463,13.225095146778719
2018-11-30,通信,7.699317e+10,1.3090555e+12,0.058815815,25.12311934160464
2018-11-30,钢铁,2.2490112e+10,1.3090555e+12,0.017180411,4.229123803831282
2018-11-30,银行,3.121207e+10,1.3090555e+12,0.023843199,4.5507786093013625
2018-11-30,非银行金融,9.526912e+10,1.3090555e+12,0.07277699,12.776206739991903
2018-11-30,食品饮料,3.9971496e+10,1.3090555e+12,0.030534606,5.014361134502622
2018-12-07,交通运输,3.3494854e+10,1.5603802e+12,0.021465829,6.6126008890207535
2018-12-07,传媒,6.3035187e+10,1.5603802e+12,0.040397327,12.879166081670887
2018-12-07,农林牧渔,3.2887587e+10,1.5603802e+12,0.02107665,9.77000375688076
2018-12-07,医药,1.6182031e+11,1.5603802e+12,0.1037057,8.849540319815024
2018-12-07,商贸零售,2.4754786e+10,1.5603802e+12,0.015864586,7.356138050556183
2018-12-07,国防军工,2.6469075e+10,1.5603802e+12,0.016963221,10.146295419379847
2018-12-07,基础化工,9.619508e+10,1.5603802e+12,0.061648488,11.347800694556044
2018-12-07,家电,3.0505781e+10,1.5603802e+12,0.019550223,8.176241668065389
2018-12-07,建材,2.8282507e+10,1.5603802e+12,0.018125394,8.482542273024437
2018-12-07,建筑,4.007755e+10,1.5603802e+12,0.025684478,10.596412840561989
2018-12-07,房地产,5.0751435e+10,1.5603802e+12,0.032525044,5.736397160933568
2018-12-07,有色金属,6.851282e+10,1.5603802e+12,0.043907776,9.69954668340229
2018-12-07,机械,9.1691e+10,1.5603802e+12,0.05876196,12.234306607148625
2018-12-07,汽车,5.2832846e+10,1.5603802e+12,0.03385896,13.136122525699678
2018-12-07,消费者服务,1.3631952e+10,1.5603802e+12,0.008736301,7.113365993499756
2018-12-07,煤炭,1.1455201e+10,1.5603802e+12,0.0073412885,4.120308546509062
2018-12-07,电力及公用事业,5.058795e+10,1.5603802e+12,0.032420274,7.554085715133467
2018-12-07,电力设备及新能源,7.705167e+10,1.5603802e+12,0.04938006,10.71356010942831
2018-12-07,电子,1.1433297e+11,1.5603802e+12,0.073272504,13.646437305753206
2018-12-07,石油石化,1.7921923e+10,1.5603802e+12,0.011485613,8.928197518337605
2018-12-07,纺织服装,1.6739314e+10,1.5603802e+12,0.010727715,10.748517516497019
2018-12-07,综合,1.3454824e+10,1.5603802e+12,0.008622786,16.90294644007316
2018-12-07,综合金融,3.3928978e+09,1.5603802e+12,0.0021744047,7.4190111425187855
2018-12-07,计算机,9.845984e+10,1.5603802e+12,0.0630999,12.922042078901045
2018-12-07,轻工制造,2.9623611e+10,1.5603802e+12,0.018984867,14.667130147369162
2018-12-07,通信,8.532877e+10,1.5603802e+12,0.054684605,25.491897020677122
2018-12-07,钢铁,2.4996637e+10,1.5603802e+12,0.01601958,4.972399991183054
2018-12-07,银行,3.875744e+10,1.5603802e+12,0.02483846,4.421414250241859
2018-12-07,非银行金融,1.0020219e+11,1.5603802e+12,0.064216524,10.47539008061091
2018-12-07,食品饮料,6.304778e+10,1.5603802e+12,0.040405396,7.500895610782835
2018-12-14,交通运输,2.2669079e+10,1.2221355e+12,0.018548744,5.019000929246828
2018-12-14,传媒,5.02226e+10,1.2221355e+12,0.041094135,9.79914378922833
2018-12-14,农林牧渔,2.302114e+10,1.2221355e+12,0.018836815,6.874447502009571
2018-12-14,医药,1.0612074e+11,1.2221355e+12,0.08683222,5.5859788983147975
2018-12-14,商贸零售,1.756874e+10,1.2221355e+12,0.014375443,5.43047285663045
2018-12-14,国防军工,2.2288744e+10,1.2221355e+12,0.018237539,8.418317937139255
2018-12-14,基础化工,7.145095e+10,1.2221355e+12,0.058464017,9.283988259782728
2018-12-14,家电,3.2554269e+10,1.2221355e+12,0.0266372,8.545771648486456
2018-12-14,建材,2.640518e+10,1.2221355e+12,0.021605771,7.884822565065304
2018-12-14,建筑,5.061558e+10,1.2221355e+12,0.041415684,14.190704302910047
2018-12-14,房地产,4.6119305e+10,1.2221355e+12,0.037736654,5.232867297071677
2018-12-14,有色金属,4.888307e+10,1.2221355e+12,0.039998077,7.043912363620032
2018-12-14,机械,7.883886e+10,1.2221355e+12,0.064509094,10.962271326911939
2018-12-14,汽车,4.186199e+10,1.2221355e+12,0.034253146,11.490430961693487
2018-12-14,消费者服务,1.1030988e+10,1.2221355e+12,0.009025994,5.111679978370667
2018-12-14,煤炭,9.433546e+09,1.2221355e+12,0.007718903,3.486180012566703
2018-12-14,电力及公用事业,4.311821e+10,1.2221355e+12,0.03528104,7.005948102032697
2018-12-14,电力设备及新能源,6.5255784e+10,1.2221355e+12,0.053394884,9.747207350550442
2018-12-14,电子,8.6057206e+10,1.2221355e+12,0.07041544,11.594853695889759
2018-12-14,石油石化,1.4630691e+10,1.2221355e+12,0.011971414,6.339318574167962
2018-12-14,纺织服装,1.2832896e+10,1.2221355e+12,0.010500387,8.181651339337632
2018-12-14,综合,8.147569e+09,1.2221355e+12,0.006666666,10.746115322296436
2018-12-14,综合金融,2.2083712e+09,1.2221355e+12,0.0018069773,5.662755608558655
2018-12-14,计算机,6.9365694e+10,1.2221355e+12,0.056757778,9.427586709508802
2018-12-14,轻工制造,2.1006727e+10,1.2221355e+12,0.017188542,11.794297138464104
2018-12-14,通信,7.06519e+10,1.2221355e+12,0.057810206,23.706724292702145
2018-12-14,钢铁,1.9714925e+10,1.2221355e+12,0.016131537,3.996171399241402
2018-12-14,银行,3.1445864e+10,1.2221355e+12,0.02573026,4.02089995305453
2018-12-14,非银行金融,7.4675225e+10,1.2221355e+12,0.061102245,7.454349952936172
2018-12-14,食品饮料,4.3831984e+10,1.2221355e+12,0.035865076,5.72524668375651
2018-12-21,交通运输,2.4757537e+10,1.1058896e+12,0.022386989,5.428164066620243
2018-12-21,传媒,3.9208276e+10,1.1058896e+12,0.03545406,7.567859505818895
2018-12-21,农林牧渔,1.9767878e+10,1.1058896e+12,0.017875092,5.411472491919994
2018-12-21,医药,9.291171e+10,1.1058896e+12,0.084015355,4.865747965669551
2018-12-21,商贸零售,1.4969353e+10,1.1058896e+12,0.013536029,4.735659787188405
2018-12-21,国防军工,2.1970457e+10,1.1058896e+12,0.019866772,8.15666868437582
2018-12-21,基础化工,6.0577907e+10,1.1058896e+12,0.054777537,8.60169165290817
2018-12-21,家电,2.556126e+10,1.1058896e+12,0.023113754,8.701464986801147
2018-12-21,建材,2.0525146e+10,1.1058896e+12,0.01855985,5.708781724244776
2018-12-21,建筑,4.9805705e+10,1.1058896e+12,0.045036778,14.35986325182976
2018-12-21,房地产,4.6676615e+10,1.1058896e+12,0.0422073,5.582612468646123
2018-12-21,有色金属,4.2271015e+10,1.1058896e+12,0.03822354,6.696114356744857
2018-12-21,机械,7.123961e+10,1.1058896e+12,0.06441837,10.213408463572854
2018-12-21,汽车,3.807482e+10,1.1058896e+12,0.034429133,9.484758075398783
2018-12-21,消费者服务,1.0176525e+10,1.1058896e+12,0.009202117,6.25632199883461
2018-12-21,煤炭,8.932216e+09,1.1058896e+12,0.008076951,3.632214289903641
2018-12-21,电力及公用事业,4.024834e+10,1.1058896e+12,0.036394536,6.675259913375348
2018-12-21,电力设备及新能源,6.3511134e+10,1.1058896e+12,0.057429906,10.12301843456172
2018-12-21,电子,7.148496e+10,1.1058896e+12,0.06464023,10.731104549187332
2018-12-21,石油石化,1.3306805e+10,1.1058896e+12,0.012032671,4.317188387346822
2018-12-21,纺织服装,1.1378786e+10,1.1058896e+12,0.010289261,7.349385181794295
2018-12-21,综合,7.4629243e+09,1.1058896e+12,0.0067483447,10.127915403017631
2018-12-21,综合金融,3.093715e+09,1.1058896e+12,0.00279749,6.444655550850762
2018-12-21,计算机,6.045775e+10,1.1058896e+12,0.054668885,8.200336638063487
2018-12-21,轻工制造,2.382365e+10,1.1058896e+12,0.021542521,12.847467071801713
2018-12-21,通信,5.1901972e+10,1.1058896e+12,0.04693233,18.029361653809595
2018-12-21,钢铁,1.4338986e+10,1.1058896e+12,0.012966019,2.8270499890758876
2018-12-21,银行,4.190729e+10,1.1058896e+12,0.03789464,3.477303636925561
2018-12-21,非银行金融,7.420109e+10,1.1058896e+12,0.06709629,7.082135126491388
2018-12-21,食品饮料,4.127489e+10,1.1058896e+12,0.037322793,4.945791088872486
2018-12-28,交通运输,2.1721686e+10,1.1743516e+12,0.018496748,4.961949505779929
2018-12-28,传媒,4.690719e+10,1.1743516e+12,0.039943054,10.090487625973283
2018-12-28,农林牧渔,1.984564e+10,1.1743516e+12,0.016899232,5.669814962893724
2018-12-28,医药,9.2630974e+10,1.1743516e+12,0.078878395,6.4971931531113025
2018-12-28,商贸零售,1.6634656e+10,1.1743516e+12,0.01416497,5.773431500662928
2018-12-28,国防军工,2.502876e+10,1.1743516e+12,0.021312833,11.410761020076809
2018-12-28,基础化工,6.334877e+10,1.1743516e+12,0.05394361,10.032632253314025
2018-12-28,家电,2.119304e+10,1.1743516e+12,0.018046588,8.08088161945343
2018-12-28,建材,1.6796807e+10,1.1743516e+12,0.014303047,5.0167422344986825
2018-12-28,建筑,3.6083155e+10,1.1743516e+12,0.030726023,11.666417154236736
2018-12-28,房地产,4.2394653e+10,1.1743516e+12,0.036100477,5.302681731776549
2018-12-28,有色金属,3.8443917e+10,1.1743516e+12,0.03273629,7.156265622661227
2018-12-28,机械,7.363337e+10,1.1743516e+12,0.06270129,11.652581115563711
2018-12-28,汽车,3.6775485e+10,1.1743516e+12,0.031315565,10.179506452621952
2018-12-28,消费者服务,1.050721e+10,1.1743516e+12,0.008947243,6.256258038878441
2018-12-28,煤炭,8.2120125e+09,1.1743516e+12,0.0069928053,2.8394628294876645
2018-12-28,电力及公用事业,3.6397134e+10,1.1743516e+12,0.030993385,6.308333344297645
2018-12-28,电力设备及新能源,7.33253e+10,1.1743516e+12,0.06243896,13.078870318523824
2018-12-28,电子,8.819873e+10,1.1743516e+12,0.07510419,14.637130603120468
2018-12-28,石油石化,1.5963321e+10,1.1743516e+12,0.013593306,4.436567418103994
2018-12-28,纺织服装,1.4095686e+10,1.1743516e+12,0.012002951,9.84866486610593
2018-12-28,综合,1.0554607e+10,1.1743516e+12,0.008987603,16.588992233459766
2018-12-28,综合金融,2.934786e+09,1.1743516e+12,0.0024990693,6.151577883296543
2018-12-28,计算机,7.681394e+10,1.1743516e+12,0.06540966,11.195513897308029
2018-12-28,轻工制造,2.6029296e+10,1.1743516e+12,0.022164822,14.132486447257904
2018-12-28,通信,9.834527e+10,1.1743516e+12,0.08374431,34.7331677843826
2018-12-28,钢铁,1.4137228e+10,1.1743516e+12,0.012038326,2.709347582289151
2018-12-28,银行,4.000524e+10,1.1743516e+12,0.03406581,3.2522714281720773
2018-12-28,非银行金融,6.839002e+10,1.1743516e+12,0.058236405,7.882025061051051
2018-12-28,食品饮料,3.8940717e+10,1.1743516e+12,0.033159334,4.404314441813363
2019-01-04,交通运输,1.2322735e+10,7.651652e+11,0.016104674,2.4112126161027883
2019-01-04,传媒,2.6857794e+10,7.651652e+11,0.035100646,5.0671991612300396
2019-01-04,农林牧渔,1.6118191e+10,7.651652e+11,0.021064982,3.7013637689873575
2019-01-04,医药,6.1845955e+10,7.651652e+11,0.08082693,3.596096238210088
2019-01-04,商贸零售,1.0218962e+10,7.651652e+11,0.0133552365,3.195713038029878
2019-01-04,国防军工,2.6652383e+10,7.651652e+11,0.034832194,11.004641667230805
2019-01-04,基础化工,3.531334e+10,7.651652e+11,0.046151266,4.801121479612869
2019-01-04,家电,1.3657313e+10,7.651652e+11,0.017848844,4.466663359602292
2019-01-04,建材,1.250462e+10,7.651652e+11,0.01634238,3.240649318191367
2019-01-04,建筑,2.0573518e+10,7.651652e+11,0.026887681,6.065134964182845
2019-01-04,房地产,2.5218007e+10,7.651652e+11,0.0329576,3.006525006145239
2019-01-04,有色金属,2.9043653e+10,7.651652e+11,0.037957363,4.759815252111071
2019-01-04,机械,4.2788106e+10,7.651652e+11,0.05592009,6.086028311237599
2019-01-04,汽车,2.111551e+10,7.651652e+11,0.027596017,5.2411799628888405
2019-01-04,消费者服务,6.600848e+09,7.651652e+11,0.008626697,3.1539959746599195
2019-01-04,煤炭,4.8971643e+09,7.651652e+11,0.00640014,1.4981342962809971
2019-01-04,电力及公用事业,2.1377137e+10,7.651652e+11,0.027937938,3.3781339801204058
2019-01-04,电力设备及新能源,4.683408e+10,7.651652e+11,0.061207805,8.391843791829942
2019-01-04,电子,4.9995284e+10,7.651652e+11,0.06533921,7.8149000218894225
2019-01-04,石油石化,8.5826924e+09,7.651652e+11,0.011216784,2.3039325681883236
2019-01-04,纺织服装,7.8691784e+09,7.651652e+11,0.010284287,5.892067537114427
2019-01-04,综合,6.646977e+09,7.651652e+11,0.008686983,12.859892033613646
2019-01-04,综合金融,1.9569096e+09,7.651652e+11,0.0025574996,4.829822129673428
2019-01-04,计算机,4.9718444e+10,7.651652e+11,0.0649774,6.234713877191638
2019-01-04,轻工制造,1.4241073e+10,7.651652e+11,0.018611763,7.046706804155725
2019-01-04,通信,5.703667e+10,7.651652e+11,0.07454164,19.716906075525767
2019-01-04,钢铁,1.0258251e+10,7.651652e+11,0.013406583,2.4357547951596126
2019-01-04,银行,2.4171278e+10,7.651652e+11,0.03158962,3.0393344888399385
2019-01-04,非银行金融,7.1400686e+10,7.651652e+11,0.09331408,7.951101718346278
2019-01-04,食品饮料,2.9318914e+10,7.651652e+11,0.038317103,2.8046888851457172
2019-01-11,交通运输,2.9435734e+10,1.5541497e+12,0.01894009,6.020002876193478
2019-01-11,传媒,5.5588655e+10,1.5541497e+12,0.03576789,10.664722417996934
2019-01-11,农林牧渔,3.0089077e+10,1.5541497e+12,0.019360475,7.3387350188568234
2019-01-11,医药,9.43682e+10,1.5541497e+12,0.06072015,6.560590148985791
2019-01-11,商贸零售,1.975805e+10,1.5541497e+12,0.012713093,6.127540301369584
2019-01-11,国防军工,4.621228e+10,1.5541497e+12,0.029734768,18.554558111660516
2019-01-11,基础化工,7.258223e+10,1.5541497e+12,0.04670221,10.06446645193852
2019-01-11,家电,3.696381e+10,1.5541497e+12,0.023783946,11.258080011606216
2019-01-11,建材,2.3050775e+10,1.5541497e+12,0.01483176,6.673978902084727
2019-01-11,建筑,4.273171e+10,1.5541497e+12,0.027495233,12.395584617415045
2019-01-11,房地产,3.9189398e+10,1.5541497e+12,0.025215974,4.692529792395922
2019-01-11,有色金属,5.6610546e+10,1.5541497e+12,0.036425415,10.376847660541534
2019-01-11,机械,9.436721e+10,1.5541497e+12,0.060719512,14.03437902897503
2019-01-11,汽车,5.3896094e+10,1.5541497e+12,0.03467883,11.776041682905111
2019-01-11,消费者服务,1.2003306e+10,1.5541497e+12,0.0077233915,6.26675598025322
2019-01-11,煤炭,1.0695897e+10,1.5541497e+12,0.006882154,3.2122057020664214
2019-01-11,电力及公用事业,4.5475004e+10,1.5541497e+12,0.029260376,7.531637060973379
2019-01-11,电力设备及新能源,1.2012861e+11,1.5541497e+12,0.07729539,17.840422720533528
2019-01-11,电子,1.22799235e+11,1.5541497e+12,0.07901378,17.252234671486192
2019-01-11,石油石化,1.5672093e+10,1.5541497e+12,0.01008403,5.03716278543999
2019-01-11,纺织服装,1.5820506e+10,1.5541497e+12,0.010179525,11.35204335402798
2019-01-11,综合,1.0855014e+10,1.5541497e+12,0.006984536,19.94955758406566
2019-01-11,综合金融,3.2907963e+09,1.5541497e+12,0.0021174257,8.208977772129906
2019-01-11,计算机,1.034069e+11,1.5541497e+12,0.066536,12.91371828996309
2019-01-11,轻工制造,2.9568696e+10,1.5541497e+12,0.019025642,14.51299033002946
2019-01-11,通信,1.2622315e+11,1.5541497e+12,0.08121686,36.11779214517035
2019-01-11,钢铁,1.854286e+10,1.5541497e+12,0.011931193,4.21519763980593
2019-01-11,银行,4.33171e+10,1.5541497e+12,0.027871897,10.333937576618688
2019-01-11,非银行金融,1.3283903e+11,1.5541497e+12,0.08547377,15.594729787111282
2019-01-11,食品饮料,4.8094585e+10,1.5541497e+12,0.030945916,4.86612333688471
2019-01-18,交通运输,2.8955236e+10,1.4484752e+12,0.01999015,5.497081859835556
2019-01-18,传媒,5.0097615e+10,1.4484752e+12,0.03458645,9.002877684664135
2019-01-18,农林牧渔,2.449923e+10,1.4484752e+12,0.016913807,6.245506167595769
2019-01-18,医药,9.726324e+10,1.4484752e+12,0.06714871,6.60457890698699
2019-01-18,商贸零售,1.92694e+10,1.4484752e+12,0.013303231,6.173571750197722
2019-01-18,国防军工,2.7652092e+10,1.4484752e+12,0.019090483,11.975017940820154
2019-01-18,基础化工,7.224462e+10,1.4484752e+12,0.04987632,9.950952561703016
2019-01-18,家电,3.4384433e+10,1.4484752e+12,0.023738364,10.227666627367338
2019-01-18,建材,2.4580268e+10,1.4484752e+12,0.016969753,6.7477520830194715
2019-01-18,建筑,4.127103e+10,1.4484752e+12,0.028492741,12.285093156191019
2019-01-18,房地产,4.0786813e+10,1.4484752e+12,0.028158447,4.634558636981708
2019-01-18,有色金属,5.396812e+10,1.4484752e+12,0.037258573,9.76499322539284
2019-01-18,机械,9.1564016e+10,1.4484752e+12,0.06321407,13.35171127767772
2019-01-18,汽车,4.6162186e+10,1.4484752e+12,0.031869505,11.22550886640182
2019-01-18,消费者服务,1.2618965e+10,1.4484752e+12,0.008711896,6.97502204656601
2019-01-18,煤炭,2.4237294e+10,1.4484752e+12,0.01673297,8.289925628049033
2019-01-18,电力及公用事业,4.264711e+10,1.4484752e+12,0.029442761,7.112891249818566
2019-01-18,电力设备及新能源,1.03531315e+11,1.4484752e+12,0.07147607,14.791121505575093
2019-01-18,电子,1.0351668e+11,1.4484752e+12,0.07146596,14.100375201193486
2019-01-18,石油石化,1.2410675e+10,1.4484752e+12,0.008568096,4.421700021901796
2019-01-18,纺织服装,1.4829857e+10,1.4484752e+12,0.0102382535,9.558209480063335
2019-01-18,综合,8.972889e+09,1.4484752e+12,0.0061947135,15.196799975175123
2019-01-18,综合金融,2.7532844e+09,1.4484752e+12,0.0019008156,6.264166719383663
2019-01-18,计算机,9.960959e+10,1.4484752e+12,0.06876858,12.71179849145436
2019-01-18,轻工制造,2.923334e+10,1.4484752e+12,0.020182148,14.021454323553344
2019-01-18,通信,1.0623482e+11,1.4484752e+12,0.07334252,29.2454769013807
2019-01-18,钢铁,2.776161e+10,1.4484752e+12,0.019166093,5.827119012673696
2019-01-18,银行,4.334278e+10,1.4484752e+12,0.029923037,11.158200092116992
2019-01-18,非银行金融,9.969111e+10,1.4484752e+12,0.068824865,11.185085095831605
2019-01-18,食品饮料,6.3821484e+10,1.4484752e+12,0.04406115,6.2794222086668015
2019-01-25,交通运输,3.7113442e+10,1.390881e+12,0.026683405,6.416358516182539
2019-01-25,传媒,4.175711e+10,1.390881e+12,0.030022059,7.941924733071287
2019-01-25,农林牧渔,3.1824613e+10,1.390881e+12,0.022880903,8.990756765927797
2019-01-25,医药,9.269433e+10,1.390881e+12,0.066644326,6.6589380802244555
2019-01-25,商贸零售,1.8697503e+10,1.390881e+12,0.0134429205,5.726721752273
2019-01-25,国防军工,2.5462438e+10,1.390881e+12,0.018306697,10.959476167586311
2019-01-25,基础化工,9.705727e+10,1.390881e+12,0.06978115,12.346697680128857
2019-01-25,家电,3.1018824e+10,1.390881e+12,0.022301566,11.187175062298774
2019-01-25,建材,2.5925595e+10,1.390881e+12,0.018639693,7.388943690649221
2019-01-25,建筑,4.0003023e+10,1.390881e+12,0.028760923,11.056713739521483
2019-01-25,房地产,3.9317516e+10,1.390881e+12,0.028268065,4.155247077632409
2019-01-25,有色金属,5.076175e+10,1.390881e+12,0.03649611,9.333150485583714
2019-01-25,机械,8.207939e+10,1.390881e+12,0.059012517,11.923573069274426
2019-01-25,汽车,4.9355645e+10,1.390881e+12,0.035485167,12.114890857002674
2019-01-25,消费者服务,1.3096311e+10,1.390881e+12,0.009415838,6.080035959482193
2019-01-25,煤炭,1.824835e+10,1.390881e+12,0.013119994,5.708988625662667
2019-01-25,电力及公用事业,3.7311193e+10,1.390881e+12,0.026825583,5.9882469024555185
2019-01-25,电力设备及新能源,9.3277274e+10,1.390881e+12,0.06706344,12.422426923296669
2019-01-25,电子,1.1888392e+11,1.390881e+12,0.08547382,15.37812366934106
2019-01-25,石油石化,1.4979816e+10,1.390881e+12,0.01077002,5.3224372179355735
2019-01-25,纺织服装,1.27974e+10,1.390881e+12,0.009200931,8.829567610412031
2019-01-25,综合,6.4900854e+09,1.390881e+12,0.0046661687,10.809357617910091
2019-01-25,综合金融,1.9598565e+09,1.390881e+12,0.0014090756,4.374677770667606
2019-01-25,计算机,8.2190926e+10,1.390881e+12,0.059092708,9.901505971604054
2019-01-25,轻工制造,2.64554e+10,1.390881e+12,0.019020606,12.771808794401224
2019-01-25,通信,8.7614415e+10,1.390881e+12,0.06299203,22.577194901427838
2019-01-25,钢铁,2.7145107e+10,1.390881e+12,0.019516485,4.742307170515969
2019-01-25,银行,4.5886915e+10,1.390881e+12,0.032991257,10.9493598818779
2019-01-25,非银行金融,8.580677e+10,1.390881e+12,0.061692387,8.981829499123526
2019-01-25,食品饮料,5.5324266e+10,1.390881e+12,0.03977642,6.474772570634281
2019-02-01,交通运输,3.06443e+10,1.3295227e+12,0.0230491,2.682655203806342
2019-02-01,传媒,4.474124e+10,1.3295227e+12,0.03365211,4.447893000431051
2019-02-01,农林牧渔,2.94096e+10,1.3295227e+12,0.02212042,5.008397457868229
2019-02-01,医药,9.313326e+10,1.3295227e+12,0.07005015,3.0066202656944863
2019-02-01,商贸零售,2.6897377e+10,1.3295227e+12,0.020230852,4.467747318408182
2019-02-01,国防军工,2.3157213e+10,1.3295227e+12,0.01741769,4.5320813372286395
2019-02-01,基础化工,7.725715e+10,1.3295227e+12,0.058108933,4.931645445538106
2019-02-01,家电,3.2914844e+10,1.3295227e+12,0.024756888,4.632940791795651
2019-02-01,建材,2.4403354e+10,1.3295227e+12,0.018354973,3.2526697118727252
2019-02-01,建筑,3.0091473e+10,1.3295227e+12,0.02263329,3.953570514598973
2019-02-01,房地产,4.2312217e+10,1.3295227e+12,0.031825118,1.9423658615694597
2019-02-01,有色金属,4.413547e+10,1.3295227e+12,0.033196475,3.573798556696801
2019-02-01,机械,8.316117e+10,1.3295227e+12,0.06254964,6.088278782076668
2019-02-01,汽车,4.3137995e+10,1.3295227e+12,0.032446228,4.932686844243644
2019-02-01,消费者服务,1.3351595e+10,1.3295227e+12,0.010042397,2.90066796079278
2019-02-01,煤炭,1.4153266e+10,1.3295227e+12,0.010645374,2.257817142669644
2019-02-01,电力及公用事业,3.6752007e+10,1.3295227e+12,0.027643008,3.157768829771674
2019-02-01,电力设备及新能源,9.209398e+10,1.3295227e+12,0.06926846,5.721139080094343
2019-02-01,电子,1.0974248e+11,1.3295227e+12,0.08254277,6.638385381558795
2019-02-01,石油石化,1.3925834e+10,1.3295227e+12,0.010474311,2.6540732387193415
2019-02-01,纺织服装,1.1423015e+10,1.3295227e+12,0.008591817,4.280078355323624
2019-02-01,综合,6.3324897e+09,1.3295227e+12,0.0047629797,5.19863455513349
2019-02-01,综合金融,1.9344873e+09,1.3295227e+12,0.0014550239,2.135605533917745
2019-02-01,计算机,8.8351334e+10,1.3295227e+12,0.06645343,5.042265843895107
2019-02-01,轻工制造,2.5399517e+10,1.3295227e+12,0.019104239,5.521184954647589
2019-02-01,通信,6.607905e+10,1.3295227e+12,0.049701337,8.914667645488123
2019-02-01,钢铁,2.3966706e+10,1.3295227e+12,0.01802655,2.276038084356558
2019-02-01,银行,4.9907417e+10,1.3295227e+12,0.037537847,4.08443331408004
2019-02-01,非银行金融,8.858265e+10,1.3295227e+12,0.06662741,5.646523805640515
2019-02-01,食品饮料,6.1214654e+10,1.3295227e+12,0.04604258,2.81692198066266
2019-02-15,交通运输,4.107181e+10,1.9214658e+12,0.021375248,7.249572645240235
2019-02-15,传媒,6.0470813e+10,1.9214658e+12,0.03147119,10.698668592232318
2019-02-15,农林牧渔,4.512109e+10,1.9214658e+12,0.02348264,13.41493821180897
2019-02-15,医药,1.3911405e+11,1.9214658e+12,0.07239996,8.465347277050888
2019-02-15,商贸零售,2.9483772e+10,1.9214658e+12,0.015344417,9.114942980068987
2019-02-15,国防军工,3.1293342e+10,1.9214658e+12,0.016286181,10.87258962019166
2019-02-15,基础化工,1.1348691e+11,1.9214658e+12,0.059062675,12.727147525768217
2019-02-15,家电,3.932345e+10,1.9214658e+12,0.02046534,11.393003422021867
2019-02-15,建材,3.3114292e+10,1.9214658e+12,0.017233869,8.074749419386958
2019-02-15,建筑,4.7530422e+10,1.9214658e+12,0.024736542,11.510354819460812
2019-02-15,房地产,5.460717e+10,1.9214658e+12,0.028419537,5.329886477727157
2019-02-15,有色金属,6.8061778e+10,1.9214658e+12,0.0354218,9.032791442530495
2019-02-15,机械,1.0846388e+11,1.9214658e+12,0.056448508,13.564693972840905
2019-02-15,汽车,5.604432e+10,1.9214658e+12,0.02916748,11.359386511338062
2019-02-15,消费者服务,1.4966518e+10,1.9214658e+12,0.0077891145,6.401378057003021
2019-02-15,煤炭,1.8590183e+10,1.9214658e+12,0.009675001,5.697100011791502
2019-02-15,电力及公用事业,4.9056354e+10,1.9214658e+12,0.025530692,7.694517847932415
2019-02-15,电力设备及新能源,1.2054128e+11,1.9214658e+12,0.06273402,14.960103185535557
2019-02-15,电子,2.2974358e+11,1.9214658e+12,0.11956683,20.08069905506566
2019-02-15,石油石化,1.9731298e+10,1.9214658e+12,0.010268878,5.863132602253626
2019-02-15,纺织服装,1.4332935e+10,1.9214658e+12,0.0074593755,10.967705481761211
2019-02-15,综合,7.5928504e+09,1.9214658e+12,0.003951593,12.475342337901775
2019-02-15,综合金融,2.7179292e+09,1.9214658e+12,0.0014145082,6.026822143130833
2019-02-15,计算机,1.2783691e+11,1.9214658e+12,0.066530935,13.236705935975113
2019-02-15,轻工制造,3.2820392e+10,1.9214658e+12,0.017080914,13.814860211992727
2019-02-15,通信,1.198623e+11,1.9214658e+12,0.062380653,25.340739279082328
2019-02-15,钢铁,3.4632425e+10,1.9214658e+12,0.01802396,6.302638065247309
2019-02-15,银行,5.5976858e+10,1.9214658e+12,0.029132372,9.667689982056618
2019-02-15,非银行金融,1.2515944e+11,1.9214658e+12,0.065137476,14.20255573973304
2019-02-15,食品饮料,8.017644e+10,1.9214658e+12,0.041726705,8.270417592682682
2019-02-22,交通运输,6.1028254e+10,2.7738846e+12,0.022001008,10.325517996864498
2019-02-22,传媒,8.024087e+10,2.7738846e+12,0.028927255,14.377744669756613
2019-02-22,农林牧渔,7.780459e+10,2.7738846e+12,0.028048966,19.871357233059115
2019-02-22,医药,1.77192e+11,2.7738846e+12,0.06387865,10.639431420814347
2019-02-22,商贸零售,3.675764e+10,2.7738846e+12,0.013251322,11.324262299204385
2019-02-22,国防军工,5.846742e+10,2.7738846e+12,0.021077812,18.59304028126731
2019-02-22,基础化工,1.5587385e+11,2.7738846e+12,0.056193344,17.601121947119633
2019-02-22,家电,4.3644867e+10,2.7738846e+12,0.015734205,14.20628498395284
2019-02-22,建材,4.2584015e+10,2.7738846e+12,0.015351761,11.508831000663864
2019-02-22,建筑,6.872622e+10,2.7738846e+12,0.024776164,17.08965208999112
2019-02-22,房地产,8.199734e+10,2.7738846e+12,0.029560473,8.525987504766537
2019-02-22,有色金属,1.03867105e+11,2.7738846e+12,0.03744464,14.061636163507188
2019-02-22,机械,1.5648583e+11,2.7738846e+12,0.056413963,19.70296436411291
2019-02-22,汽车,7.703689e+10,2.7738846e+12,0.027772203,16.42124360646957
2019-02-22,消费者服务,1.858647e+10,2.7738846e+12,0.0067005204,9.449719984531402
2019-02-22,煤炭,2.5233211e+10,2.7738846e+12,0.009096705,7.1053199648857115
2019-02-22,电力及公用事业,6.9304115e+10,2.7738846e+12,0.024984498,10.432217856432185
2019-02-22,电力设备及新能源,1.7106e+11,2.7738846e+12,0.06166803,19.616312309897324
2019-02-22,电子,3.4083845e+11,2.7738846e+12,0.12287406,30.688986704414113
2019-02-22,石油石化,2.2890445e+10,2.7738846e+12,0.008252126,8.418325543750164
2019-02-22,纺织服装,2.1400025e+10,2.7738846e+12,0.0077148215,14.185939199215657
2019-02-22,综合,1.4849407e+10,2.7738846e+12,0.005353289,21.271107857043926
2019-02-22,综合金融,7.5399823e+09,2.7738846e+12,0.0027182032,15.714666816923353
2019-02-22,计算机,1.8875254e+11,2.7738846e+12,0.06804629,20.13876989336297
2019-02-22,轻工制造,5.309407e+10,2.7738846e+12,0.01914069,23.392873828850902
2019-02-22,通信,1.7267297e+11,2.7738846e+12,0.062249515,34.7936009349245
2019-02-22,钢铁,4.063621e+10,2.7738846e+12,0.014649568,7.274880871886299
2019-02-22,银行,6.7290608e+10,2.7738846e+12,0.02425862,14.362480071187019
2019-02-22,非银行金融,2.5693426e+11,2.7738846e+12,0.092626154,25.092587147579817
2019-02-22,食品饮料,8.077284e+10,2.7738846e+12,0.029119035,11.845678024894589
2019-03-01,交通运输,8.9801245e+10,4.19165e+12,0.02142384,6.7960764087806895
2019-03-01,传媒,1.30116125e+11,4.19165e+12,0.031041743,10.421409076649295
2019-03-01,农林牧渔,9.836597e+10,4.19165e+12,0.023467124,11.387245093267865
2019-03-01,医药,2.803898e+11,4.19165e+12,0.06689247,8.10642469050111
2019-03-01,商贸零售,5.9159216e+10,4.19165e+12,0.014113586,7.7419129453038655
2019-03-01,国防军工,8.215318e+10,4.19165e+12,0.019599246,12.514937317638255
2019-03-01,基础化工,2.1746914e+11,4.19165e+12,0.05188151,10.994833652029435
2019-03-01,家电,6.343954e+10,4.19165e+12,0.015134742,9.597072538733482
2019-03-01,建材,7.0287065e+10,4.19165e+12,0.016768353,8.628389440162081
2019-03-01,建筑,1.2008402e+11,4.19165e+12,0.02864839,11.143511852912479
2019-03-01,房地产,1.2433633e+11,4.19165e+12,0.02966286,5.810470651978483
2019-03-01,有色金属,1.6711801e+11,4.19165e+12,0.039869267,9.984793300997643
2019-03-01,机械,2.1919649e+11,4.19165e+12,0.052293606,11.88232836691297
2019-03-01,汽车,1.0749575e+11,4.19165e+12,0.025645211,10.580427211780961
2019-03-01,消费者服务,2.8574108e+10,4.19165e+12,0.0068169115,6.873273037523031
2019-03-01,煤炭,4.3100836e+10,4.19165e+12,0.010282546,5.9598085805773735
2019-03-01,电力及公用事业,1.1794811e+11,4.19165e+12,0.028138826,7.785256459412199
2019-03-01,电力设备及新能源,2.1071795e+11,4.19165e+12,0.05027088,11.087816738435047
2019-03-01,电子,3.602014e+11,4.19165e+12,0.085933074,14.834011133815267
2019-03-01,石油石化,3.9434228e+10,4.19165e+12,0.009407805,6.430901137115651
2019-03-01,纺织服装,3.2776292e+10,4.19165e+12,0.007819424,9.485793944850966
2019-03-01,综合,2.1278431e+10,4.19165e+12,0.0050763856,12.56970584163299
2019-03-01,综合金融,1.443441e+10,4.19165e+12,0.0034436106,12.335883292886946
2019-03-01,计算机,3.0113602e+11,4.19165e+12,0.07184188,13.086419290392707
2019-03-01,轻工制造,7.31001e+10,4.19165e+12,0.017439457,13.91339992710109
2019-03-01,通信,2.2427414e+11,4.19165e+12,0.053504977,19.417716677441742
2019-03-01,钢铁,7.826332e+10,4.19165e+12,0.018671244,6.5422892946572535
2019-03-01,银行,1.7729828e+11,4.19165e+12,0.042297967,18.391857452934882
2019-03-01,非银行金融,5.1087884e+11,4.19165e+12,0.12188013,18.20928600882409
2019-03-01,食品饮料,1.2827211e+11,4.19165e+12,0.030601818,7.757568694405503
2019-03-08,交通运输,1.0705005e+11,5.192514e+12,0.020616228,15.962697983912701
2019-03-08,传媒,1.8879714e+11,5.192514e+12,0.03635949,27.730854617662665
2019-03-08,农林牧渔,1.2199996e+11,5.192514e+12,0.023495356,26.07076605790999
2019-03-08,医药,3.1331385e+11,5.192514e+12,0.060339533,18.432021583254272
2019-03-08,商贸零售,7.361992e+10,5.192514e+12,0.014178089,18.312378525894175
2019-03-08,国防军工,9.583904e+10,5.192514e+12,0.018457158,28.003925665101008
2019-03-08,基础化工,2.660508e+11,5.192514e+12,0.05123738,26.91815524895986
2019-03-08,家电,9.011031e+10,5.192514e+12,0.01735389,25.947036747137705
2019-03-08,建材,8.4308976e+10,5.192514e+12,0.01623664,20.81764640942426
2019-03-08,建筑,1.4713905e+11,5.192514e+12,0.028336767,26.40663743625253
2019-03-08,房地产,1.5466953e+11,5.192514e+12,0.029787024,13.386609660891386
2019-03-08,有色金属,2.0946467e+11,5.192514e+12,0.04033974,24.710866753260294
2019-03-08,机械,2.891553e+11,5.192514e+12,0.055686954,29.159150703673795
2019-03-08,汽车,1.4113322e+11,5.192514e+12,0.027180133,26.33448206537809
2019-03-08,消费者服务,3.36529e+10,5.192514e+12,0.006481042,15.929308166503906
2019-03-08,煤炭,5.3505868e+10,5.192514e+12,0.010304425,13.320771297386715
2019-03-08,电力及公用事业,1.5059942e+11,5.192514e+12,0.02900318,18.580485140467868
2019-03-08,电力设备及新能源,2.506666e+11,5.192514e+12,0.048274614,27.174691004990454
2019-03-08,电子,4.7198362e+11,5.192514e+12,0.09089694,38.96973344492795
2019-03-08,石油石化,4.8943006e+10,5.192514e+12,0.009425687,15.701204728248507
2019-03-08,纺织服装,4.0440127e+10,5.192514e+12,0.00778816,21.661120142485643
2019-03-08,综合,2.9468072e+10,5.192514e+12,0.0056751072,29.05563893684974
2019-03-08,综合金融,1.4180312e+10,5.192514e+12,0.0027309146,24.98883292410109
2019-03-08,计算机,4.7862805e+11,5.192514e+12,0.09217656,36.89607463260688
2019-03-08,轻工制造,8.7090676e+10,5.192514e+12,0.016772354,31.028051297641493
2019-03-08,通信,2.7326682e+11,5.192514e+12,0.052627075,49.95137081242571
2019-03-08,钢铁,8.672127e+10,5.192514e+12,0.016701212,13.821283297879356
2019-03-08,银行,1.7567678e+11,5.192514e+12,0.033832707,35.83884189398058
2019-03-08,非银行金融,5.8511655e+11,5.192514e+12,0.112684645,39.7096982803501
2019-03-08,食品饮料,1.29434e+11,5.192514e+12,0.02492704,16.639420902336038
2019-03-15,交通运输,1.0097285e+11,4.5258983e+12,0.022310013,14.560471662935221
2019-03-15,传媒,2.0304264e+11,4.5258983e+12,0.044862393,26.230869314887308
2019-03-15,农林牧渔,1.3459131e+11,4.5258983e+12,0.029738031,24.60136826590794
2019-03-15,医药,2.9868003e+11,4.5258983e+12,0.06599353,15.785736705116953
2019-03-15,商贸零售,6.242899e+10,4.5258983e+12,0.013793724,15.183289245892597
2019-03-15,国防军工,9.925915e+10,4.5258983e+12,0.021931369,24.421213134849335
2019-03-15,基础化工,2.2593459e+11,4.5258983e+12,0.049920384,21.18838603933652
2019-03-15,家电,7.42626e+10,4.5258983e+12,0.016408367,20.415353333950044
2019-03-15,建材,7.22177e+10,4.5258983e+12,0.015956545,17.192525349872213
2019-03-15,建筑,1.0870679e+11,4.5258983e+12,0.024018832,23.368388040591096
2019-03-15,房地产,1.5544789e+11,4.5258983e+12,0.034346305,12.398041365238337
2019-03-15,有色金属,1.574312e+11,4.5258983e+12,0.034784522,18.533763753800166
2019-03-15,机械,2.5669463e+11,4.5258983e+12,0.056716837,25.687051122062304
2019-03-15,汽车,1.2657724e+11,4.5258983e+12,0.027967319,22.754196166228024
2019-03-15,消费者服务,2.980683e+10,4.5258983e+12,0.0065858373,14.279913930892944
2019-03-15,煤炭,3.5672183e+10,4.5258983e+12,0.00788179,10.265317135197776
2019-03-15,电力及公用事业,1.3108525e+11,4.5258983e+12,0.028963365,15.790188159011764
2019-03-15,电力设备及新能源,2.8985652e+11,4.5258983e+12,0.06404398,28.93946614955885
2019-03-15,电子,4.0201024e+11,4.5258983e+12,0.088824406,32.71839021109595
2019-03-15,石油石化,3.8463144e+10,4.5258983e+12,0.008498455,13.927995277698649
2019-03-15,纺织服装,3.6387975e+10,4.5258983e+12,0.008039946,18.029628242995287
2019-03-15,综合,2.4943888e+10,4.5258983e+12,0.005511367,22.66733846297631
2019-03-15,综合金融,8.826153e+09,4.5258983e+12,0.0019501438,16.508344332377117
2019-03-15,计算机,4.7007606e+11,4.5258983e+12,0.1038636,32.71504959021465
2019-03-15,轻工制造,7.179313e+10,4.5258983e+12,0.015862737,25.91576243722095
2019-03-15,通信,2.3465632e+11,4.5258983e+12,0.051847458,38.9931737341062
2019-03-15,钢铁,5.497567e+10,4.5258983e+12,0.012146908,9.863871398426237
2019-03-15,银行,1.12653615e+11,4.5258983e+12,0.024890885,23.89889369183971
2019-03-15,非银行金融,3.8915205e+11,4.5258983e+12,0.08598338,25.890024716248277
2019-03-15,食品饮料,1.1892877e+11,4.5258983e+12,0.026277384,14.211343956517648
2019-03-22,交通运输,9.517702e+10,3.9276653e+12,0.024232468,13.807477346568737
2019-03-22,传媒,1.645023e+11,3.9276653e+12,0.041882977,19.977241998861643
2019-03-22,农林牧渔,1.0368694e+11,3.9276653e+12,0.026399128,19.612430464203765
2019-03-22,医药,2.9242612e+11,3.9276653e+12,0.074452914,15.183106408073199
2019-03-22,商贸零售,6.3389e+10,3.9276653e+12,0.016139105,13.933688243230185
2019-03-22,国防军工,6.3263076e+10,3.9276653e+12,0.016107043,15.858495642157163
2019-03-22,基础化工,2.0805506e+11,3.9276653e+12,0.052971687,18.977991307179135
2019-03-22,家电,6.5983017e+10,3.9276653e+12,0.016799552,18.38349150220553
2019-03-22,建材,9.024965e+10,3.9276653e+12,0.022977939,18.420370363853348
2019-03-22,建筑,1.2687983e+11,3.9276653e+12,0.032304134,25.368133204468226
2019-03-22,房地产,1.4763513e+11,3.9276653e+12,0.03758852,12.07125483911771
2019-03-22,有色金属,1.4920157e+11,3.9276653e+12,0.037987344,18.6095609324319
2019-03-22,机械,2.305288e+11,3.9276653e+12,0.058693595,22.39447941995484
2019-03-22,汽车,1.0962866e+11,3.9276653e+12,0.027911916,18.615140435405266
2019-03-22,消费者服务,3.439326e+10,3.9276653e+12,0.008756667,15.619981956481933
2019-03-22,煤炭,4.415656e+10,3.9276653e+12,0.011242445,13.448665516717094
2019-03-22,电力及公用事业,1.249496e+11,3.9276653e+12,0.03181269,15.327838858704508
2019-03-22,电力设备及新能源,2.0257263e+11,3.9276653e+12,0.05157584,20.840811134190172
2019-03-22,电子,2.7307876e+11,3.9276653e+12,0.06952699,22.833944389497372
2019-03-22,石油石化,5.2401246e+10,3.9276653e+12,0.013341577,18.78945818543434
2019-03-22,纺织服装,3.7609095e+10,3.9276653e+12,0.009575433,17.40464994552973
2019-03-22,综合,3.5763646e+10,3.9276653e+12,0.009105574,25.507211685180664
2019-03-22,综合金融,8.980423e+09,3.9276653e+12,0.0022864533,15.237588802973429
2019-03-22,计算机,3.3495905e+11,3.9276653e+12,0.085281976,22.26915100187358
2019-03-22,轻工制造,6.8282847e+10,3.9276653e+12,0.0173851,22.50530962817944
2019-03-22,通信,1.5693816e+11,3.9276653e+12,0.03995711,27.0232149711763
2019-03-22,钢铁,6.068193e+10,3.9276653e+12,0.015449873,12.152964265573592
2019-03-22,银行,9.959342e+10,3.9276653e+12,0.025356902,21.866638709460535
2019-03-22,非银行金融,3.3886487e+11,3.9276653e+12,0.08627641,22.88335239105537
2019-03-22,食品饮料,1.4332382e+11,3.9276653e+12,0.036490846,15.701476993141593
2019-03-29,交通运输,9.964718e+10,3.6242184e+12,0.027494805,13.303270830860678
2019-03-29,传媒,1.3285847e+11,3.6242184e+12,0.036658518,17.803559805281825
2019-03-29,农林牧渔,9.15999e+10,3.6242184e+12,0.025274387,19.13213299832693
2019-03-29,医药,2.9433007e+11,3.6242184e+12,0.081212014,15.683233252707744
2019-03-29,商贸零售,5.7185608e+10,3.6242184e+12,0.015778743,13.702184933488088
2019-03-29,国防军工,8.984266e+10,3.6242184e+12,0.024789529,21.883211668799905
2019-03-29,基础化工,2.306225e+11,3.6242184e+12,0.06363372,18.642826143874238
2019-03-29,家电,6.0979528e+10,3.6242184e+12,0.016825566,16.05096680720647
2019-03-29,建材,6.597708e+10,3.6242184e+12,0.018204499,14.74196051879668
2019-03-29,建筑,1.00325605e+11,3.6242184e+12,0.027681997,20.932010944616998
2019-03-29,房地产,1.18412124e+11,3.6242184e+12,0.032672457,9.82698169006751
2019-03-29,有色金属,1.09137986e+11,3.6242184e+12,0.030113524,14.237276980422791
2019-03-29,机械,2.1020934e+11,3.6242184e+12,0.05800129,19.633689445498575
2019-03-29,汽车,9.771246e+10,3.6242184e+12,0.026960976,16.210811563791374
2019-03-29,消费者服务,3.6501647e+10,3.6242184e+12,0.0100715915,16.797109913825988
2019-03-29,煤炭,4.2408284e+10,3.6242184e+12,0.01170136,11.697011504854474
2019-03-29,电力及公用事业,9.3175415e+10,3.6242184e+12,0.025709106,10.696990089835944
2019-03-29,电力设备及新能源,1.663824e+11,3.6242184e+12,0.045908492,17.673579293328363
2019-03-29,电子,2.9055127e+11,3.6242184e+12,0.08016936,23.47266959325027
2019-03-29,石油石化,4.702654e+10,3.6242184e+12,0.012975637,14.955488383769989
2019-03-29,纺织服装,4.5063557e+10,3.6242184e+12,0.012434007,19.455356767048706
2019-03-29,综合,2.9272084e+10,3.6242184e+12,0.008076799,21.523553701547478
2019-03-29,综合金融,6.321572e+09,3.6242184e+12,0.001744258,10.599344465467665
2019-03-29,计算机,3.093061e+11,3.6242184e+12,0.085344225,23.1824791313398
2019-03-29,轻工制造,8.985998e+10,3.6242184e+12,0.024794307,25.066772013902664
2019-03-29,通信,1.5739978e+11,3.6242184e+12,0.043429993,27.686305975673175
2019-03-29,钢铁,4.165538e+10,3.6242184e+12,0.011493618,8.056614322321755
2019-03-29,银行,8.844791e+10,3.6242184e+12,0.024404686,14.460737518034875
2019-03-29,非银行金融,2.8337983e+11,3.6242184e+12,0.0781906,18.353129582815484
2019-03-29,食品饮料,1.3832567e+11,3.6242184e+12,0.038167037,13.628474761496534
2019-04-05,交通运输,,,,15.161529231183934
2019-04-05,传媒,,,,18.15251474644317
2019-04-05,农林牧渔,,,,15.899837791919708
2019-04-05,医药,,,,15.04722826192843
2019-04-05,商贸零售,,,,13.060271962996453
2019-04-05,国防军工,,,,21.00601182615056
2019-04-05,基础化工,,,,20.044375962746813
2019-04-05,家电,,,,14.940045193831127
2019-04-05,建材,,,,15.121959229590187
2019-04-05,建筑,,,,19.206966042518616
2019-04-05,房地产,,,,9.36390773149637
2019-04-05,有色金属,,,,17.36975140344529
2019-04-05,机械,,,,18.5041794606087
2019-04-05,汽车,,,,17.01625902683307
2019-04-05,消费者服务,,,,12.960340027809144
2019-04-05,煤炭,,,,13.467642870971135
2019-04-05,电力及公用事业,,,,10.654354960094263
2019-04-05,电力设备及新能源,,,,17.55192070232855
2019-04-05,电子,,,,20.333661779761314
2019-04-05,石油石化,,,,14.60309519046961
2019-04-05,纺织服装,,,,14.962625770955473
2019-04-05,综合,,,,21.561592413828922
2019-04-05,综合金融,,,,11.88126669989692
2019-04-05,计算机,,,,23.631248606313573
2019-04-05,轻工制造,,,,24.332556647750046
2019-04-05,通信,,,,26.28002218525819
2019-04-05,钢铁,,,,11.003671390669686
2019-04-05,银行,,,,20.207128159701824
2019-04-05,非银行金融,,,,22.305670332224643
2019-04-05,食品饮料,,,,12.155581341339992
2019-04-12,交通运输,1.2549617e+11,4.1318663e+12,0.030372757,16.853279266717298
2019-04-12,传媒,1.2847813e+11,4.1318663e+12,0.031094454,17.521443370912895
2019-04-12,农林牧渔,1.0822294e+11,4.1318663e+12,0.026192266,20.011202371701962
2019-04-12,医药,3.7686827e+11,4.1318663e+12,0.09121018,18.874924546120152
2019-04-12,商贸零售,6.536203e+10,4.1318663e+12,0.01581901,13.746127966911562
2019-04-12,国防军工,7.186471e+10,4.1318663e+12,0.017392797,18.639766226796542
2019-04-12,基础化工,3.607175e+11,4.1318663e+12,0.08730134,24.59809097834546
2019-04-12,家电,8.839484e+10,4.1318663e+12,0.021393443,15.439241758982341
2019-04-12,建材,8.5301174e+10,4.1318663e+12,0.020644708,16.164131006724396
2019-04-12,建筑,1.1826024e+11,4.1318663e+12,0.028621506,18.992927044124926
2019-04-12,房地产,1.3020062e+11,4.1318663e+12,0.031511333,10.153861535283236
2019-04-12,有色金属,1.3678289e+11,4.1318663e+12,0.033104382,16.12956580320994
2019-04-12,机械,2.3159728e+11,4.1318663e+12,0.056051493,20.29487300383339
2019-04-12,汽车,1.5392758e+11,4.1318663e+12,0.037253767,22.174294219041865
2019-04-12,消费者服务,3.2660462e+10,4.1318663e+12,0.0079045305,14.537550058364868
2019-04-12,煤炭,6.791884e+10,4.1318663e+12,0.016437812,16.289625896726335
2019-04-12,电力及公用事业,1.16755825e+11,4.1318663e+12,0.028257407,13.043601231074627
2019-04-12,电力设备及新能源,2.1296824e+11,4.1318663e+12,0.05154287,20.263589167917097
2019-04-12,电子,2.1743532e+11,4.1318663e+12,0.052624,19.321906874688484
2019-04-12,石油石化,6.041185e+10,4.1318663e+12,0.01462096,17.73208127188128
2019-04-12,纺织服装,3.5121897e+10,4.1318663e+12,0.00850025,15.178795936945322
2019-04-12,综合,2.5382064e+10,4.1318663e+12,0.0061430023,19.129819319798397
2019-04-12,综合金融,5.55563e+09,4.1318663e+12,0.0013445813,10.85311116112603
2019-04-12,计算机,2.9065252e+11,4.1318663e+12,0.07034413,21.358561555446663
2019-04-12,轻工制造,9.137751e+10,4.1318663e+12,0.02211531,25.102685667001285
2019-04-12,通信,1.4507867e+11,4.1318663e+12,0.03511214,24.724184667221223
2019-04-12,钢铁,8.668139e+10,4.1318663e+12,0.020978749,12.50874289160683
2019-04-12,银行,1.1068505e+11,4.1318663e+12,0.026788149,15.880815597251058
2019-04-12,非银行金融,2.924319e+11,4.1318663e+12,0.07077477,16.485545895627286
2019-04-12,食品饮料,1.5872601e+11,4.1318663e+12,0.03841509,12.911253279965857
2019-04-19,交通运输,9.646469e+10,3.733912e+12,0.025834752,13.437531104627645
2019-04-19,传媒,1.2680516e+11,3.733912e+12,0.033960406,19.270639886761582
2019-04-19,农林牧渔,1.06717454e+11,3.733912e+12,0.028580602,18.662023167057736
2019-04-19,医药,2.4713716e+11,3.733912e+12,0.066187195,12.7920594535418
2019-04-19,商贸零售,6.025297e+10,3.733912e+12,0.016136687,12.589711758398241
2019-04-19,国防军工,6.5052746e+10,3.733912e+12,0.017422142,16.631397036945117
2019-04-19,基础化工,2.6827568e+11,3.733912e+12,0.07184842,19.015969746206935
2019-04-19,家电,7.837704e+10,3.733912e+12,0.020990597,15.25643997391065
2019-04-19,建材,6.2176027e+10,3.733912e+12,0.016651712,13.94172397465773
2019-04-19,建筑,1.018481e+11,3.733912e+12,0.027276512,16.611732204081648
2019-04-19,房地产,1.0527137e+11,3.733912e+12,0.028193317,8.505919248438799
2019-04-19,有色金属,1.16165935e+11,3.733912e+12,0.031111052,14.390482791264851
2019-04-19,机械,2.1857704e+11,3.733912e+12,0.058538347,18.876727044025316
2019-04-19,汽车,1.7043738e+11,3.733912e+12,0.045645792,23.7348340902573
2019-04-19,消费者服务,2.645334e+10,3.733912e+12,0.007084618,11.858046159744262
2019-04-19,煤炭,7.581446e+10,3.733912e+12,0.020304298,16.70641145365579
2019-04-19,电力及公用事业,1.11694365e+11,3.733912e+12,0.029913496,12.068417230138072
2019-04-19,电力设备及新能源,2.4430921e+11,3.733912e+12,0.06542983,20.719867531780725
2019-04-19,电子,2.3772935e+11,3.733912e+12,0.06366763,20.005333697435834
2019-04-19,石油石化,5.013e+10,3.733912e+12,0.013425598,15.000739596610845
2019-04-19,纺织服装,2.8273801e+10,3.733912e+12,0.0075721657,12.52255274798419
2019-04-19,综合,2.2362042e+10,3.733912e+12,0.0059889043,17.06363065426166
2019-04-19,综合金融,7.727562e+09,3.733912e+12,0.002069562,16.747677829530502
2019-04-19,计算机,2.7331399e+11,3.733912e+12,0.07319776,19.62816897386988
2019-04-19,轻工制造,7.8542225e+10,3.733912e+12,0.021034835,22.190758634645206
2019-04-19,通信,2.2680622e+11,3.733912e+12,0.06074225,35.54975980219215
2019-04-19,钢铁,4.7009645e+10,3.733912e+12,0.0125899175,7.617588046051207
2019-04-19,银行,1.3621243e+11,3.733912e+12,0.03647982,14.356993859633803
2019-04-19,非银行金融,2.3409318e+11,3.733912e+12,0.06269381,13.42684264554352
2019-04-19,食品饮料,1.0945831e+11,3.733912e+12,0.029314646,10.095417233244065
2019-04-26,交通运输,8.2198454e+10,3.421529e+12,0.024023896,10.57514342215826
2019-04-26,传媒,1.2278162e+11,3.421529e+12,0.035885017,17.33176097152679
2019-04-26,农林牧渔,1.4212071e+11,3.421529e+12,0.041537195,22.65783413008946
2019-04-26,医药,2.3626582e+11,3.421529e+12,0.0690527,12.232153719703623
2019-04-26,商贸零售,4.2144494e+10,3.421529e+12,0.012317445,9.12005268501979
2019-04-26,国防军工,5.2739187e+10,3.421529e+12,0.015413924,13.638548510916094
2019-04-26,基础化工,2.3314578e+11,3.421529e+12,0.06814082,18.33430957205986
2019-04-26,家电,7.308113e+10,3.421529e+12,0.021359202,13.329001637299855
2019-04-26,建材,5.3009736e+10,3.421529e+12,0.015492996,11.626469027828163
2019-04-26,建筑,8.888046e+10,3.421529e+12,0.025976827,15.708379708104214
2019-04-26,房地产,1.0864415e+11,3.421529e+12,0.0317531,7.702395174365777
2019-04-26,有色金属,1.0336913e+11,3.421529e+12,0.030211385,12.694539026986986
2019-04-26,机械,1.888371e+11,3.421529e+12,0.055190854,16.34145079409222
2019-04-26,汽车,1.2694941e+11,3.421529e+12,0.037103124,16.936687220365574
2019-04-26,消费者服务,2.6545893e+10,3.421529e+12,0.007758489,10.91622400522232
2019-04-26,煤炭,6.7754627e+10,3.421529e+12,0.019802442,17.19315696784428
2019-04-26,电力及公用事业,9.43482e+10,3.421529e+12,0.027574865,10.889133291847912
2019-04-26,电力设备及新能源,2.020382e+11,3.421529e+12,0.0590491,19.055547976991654
2019-04-26,电子,2.4363462e+11,3.421529e+12,0.07120636,18.265255649247003
2019-04-26,石油石化,5.869838e+10,3.421529e+12,0.017155599,19.174581480580706
2019-04-26,纺织服装,2.2134577e+10,3.421529e+12,0.0064692064,10.618368941384393
2019-04-26,综合,2.4176138e+10,3.421529e+12,0.0070658876,19.186372922017025
2019-04-26,综合金融,5.5478676e+09,3.421529e+12,0.0016214587,11.531829950213432
2019-04-26,计算机,2.456087e+11,3.421529e+12,0.07178332,18.117350457053558
2019-04-26,轻工制造,6.6430755e+10,3.421529e+12,0.019415518,19.760045998371563
2019-04-26,通信,2.2080184e+11,3.421529e+12,0.06453309,32.747945525429465
2019-04-26,钢铁,3.8873965e+10,3.421529e+12,0.011361578,6.531092842419942
2019-04-26,银行,9.087868e+10,3.421529e+12,0.02656084,10.054362514987588
2019-04-26,非银行金融,2.3142783e+11,3.421529e+12,0.06763872,14.568257492096699
2019-04-26,食品饮料,1.28194085e+11,3.421529e+12,0.037466902,14.876429073272213
2019-05-03,交通运输,,,,3.7826822531000475
2019-05-03,传媒,,,,6.144828482372005
2019-05-03,农林牧渔,,,,6.737525655002129
2019-05-03,医药,,,,4.242723156966819
2019-05-03,商贸零售,,,,3.357076326365112
2019-05-03,国防军工,,,,4.540654409457655
2019-05-03,基础化工,,,,5.908842476329913
2019-05-03,家电,,,,4.6268466422955195
2019-05-03,建材,,,,3.681973224794361
2019-05-03,建筑,,,,5.497670358015319
2019-05-03,房地产,,,,2.636515397578478
2019-05-03,有色金属,,,,3.5124876070590245
2019-05-03,机械,,,,5.343345494795811
2019-05-03,汽车,,,,5.133546819958167
2019-05-03,消费者服务,,,,3.6716880202293396
2019-05-03,煤炭,,,,4.825334260719163
2019-05-03,电力及公用事业,,,,3.157019122296737
2019-05-03,电力设备及新能源,,,,5.921355618656751
2019-05-03,电子,,,,6.327355135760906
2019-05-03,石油石化,,,,4.718499977228253
2019-05-03,纺织服装,,,,3.6092459744698293
2019-05-03,综合,,,,5.60309609083029
2019-05-03,综合金融,,,,3.6196000397205355
2019-05-03,计算机,,,,7.942114696198819
2019-05-03,轻工制造,,,,7.324005722713012
2019-05-03,通信,,,,11.18642523282706
2019-05-03,钢铁,,,,2.31874285141627
2019-05-03,银行,,,,3.9003656459972262
2019-05-03,非银行金融,,,,5.3704295226785
2019-05-03,食品饮料,,,,5.363219336155923
2019-05-10,交通运输,6.9528805e+10,2.656062e+12,0.026177404,9.79423836179983
2019-05-10,传媒,8.11036e+10,2.656062e+12,0.030535283,13.143260254123346
2019-05-10,农林牧渔,1.2662649e+11,2.656062e+12,0.047674526,25.126120693799926
2019-05-10,医药,2.2149456e+11,2.656062e+12,0.08339209,11.21286880429959
2019-05-10,商贸零售,3.8900548e+10,2.656062e+12,0.014645949,8.418741944015666
2019-05-10,国防军工,4.7517598e+10,2.656062e+12,0.017890245,13.856754460755516
2019-05-10,基础化工,1.664766e+11,2.656062e+12,0.06267798,15.029547070006007
2019-05-10,家电,5.448952e+10,2.656062e+12,0.020515153,9.380683407187462
2019-05-10,建材,3.777045e+10,2.656062e+12,0.014220471,8.448185929110352
2019-05-10,建筑,5.994593e+10,2.656062e+12,0.022569478,12.407068123712259
2019-05-10,房地产,7.181253e+10,2.656062e+12,0.02703722,6.218771160795138
2019-05-10,有色金属,7.250333e+10,2.656062e+12,0.027297305,9.294782820769719
2019-05-10,机械,1.2786694e+11,2.656062e+12,0.04814155,12.626416479315713
2019-05-10,汽车,8.1273676e+10,2.656062e+12,0.030599315,12.706266665305847
2019-05-10,消费者服务,2.0283195e+10,2.656062e+12,0.007636567,7.978780038356781
2019-05-10,煤炭,4.2959974e+10,2.656062e+12,0.016174313,12.129825663566589
2019-05-10,电力及公用事业,6.1109367e+10,2.656062e+12,0.023007508,8.154952460049111
2019-05-10,电力设备及新能源,1.16668785e+11,2.656062e+12,0.043925475,12.580490147827991
2019-05-10,电子,1.7036498e+11,2.656062e+12,0.064141944,15.731556076492842
2019-05-10,石油石化,2.8336855e+10,2.656062e+12,0.010668748,8.885069813839225
2019-05-10,纺织服装,1.9922889e+10,2.656062e+12,0.007500913,9.429501404633394
2019-05-10,综合,2.0257016e+10,2.656062e+12,0.007626711,17.01355365606455
2019-05-10,综合金融,9.305407e+09,2.656062e+12,0.0035034604,25.11694025993347
2019-05-10,计算机,2.0003607e+11,2.656062e+12,0.07531303,17.235127886428554
2019-05-10,轻工制造,4.82649e+10,2.656062e+12,0.018171603,17.091401787904594
2019-05-10,通信,1.3464128e+11,2.656062e+12,0.05069207,23.553580813937717
2019-05-10,钢铁,3.0797763e+10,2.656062e+12,0.011595273,5.778580946581704
2019-05-10,银行,1.0292042e+11,2.656062e+12,0.038749255,14.085896834731102
2019-05-10,非银行金融,2.2330663e+11,2.656062e+12,0.08407433,14.685685113805238
2019-05-10,食品饮料,1.693885e+11,2.656062e+12,0.06377431,16.621810625842276
2019-05-17,交通运输,6.715254e+10,2.4498217e+12,0.027411195,9.64630938189052
2019-05-17,传媒,7.172246e+10,2.4498217e+12,0.029276604,11.89077159738153
2019-05-17,农林牧渔,1.2179048e+11,2.4498217e+12,0.049714018,26.653832838302705
2019-05-17,医药,1.9008807e+11,2.4498217e+12,0.07759261,9.752843661996343
2019-05-17,商贸零售,3.2910668e+10,2.4498217e+12,0.013433903,7.3920204395888955
2019-05-17,国防军工,5.043691e+10,2.4498217e+12,0.020587994,15.306560028876577
2019-05-17,基础化工,1.750313e+11,2.4498217e+12,0.07144655,16.158010150956326
2019-05-17,家电,3.8808252e+10,2.4498217e+12,0.015841257,9.320956649382909
2019-05-17,建材,3.4819244e+10,2.4498217e+12,0.014212971,7.952838054845031
2019-05-17,建筑,5.1422183e+10,2.4498217e+12,0.020990174,11.691350323312422
2019-05-17,房地产,5.963145e+10,2.4498217e+12,0.024341138,5.164700018671843
2019-05-17,有色金属,8.6028255e+10,2.4498217e+12,0.03511613,10.886965689204988
2019-05-17,机械,1.2075884e+11,2.4498217e+12,0.04929291,12.706510926718297
2019-05-17,汽车,7.453857e+10,2.4498217e+12,0.030426122,13.385239045589397
2019-05-17,消费者服务,1.6566873e+10,2.4498217e+12,0.0067624813,7.041723992824554
2019-05-17,煤炭,4.0609722e+10,2.4498217e+12,0.016576603,11.090468571015768
2019-05-17,电力及公用事业,5.2699304e+10,2.4498217e+12,0.021511486,7.433192616075646
2019-05-17,电力设备及新能源,1.1690024e+11,2.4498217e+12,0.047717858,13.201827653816768
2019-05-17,电子,1.876547e+11,2.4498217e+12,0.07659933,15.393842913501146
2019-05-17,石油石化,2.8920783e+10,2.4498217e+12,0.011805261,10.407504686782527
2019-05-17,纺织服装,2.0885375e+10,2.4498217e+12,0.0085252635,9.676335228456033
2019-05-17,综合,2.2312587e+10,2.4498217e+12,0.009107841,17.766073098549477
2019-05-17,综合金融,8.0979994e+09,2.4498217e+12,0.0033055465,22.65992021560669
2019-05-17,计算机,1.8855938e+11,2.4498217e+12,0.07696861,16.590119603802176
2019-05-17,轻工制造,5.0172125e+10,2.4498217e+12,0.02047991,17.398025947121475
2019-05-17,通信,1.5010993e+11,2.4498217e+12,0.06127382,26.04861425028907
2019-05-17,钢铁,2.8276021e+10,2.4498217e+12,0.011542073,6.108240412814276
2019-05-17,银行,6.459448e+10,2.4498217e+12,0.026367014,9.571106310002506
2019-05-17,非银行金融,1.4820024e+11,2.4498217e+12,0.0604943,11.050011437447345
2019-05-17,食品饮料,1.4985573e+11,2.4498217e+12,0.061170056,15.70815841124413
2019-05-24,交通运输,4.8809714e+10,2.2062312e+12,0.022123571,7.024151434129644
2019-05-24,传媒,6.0409782e+10,2.2062312e+12,0.027381439,10.860369842226913
2019-05-24,农林牧渔,1.0710667e+11,2.2062312e+12,0.04854735,23.054844009803563
2019-05-24,医药,1.4119482e+11,2.2062312e+12,0.0639982,7.77713354768219
2019-05-24,商贸零售,2.6807556e+10,2.2062312e+12,0.012150837,5.560580634301709
2019-05-24,国防军工,5.2163633e+10,2.2062312e+12,0.023643775,16.161128054202443
2019-05-24,基础化工,1.33601804e+11,2.2062312e+12,0.060556576,12.184896368081452
2019-05-24,家电,4.017368e+10,2.2062312e+12,0.018209187,8.088256572683653
2019-05-24,建材,2.8172106e+10,2.2062312e+12,0.012769335,6.593439490022794
2019-05-24,建筑,3.908978e+10,2.2062312e+12,0.017717898,9.582640369399256
2019-05-24,房地产,4.8406036e+10,2.2062312e+12,0.0219406,4.362576915094485
2019-05-24,有色金属,1.194984e+11,2.2062312e+12,0.054164045,14.671007641156514
2019-05-24,机械,1.0586937e+11,2.2062312e+12,0.047986526,11.394822930512222
2019-05-24,汽车,5.9077444e+10,2.2062312e+12,0.02677754,10.41481914489892
2019-05-24,消费者服务,1.3316445e+10,2.2062312e+12,0.006035834,5.838889987468719
2019-05-24,煤炭,2.965403e+10,2.2062312e+12,0.013441035,8.584834386621203
2019-05-24,电力及公用事业,3.907876e+10,2.2062312e+12,0.017712904,5.618838019623347
2019-05-24,电力设备及新能源,9.702054e+10,2.2062312e+12,0.043975692,12.118733075846519
2019-05-24,电子,2.3567766e+11,2.2062312e+12,0.106823646,21.04804769615645
2019-05-24,石油石化,1.9345502e+10,2.2062312e+12,0.008768574,6.656095410155696
2019-05-24,纺织服装,1.5151383e+10,2.2062312e+12,0.006867541,7.238101347072704
2019-05-24,综合,2.5048834e+10,2.2062312e+12,0.011353676,18.259623234088604
2019-05-24,综合金融,5.795754e+09,2.2062312e+12,0.002626993,17.66220990419388
2019-05-24,计算机,2.1677775e+11,2.2062312e+12,0.09825704,18.23732220659069
2019-05-24,轻工制造,3.490145e+10,2.2062312e+12,0.01581949,12.464407712221146
2019-05-24,通信,1.502907e+11,2.2062312e+12,0.06812101,27.072364696348558
2019-05-24,钢铁,2.6216038e+10,2.2062312e+12,0.011882725,5.254961887995402
2019-05-24,银行,5.7274753e+10,2.2062312e+12,0.02596045,7.247218826785684
2019-05-24,非银行金融,1.2131839e+11,2.2062312e+12,0.054988977,9.432306623849712
2019-05-24,食品饮料,1.088523e+11,2.2062312e+12,0.04933857,12.276901168848878
2019-05-31,交通运输,4.8736584e+10,2.2304045e+12,0.021851007,7.4492448546062
2019-05-31,传媒,5.8139402e+10,2.2304045e+12,0.026066752,11.076004068541334
2019-05-31,农林牧渔,1.2853578e+11,2.2304045e+12,0.05762891,26.39577937017127
2019-05-31,医药,1.3244373e+11,2.2304045e+12,0.059381038,7.4393993239574785
2019-05-31,商贸零售,2.3589452e+10,2.2304045e+12,0.010576311,5.262605387677429
2019-05-31,国防军工,4.9751687e+10,2.2304045e+12,0.022306127,17.366821051483424
2019-05-31,基础化工,1.3277671e+11,2.2304045e+12,0.059530325,14.133997670548862
2019-05-31,家电,3.6360716e+10,2.2304045e+12,0.016302297,8.064421779910724
2019-05-31,建材,2.7369632e+10,2.2304045e+12,0.012271152,6.540014067166288
2019-05-31,建筑,4.0844448e+10,2.2304045e+12,0.018312573,11.863067189184557
2019-05-31,房地产,5.2558197e+10,2.2304045e+12,0.023564424,4.836041336449293
2019-05-31,有色金属,1.3769915e+11,2.2304045e+12,0.0617373,16.302332403546288
2019-05-31,机械,1.1282649e+11,2.2304045e+12,0.05058566,12.93241547979991
2019-05-31,汽车,6.31809e+10,2.2304045e+12,0.028327104,11.865163049120811
2019-05-31,消费者服务,1.2936969e+10,2.2304045e+12,0.0058002793,5.672375984191895
2019-05-31,煤炭,2.6684582e+10,2.2304045e+12,0.01196401,7.4647427022457125
2019-05-31,电力及公用事业,4.8679145e+10,2.2304045e+12,0.021825254,7.000182904714456
2019-05-31,电力设备及新能源,1.06738426e+11,2.2304045e+12,0.047856085,13.718094227569443
2019-05-31,电子,2.3582094e+11,2.2304045e+12,0.105730124,22.882485962072433
2019-05-31,石油石化,2.3013306e+10,2.2304045e+12,0.010317997,8.704155823519063
2019-05-31,纺织服装,1.2473166e+10,2.2304045e+12,0.0055923336,6.288059497201765
2019-05-31,综合,2.0879841e+10,2.2304045e+12,0.009361459,16.878134360680214
2019-05-31,综合金融,5.469091e+09,2.2304045e+12,0.0024520622,15.93233950138092
2019-05-31,计算机,2.0169128e+11,2.2304045e+12,0.09042812,19.47812302848872
2019-05-31,轻工制造,3.515157e+10,2.2304045e+12,0.015760176,12.50990770986447
2019-05-31,通信,1.1501056e+11,2.2304045e+12,0.051564887,23.24506131807963
2019-05-31,钢铁,2.693612e+10,2.2304045e+12,0.012076787,5.395980927206221
2019-05-31,银行,6.3932408e+10,2.2304045e+12,0.028664041,8.45082810986787
2019-05-31,非银行金融,1.4602945e+11,2.2304045e+12,0.06547218,12.227847487222952
2019-05-31,食品饮料,1.0401946e+11,2.2304045e+12,0.04663704,10.996831194687916
2019-06-07,交通运输,,,,7.419439194636924
2019-06-07,传媒,,,,8.999893601503103
2019-06-07,农林牧渔,,,,20.72639871425018
2019-06-07,医药,,,,5.724247313785873
2019-06-07,商贸零售,,,,4.222210764244038
2019-06-07,国防军工,,,,17.302784374901947
2019-06-07,基础化工,,,,10.244784244357563
2019-06-07,家电,,,,6.335889922579129
2019-06-07,建材,,,,4.610849282271426
2019-06-07,建筑,,,,8.518566316416283
2019-06-07,房地产,,,,3.6390759578117957
2019-06-07,有色金属,,,,13.722592345305852
2019-06-07,机械,,,,9.458706135720291
2019-06-07,汽车,,,,10.043479011506792
2019-06-07,消费者服务,,,,4.189219982624054
2019-06-07,煤炭,,,,5.203694374220712
2019-06-07,电力及公用事业,,,,7.293168095723251
2019-06-07,电力设备及新能源,,,,10.36873483967169
2019-06-07,电子,,,,17.741317458635258
2019-06-07,石油石化,,,,9.765946458245432
2019-06-07,纺织服装,,,,4.440924313422796
2019-06-07,综合,,,,12.569734532099504
2019-06-07,综合金融,,,,9.83267983198166
2019-06-07,计算机,,,,13.473471586610756
2019-06-07,轻工制造,,,,9.115119183292755
2019-06-07,通信,,,,29.280532627394706
2019-06-07,钢铁,,,,4.067159510084561
2019-06-07,银行,,,,5.182453113142401
2019-06-07,非银行金融,,,,9.540014694215822
2019-06-07,食品饮料,,,,8.419240807333301
2019-06-14,交通运输,4.0271127e+10,2.2825376e+12,0.017643139,5.791498133512301
2019-06-14,传媒,6.2220476e+10,2.2825376e+12,0.027259342,12.36082175181758
2019-06-14,农林牧渔,1.2099649e+11,2.2825376e+12,0.053009637,27.018547527310325
2019-06-14,医药,1.1541173e+11,2.2825376e+12,0.050562903,6.353513095202862
2019-06-14,商贸零售,2.697542e+10,2.2825376e+12,0.0118181715,6.709303246390435
2019-06-14,国防军工,4.892454e+10,2.2825376e+12,0.021434275,22.127129863685287
2019-06-14,基础化工,1.19408935e+11,2.2825376e+12,0.052314114,13.351046526456466
2019-06-14,家电,3.4765967e+10,2.2825376e+12,0.015231279,7.233668307463328
2019-06-14,建材,3.392984e+10,2.2825376e+12,0.014864964,7.381623988420191
2019-06-14,建筑,5.655413e+10,2.2825376e+12,0.024776867,14.556892465142642
2019-06-14,房地产,5.2041896e+10,2.2825376e+12,0.022800017,4.5259663588725605
2019-06-14,有色金属,1.8802349e+11,2.2825376e+12,0.08237476,22.517134401911783
2019-06-14,机械,1.09035995e+11,2.2825376e+12,0.04776964,12.20323981202127
2019-06-14,汽车,6.4537846e+10,2.2825376e+12,0.028274603,14.590202555914594
2019-06-14,消费者服务,1.2144603e+10,2.2825376e+12,0.0053206584,5.1325379765033725
2019-06-14,煤炭,2.5290357e+10,2.2825376e+12,0.01107993,7.543294329302651
2019-06-14,电力及公用事业,5.1550843e+10,2.2825376e+12,0.022584882,8.872866194946635
2019-06-14,电力设备及新能源,1.1298492e+11,2.2825376e+12,0.049499694,14.085801326004523
2019-06-14,电子,2.1909727e+11,2.2825376e+12,0.09598846,23.298568769139326
2019-06-14,石油石化,2.5153931e+10,2.2825376e+12,0.01102016,12.055639433306316
2019-06-14,纺织服装,1.0822006e+10,2.2825376e+12,0.004741217,5.858601334932688
2019-06-14,综合,2.0113918e+10,2.2825376e+12,0.008812086,19.623211631408104
2019-06-14,综合金融,4.168292e+09,2.2825376e+12,0.0018261658,12.012069916725158
2019-06-14,计算机,1.7792721e+11,2.2825376e+12,0.07795149,17.605378921782854
2019-06-14,轻工制造,3.3883021e+10,2.2825376e+12,0.014844453,12.77202130911442
2019-06-14,通信,1.4993331e+11,2.2825376e+12,0.06568711,33.36984542162732
2019-06-14,钢铁,2.7340866e+10,2.2825376e+12,0.011978276,5.702692850714638
2019-06-14,银行,5.9507196e+10,2.2825376e+12,0.02607063,7.505284451879561
2019-06-14,非银行金融,1.650603e+11,2.2825376e+12,0.07231438,15.475132760942959
2019-06-14,食品饮料,1.14380415e+11,2.2825376e+12,0.050111074,11.356208626301058
2019-06-21,交通运输,4.445416e+10,2.3193723e+12,0.019166462,5.662205562413296
2019-06-21,传媒,7.017021e+10,2.3193723e+12,0.030253965,15.530558220801815
2019-06-21,农林牧渔,1.0403471e+11,2.3193723e+12,0.044854686,21.771141586143795
2019-06-21,医药,1.5068035e+11,2.3193723e+12,0.06496601,9.05729094427704
2019-06-21,商贸零售,2.830108e+10,2.3193723e+12,0.012202043,6.627788163000537
2019-06-21,国防军工,4.6271623e+10,2.3193723e+12,0.019950064,20.406495451927185
2019-06-21,基础化工,1.1320826e+11,2.3193723e+12,0.04880987,12.129297090901268
2019-06-21,家电,3.720797e+10,2.3193723e+12,0.016042259,7.267016615470251
2019-06-21,建材,2.9114622e+10,2.3193723e+12,0.012552802,6.879026789060781
2019-06-21,建筑,5.1748303e+10,2.3193723e+12,0.02231134,14.823015033697882
2019-06-21,房地产,4.644003e+10,2.3193723e+12,0.020022672,4.139384606709847
2019-06-21,有色金属,1.5190062e+11,2.3193723e+12,0.06549212,18.992130419186182
2019-06-21,机械,1.1813456e+11,2.3193723e+12,0.050933853,13.065278690549043
2019-06-21,汽车,5.8228752e+10,2.3193723e+12,0.025105393,12.12145346820734
2019-06-21,消费者服务,1.5596066e+10,2.3193723e+12,0.0067242617,6.535691983699799
2019-06-21,煤炭,2.2374982e+10,2.3193723e+12,0.009646999,6.44116581082344
2019-06-21,电力及公用事业,6.68388e+10,2.3193723e+12,0.028817624,10.495160709312357
2019-06-21,电力设备及新能源,1.0124338e+11,2.3193723e+12,0.043651197,12.638485208952002
2019-06-21,电子,1.86219e+11,2.3193723e+12,0.08028854,19.341234137520726
2019-06-21,石油石化,2.4576449e+10,2.3193723e+12,0.010596164,9.204660556344098
2019-06-21,纺织服装,1.2492516e+10,2.3193723e+12,0.0053861625,7.987547252629255
2019-06-21,综合,1.7567246e+10,2.3193723e+12,0.007574138,15.781430812982412
2019-06-21,综合金融,6.5836114e+09,2.3193723e+12,0.0028385315,19.678480446338654
2019-06-21,计算机,1.9506266e+11,2.3193723e+12,0.08410149,19.565064718910293
2019-06-21,轻工制造,3.4169262e+10,2.3193723e+12,0.014732117,12.409125728834242
2019-06-21,通信,1.2337239e+11,2.3193723e+12,0.053192146,26.64817561525287
2019-06-21,钢铁,2.3720323e+10,2.3193723e+12,0.010227044,5.351792840730576
2019-06-21,银行,8.235849e+10,2.3193723e+12,0.035508957,9.702643836848438
2019-06-21,非银行金融,2.4027945e+11,2.3193723e+12,0.10359676,15.953535972560038
2019-06-21,食品饮料,1.1694267e+11,2.3193723e+12,0.050419964,9.317112821847834
2019-06-28,交通运输,4.029658e+10,2.2194972e+12,0.018155724,5.423531801344078
2019-06-28,传媒,5.9823292e+10,2.2194972e+12,0.026953533,14.044858185033645
2019-06-28,农林牧渔,8.27681e+10,2.2194972e+12,0.037291374,19.39624620483416
2019-06-28,医药,1.3905836e+11,2.2194972e+12,0.062653095,8.167125168262713
2019-06-28,商贸零售,2.957116e+10,2.2194972e+12,0.01332336,6.365378488135594
2019-06-28,国防军工,4.9293672e+10,2.2194972e+12,0.022209387,19.516048874654288
2019-06-28,基础化工,1.0520811e+11,2.2194972e+12,0.047401775,11.817684687649777
2019-06-28,家电,3.2970922e+10,2.2194972e+12,0.014855131,7.313479972879092
2019-06-28,建材,2.8485038e+10,2.2194972e+12,0.012834005,7.283157724729726
2019-06-28,建筑,4.2107556e+10,2.2194972e+12,0.018971665,12.96623012698999
2019-06-28,房地产,4.1253e+10,2.2194972e+12,0.018586641,3.587138488315619
2019-06-28,有色金属,1.4656786e+11,2.2194972e+12,0.066036515,16.337093266986667
2019-06-28,机械,1.2868455e+11,2.2194972e+12,0.057979144,14.395621170630822
2019-06-28,汽车,5.6403276e+10,2.2194972e+12,0.025412636,11.852307586533248
2019-06-28,消费者服务,1.4474699e+10,2.2194972e+12,0.0065216115,6.605555959939957
2019-06-28,煤炭,2.113852e+10,2.2194972e+12,0.009524013,6.089677137987954
2019-06-28,电力及公用事业,9.001564e+10,2.2194972e+12,0.04055677,13.929368127891623
2019-06-28,电力设备及新能源,9.5387386e+10,2.2194972e+12,0.042977024,12.290129919137273
2019-06-28,电子,1.861089e+11,2.2194972e+12,0.08385183,20.625410586452254
2019-06-28,石油石化,2.5558495e+10,2.2194972e+12,0.011515443,10.658254586837508
2019-06-28,纺织服装,1.1103466e+10,2.2194972e+12,0.0050026947,6.643368946539389
2019-06-28,综合,2.086729e+10,2.2194972e+12,0.009401809,18.053353593899654
2019-06-28,综合金融,4.38335e+09,2.2194972e+12,0.0019749291,12.538870024681092
2019-06-28,计算机,1.9080977e+11,2.2194972e+12,0.08596981,19.12659505126523
2019-06-28,轻工制造,3.512154e+10,2.2194972e+12,0.015824098,13.231645687988825
2019-06-28,通信,1.15631866e+11,2.2194972e+12,0.052098226,25.518330241694596
2019-06-28,钢铁,2.5881342e+10,2.2194972e+12,0.011660903,5.684204728830428
2019-06-28,银行,7.1184605e+10,2.2194972e+12,0.032072403,6.5578530533239245
2019-06-28,非银行金融,2.062164e+11,2.2194972e+12,0.09291131,15.689298283858378
2019-06-28,食品饮料,1.2299165e+11,2.2194972e+12,0.055414192,13.640305397358347
2019-07-05,交通运输,5.155975e+10,2.3920045e+12,0.02155504,6.904098160913057
2019-07-05,传媒,5.1987153e+10,2.3920045e+12,0.021733718,10.687941666007042
2019-07-05,农林牧渔,8.913636e+10,2.3920045e+12,0.037264295,18.919400041786634
2019-07-05,医药,1.597566e+11,2.3920045e+12,0.06678775,7.8436638682981
2019-07-05,商贸零售,2.7062553e+10,2.3920045e+12,0.011313755,6.073368836474675
2019-07-05,国防军工,6.7953414e+10,2.3920045e+12,0.028408565,23.193128864798283
2019-07-05,基础化工,1.2736759e+11,2.3920045e+12,0.05324722,13.080046528325408
2019-07-05,家电,4.575284e+10,2.3920045e+12,0.019127406,9.363698327541352
2019-07-05,建材,3.5168207e+10,2.3920045e+12,0.0147024,7.396221087012492
2019-07-05,建筑,4.334139e+10,2.3920045e+12,0.018119276,11.073196558391347
2019-07-05,房地产,6.3840227e+10,2.3920045e+12,0.026689008,5.71770866215229
2019-07-05,有色金属,1.1309905e+11,2.3920045e+12,0.047282122,11.890068519683112
2019-07-05,机械,1.478669e+11,2.3920045e+12,0.061817147,14.821366240961785
2019-07-05,汽车,6.388006e+10,2.3920045e+12,0.026705662,12.093124885847613
2019-07-05,消费者服务,1.8783689e+10,2.3920045e+12,0.007852698,6.29581193447113
2019-07-05,煤炭,2.1539686e+10,2.3920045e+12,0.009004869,6.211602863243648
2019-07-05,电力及公用事业,9.214243e+10,2.3920045e+12,0.03852101,15.265864330018225
2019-07-05,电力设备及新能源,9.834765e+10,2.3920045e+12,0.04111516,10.935490652918816
2019-07-05,电子,2.4431321e+11,2.3920045e+12,0.10213744,22.958204315348457
2019-07-05,石油石化,3.3701882e+10,2.3920045e+12,0.014089389,10.405288816853004
2019-07-05,纺织服装,1.1423842e+10,2.3920045e+12,0.004775845,6.0156540298784105
2019-07-05,综合,1.5069658e+10,2.3920045e+12,0.0063000126,14.249373014156635
2019-07-05,综合金融,4.3361736e+09,2.3920045e+12,0.0018127782,12.261349737644196
2019-07-05,计算机,1.830997e+11,2.3920045e+12,0.07654656,16.64747505503542
2019-07-05,轻工制造,3.998021e+10,2.3920045e+12,0.016714102,15.971938171273186
2019-07-05,通信,1.0939716e+11,2.3920045e+12,0.045734514,23.549643497274378
2019-07-05,钢铁,2.1853475e+10,2.3920045e+12,0.009136051,5.247778620038714
2019-07-05,银行,6.4179958e+10,2.3920045e+12,0.026831036,5.584512492641807
2019-07-05,非银行金融,1.7394763e+11,2.3920045e+12,0.072720446,12.042145168108325
2019-07-05,食品饮料,1.7202282e+11,2.3920045e+12,0.07191576,18.6775179283416
2019-07-12,交通运输,3.3729751e+10,1.7876286e+12,0.018868433,4.7478243201692525
2019-07-12,传媒,3.7533467e+10,1.7876286e+12,0.020996233,8.14981275177002
2019-07-12,农林牧渔,9.4865965e+10,1.7876286e+12,0.05306805,18.067124340774082
2019-07-12,医药,1.32986446e+11,1.7876286e+12,0.07439266,7.271643637810778
2019-07-12,商贸零售,2.0608532e+10,1.7876286e+12,0.011528419,4.993530077318991
2019-07-12,国防军工,4.61433e+10,1.7876286e+12,0.025812576,17.011631954047417
2019-07-12,基础化工,1.2715761e+11,1.7876286e+12,0.071132004,13.898188011459885
2019-07-12,家电,3.0774194e+10,1.7876286e+12,0.017215094,9.16544684767723
2019-07-12,建材,2.8282554e+10,1.7876286e+12,0.015821269,6.327714062072862
2019-07-12,建筑,2.8278012e+10,1.7876286e+12,0.015818728,7.59610587909442
2019-07-12,房地产,6.036601e+10,1.7876286e+12,0.033768762,4.126544275535987
2019-07-12,有色金属,8.054673e+10,1.7876286e+12,0.045057867,11.1319086370014
2019-07-12,机械,1.0539538e+11,1.7876286e+12,0.05895821,11.792704011764995
2019-07-12,汽车,4.503275e+10,1.7876286e+12,0.025191335,8.667558567159494
2019-07-12,消费者服务,1.3980193e+10,1.7876286e+12,0.007820524,5.013178000450134
2019-07-12,煤炭,1.4132031e+10,1.7876286e+12,0.007905463,4.456354294504438
2019-07-12,电力及公用事业,5.2023284e+10,1.7876286e+12,0.029101841,9.11793931843313
2019-07-12,电力设备及新能源,6.983345e+10,1.7876286e+12,0.039064854,8.572085277310439
2019-07-12,电子,1.7097302e+11,1.7876286e+12,0.09564236,18.845372143985095
2019-07-12,石油石化,2.2478158e+10,1.7876286e+12,0.012574288,7.643843207169663
2019-07-12,纺织服装,8.750744e+09,1.7876286e+12,0.004895169,5.037489238220292
2019-07-12,综合,1.1565792e+10,1.7876286e+12,0.0064699077,11.630853831768036
2019-07-12,综合金融,2.6833172e+09,1.7876286e+12,0.0015010484,7.481679892539978
2019-07-12,计算机,1.2618568e+11,1.7876286e+12,0.070588306,13.257762300617555
2019-07-12,轻工制造,2.8460655e+10,1.7876286e+12,0.0159209,11.966787639402208
2019-07-12,通信,6.7301274e+10,1.7876286e+12,0.037648354,15.352748421707538
2019-07-12,钢铁,1.4185119e+10,1.7876286e+12,0.00793516,3.753673779822531
2019-07-12,银行,4.9969218e+10,1.7876286e+12,0.027952796,4.710106275975704
2019-07-12,非银行金融,1.4715075e+11,1.7876286e+12,0.082316175,11.912006304148704
2019-07-12,食品饮料,1.1608898e+11,1.7876286e+12,0.064940214,11.233653718860525
2019-07-19,交通运输,3.200613e+10,1.8309387e+12,0.017480722,4.389760751590551
2019-07-19,传媒,4.2292834e+10,1.8309387e+12,0.023098988,9.730180826187134
2019-07-19,农林牧渔,8.8144314e+10,1.8309387e+12,0.048141595,15.530950002372265
2019-07-19,医药,1.3743814e+11,1.8309387e+12,0.0750643,7.602247635790166
2019-07-19,商贸零售,1.8543297e+10,1.8309387e+12,0.010127754,4.551620264002618
2019-07-19,国防军工,5.4063292e+10,1.8309387e+12,0.029527636,18.248618331220413
2019-07-19,基础化工,1.5638313e+11,1.8309387e+12,0.08541145,16.652154246320972
2019-07-19,家电,3.0523638e+10,1.8309387e+12,0.016671032,7.988651710748672
2019-07-19,建材,2.6739644e+10,1.8309387e+12,0.014604336,7.115467593283721
2019-07-19,建筑,2.6833922e+10,1.8309387e+12,0.014655828,6.6315697489165455
2019-07-19,房地产,5.433507e+10,1.8309387e+12,0.029676072,3.307038471962397
2019-07-19,有色金属,8.170172e+10,1.8309387e+12,0.044622857,11.470276163305556
2019-07-19,机械,1.0823443e+11,1.8309387e+12,0.059114173,11.302604532314955
2019-07-19,汽车,3.884891e+10,1.8309387e+12,0.021218028,8.152314007661904
2019-07-19,消费者服务,1.2785692e+10,1.8309387e+12,0.0069831344,4.656754016876221
2019-07-19,煤炭,1.3141759e+10,1.8309387e+12,0.007177607,4.113828591789518
2019-07-19,电力及公用事业,4.1029317e+10,1.8309387e+12,0.022408897,6.703022729765418
2019-07-19,电力设备及新能源,7.193732e+10,1.8309387e+12,0.039289854,8.952833944931626
2019-07-19,电子,2.1307541e+11,1.8309387e+12,0.116374955,19.82941161153408
2019-07-19,石油石化,1.7855267e+10,1.8309387e+12,0.009751974,6.551340886815027
2019-07-19,纺织服装,7.4313667e+09,1.8309387e+12,0.004058774,3.9164621789713165
2019-07-19,综合,9.502386e+09,1.8309387e+12,0.0051898984,9.17529235436366
2019-07-19,综合金融,3.5900052e+09,1.8309387e+12,0.0019607458,11.50692982673645
2019-07-19,计算机,1.36527225e+11,1.8309387e+12,0.07456679,12.914661740555482
2019-07-19,轻工制造,2.4515107e+10,1.8309387e+12,0.013389365,10.698896258217948
2019-07-19,通信,7.562464e+10,1.8309387e+12,0.04130375,15.74205000758171
2019-07-19,钢铁,1.4075498e+10,1.8309387e+12,0.007687586,3.5499999736036574
2019-07-19,银行,4.2103775e+10,1.8309387e+12,0.02299573,3.9788062926381826
2019-07-19,非银行金融,1.5084439e+11,1.8309387e+12,0.08238637,10.927937133177634
2019-07-19,食品饮料,1.00667834e+11,1.8309387e+12,0.05498154,8.764007325548874
2019-07-26,交通运输,3.715731e+10,1.8506362e+12,0.020078128,5.235218717116061
2019-07-26,传媒,3.750411e+10,1.8506362e+12,0.020265523,8.2073560256958
2019-07-26,农林牧渔,6.4991285e+10,1.8506362e+12,0.035118345,12.563171928612197
2019-07-26,医药,1.2056437e+11,1.8506362e+12,0.06514753,7.367460382382075
2019-07-26,商贸零售,1.7928583e+10,1.8506362e+12,0.009687794,4.139745760471262
2019-07-26,国防军工,5.6507007e+10,1.8506362e+12,0.030533828,22.942537987554395
2019-07-26,基础化工,1.20582e+11,1.8506362e+12,0.06515705,13.749511288827465
2019-07-26,家电,2.361547e+10,1.8506362e+12,0.01276073,6.106585039695104
2019-07-26,建材,2.4704967e+10,1.8506362e+12,0.013349445,6.246192954795461
2019-07-26,建筑,2.7399647e+10,1.8506362e+12,0.014805528,6.950708420837627
2019-07-26,房地产,5.2949017e+10,1.8506362e+12,0.02861125,3.313252895497359
2019-07-26,有色金属,6.7564863e+10,1.8506362e+12,0.036508992,9.451897102310545
2019-07-26,机械,1.5331615e+11,1.8506362e+12,0.0828451,16.90105574376859
2019-07-26,汽车,3.694537e+10,1.8506362e+12,0.019963605,7.200233726174968
2019-07-26,消费者服务,1.1457863e+10,1.8506362e+12,0.00619131,4.457093985080719
2019-07-26,煤炭,1.5133399e+10,1.8506362e+12,0.008177403,4.964682872806277
2019-07-26,电力及公用事业,3.4793247e+10,1.8506362e+12,0.018800694,5.226998193132365
2019-07-26,电力设备及新能源,7.863259e+10,1.8506362e+12,0.04248949,9.27053467962477
2019-07-26,电子,2.9022614e+11,1.8506362e+12,0.15682507,28.353533090824303
2019-07-26,石油石化,1.7429471e+10,1.8506362e+12,0.009418096,6.323343203487721
2019-07-26,纺织服装,8.231847e+09,1.8506362e+12,0.004448117,5.037924292522508
2019-07-26,综合,7.8835123e+09,1.8506362e+12,0.004259893,9.636800075952824
2019-07-26,综合金融,3.7124365e+09,1.8506362e+12,0.0020060325,12.242859947681428
2019-07-26,计算机,1.4759535e+11,1.8506362e+12,0.07975384,15.786809017404842
2019-07-26,轻工制造,2.2896431e+10,1.8506362e+12,0.012372194,10.023804694835869
2019-07-26,通信,8.1193796e+10,1.8506362e+12,0.043873448,16.757932949066163
2019-07-26,钢铁,1.2626186e+10,1.8506362e+12,0.006822619,2.9361166464430943
2019-07-26,银行,5.068179e+10,1.8506362e+12,0.027386144,4.000906232744455
2019-07-26,非银行金融,1.2869169e+11,1.8506362e+12,0.06953916,12.623798465536487
2019-07-26,食品饮料,9.764439e+10,1.8506362e+12,0.052762605,8.575253627488488
2019-08-02,交通运输,3.6428567e+10,1.8763674e+12,0.01941441,2.714799543546739
2019-08-02,传媒,4.810284e+10,1.8763674e+12,0.025636151,4.641642782449722
2019-08-02,农林牧渔,7.685795e+10,1.8763674e+12,0.040961035,7.095820077626807
2019-08-02,医药,1.20410915e+11,1.8763674e+12,0.06417236,3.556652501523495
2019-08-02,商贸零售,1.9318174e+10,1.8763674e+12,0.010295518,2.549581920450672
2019-08-02,国防军工,5.6652747e+10,1.8763674e+12,0.03019278,11.398962222643801
2019-08-02,基础化工,1.1231172e+11,1.8763674e+12,0.059855934,6.482675822800205
2019-08-02,家电,3.1155266e+10,1.8763674e+12,0.016604032,3.310433328896761
2019-08-02,建材,2.591097e+10,1.8763674e+12,0.013809114,3.0244331099617647
2019-08-02,建筑,2.709903e+10,1.8763674e+12,0.014442284,3.363800009947364
2019-08-02,房地产,4.4288463e+10,1.8763674e+12,0.0236033,1.4616427913737984
2019-08-02,有色金属,8.031803e+10,1.8763674e+12,0.042805064,4.854734289575191
2019-08-02,机械,1.5788615e+11,1.8763674e+12,0.084144585,8.532402223361844
2019-08-02,汽车,3.592089e+10,1.8763674e+12,0.019143848,3.6263124110402574
2019-08-02,消费者服务,1.0945073e+10,1.8763674e+12,0.005833118,2.1180580008029937
2019-08-02,煤炭,1.8220558e+10,1.8763674e+12,0.009710549,2.6147571148616926
2019-08-02,电力及公用事业,3.7218968e+10,1.8763674e+12,0.01983565,2.776839864148867
2019-08-02,电力设备及新能源,7.745089e+10,1.8763674e+12,0.041277036,5.009259789155589
2019-08-02,电子,2.7873257e+11,1.8763674e+12,0.14854904,13.36279512706191
2019-08-02,石油石化,1.5499233e+10,1.8763674e+12,0.008260234,2.6592011152004655
2019-08-02,纺织服装,8.286445e+09,1.8763674e+12,0.0044162166,2.3912141754015073
2019-08-02,综合,8.723807e+09,1.8763674e+12,0.0046493066,5.241971099605927
2019-08-02,综合金融,4.8906967e+09,1.8763674e+12,0.0026064708,7.552350035309791
2019-08-02,计算机,1.4300566e+11,1.8763674e+12,0.076214105,7.433096668647172
2019-08-02,轻工制造,2.1866207e+10,1.8763674e+12,0.011653478,4.612421214193949
2019-08-02,通信,8.721267e+10,1.8763674e+12,0.046479527,9.011121015995741
2019-08-02,钢铁,1.3592534e+10,1.8763674e+12,0.0072440687,1.506253571027801
2019-08-02,银行,5.294477e+10,1.8763674e+12,0.028216632,2.2205261450547438
2019-08-02,非银行金融,1.3205547e+11,1.8763674e+12,0.07037826,5.146517772708209
2019-08-02,食品饮料,9.297477e+10,1.8763674e+12,0.049550407,4.434928426146508
2019-08-09,交通运输,3.897876e+10,2.0235671e+12,0.019262401,5.262042090714535
2019-08-09,传媒,4.2060124e+10,2.0235671e+12,0.02078514,9.365869609355926
2019-08-09,农林牧渔,8.797806e+10,2.0235671e+12,0.04347672,17.51837678907848
2019-08-09,医药,1.23555316e+11,2.0235671e+12,0.061058175,6.9023743279774985
2019-08-09,商贸零售,2.5053415e+10,2.0235671e+12,0.012380818,6.95190428419316
2019-08-09,国防军工,5.939644e+10,2.0235671e+12,0.029352345,25.110762368988347
2019-08-09,基础化工,1.0628742e+11,2.0235671e+12,0.052524783,12.650461158568453
2019-08-09,家电,2.8525926e+10,2.0235671e+12,0.014096852,6.574663270513216
2019-08-09,建材,2.5164517e+10,2.0235671e+12,0.012435721,6.492532367437658
2019-08-09,建筑,2.7498453e+10,2.0235671e+12,0.013589098,7.79066217897319
2019-08-09,房地产,4.222118e+10,2.0235671e+12,0.020864729,3.1007711589336395
2019-08-09,有色金属,1.4172381e+11,2.0235671e+12,0.07003663,15.818779065495445
2019-08-09,机械,1.64629e+11,2.0235671e+12,0.08135584,18.02479618003263
2019-08-09,汽车,3.6980036e+10,2.0235671e+12,0.018274676,7.930356663503464
2019-08-09,消费者服务,1.1396375e+10,2.0235671e+12,0.0056318245,4.266674015522003
2019-08-09,煤炭,1.4101897e+10,2.0235671e+12,0.0069688307,4.143499961921147
2019-08-09,电力及公用事业,4.2239836e+10,2.0235671e+12,0.020873949,7.0180730450372755
2019-08-09,电力设备及新能源,8.3659596e+10,2.0235671e+12,0.041342635,10.965714928718794
2019-08-09,电子,2.7442625e+11,2.0235671e+12,0.1356151,27.240248645897264
2019-08-09,石油石化,1.6231905e+10,2.0235671e+12,0.008021432,5.165774962441488
2019-08-09,纺织服装,9.168174e+09,2.0235671e+12,0.0045306995,5.065205445966205
2019-08-09,综合,1.0800773e+10,2.0235671e+12,0.005337492,12.601418999525217
2019-08-09,综合金融,3.8957115e+09,2.0235671e+12,0.0019251704,13.203390038013458
2019-08-09,计算机,1.577877e+11,2.0235671e+12,0.07797503,17.009657932525617
2019-08-09,轻工制造,2.3963972e+10,2.0235671e+12,0.01184244,11.336392494164548
2019-08-09,通信,1.03525925e+11,2.0235671e+12,0.051160116,21.876614029407502
2019-08-09,钢铁,1.3836271e+10,2.0235671e+12,0.0068375645,3.1105452449548814
2019-08-09,银行,6.4679133e+10,2.0235671e+12,0.03196293,8.662694043282306
2019-08-09,非银行金融,1.3980148e+11,2.0235671e+12,0.06908665,12.096438677080217
2019-08-09,食品饮料,1.0389151e+11,2.0235671e+12,0.051340777,8.324982111704976
2019-08-16,交通运输,3.3226004e+10,1.8924253e+12,0.017557366,4.100206528590104
2019-08-16,传媒,3.9855632e+10,1.8924253e+12,0.02106061,7.780210376739502
2019-08-16,农林牧渔,7.192953e+10,1.8924253e+12,0.038009178,14.267439037561417
2019-08-16,医药,1.5575532e+11,1.8924253e+12,0.082304604,8.921246876847308
2019-08-16,商贸零售,1.9911344e+10,1.8924253e+12,0.010521601,5.564018147105866
2019-08-16,国防军工,4.7375856e+10,1.8924253e+12,0.025034465,18.455028524269927
2019-08-16,基础化工,9.562882e+10,1.8924253e+12,0.050532416,11.518757900624413
2019-08-16,家电,2.5976599e+10,1.8924253e+12,0.013726618,6.648359885811805
2019-08-16,建材,2.231808e+10,1.8924253e+12,0.011793374,5.6067042233238755
2019-08-16,建筑,2.3946465e+10,1.8924253e+12,0.01265385,7.878732847315924
2019-08-16,房地产,3.3898492e+10,1.8924253e+12,0.017912725,2.5602077005001216
2019-08-16,有色金属,1.102374e+11,1.8924253e+12,0.058251917,13.18529920918601
2019-08-16,机械,1.3348722e+11,1.8924253e+12,0.07053765,15.608480564636343
2019-08-16,汽车,3.2058683e+10,1.8924253e+12,0.016940529,6.5262222274853166
2019-08-16,消费者服务,1.1028359e+10,1.8924253e+12,0.0058276327,4.372010120153427
2019-08-16,煤炭,1.2407129e+10,1.8924253e+12,0.0065562055,3.741462881224496
2019-08-16,电力及公用事业,3.3330844e+10,1.8924253e+12,0.017612766,5.53840616126002
2019-08-16,电力设备及新能源,7.121299e+10,1.8924253e+12,0.037630543,8.886251761850003
2019-08-16,电子,3.1152764e+11,1.8924253e+12,0.1646182,28.372750712017858
2019-08-16,石油石化,1.5322495e+10,1.8924253e+12,0.00809675,4.227643183009191
2019-08-16,纺织服装,7.182686e+09,1.8924253e+12,0.0037954927,4.511928392020431
2019-08-16,综合,9.7472e+09,1.8924253e+12,0.0051506395,10.744411551035368
2019-08-16,综合金融,2.9219886e+09,1.8924253e+12,0.0015440444,9.886240267753601
2019-08-16,计算机,1.60676e+11,1.8924253e+12,0.084904805,16.048729617344705
2019-08-16,轻工制造,2.343889e+10,1.8924253e+12,0.012385637,11.606251807707661
2019-08-16,通信,1.0063512e+11,1.8924253e+12,0.05317786,20.857785801887513
2019-08-16,钢铁,1.0357642e+10,1.8924253e+12,0.0054732105,2.4373023758331933
2019-08-16,银行,5.361955e+10,1.8924253e+12,0.028333774,5.807769651214282
2019-08-16,非银行金融,1.16545675e+11,1.8924253e+12,0.06158535,9.599483786331069
2019-08-16,食品饮料,1.0680264e+11,1.8924253e+12,0.056436915,8.968833749858957
2019-08-23,交通运输,4.6896824e+10,2.4220742e+12,0.019362258,7.248987860768755
2019-08-23,传媒,5.7651614e+10,2.4220742e+12,0.023802578,11.384782407283783
2019-08-23,农林牧渔,9.063226e+10,2.4220742e+12,0.037419274,17.66010861189627
2019-08-23,医药,2.0477418e+11,2.4220742e+12,0.084544964,10.77772557626531
2019-08-23,商贸零售,2.3125113e+10,2.4220742e+12,0.009547648,6.581600000566625
2019-08-23,国防军工,6.803767e+10,2.4220742e+12,0.028090661,23.147464863351875
2019-08-23,基础化工,1.1967838e+11,2.4220742e+12,0.049411524,14.359042701997174
2019-08-23,家电,3.2468177e+10,2.4220742e+12,0.013405113,7.897839294593842
2019-08-23,建材,3.259884e+10,2.4220742e+12,0.0134590585,7.785540760402948
2019-08-23,建筑,3.505208e+10,2.4220742e+12,0.014471927,11.710839511216188
2019-08-23,房地产,5.190693e+10,2.4220742e+12,0.021430776,4.50879324055635
2019-08-23,有色金属,1.0231375e+11,2.4220742e+12,0.0422422,12.921369518552508
2019-08-23,机械,1.4851491e+11,2.4220742e+12,0.061317243,16.787254960747326
2019-08-23,汽车,4.2945126e+10,2.4220742e+12,0.017730722,8.8264337582573
2019-08-23,消费者服务,1.4503887e+10,2.4220742e+12,0.005988209,6.807565970420837
2019-08-23,煤炭,1.621651e+10,2.4220742e+12,0.0066952985,5.354031447853361
2019-08-23,电力及公用事业,4.8906744e+10,2.4220742e+12,0.02019209,7.406281559562391
2019-08-23,电力设备及新能源,1.1134569e+11,2.4220742e+12,0.04597121,13.870699611121575
2019-08-23,电子,3.812287e+11,2.4220742e+12,0.15739761,32.64641228785163
2019-08-23,石油石化,1.6674694e+10,2.4220742e+12,0.0068844687,5.5635931793261655
2019-08-23,纺织服装,1.0165004e+10,2.4220742e+12,0.004196818,5.705141878611332
2019-08-23,综合,1.4681312e+10,2.4220742e+12,0.0060614627,14.397027052365816
2019-08-23,综合金融,4.657721e+09,2.4220742e+12,0.0019230298,15.61376970410347
2019-08-23,计算机,2.289606e+11,2.4220742e+12,0.09453079,20.684352160979543
2019-08-23,轻工制造,3.2999076e+10,2.4220742e+12,0.013624304,14.262347980630848
2019-08-23,通信,1.2773586e+11,2.4220742e+12,0.05273821,25.36000595331192
2019-08-23,钢铁,1.2464133e+10,2.4220742e+12,0.0051460573,2.977957163538252
2019-08-23,银行,6.6327986e+10,2.4220742e+12,0.027384786,7.051660549460036
2019-08-23,非银行金融,1.7198729e+11,2.4220742e+12,0.071008265,14.050209609731551
2019-08-23,食品饮料,1.0653893e+11,2.4220742e+12,0.04398665,9.011202122663196
2019-08-30,交通运输,4.451763e+10,2.4840755e+12,0.017921206,6.558437405345596
2019-08-30,传媒,6.305884e+10,2.4840755e+12,0.025385236,12.595249530792236
2019-08-30,农林牧渔,9.595006e+10,2.4840755e+12,0.038626064,16.51365975672152
2019-08-30,医药,2.3720097e+11,2.4840755e+12,0.09548863,12.464334238308213
2019-08-30,商贸零售,2.8290658e+10,2.4840755e+12,0.011388808,7.9264446471599825
2019-08-30,国防军工,9.201639e+10,2.4840755e+12,0.037042506,28.5033120496853
2019-08-30,基础化工,1.1492635e+11,2.4840755e+12,0.04626524,12.36902120872326
2019-08-30,家电,4.3973427e+10,2.4840755e+12,0.01770213,11.708693433980473
2019-08-30,建材,3.589175e+10,2.4840755e+12,0.014448735,7.958750690372897
2019-08-30,建筑,3.637741e+10,2.4840755e+12,0.014644246,11.19429575044568
2019-08-30,房地产,5.213688e+10,2.4840755e+12,0.020988444,5.427100043743849
2019-08-30,有色金属,1.0995625e+11,2.4840755e+12,0.044264458,13.035930586996532
2019-08-30,机械,1.3240522e+11,2.4840755e+12,0.05330161,14.16404060283128
2019-08-30,汽车,7.411272e+10,2.4840755e+12,0.029835133,14.177025499617217
2019-08-30,消费者服务,1.6975308e+10,2.4840755e+12,0.006833652,6.871201982498169
2019-08-30,煤炭,2.0682312e+10,2.4840755e+12,0.00832596,6.458182785340718
2019-08-30,电力及公用事业,5.5475212e+10,2.4840755e+12,0.022332337,7.316845741940708
2019-08-30,电力设备及新能源,1.0379343e+11,2.4840755e+12,0.041783523,12.282541961532779
2019-08-30,电子,3.35741e+11,2.4840755e+12,0.13515732,26.75044296881021
2019-08-30,石油石化,1.7154243e+10,2.4840755e+12,0.0069056847,5.947220406071707
2019-08-30,纺织服装,1.1005879e+10,2.4840755e+12,0.0044305734,5.806040585041046
2019-08-30,综合,1.398644e+10,2.4840755e+12,0.005630441,13.436419221071096
2019-08-30,综合金融,4.2066834e+09,2.4840755e+12,0.0016934604,13.78604989051819
2019-08-30,计算机,2.4327884e+11,2.4840755e+12,0.09793536,19.45930768278472
2019-08-30,轻工制造,3.2144146e+10,2.4840755e+12,0.012940085,12.707393454892612
2019-08-30,通信,1.1673041e+11,2.4840755e+12,0.046991494,21.164525978565216
2019-08-30,钢铁,1.4499963e+10,2.4840755e+12,0.0058371667,3.5510214411077046
2019-08-30,银行,6.400193e+10,2.4840755e+12,0.025764888,5.684890858151696
2019-08-30,非银行金融,1.4485206e+11,2.4840755e+12,0.05831226,10.60923223341665
2019-08-30,食品饮料,1.2856033e+11,2.4840755e+12,0.051753793,9.791151004532972
2019-09-06,交通运输,4.972115e+10,3.0834093e+12,0.016125381,6.918787849283664
2019-09-06,传媒,8.625508e+10,3.0834093e+12,0.027973933,14.605993637561799
2019-09-06,农林牧渔,8.888177e+10,3.0834093e+12,0.028825808,15.388539103836548
2019-09-06,医药,2.1068965e+11,3.0834093e+12,0.068330094,10.642497722096618
2019-09-06,商贸零售,3.1370424e+10,3.0834093e+12,0.010173941,8.269917068329264
2019-09-06,国防军工,1.393659e+11,3.0834093e+12,0.045198634,35.763391961922515
2019-09-06,基础化工,1.4728982e+11,3.0834093e+12,0.047768492,15.126112201397826
2019-09-06,家电,5.148504e+10,3.0834093e+12,0.01669744,11.974186866009822
2019-09-06,建材,4.833417e+10,3.0834093e+12,0.01567556,9.489273143486239
2019-09-06,建筑,5.320715e+10,3.0834093e+12,0.017255949,14.019593276897398
2019-09-06,房地产,6.6927546e+10,3.0834093e+12,0.021705696,6.430921131601701
2019-09-06,有色金属,1.2383207e+11,3.0834093e+12,0.04016076,14.093591446535928
2019-09-06,机械,1.7034112e+11,3.0834093e+12,0.05524441,17.482493576398642
2019-09-06,汽车,7.027211e+10,3.0834093e+12,0.022790393,13.279877729856285
2019-09-06,消费者服务,2.0088078e+10,3.0834093e+12,0.006514892,9.15396597623825
2019-09-06,煤炭,2.3126184e+10,3.0834093e+12,0.007500199,6.571840021439961
2019-09-06,电力及公用事业,6.8152115e+10,3.0834093e+12,0.022102844,8.843347554890121
2019-09-06,电力设备及新能源,1.21779995e+11,3.0834093e+12,0.03949524,13.527247793115345
2019-09-06,电子,4.3702328e+11,3.0834093e+12,0.14173378,31.600745655355915
2019-09-06,石油石化,2.4262519e+10,3.0834093e+12,0.007868731,8.023470472544432
2019-09-06,纺织服装,1.2972636e+10,3.0834093e+12,0.0042072376,7.6584864411805125
2019-09-06,综合,1.2823878e+10,3.0834093e+12,0.004158993,12.479980881397541
2019-09-06,综合金融,6.7849974e+09,3.0834093e+12,0.0022004854,20.480460369586943
2019-09-06,计算机,3.4463816e+11,3.0834093e+12,0.111771785,26.93370237575747
2019-09-06,轻工制造,3.4420797e+10,3.0834093e+12,0.011163227,15.523510272257797
2019-09-06,通信,1.8356219e+11,3.0834093e+12,0.059532218,30.457168962955475
2019-09-06,钢铁,2.3518765e+10,3.0834093e+12,0.00762752,4.844335692269461
2019-09-06,银行,7.299481e+10,3.0834093e+12,0.023673408,12.180200120716384
2019-09-06,非银行金融,2.3497356e+11,3.0834093e+12,0.07620577,16.465290546417236
2019-09-06,食品饮料,1.2411854e+11,3.0834093e+12,0.04025367,11.121398986627659
2019-09-13,交通运输,,,,5.3026467272054365
2019-09-13,传媒,,,,11.393695190429687
2019-09-13,农林牧渔,,,,12.799087993982361
2019-09-13,医药,,,,9.572893349039198
2019-09-13,商贸零售,,,,6.7092797458171844
2019-09-13,国防军工,,,,20.854847179876792
2019-09-13,基础化工,,,,12.849469144627978
2019-09-13,家电,,,,9.760000004143011
2019-09-13,建材,,,,6.662352123730619
2019-09-13,建筑,,,,9.984078991062502
2019-09-13,房地产,,,,4.239401028706477
2019-09-13,有色金属,,,,9.99811136609032
2019-09-13,机械,,,,13.783244494667446
2019-09-13,汽车,,,,10.721570666808232
2019-09-13,消费者服务,,,,6.538905987739563
2019-09-13,煤炭,,,,6.750785666704178
2019-09-13,电力及公用事业,,,,7.995887753349252
2019-09-13,电力设备及新能源,,,,12.117685362828515
2019-09-13,电子,,,,24.174266764645203
2019-09-13,石油石化,,,,6.912690897556868
2019-09-13,纺织服装,,,,6.057397265692015
2019-09-13,综合,,,,12.546326857346754
2019-09-13,综合金融,,,,17.742830443382264
2019-09-13,计算机,,,,23.474723085185584
2019-09-13,轻工制造,,,,13.872806534588895
2019-09-13,通信,,,,28.198838968276977
2019-09-13,钢铁,,,,3.3821143146072115
2019-09-13,银行,,,,7.424257615750486
2019-09-13,非银行金融,,,,14.98993807841861
2019-09-13,食品饮料,,,,10.598949966952205
2019-09-20,交通运输,4.4407222e+10,2.6270764e+12,0.016903667,6.372178514984166
2019-09-20,传媒,8.16675e+10,2.6270764e+12,0.031086838,15.69327271413803
2019-09-20,农林牧渔,5.5197684e+10,2.6270764e+12,0.02101107,10.126351232935743
2019-09-20,医药,1.7683132e+11,2.6270764e+12,0.06731107,9.011562518503183
2019-09-20,商贸零售,2.9008839e+10,2.6270764e+12,0.011042252,7.543462727298128
2019-09-20,国防军工,7.523506e+10,2.6270764e+12,0.028638322,18.537612045133436
2019-09-20,基础化工,1.4281579e+11,2.6270764e+12,0.054363012,15.923898092036845
2019-09-20,家电,3.9646007e+10,2.6270764e+12,0.015091304,12.86733765875707
2019-09-20,建材,3.261043e+10,2.6270764e+12,0.012413203,8.153785852479263
2019-09-20,建筑,4.25017e+10,2.6270764e+12,0.016178327,11.585285693657498
2019-09-20,房地产,5.2808196e+10,2.6270764e+12,0.020101508,4.731462498123829
2019-09-20,有色金属,8.363361e+10,2.6270764e+12,0.031835243,10.456406653495062
2019-09-20,机械,1.5737633e+11,2.6270764e+12,0.059905503,16.90792208857241
2019-09-20,汽车,6.188623e+10,2.6270764e+12,0.023557073,13.217059199217777
2019-09-20,消费者服务,1.9404306e+10,2.6270764e+12,0.007386274,8.298313884735107
2019-09-20,煤炭,2.0142895e+10,2.6270764e+12,0.007667419,5.335488566330501
2019-09-20,电力及公用事业,6.0914586e+10,2.6270764e+12,0.023187216,8.474518317638374
2019-09-20,电力设备及新能源,1.1979242e+11,2.6270764e+12,0.04559914,12.740952699585298
2019-09-20,电子,3.9568953e+11,2.6270764e+12,0.15061973,26.973679848899852
2019-09-20,石油石化,3.7858087e+10,2.6270764e+12,0.0144107295,14.770388588986613
2019-09-20,纺织服装,1.5398086e+10,2.6270764e+12,0.005861301,7.603835200135772
2019-09-20,综合,1.8243488e+10,2.6270764e+12,0.0069444072,14.008026888737312
2019-09-20,综合金融,6.95834e+09,2.6270764e+12,0.0026487012,21.078450286388396
2019-09-20,计算机,3.092698e+11,2.6270764e+12,0.11772394,26.56043829445569
2019-09-20,轻工制造,3.6375376e+10,2.6270764e+12,0.013846334,15.895367309868893
2019-09-20,通信,1.5206031e+11,2.6270764e+12,0.057881955,28.2313729596138
2019-09-20,钢铁,2.1002625e+10,2.6270764e+12,0.007994676,3.9846166471640267
2019-09-20,银行,5.3398585e+10,2.6270764e+12,0.02032624,5.584130296201417
2019-09-20,非银行金融,1.6536488e+11,2.6270764e+12,0.06294635,11.437269807571457
2019-09-20,食品饮料,1.1932723e+11,2.6270764e+12,0.045422062,12.952618677169085
2019-09-27,交通运输,3.6624396e+10,2.4634744e+12,0.014866969,5.190767255620422
2019-09-27,传媒,7.438789e+10,2.4634744e+12,0.030196331,13.806684849739074
2019-09-27,农林牧渔,5.8178474e+10,2.4634744e+12,0.023616431,10.466482930067109
2019-09-27,医药,1.7759255e+11,2.4634744e+12,0.072090276,8.813848135281242
2019-09-27,商贸零售,2.7023034e+10,2.4634744e+12,0.0109694805,6.931286368636709
2019-09-27,国防军工,6.8105204e+10,2.4634744e+12,0.027645996,18.35040552068401
2019-09-27,基础化工,1.2546165e+11,2.4634744e+12,0.05092874,14.701124069591364
2019-09-27,家电,3.991742e+10,2.4634744e+12,0.016203709,12.805885199640619
2019-09-27,建材,2.7172532e+10,2.4634744e+12,0.011030166,6.678495754658337
2019-09-27,建筑,3.207381e+10,2.4634744e+12,0.013019745,9.215999198310515
2019-09-27,房地产,4.326535e+10,2.4634744e+12,0.017562736,4.137102885888173
2019-09-27,有色金属,8.501488e+10,2.4634744e+12,0.034510154,9.296619041193098
2019-09-27,机械,1.4805269e+11,2.4634744e+12,0.06009914,16.630428484583323
2019-09-27,汽车,6.1454807e+10,2.4634744e+12,0.024946395,13.782541397270883
2019-09-27,消费者服务,1.8437235e+10,2.4634744e+12,0.0074842405,8.373269965648651
2019-09-27,煤炭,1.3392154e+10,2.4634744e+12,0.005436287,3.0237771204539707
2019-09-27,电力及公用事业,4.932105e+10,2.4634744e+12,0.02002093,7.153448810392037
2019-09-27,电力设备及新能源,1.1754676e+11,2.4634744e+12,0.047715846,12.329385423554783
2019-09-27,电子,4.0330694e+11,2.4634744e+12,0.16371469,26.689890018609017
2019-09-27,石油石化,1.7586078e+10,2.4634744e+12,0.0071387296,6.905238651416519
2019-09-27,纺织服装,1.2768682e+10,2.4634744e+12,0.005183201,7.167343224222596
2019-09-27,综合,1.4658233e+10,2.4634744e+12,0.005950228,11.912361443042755
2019-09-27,综合金融,8.0103936e+09,2.4634744e+12,0.003251665,23.410040020942688
2019-09-27,计算机,3.0727573e+11,2.4634744e+12,0.124732666,23.460543820318186
2019-09-27,轻工制造,3.3150693e+10,2.4634744e+12,0.013456886,14.59725134116467
2019-09-27,通信,1.405594e+11,2.4634744e+12,0.057057384,25.484625866413115
2019-09-27,钢铁,1.4540579e+10,2.4634744e+12,0.005902468,3.1116142592259814
2019-09-27,银行,6.6327347e+10,2.4634744e+12,0.02692431,7.548306086298191
2019-09-27,非银行金融,1.28475365e+11,2.4634744e+12,0.0521521,8.850922189061604
2019-09-27,食品饮料,1.0747188e+11,2.4634744e+12,0.04362614,12.885023833550129
2019-10-04,交通运输,,,,0.7340869149454287
2019-10-04,传媒,,,,2.1763255979418754
2019-10-04,农林牧渔,,,,1.471495126896515
2019-10-04,医药,,,,1.4563834466878942
2019-10-04,商贸零售,,,,1.0776115864515305
2019-10-04,国防军工,,,,2.264958119875676
2019-10-04,基础化工,,,,2.350992624767316
2019-10-04,家电,,,,1.5880295094407972
2019-10-04,建材,,,,0.8272605610775275
2019-10-04,建筑,,,,1.0483537778070493
2019-10-04,房地产,,,,0.5306759606688641
2019-10-04,有色金属,,,,1.4430914332114515
2019-10-04,机械,,,,2.5800790649599734
2019-10-04,汽车,,,,1.8698929986756319
2019-10-04,消费者服务,,,,1.044470004439354
2019-10-04,煤炭,,,,0.40454285378967014
2019-10-04,电力及公用事业,,,,0.9895512226787282
2019-10-04,电力设备及新能源,,,,1.8469137236871551
2019-10-04,电子,,,,4.170871364644898
2019-10-04,石油石化,,,,1.0111681857061656
2019-10-04,纺织服装,,,,1.062544589107101
2019-10-04,综合,,,,1.4451153828547552
2019-10-04,综合金融,,,,3.260360087454319
2019-10-04,计算机,,,,3.5454629054511657
2019-10-04,轻工制造,,,,2.523788786432314
2019-10-04,通信,,,,3.1885949982702733
2019-10-04,钢铁,,,,0.4341023802934658
2019-10-04,银行,,,,1.311745468639966
2019-10-04,非银行金融,,,,2.216526989662458
2019-10-04,食品饮料,,,,1.810638155672968
2019-10-11,交通运输,3.3023265e+10,1.581004e+12,0.020887528,4.668610280919298
2019-10-11,传媒,4.528156e+10,1.581004e+12,0.028641015,8.954494441509247
2019-10-11,农林牧渔,4.8340787e+10,1.581004e+12,0.030576006,7.552741543003699
2019-10-11,医药,1.249943e+11,1.581004e+12,0.07906008,6.2005619333674575
2019-10-11,商贸零售,1.6819671e+10,1.581004e+12,0.010638601,4.318409466939537
2019-10-11,国防军工,3.1390292e+10,1.581004e+12,0.019854657,8.457102682139423
2019-10-11,基础化工,8.04261e+10,1.581004e+12,0.05087027,10.139025915318575
2019-10-11,家电,2.6270806e+10,1.581004e+12,0.016616534,7.146327805323679
2019-10-11,建材,3.0694474e+10,1.581004e+12,0.019414546,6.659252082797843
2019-10-11,建筑,2.0445032e+10,1.581004e+12,0.012931677,4.9598042233651425
2019-10-11,房地产,4.447298e+10,1.581004e+12,0.028129581,2.8975423012788477
2019-10-11,有色金属,4.8300016e+10,1.581004e+12,0.030550217,5.615960022665205
2019-10-11,机械,8.448955e+10,1.581004e+12,0.053440444,10.098951624294298
2019-10-11,汽车,3.253305e+10,1.581004e+12,0.020577462,7.014542035426304
2019-10-11,消费者服务,1.521908e+10,1.581004e+12,0.0096262125,5.8856120109558105
2019-10-11,煤炭,8.701555e+09,1.581004e+12,0.005503816,2.1924971231392454
2019-10-11,电力及公用事业,3.4319305e+10,1.581004e+12,0.021707285,5.0853073034526375
2019-10-11,电力设备及新能源,7.481938e+10,1.581004e+12,0.04732397,7.8731151111094295
2019-10-11,电子,2.2962979e+11,1.581004e+12,0.14524302,16.022136313671414
2019-10-11,石油石化,1.3611017e+10,1.581004e+12,0.008609097,4.966713562607765
2019-10-11,纺织服装,8.800048e+09,1.581004e+12,0.005566114,5.0875527258660345
2019-10-11,综合,7.7390223e+09,1.581004e+12,0.004895005,5.811011536763265
2019-10-11,综合金融,3.8219978e+09,1.581004e+12,0.0024174498,11.88699975013733
2019-10-11,计算机,1.7104863e+11,1.581004e+12,0.10818988,14.907550361794485
2019-10-11,轻工制造,2.3833733e+10,1.581004e+12,0.015075062,11.389274782527274
2019-10-11,通信,7.475839e+10,1.581004e+12,0.04728539,13.965168985128402
2019-10-11,钢铁,9.095675e+09,1.581004e+12,0.0057531004,2.262859519393671
2019-10-11,银行,6.702388e+10,1.581004e+12,0.04239324,7.068233255635608
2019-10-11,非银行金融,9.056108e+10,1.581004e+12,0.05728074,8.205261833137936
2019-10-11,食品饮料,7.757365e+10,1.581004e+12,0.04906607,7.645173222133794
2019-10-18,交通运输,5.6454844e+10,2.1443345e+12,0.026327442,8.473215856284739
2019-10-18,传媒,7.8778425e+10,2.1443345e+12,0.036737937,13.848912836551666
2019-10-18,农林牧渔,5.313313e+10,2.1443345e+12,0.02477838,10.641410831634591
2019-10-18,医药,1.8690988e+11,2.1443345e+12,0.08716452,9.145016253586636
2019-10-18,商贸零售,2.8456174e+10,2.1443345e+12,0.013270399,7.482507370647631
2019-10-18,国防军工,4.119371e+10,2.1443345e+12,0.019210488,11.811110857370737
2019-10-18,基础化工,1.0405864e+11,2.1443345e+12,0.048527244,12.169429400601448
2019-10-18,家电,3.1595694e+10,2.1443345e+12,0.014734499,9.655724547925542
2019-10-18,建材,3.3447379e+10,2.1443345e+12,0.015598023,7.895207044943957
2019-10-18,建筑,3.201576e+10,2.1443345e+12,0.0149303945,7.186885725049412
2019-10-18,房地产,5.203681e+10,2.1443345e+12,0.024267113,3.9121009598557768
2019-10-18,有色金属,5.376101e+10,2.1443345e+12,0.025071187,7.034827608437765
2019-10-18,机械,1.1197525e+11,2.1443345e+12,0.052219115,13.098665529823585
2019-10-18,汽车,4.646762e+10,2.1443345e+12,0.02166995,9.387676597018785
2019-10-18,消费者服务,1.8030367e+10,2.1443345e+12,0.008408374,8.863698021173477
2019-10-18,煤炭,1.1534703e+10,2.1443345e+12,0.0053791525,2.685708576440811
2019-10-18,电力及公用事业,5.3477147e+10,2.1443345e+12,0.024938809,7.6820012281944114
2019-10-18,电力设备及新能源,9.7616536e+10,2.1443345e+12,0.045523,10.012746422164208
2019-10-18,电子,2.7607587e+11,2.1443345e+12,0.12874664,21.052927508883112
2019-10-18,石油石化,1.9401953e+10,2.1443345e+12,0.0090480065,7.037065805697983
2019-10-18,纺织服装,1.3264689e+10,2.1443345e+12,0.0061859232,6.916464884538908
2019-10-18,综合,1.063349e+10,2.1443345e+12,0.004958877,8.951988534285473
2019-10-18,综合金融,5.650113e+09,2.1443345e+12,0.0026349027,16.10159003138542
2019-10-18,计算机,2.388312e+11,2.1443345e+12,0.111377776,21.105643635064784
2019-10-18,轻工制造,3.6260856e+10,2.1443345e+12,0.016910074,14.360579535504367
2019-10-18,通信,9.4769684e+10,2.1443345e+12,0.044195384,17.036249046325683
2019-10-18,钢铁,1.2351878e+10,2.1443345e+12,0.0057602385,3.014416680449531
2019-10-18,银行,9.577065e+10,2.1443345e+12,0.044662178,14.521902799606323
2019-10-18,非银行金融,1.389951e+11,2.1443345e+12,0.06481969,12.67378108794727
2019-10-18,食品饮料,1.0676395e+11,2.1443345e+12,0.04978885,10.807709361474538
2019-10-25,交通运输,3.872716e+10,1.8138787e+12,0.02135047,6.020185976663482
2019-10-25,传媒,6.8185063e+10,1.8138787e+12,0.037590753,12.360053711891174
2019-10-25,农林牧渔,9.970383e+10,1.8138787e+12,0.054967202,16.421826792017715
2019-10-25,医药,1.7440254e+11,1.8138787e+12,0.09614895,9.730427065009724
2019-10-25,商贸零售,3.0981261e+10,1.8138787e+12,0.017080117,8.263524194453892
2019-10-25,国防军工,3.032378e+10,1.8138787e+12,0.016717644,8.84510938702403
2019-10-25,基础化工,8.815369e+10,1.8138787e+12,0.04859955,10.572580748070509
2019-10-25,家电,2.7787241e+10,1.8138787e+12,0.015319239,7.709498363440154
2019-10-25,建材,2.6460785e+10,1.8138787e+12,0.014587957,6.833636606243295
2019-10-25,建筑,2.5167213e+10,1.8138787e+12,0.013874805,6.170185820758343
2019-10-25,房地产,4.4396974e+10,1.8138787e+12,0.024476264,2.9504211622361955
2019-10-25,有色金属,4.180541e+10,1.8138787e+12,0.023047524,5.598705695356641
2019-10-25,机械,8.7943406e+10,1.8138787e+12,0.04848362,10.502273152535643
2019-10-25,汽车,3.8666596e+10,1.8138787e+12,0.02131708,8.238686789038047
2019-10-25,消费者服务,1.5533192e+10,1.8138787e+12,0.008563523,6.621637204114129
2019-10-25,煤炭,8.5633055e+09,1.8138787e+12,0.0047209915,1.8214114291327341
2019-10-25,电力及公用事业,4.2686947e+10,1.8138787e+12,0.02353352,5.983185366341254
2019-10-25,电力设备及新能源,7.008904e+10,1.8138787e+12,0.038640425,8.501685399397285
2019-10-25,电子,2.1916143e+11,1.8138787e+12,0.12082475,17.25434279656625
2019-10-25,石油石化,1.4101268e+10,1.8138787e+12,0.007774097,4.7050409103659065
2019-10-25,纺织服装,1.2339317e+10,1.8138787e+12,0.006802724,6.805090519222054
2019-10-25,综合,7.2907177e+09,1.8138787e+12,0.0040194076,6.676892294333531
2019-10-25,综合金融,3.500482e+09,1.8138787e+12,0.0019298325,11.173630034923553
2019-10-25,计算机,2.1317919e+11,1.8138787e+12,0.11752671,18.867415887089404
2019-10-25,轻工制造,3.1416705e+10,1.8138787e+12,0.01732018,12.681729037070943
2019-10-25,通信,7.681281e+10,1.8138787e+12,0.04234727,13.876585972309112
2019-10-25,钢铁,9.823346e+09,1.8138787e+12,0.0054156575,2.4826166782350767
2019-10-25,银行,6.63293e+10,1.8138787e+12,0.036567662,7.668206106532704
2019-10-25,非银行金融,1.0823293e+11,1.8138787e+12,0.059669334,9.364760476445396
2019-10-25,食品饮料,8.9946595e+10,1.8138787e+12,0.049587987,9.640733017749394
2019-11-01,交通运输,5.1090223e+10,2.347117e+12,0.021767225,3.81727382613816
2019-11-01,传媒,9.177179e+10,2.347117e+12,0.039099794,7.796389961123467
2019-11-01,农林牧渔,1.1993564e+11,2.347117e+12,0.05109913,10.543184947783509
2019-11-01,医药,2.0805693e+11,2.347117e+12,0.08864361,5.632095913173722
2019-11-01,商贸零售,3.6776714e+10,2.347117e+12,0.015668888,4.256303679707803
2019-11-01,国防军工,3.5957293e+10,2.347117e+12,0.01531977,5.085899326648261
2019-11-01,基础化工,9.923151e+10,2.347117e+12,0.04227804,5.365307224699511
2019-11-01,家电,5.7425048e+10,2.347117e+12,0.024466205,5.229050816082563
2019-11-01,建材,3.2907997e+10,2.347117e+12,0.014020603,3.7954154856188196
2019-11-01,建筑,3.515672e+10,2.347117e+12,0.014978683,4.2354628136766355
2019-11-01,房地产,5.1947053e+10,2.347117e+12,0.022132281,1.8750947235295405
2019-11-01,有色金属,4.7703794e+10,2.347117e+12,0.02032442,3.210788091165679
2019-11-01,机械,9.913065e+10,2.347117e+12,0.04223507,5.565723778283369
2019-11-01,汽车,5.120253e+10,2.347117e+12,0.021815073,4.592433977216107
2019-11-01,消费者服务,1.874499e+10,2.347117e+12,0.007986389,4.911149061339743
2019-11-01,煤炭,1.1891212e+10,2.347117e+12,0.0050663054,1.4050214301262582
2019-11-01,电力及公用事业,5.4422594e+10,2.347117e+12,0.023186997,3.6106024478425884
2019-11-01,电力设备及新能源,8.886682e+10,2.347117e+12,0.037862115,4.894689588584995
2019-11-01,电子,2.838101e+11,2.347117e+12,0.120918594,10.693613716711601
2019-11-01,石油石化,1.6248029e+10,2.347117e+12,0.0069225472,2.5238397874530745
2019-11-01,纺织服装,1.5077428e+10,2.347117e+12,0.0064238077,4.196291232531941
2019-11-01,综合,1.1933619e+10,2.347117e+12,0.005084373,4.89639998256014
2019-11-01,综合金融,4.941314e+09,2.347117e+12,0.0021052696,7.398864905536175
2019-11-01,计算机,3.471038e+11,2.347117e+12,0.14788516,13.157745782268602
2019-11-01,轻工制造,4.5691236e+10,2.347117e+12,0.01946696,7.500295874904151
2019-11-01,通信,1.0372853e+11,2.347117e+12,0.044194017,8.837422989010811
2019-11-01,钢铁,1.220506e+10,2.347117e+12,0.005200022,1.4994262041346658
2019-11-01,银行,7.609632e+10,2.347117e+12,0.032421187,4.54276029573863
2019-11-01,非银行金融,1.2106061e+11,2.347117e+12,0.05157843,4.5714801993398435
2019-11-01,食品饮料,1.14341495e+11,2.347117e+12,0.048715718,5.42816909191381
2019-11-08,交通运输,4.6476087e+10,2.1943895e+12,0.021179507,6.127560767614953
2019-11-08,传媒,7.058362e+10,2.1943895e+12,0.032165494,12.870947118282318
2019-11-08,农林牧渔,8.912916e+10,2.1943895e+12,0.040616836,13.692960301795639
2019-11-08,医药,2.0374785e+11,2.1943895e+12,0.09284945,11.62168570648891
2019-11-08,商贸零售,3.3014823e+10,2.1943895e+12,0.015045106,7.1445410546503565
2019-11-08,国防军工,4.028057e+10,2.1943895e+12,0.018356163,10.477556847237253
2019-11-08,基础化工,1.0227583e+11,2.1943895e+12,0.046607878,11.128487916888705
2019-11-08,家电,5.2459753e+10,2.1943895e+12,0.02390631,9.754337683075764
2019-11-08,建材,3.6984672e+10,2.1943895e+12,0.016854197,7.247030968397436
2019-11-08,建筑,3.853825e+10,2.1943895e+12,0.017562173,9.29824837626981
2019-11-08,房地产,5.761812e+10,2.1943895e+12,0.026257016,3.4434076957404613
2019-11-08,有色金属,5.873603e+10,2.1943895e+12,0.026766457,6.250445729210263
2019-11-08,机械,8.556267e+10,2.1943895e+12,0.03899156,10.008089485123406
2019-11-08,汽车,5.631506e+10,2.1943895e+12,0.025663203,10.839548330262023
2019-11-08,消费者服务,2.0287164e+10,2.1943895e+12,0.009245016,13.040907716049867
2019-11-08,煤炭,1.1281022e+10,2.1943895e+12,0.0051408475,2.455585719006402
2019-11-08,电力及公用事业,4.5022863e+10,2.1943895e+12,0.020517262,5.719442683930804
2019-11-08,电力设备及新能源,9.598473e+10,2.1943895e+12,0.043740973,8.959169931643832
2019-11-08,电子,2.983126e+11,2.1943895e+12,0.13594332,21.846486946927058
2019-11-08,石油石化,1.6161217e+10,2.1943895e+12,0.0073647895,4.976747797971422
2019-11-08,纺织服装,1.3529299e+10,2.1943895e+12,0.006165405,7.129289181651296
2019-11-08,综合,1.1281613e+10,2.1943895e+12,0.0051411167,7.617557663183946
2019-11-08,综合金融,3.553176e+09,2.1943895e+12,0.0016192094,10.159880065917969
2019-11-08,计算机,2.4398689e+11,2.1943895e+12,0.11118668,20.250602708211005
2019-11-08,轻工制造,4.653458e+10,2.1943895e+12,0.021206161,15.040630649637293
2019-11-08,通信,8.782904e+10,2.1943895e+12,0.040024363,14.49322390794754
2019-11-08,钢铁,1.3342217e+10,2.1943895e+12,0.00608015,3.0118690253723237
2019-11-08,银行,8.25458e+10,2.1943895e+12,0.037616752,7.481838227194898
2019-11-08,非银行金融,1.2889186e+11,2.1943895e+12,0.058737002,8.784077739904797
2019-11-08,食品饮料,1.0125099e+11,2.1943895e+12,0.046140846,8.7179648882335
2019-11-15,交通运输,3.1351273e+10,1.8885056e+12,0.016601102,4.694122438397363
2019-11-15,传媒,6.104536e+10,1.8885056e+12,0.03232469,11.23225047636032
2019-11-15,农林牧渔,5.9098673e+10,1.8885056e+12,0.031293884,10.595949413546597
2019-11-15,医药,1.8574567e+11,1.8885056e+12,0.098355904,9.674111268377613
2019-11-15,商贸零售,2.6249871e+10,1.8885056e+12,0.013899812,6.283773695795159
2019-11-15,国防军工,3.0632202e+10,1.8885056e+12,0.01622034,9.238206728084668
2019-11-15,基础化工,8.542732e+10,1.8885056e+12,0.04523541,9.86801487226275
2019-11-15,家电,4.3685913e+10,1.8885056e+12,0.023132531,8.998547663454149
2019-11-15,建材,3.3342595e+10,1.8885056e+12,0.017655546,6.56729445239188
2019-11-15,建筑,3.6927664e+10,1.8885056e+12,0.019553907,10.6639312754889
2019-11-15,房地产,3.8672683e+10,1.8885056e+12,0.020477928,3.0045971179810853
2019-11-15,有色金属,4.873758e+10,1.8885056e+12,0.025807485,6.006394254025959
2019-11-15,机械,8.2765595e+10,1.8885056e+12,0.043825973,9.525003787400067
2019-11-15,汽车,4.725979e+10,1.8885056e+12,0.025024967,10.96551461602157
2019-11-15,消费者服务,1.9107721e+10,1.8885056e+12,0.010117906,11.177870404486562
2019-11-15,煤炭,1.1414571e+10,1.8885056e+12,0.0060442346,2.2714057104928154
2019-11-15,电力及公用事业,3.739683e+10,1.8885056e+12,0.01980234,5.048530346787337
2019-11-15,电力设备及新能源,7.6827435e+10,1.8885056e+12,0.040681604,9.041133103391672
2019-11-15,电子,3.2116382e+11,1.8885056e+12,0.17006242,23.39772867665296
2019-11-15,石油石化,1.7310945e+10,1.8885056e+12,0.009166478,5.245895480906421
2019-11-15,纺织服装,1.2592751e+10,1.8885056e+12,0.0066681034,8.075806854544458
2019-11-15,综合,7.0776013e+09,1.8885056e+12,0.0037477259,6.208388440884077
2019-11-15,综合金融,2.2388662e+09,1.8885056e+12,0.0011855226,6.980309844017029
2019-11-15,计算机,2.064713e+11,1.8885056e+12,0.10933052,17.858980750536315
2019-11-15,轻工制造,3.8022783e+10,1.8885056e+12,0.020133795,14.685810976558262
2019-11-15,通信,7.474982e+10,1.8885056e+12,0.039581466,13.488213045597076
2019-11-15,钢铁,1.2100837e+10,1.8885056e+12,0.006407626,2.465600008056277
2019-11-15,银行,5.2747256e+10,1.8885056e+12,0.027930686,5.011344085283139
2019-11-15,非银行金融,9.534227e+10,1.8885056e+12,0.050485566,8.158742861615288
2019-11-15,食品饮料,9.072804e+10,1.8885056e+12,0.04804224,8.286962919935737
2019-11-22,交通运输,2.8892522e+10,1.9842307e+12,0.01456107,4.1435308351973505
2019-11-22,传媒,9.9840655e+10,1.9842307e+12,0.05031706,15.336477797655832
2019-11-22,农林牧渔,5.1705393e+10,1.9842307e+12,0.026058156,10.034636090677905
2019-11-22,医药,2.0193401e+11,1.9842307e+12,0.101769425,9.30829577606087
2019-11-22,商贸零售,2.2018214e+10,1.9842307e+12,0.0110965995,5.797140017936104
2019-11-22,国防军工,3.1608373e+10,1.9842307e+12,0.015929786,9.48313519358635
2019-11-22,基础化工,9.366653e+10,1.9842307e+12,0.047205463,10.807902498159018
2019-11-22,家电,3.6685115e+10,1.9842307e+12,0.01848833,8.835573783663452
2019-11-22,建材,3.8014665e+10,1.9842307e+12,0.01915839,7.474564732800068
2019-11-22,建筑,3.3881352e+10,1.9842307e+12,0.01707531,10.403228641044898
2019-11-22,房地产,3.86644e+10,1.9842307e+12,0.019485839,3.29939425478761
2019-11-22,有色金属,6.3942803e+10,1.9842307e+12,0.03222549,6.577942855017525
2019-11-22,机械,8.615906e+10,1.9842307e+12,0.043421894,9.380474737761677
2019-11-22,汽车,4.7381066e+10,1.9842307e+12,0.023878809,11.116681182159567
2019-11-22,消费者服务,1.6791066e+10,1.9842307e+12,0.008462255,9.48304113336638
2019-11-22,煤炭,1.2950608e+10,1.9842307e+12,0.006526765,3.4268199844019755
2019-11-22,电力及公用事业,3.630845e+10,1.9842307e+12,0.018298503,5.250069109869726
2019-11-22,电力设备及新能源,8.396088e+10,1.9842307e+12,0.04231407,9.355074015482932
2019-11-22,电子,3.0029788e+11,1.9842307e+12,0.15134221,21.528909320643702
2019-11-22,石油石化,1.5487189e+10,1.9842307e+12,0.007805135,4.717518231408163
2019-11-22,纺织服装,1.0900394e+10,1.9842307e+12,0.0054935114,7.432040651907792
2019-11-22,综合,7.112023e+09,1.9842307e+12,0.0035842722,6.808999978579008
2019-11-22,综合金融,2.672942e+09,1.9842307e+12,0.0013470923,10.164810051769019
2019-11-22,计算机,2.3463969e+11,1.9842307e+12,0.11825222,17.464706033876496
2019-11-22,轻工制造,4.0280883e+10,1.9842307e+12,0.020300504,15.414770242240694
2019-11-22,通信,8.319409e+10,1.9842307e+12,0.041927632,15.265196014642715
2019-11-22,钢铁,2.0285966e+10,1.9842307e+12,0.010223593,3.7678714380377816
2019-11-22,银行,5.1894776e+10,1.9842307e+12,0.0261536,3.9384852739817955
2019-11-22,非银行金融,1.02610534e+11,1.9842307e+12,0.051713005,9.352331747611364
2019-11-22,食品饮料,8.6679134e+10,1.9842307e+12,0.043684,7.52642472810352
2019-11-29,交通运输,2.9111691e+10,1.7791501e+12,0.016362695,3.4687168224949705
2019-11-29,传媒,5.801305e+10,1.7791501e+12,0.032607168,9.530910298464791
2019-11-29,农林牧渔,4.540555e+10,1.7791501e+12,0.02552092,8.749680721436638
2019-11-29,医药,1.677482e+11,1.7791501e+12,0.094285585,7.338975675717527
2019-11-29,商贸零售,2.1923746e+10,1.7791501e+12,0.012322594,5.090129461727645
2019-11-29,国防军工,2.450152e+10,1.7791501e+12,0.013771474,7.056874258292688
2019-11-29,基础化工,8.9719456e+10,1.7791501e+12,0.050428268,9.47915375744924
2019-11-29,家电,3.5359035e+10,1.7791501e+12,0.019874116,7.7857917820821045
2019-11-29,建材,4.6893003e+10,1.7791501e+12,0.026356969,9.681356415782176
2019-11-29,建筑,3.8365168e+10,1.7791501e+12,0.021563761,8.97417705616013
2019-11-29,房地产,4.274651e+10,1.7791501e+12,0.024026366,3.7500009651367483
2019-11-29,有色金属,6.96032e+10,1.7791501e+12,0.039121598,6.860499010767255
2019-11-29,机械,8.708811e+10,1.7791501e+12,0.04894928,9.166485835849375
2019-11-29,汽车,4.545719e+10,1.7791501e+12,0.025549946,9.521308720484376
2019-11-29,消费者服务,1.6200123e+10,1.7791501e+12,0.009105541,7.699992244150124
2019-11-29,煤炭,2.1033728e+10,1.7791501e+12,0.011822346,5.97769433089665
2019-11-29,电力及公用事业,3.2235133e+10,1.7791501e+12,0.018118277,4.233721194664637
2019-11-29,电力设备及新能源,8.990989e+10,1.7791501e+12,0.050535303,8.23207401349681
2019-11-29,电子,2.7451048e+11,1.7791501e+12,0.15429305,17.672446137915056
2019-11-29,石油石化,1.6236605e+10,1.7791501e+12,0.009126046,4.626100072467869
2019-11-29,纺织服装,9.710278e+09,1.7791501e+12,0.005457818,6.434685086881792
2019-11-29,综合,4.571893e+09,1.7791501e+12,0.0025697064,4.32906155861341
2019-11-29,综合金融,2.7236068e+09,1.7791501e+12,0.0015308472,8.365089905261993
2019-11-29,计算机,1.55025e+11,1.7791501e+12,0.0871343,12.372867546669424
2019-11-29,轻工制造,3.0345013e+10,1.7791501e+12,0.017055904,12.18481023195717
2019-11-29,通信,6.367675e+10,1.7791501e+12,0.035790544,11.798593986034394
2019-11-29,钢铁,3.027673e+10,1.7791501e+12,0.017017525,6.103109488884608
2019-11-29,银行,5.6997237e+10,1.7791501e+12,0.032036215,6.278391449366297
2019-11-29,非银行金融,8.265218e+10,1.7791501e+12,0.046455987,7.134668198133272
2019-11-29,食品饮料,8.6520955e+10,1.7791501e+12,0.0486305,5.534947372588915
2019-12-06,交通运输,2.5667234e+10,1.8332418e+12,0.014001008,3.423528950905131
2019-12-06,传媒,6.3794524e+10,1.8332418e+12,0.03479875,11.470265756050745
2019-12-06,农林牧渔,4.7637746e+10,1.8332418e+12,0.025985522,8.571943357048264
2019-12-06,医药,1.4918166e+11,1.8332418e+12,0.081375875,7.917038871352696
2019-12-06,商贸零售,2.2752487e+10,1.8332418e+12,0.012411067,5.4150052754502545
2019-12-06,国防军工,3.1966104e+10,1.8332418e+12,0.017436927,7.8163506142298385
2019-12-06,基础化工,8.9105785e+10,1.8332418e+12,0.048605584,10.425035188966822
2019-12-06,家电,3.757935e+10,1.8332418e+12,0.020498851,6.643498361110687
2019-12-06,建材,3.2166193e+10,1.8332418e+12,0.017546073,8.334536516330612
2019-12-06,建筑,2.7740457e+10,1.8332418e+12,0.015131914,7.437439446566535
2019-12-06,房地产,3.8766817e+10,1.8332418e+12,0.021146592,3.022272409853481
2019-12-06,有色金属,7.121207e+10,1.8332418e+12,0.038844887,7.0660647744224185
2019-12-06,机械,8.889734e+10,1.8332418e+12,0.04849188,10.384357061526961
2019-12-06,汽车,6.2154547e+10,1.8332418e+12,0.033904172,14.60786947775632
2019-12-06,消费者服务,1.5175542e+10,1.8332418e+12,0.008277982,8.030566663134332
2019-12-06,煤炭,1.2070632e+10,1.8332418e+12,0.00658431,3.38347145148686
2019-12-06,电力及公用事业,3.1036854e+10,1.8332418e+12,0.016930038,4.227130896936764
2019-12-06,电力设备及新能源,9.400467e+10,1.8332418e+12,0.05127783,8.387636099092761
2019-12-06,电子,3.4067127e+11,1.8332418e+12,0.18582997,22.23215329994758
2019-12-06,石油石化,1.2883176e+10,1.8332418e+12,0.007027538,4.3725636459209705
2019-12-06,纺织服装,8.354044e+09,1.8332418e+12,0.0045569786,5.199102756542128
2019-12-06,综合,5.9781955e+09,1.8332418e+12,0.0032609967,6.230150021039522
2019-12-06,综合金融,2.495534e+09,1.8332418e+12,0.0013612683,8.812589955329894
2019-12-06,计算机,1.7925092e+11,1.8332418e+12,0.09777811,13.93051957433874
2019-12-06,轻工制造,2.905384e+10,1.8332418e+12,0.01584834,11.570669841328892
2019-12-06,通信,7.450829e+10,1.8332418e+12,0.040642913,13.304063944816589
2019-12-06,钢铁,1.4874313e+10,1.8332418e+12,0.008113666,3.2946428684961226
2019-12-06,银行,3.957467e+10,1.8332418e+12,0.021587262,3.781465758596148
2019-12-06,非银行金融,1.0013335e+11,1.8332418e+12,0.054620918,9.160609427425596
2019-12-06,食品饮料,7.997592e+10,1.8332418e+12,0.04362541,6.407976260504772
2019-12-13,交通运输,3.702248e+10,2.3511664e+12,0.015746431,4.296770087190878
2019-12-13,传媒,9.4020624e+10,2.3511664e+12,0.039988928,15.755192077349102
2019-12-13,农林牧渔,5.246987e+10,2.3511664e+12,0.022316528,9.997851810182434
2019-12-13,医药,1.6249027e+11,2.3511664e+12,0.06911049,9.412562446334423
2019-12-13,商贸零售,3.4122308e+10,2.3511664e+12,0.014512927,7.178447321527883
2019-12-13,国防军工,3.748503e+10,2.3511664e+12,0.015943164,9.94592400709788
2019-12-13,基础化工,1.1427527e+11,2.3511664e+12,0.04860365,12.97100748971244
2019-12-13,家电,3.911478e+10,2.3511664e+12,0.01663633,8.846067069006748
2019-12-13,建材,4.1969983e+10,2.3511664e+12,0.017850708,9.457649213327489
2019-12-13,建筑,3.496725e+10,2.3511664e+12,0.014872299,8.340740988489058
2019-12-13,房地产,5.748e+10,2.3511664e+12,0.02444744,4.85751812401272
2019-12-13,有色金属,7.206402e+10,2.3511664e+12,0.030650325,7.136756187393551
2019-12-13,机械,1.2696399e+11,2.3511664e+12,0.054000426,14.097474150959103
2019-12-13,汽车,7.009399e+10,2.3511664e+12,0.029812431,15.863815033435822
2019-12-13,消费者服务,2.0702773e+10,2.3511664e+12,0.008805321,10.051854888598124
2019-12-13,煤炭,1.4462923e+10,2.3511664e+12,0.006151382,3.9689057631152016
2019-12-13,电力及公用事业,3.622583e+10,2.3511664e+12,0.0154075995,4.808497592987436
2019-12-13,电力设备及新能源,1.0308664e+11,2.3511664e+12,0.043844894,9.445040054652134
2019-12-13,电子,4.559838e+11,2.3511664e+12,0.1939394,29.70441154513094
2019-12-13,石油石化,1.7087866e+10,2.3511664e+12,0.007267825,5.180272714658217
2019-12-13,纺织服装,1.0470529e+10,2.3511664e+12,0.004453334,6.124212144194423
2019-12-13,综合,7.253951e+09,2.3511664e+12,0.0030852563,6.794911535886618
2019-12-13,综合金融,3.4713615e+09,2.3511664e+12,0.0014764423,11.244120180606842
2019-12-13,计算机,2.6449832e+11,2.3511664e+12,0.11249664,21.85154322890548
2019-12-13,轻工制造,3.4015293e+10,2.3511664e+12,0.014467413,11.810288076553869
2019-12-13,通信,9.898277e+10,2.3511664e+12,0.042099435,16.950515149831773
2019-12-13,钢铁,2.396829e+10,2.3511664e+12,0.010194213,4.675083342052641
2019-12-13,银行,6.8442878e+10,2.3511664e+12,0.02911018,8.596152692619297
2019-12-13,非银行金融,1.406366e+11,2.3511664e+12,0.059815675,11.39415554110966
2019-12-13,食品饮料,7.367265e+10,2.3511664e+12,0.03133451,6.940918571555738
2019-12-20,交通运输,4.9963606e+10,3.1156483e+12,0.016036343,6.60610191008755
2019-12-20,传媒,1.421118e+11,3.1156483e+12,0.045612272,21.49041585884397
2019-12-20,农林牧渔,6.537268e+10,3.1156483e+12,0.020982048,12.833365089203937
2019-12-20,医药,1.9670385e+11,3.1156483e+12,0.06313416,10.546947400348309
2019-12-20,商贸零售,4.5597733e+10,3.1156483e+12,0.01463507,9.867474752978275
2019-12-20,国防军工,5.658149e+10,3.1156483e+12,0.018160421,13.782429337501526
2019-12-20,基础化工,1.4656453e+11,3.1156483e+12,0.047041424,15.651967004823536
2019-12-20,家电,5.2081693e+10,3.1156483e+12,0.016716165,12.798152512214223
2019-12-20,建材,4.707179e+10,3.1156483e+12,0.015108185,11.606726637188817
2019-12-20,建筑,4.6207492e+10,3.1156483e+12,0.014830779,10.273831938133865
2019-12-20,房地产,7.220357e+10,3.1156483e+12,0.023174493,6.315019781859416
2019-12-20,有色金属,9.377655e+10,3.1156483e+12,0.030098569,9.88905995005653
2019-12-20,机械,1.5307017e+11,3.1156483e+12,0.04912948,16.64674254772307
2019-12-20,汽车,8.566939e+10,3.1156483e+12,0.027496489,18.46375356428325
2019-12-20,消费者服务,2.6538557e+10,3.1156483e+12,0.008517829,11.097141069524428
2019-12-20,煤炭,2.1559382e+10,3.1156483e+12,0.00691971,5.287300038337707
2019-12-20,电力及公用事业,5.0851946e+10,3.1156483e+12,0.016321465,6.988500547247479
2019-12-20,电力设备及新能源,1.2787121e+11,3.1156483e+12,0.04104161,11.845744447035937
2019-12-20,电子,5.585862e+11,3.1156483e+12,0.1792841,34.85643523766667
2019-12-20,石油石化,2.0679422e+10,3.1156483e+12,0.0066372775,6.762856821783564
2019-12-20,纺织服装,1.6285467e+10,3.1156483e+12,0.005226991,9.692921522501353
2019-12-20,综合,9.998273e+09,3.1156483e+12,0.0032090505,9.267180681228638
2019-12-20,综合金融,5.1943813e+09,3.1156483e+12,0.0016671912,13.468309783935547
2019-12-20,计算机,3.2002792e+11,3.1156483e+12,0.10271632,24.171049655415118
2019-12-20,轻工制造,5.3143835e+10,3.1156483e+12,0.01705707,19.392749304891726
2019-12-20,通信,1.3843335e+11,3.1156483e+12,0.044431634,22.721327760219573
2019-12-20,钢铁,2.5019509e+10,3.1156483e+12,0.008030274,4.560823816628683
2019-12-20,银行,9.310786e+10,3.1156483e+12,0.029883945,17.996908181657393
2019-12-20,非银行金融,2.9790034e+11,3.1156483e+12,0.09561424,20.857685630756713
2019-12-20,食品饮料,9.32451e+10,3.1156483e+12,0.029927991,9.456197988013832
2019-12-27,交通运输,3.764691e+10,2.5592783e+12,0.014709971,4.736184136889805
2019-12-27,传媒,1.1301489e+11,2.5592783e+12,0.04415889,17.301718208524917
2019-12-27,农林牧渔,5.5077315e+10,2.5592783e+12,0.021520643,10.640964989561633
2019-12-27,医药,1.5909978e+11,2.5592783e+12,0.06216588,8.50663718695824
2019-12-27,商贸零售,3.9652925e+10,2.5592783e+12,0.015493792,9.274133683505811
2019-12-27,国防军工,4.3963515e+10,2.5592783e+12,0.01717809,11.67018789132436
2019-12-27,基础化工,1.63776e+11,2.5592783e+12,0.063993044,16.481888191115043
2019-12-27,家电,4.027464e+10,2.5592783e+12,0.015736718,10.83630494993241
2019-12-27,建材,4.3278905e+10,2.5592783e+12,0.01691059,9.704202799729899
2019-12-27,建筑,3.5696525e+10,2.5592783e+12,0.013947887,8.195392720034866
2019-12-27,房地产,5.974431e+10,2.5592783e+12,0.023344202,6.630164109592168
2019-12-27,有色金属,1.2682083e+11,2.5592783e+12,0.049553353,13.088017082214355
2019-12-27,机械,1.3734184e+11,2.5592783e+12,0.053664282,14.409136965230406
2019-12-27,汽车,7.652477e+10,2.5592783e+12,0.02990092,17.33692563995719
2019-12-27,消费者服务,1.698807e+10,2.5592783e+12,0.006637836,7.707556785321703
2019-12-27,煤炭,1.84376e+10,2.5592783e+12,0.0072042183,4.262611426625933
2019-12-27,电力及公用事业,4.33268e+10,2.5592783e+12,0.016929304,7.243819900664938
2019-12-27,电力设备及新能源,1.2999354e+11,2.5592783e+12,0.050793044,11.541796427991422
2019-12-27,电子,4.32702e+11,2.5592783e+12,0.16907188,28.577394998185174
2019-12-27,石油石化,1.4701971e+10,2.5592783e+12,0.005744577,5.052913631566546
2019-12-27,纺织服装,1.5510173e+10,2.5592783e+12,0.00606037,9.139966236578452
2019-12-27,综合,1.3691909e+10,2.5592783e+12,0.0053499104,9.619711541212522
2019-12-27,综合金融,3.4510577e+09,2.5592783e+12,0.0013484495,9.677080130577087
2019-12-27,计算机,2.2610326e+11,2.5592783e+12,0.088346496,18.08913079542773
2019-12-27,轻工制造,3.7630927e+10,2.5592783e+12,0.014703725,14.56464112269769
2019-12-27,通信,8.776608e+10,2.5592783e+12,0.034293294,15.003808979988099
2019-12-27,钢铁,2.2673764e+10,2.5592783e+12,0.008859437,6.176737265531407
2019-12-27,银行,6.0895457e+10,2.5592783e+12,0.023793995,11.630027742849457
2019-12-27,非银行金融,2.241702e+11,2.5592783e+12,0.08759118,15.78092073944826
2019-12-27,食品饮料,7.631632e+10,2.5592783e+12,0.029819468,8.20933672329601
2020-01-03,交通运输,4.422095e+10,2.5361355e+12,0.017436352,2.3569630885096355
2020-01-03,传媒,1.14655674e+11,2.5361355e+12,0.04520881,8.670609527755351
2020-01-03,农林牧渔,7.0066405e+10,2.5361355e+12,0.027627233,6.166660721369443
2020-01-03,医药,1.7666503e+11,2.5361355e+12,0.06965915,4.361715831505224
2020-01-03,商贸零售,3.682046e+10,2.5361355e+12,0.014518334,3.991525790565892
2020-01-03,国防军工,4.572505e+10,2.5361355e+12,0.01802942,5.613694670995076
2020-01-03,基础化工,1.4216647e+11,2.5361355e+12,0.056056343,6.510356832457625
2020-01-03,家电,3.8651953e+10,2.5361355e+12,0.015240492,4.500451635874685
2020-01-03,建材,5.7200615e+10,2.5361355e+12,0.022554243,5.720777446955022
2020-01-03,建筑,4.3924615e+10,2.5361355e+12,0.017319506,3.8450819755919645
2020-01-03,房地产,5.9130565e+10,2.5361355e+12,0.023315223,2.710096708305602
2020-01-03,有色金属,1.19349305e+11,2.5361355e+12,0.047059514,5.835080680419814
2020-01-03,机械,1.20471e+11,2.5361355e+12,0.047501802,5.64514141534056
2020-01-03,汽车,6.6792264e+10,2.5361355e+12,0.026336236,6.597035119714945
2020-01-03,消费者服务,1.652798e+10,2.5361355e+12,0.006516994,4.073348049147456
2020-01-03,煤炭,1.988157e+10,2.5361355e+12,0.007839317,2.2773499861359596
2020-01-03,电力及公用事业,4.017369e+10,2.5361355e+12,0.015840515,2.8646183855921388
2020-01-03,电力设备及新能源,1.0709216e+11,2.5361355e+12,0.042226512,4.682797566318827
2020-01-03,电子,3.3187227e+11,2.5361355e+12,0.13085747,10.260955049553763
2020-01-03,石油石化,2.1012759e+10,2.5361355e+12,0.0082853455,3.244502251036465
2020-01-03,纺织服装,2.5609193e+10,2.5361355e+12,0.010097723,6.793119568679784
2020-01-03,综合,1.3335463e+10,2.5361355e+12,0.0052581825,4.324834571434901
2020-01-03,综合金融,7.0131087e+09,2.5361355e+12,0.0027652737,8.43803995847702
2020-01-03,计算机,2.0819277e+11,2.5361355e+12,0.08209056,8.648949984576968
2020-01-03,轻工制造,3.738031e+10,2.5361355e+12,0.014739082,6.549903215071477
2020-01-03,通信,8.797998e+10,2.5361355e+12,0.03469057,6.5894285100698475
2020-01-03,钢铁,2.335245e+10,2.5361355e+12,0.009207888,2.804822075852128
2020-01-03,银行,7.198439e+10,2.5361355e+12,0.028383495,4.679822200081414
2020-01-03,非银行金融,2.7011716e+11,2.5361355e+12,0.10650738,7.049789665000779
2020-01-03,食品饮料,1.1703012e+11,2.5361355e+12,0.04614506,4.374916319792368
2020-01-10,交通运输,5.673857e+10,3.5766786e+12,0.01586348,6.2064028153909705
2020-01-10,传媒,1.9752131e+11,3.5766786e+12,0.055224787,26.82000960811736
2020-01-10,农林牧渔,1.2072724e+11,3.5766786e+12,0.03375401,19.816718890553428
2020-01-10,医药,2.2539667e+11,3.5766786e+12,0.063018434,10.995666772031937
2020-01-10,商贸零售,5.2597465e+10,3.5766786e+12,0.014705673,10.308182065110458
2020-01-10,国防军工,9.234757e+10,3.5766786e+12,0.025819365,24.55804741382599
2020-01-10,基础化工,1.9983897e+11,3.5766786e+12,0.05587278,17.614663615915347
2020-01-10,家电,6.0615344e+10,3.5766786e+12,0.016947383,13.670388722028889
2020-01-10,建材,5.5534957e+10,3.5766786e+12,0.015526963,12.063891521641906
2020-01-10,建筑,5.4596006e+10,3.5766786e+12,0.015264443,10.499900828619472
2020-01-10,房地产,6.7318927e+10,3.5766786e+12,0.018821632,5.81858587433707
2020-01-10,有色金属,1.905622e+11,3.5766786e+12,0.053279098,16.890225400339883
2020-01-10,机械,1.856483e+11,3.5766786e+12,0.051905222,17.47183665548052
2020-01-10,汽车,1.2878074e+11,3.5766786e+12,0.03600568,22.143722976957047
2020-01-10,消费者服务,2.1023275e+10,3.5766786e+12,0.0058778767,10.765415649788052
2020-01-10,煤炭,2.813073e+10,3.5766786e+12,0.007865042,6.4750571012496945
2020-01-10,电力及公用事业,6.5483395e+10,3.5766786e+12,0.018308436,9.212306549716853
2020-01-10,电力设备及新能源,1.8199937e+11,3.5766786e+12,0.05088502,16.044877935611204
2020-01-10,电子,4.876314e+11,3.5766786e+12,0.13633637,29.914100462497583
2020-01-10,石油石化,4.0204206e+10,3.5766786e+12,0.011240654,13.7781682244756
2020-01-10,纺织服装,2.5270327e+10,3.5766786e+12,0.0070653055,14.70069861573142
2020-01-10,综合,2.0040905e+10,3.5766786e+12,0.0056032166,15.420626970437857
2020-01-10,综合金融,9.923909e+09,3.5766786e+12,0.0027746158,19.528280019760132
2020-01-10,计算机,3.7167645e+11,3.5766786e+12,0.103916645,27.730167912244795
2020-01-10,轻工制造,5.068388e+10,3.5766786e+12,0.014170655,15.847458644744453
2020-01-10,通信,1.354475e+11,3.5766786e+12,0.037869632,22.48179297208786
2020-01-10,钢铁,2.9203972e+10,3.5766786e+12,0.00816511,6.458383766717689
2020-01-10,银行,6.8159422e+10,3.5766786e+12,0.019056626,6.984169484840499
2020-01-10,非银行金融,2.2858298e+11,3.5766786e+12,0.063909285,12.759026944164246
2020-01-10,食品饮料,1.228139e+11,3.5766786e+12,0.034337416,11.755724517058352
2020-01-17,交通运输,5.9732013e+10,3.130702e+12,0.019079432,5.819612972162388
2020-01-17,传媒,1.632973e+11,3.130702e+12,0.052159965,20.617678594967675
2020-01-17,农林牧渔,8.308345e+10,3.130702e+12,0.026538283,13.78009166213728
2020-01-17,医药,2.172402e+11,3.130702e+12,0.06939026,11.217425549373079
2020-01-17,商贸零售,4.68698e+10,3.130702e+12,0.01497102,9.260900984312359
2020-01-17,国防军工,5.9951493e+10,3.130702e+12,0.019149538,15.043706570800982
2020-01-17,基础化工,1.7888826e+11,3.130702e+12,0.057139985,15.96902449604343
2020-01-17,家电,5.04995e+10,3.130702e+12,0.016130408,13.27502276435975
2020-01-17,建材,4.7651906e+10,3.130702e+12,0.015220838,10.025528098495913
2020-01-17,建筑,4.366025e+10,3.130702e+12,0.013945835,9.473673789227595
2020-01-17,房地产,5.4414942e+10,3.130702e+12,0.017381068,4.853196262750986
2020-01-17,有色金属,1.3021873e+11,3.130702e+12,0.0415941,13.2397755159522
2020-01-17,机械,1.5824506e+11,3.130702e+12,0.05054619,15.153112526590329
2020-01-17,汽车,1.2173146e+11,3.130702e+12,0.03888312,18.82789821432244
2020-01-17,消费者服务,2.1262954e+10,3.130702e+12,0.006791753,8.312270627302283
2020-01-17,煤炭,1.8669947e+10,3.130702e+12,0.005963502,3.556262825216566
2020-01-17,电力及公用事业,6.0254835e+10,3.130702e+12,0.01924643,9.445394014850969
2020-01-17,电力设备及新能源,1.6306328e+11,3.130702e+12,0.052085217,13.262666552339882
2020-01-17,电子,4.9625176e+11,3.130702e+12,0.15851134,28.899103130226116
2020-01-17,石油石化,2.0572074e+10,3.130702e+12,0.006571074,6.866668199612335
2020-01-17,纺织服装,2.0566346e+10,3.130702e+12,0.0065692444,11.246456742286682
2020-01-17,综合,1.2820241e+10,3.130702e+12,0.0040950053,9.758265513640184
2020-01-17,综合金融,6.972481e+09,3.130702e+12,0.0022271303,14.338240003585815
2020-01-17,计算机,3.5451113e+11,3.130702e+12,0.11323695,24.818671113385093
2020-01-17,轻工制造,5.2430504e+10,3.130702e+12,0.016747205,14.928672498792682
2020-01-17,通信,1.232074e+11,3.130702e+12,0.039354563,19.530509996414185
2020-01-17,钢铁,1.9814506e+10,3.130702e+12,0.006329094,4.4021046230959335
2020-01-17,银行,6.1295497e+10,3.130702e+12,0.019578835,4.959963917732239
2020-01-17,非银行金融,1.7406699e+11,3.130702e+12,0.055599988,11.374417505567036
2020-01-17,食品饮料,1.0696407e+11,3.130702e+12,0.03416616,9.784208152975355
2020-01-24,交通运输,,,,5.069105555061941
2020-01-24,传媒,,,,14.409557141954936
2020-01-24,农林牧渔,,,,9.792185731232166
2020-01-24,医药,,,,17.805149211202348
2020-01-24,商贸零售,,,,6.0959378625217235
2020-01-24,国防军工,,,,15.087235508780731
2020-01-24,基础化工,,,,12.4302467504522
2020-01-24,家电,,,,10.223785444613426
2020-01-24,建材,,,,7.092329557512848
2020-01-24,建筑,,,,6.554607393311673
2020-01-24,房地产,,,,3.671291528726524
2020-01-24,有色金属,,,,9.229278306916076
2020-01-24,机械,,,,11.790480606958397
2020-01-24,汽车,,,,12.233247771026186
2020-01-24,消费者服务,,,,7.700372536977132
2020-01-24,煤炭,,,,2.9433628754956382
2020-01-24,电力及公用事业,,,,6.430942653375264
2020-01-24,电力设备及新能源,,,,9.723456435003994
2020-01-24,电子,,,,24.84892540088322
2020-01-24,石油石化,,,,5.246645413339138
2020-01-24,纺织服装,,,,10.796502571653676
2020-01-24,综合,,,,9.127865351163424
2020-01-24,综合金融,,,,17.6280396938324
2020-01-24,计算机,,,,20.563183642497147
2020-01-24,轻工制造,,,,11.150297238192428
2020-01-24,通信,,,,16.627838625766262
2020-01-24,钢铁,,,,3.728146500365679
2020-01-24,银行,,,,4.182333341903156
2020-01-24,非银行金融,,,,8.825512818873875
2020-01-24,食品饮料,,,,7.478446942202899
2020-02-07,交通运输,8.257551e+10,4.0797337e+12,0.020240417,7.161757359350169
2020-02-07,传媒,1.8516078e+11,4.0797337e+12,0.045385506,20.940258617438968
2020-02-07,农林牧渔,8.202645e+10,4.0797337e+12,0.020105833,15.843379651506742
2020-02-07,医药,6.8470945e+11,4.0797337e+12,0.1678319,33.59764213322462
2020-02-07,商贸零售,4.5749346e+10,4.0797337e+12,0.011213807,8.863110563629553
2020-02-07,国防军工,9.567772e+10,4.0797337e+12,0.023451952,19.86756848975232
2020-02-07,基础化工,2.2082575e+11,4.0797337e+12,0.054127492,17.866234004682063
2020-02-07,家电,7.2017396e+10,4.0797337e+12,0.017652474,13.33324116373819
2020-02-07,建材,4.8479535e+10,4.0797337e+12,0.011883015,10.080959106834841
2020-02-07,建筑,4.616775e+10,4.0797337e+12,0.011316364,9.430451712647422
2020-02-07,房地产,6.5588023e+10,4.0797337e+12,0.016076544,5.484872666170013
2020-02-07,有色金属,1.3161188e+11,4.0797337e+12,0.03225992,12.53298407005814
2020-02-07,机械,1.6971265e+11,4.0797337e+12,0.041598953,15.690356257286938
2020-02-07,汽车,1.1836687e+11,4.0797337e+12,0.029013382,15.996913117651614
2020-02-07,消费者服务,4.201469e+10,4.0797337e+12,0.010298391,15.031113764818977
2020-02-07,煤炭,1.9590965e+10,4.0797337e+12,0.0048020207,4.4638199891362875
2020-02-07,电力及公用事业,6.665265e+10,4.0797337e+12,0.0163375,11.104118906534636
2020-02-07,电力设备及新能源,2.0422117e+11,4.0797337e+12,0.050057475,12.883217583143763
2020-02-07,电子,5.2390376e+11,4.0797337e+12,0.12841617,27.703297840181367
2020-02-07,石油石化,3.0756508e+10,4.0797337e+12,0.007538852,9.313472779637033
2020-02-07,纺织服装,3.6412215e+10,4.0797337e+12,0.0089251455,16.3240623780199
2020-02-07,综合,1.7167453e+10,4.0797337e+12,0.0042079836,13.827799971287067
2020-02-07,综合金融,5.212732e+09,4.0797337e+12,0.0012777138,14.70362982749939
2020-02-07,计算机,3.9595616e+11,4.0797337e+12,0.097054414,28.389150294963486
2020-02-07,轻工制造,5.103727e+10,4.0797337e+12,0.012509951,16.524092775145803
2020-02-07,通信,1.3885468e+11,4.0797337e+12,0.034035232,22.73376235395375
2020-02-07,钢铁,2.2362292e+10,4.0797337e+12,0.0054813116,5.1244767696358435
2020-02-07,银行,1.0185096e+11,4.0797337e+12,0.024965102,8.182130628989803
2020-02-07,非银行金融,2.2961052e+11,4.0797337e+12,0.056280762,11.371492067026713
2020-02-07,食品饮料,1.4397846e+11,4.0797337e+12,0.035291143,11.034098902527166
2020-02-14,交通运输,5.8334335e+10,4.0872142e+12,0.014272395,5.572488867574268
2020-02-14,传媒,1.7629392e+11,4.0872142e+12,0.043133028,21.704839690337106
2020-02-14,农林牧渔,1.1313201e+11,4.0872142e+12,0.027679492,19.94839051401331
2020-02-14,医药,4.389332e+11,4.0872142e+12,0.107391775,21.994565875658505
2020-02-14,商贸零售,4.1690698e+10,4.0872142e+12,0.010200272,8.003129482896705
2020-02-14,国防军工,1.2744337e+11,4.0872142e+12,0.031180985,26.052919899162493
2020-02-14,基础化工,2.4675176e+11,4.0872142e+12,0.060371622,19.323379687872933
2020-02-14,家电,7.266915e+10,4.0872142e+12,0.017779628,15.287252291800483
2020-02-14,建材,6.074864e+10,4.0872142e+12,0.0148630915,12.13220562733395
2020-02-14,建筑,4.467175e+10,4.0872142e+12,0.010929633,9.752081220755812
2020-02-14,房地产,6.411103e+10,4.0872142e+12,0.015685752,5.3112895842993035
2020-02-14,有色金属,1.8208175e+11,4.0872142e+12,0.044549108,14.987423532413986
2020-02-14,机械,1.8331307e+11,4.0872142e+12,0.04485037,16.545054949376805
2020-02-14,汽车,1.29868366e+11,4.0872142e+12,0.031774297,16.350662924993184
2020-02-14,消费者服务,3.8920876e+10,4.0872142e+12,0.009522593,16.919276274886787
2020-02-14,煤炭,1.8974454e+10,4.0872142e+12,0.004642393,4.270431455544063
2020-02-14,电力及公用事业,7.266649e+10,4.0872142e+12,0.017778978,12.272481058299894
2020-02-14,电力设备及新能源,2.2022703e+11,4.0872142e+12,0.05388194,14.469540777436475
2020-02-14,电子,6.378565e+11,4.0872142e+12,0.15606144,32.4434001530436
2020-02-14,石油石化,2.4035682e+10,4.0872142e+12,0.0058807004,8.302309141240336
2020-02-14,纺织服装,3.2779672e+10,4.0872142e+12,0.008020052,14.921340546092472
2020-02-14,综合,2.9507123e+10,4.0872142e+12,0.007219373,16.855923203321602
2020-02-14,综合金融,5.9881395e+09,4.0872142e+12,0.0014650907,14.533639502525329
2020-02-14,计算机,4.7666296e+11,4.0872142e+12,0.11662295,30.383736729621887
2020-02-14,轻工制造,4.679787e+10,4.0872142e+12,0.01144982,13.95514779654118
2020-02-14,通信,1.5856556e+11,4.0872142e+12,0.038795512,26.95682469302533
2020-02-14,钢铁,2.7123081e+10,4.0872142e+12,0.0066360803,10.288988863879984
2020-02-14,银行,6.1876584e+10,4.0872142e+12,0.015139061,5.8799722289873495
2020-02-14,非银行金融,1.9651966e+11,4.0872142e+12,0.048081566,10.997030063280983
2020-02-14,食品饮料,9.691772e+10,4.0872142e+12,0.023712413,8.6543878073595
2020-02-21,交通运输,8.290782e+10,5.1292437e+12,0.01616375,8.880792578613317
2020-02-21,传媒,1.966552e+11,5.1292437e+12,0.03834,25.83100691863469
2020-02-21,农林牧渔,1.215104e+11,5.1292437e+12,0.02368973,19.592976206470105
2020-02-21,医药,4.052061e+11,5.1292437e+12,0.07899919,19.66800724519916
2020-02-21,商贸零售,4.71086e+10,5.1292437e+12,0.009184317,9.304801003556502
2020-02-21,国防军工,1.8141987e+11,5.1292437e+12,0.035369713,33.60316289726057
2020-02-21,基础化工,3.1988862e+11,5.1292437e+12,0.06236565,24.410294518978507
2020-02-21,家电,1.03768105e+11,5.1292437e+12,0.020230683,20.49921404558515
2020-02-21,建材,7.105831e+10,5.1292437e+12,0.013853565,14.545869034780583
2020-02-21,建筑,5.3475734e+10,5.1292437e+12,0.010425657,11.039768838491597
2020-02-21,房地产,7.316584e+10,5.1292437e+12,0.01426445,6.454182068132004
2020-02-21,有色金属,2.0895095e+11,5.1292437e+12,0.040737186,18.46925847035534
2020-02-21,机械,2.5265567e+11,5.1292437e+12,0.04925788,21.781242386176345
2020-02-21,汽车,1.690001e+11,5.1292437e+12,0.03294835,23.095700454564742
2020-02-21,消费者服务,4.2149933e+10,5.1292437e+12,0.008217572,17.00697075619417
2020-02-21,煤炭,2.333396e+10,5.1292437e+12,0.0045492006,5.118788630621774
2020-02-21,电力及公用事业,7.682184e+10,5.1292437e+12,0.014977225,11.836750260295247
2020-02-21,电力设备及新能源,2.8419375e+11,5.1292437e+12,0.05540656,18.811817907450493
2020-02-21,电子,8.7039875e+11,5.1292437e+12,0.1696934,42.810510827172465
2020-02-21,石油石化,2.7760847e+10,5.1292437e+12,0.005412269,10.098247695375573
2020-02-21,纺织服装,2.6758865e+10,5.1292437e+12,0.005216922,12.405379783462834
2020-02-21,综合,3.552166e+10,5.1292437e+12,0.0069253207,21.311950335135826
2020-02-21,综合金融,1.0661118e+10,5.1292437e+12,0.002078497,23.523400115966798
2020-02-21,计算机,5.7503285e+11,5.1292437e+12,0.1121087,34.57093899904979
2020-02-21,轻工制造,5.76017e+10,5.1292437e+12,0.011230057,17.519876142434025
2020-02-21,通信,2.1724106e+11,5.1292437e+12,0.04235343,32.66095399155336
2020-02-21,钢铁,2.9093446e+10,5.1292437e+12,0.005672073,9.490715766494924
2020-02-21,银行,7.8225195e+10,5.1292437e+12,0.015250824,10.047291729185316
2020-02-21,非银行金融,3.6508972e+11,5.1292437e+12,0.07117808,20.129579402151563
2020-02-21,食品饮料,1.1855115e+11,5.1292437e+12,0.023112793,11.839003112851357
2020-02-28,交通运输,8.372292e+10,6.0243764e+12,0.013897358,8.642071313328213
2020-02-28,传媒,2.130486e+11,6.0243764e+12,0.035364427,25.267701540674484
2020-02-28,农林牧渔,1.33247975e+11,6.0243764e+12,0.022118136,20.09759759902954
2020-02-28,医药,4.507401e+11,6.0243764e+12,0.07481938,21.523573159043345
2020-02-28,商贸零售,5.1066057e+10,6.0243764e+12,0.008476571,10.311353663394325
2020-02-28,国防军工,1.767815e+11,6.0243764e+12,0.029344363,30.21859079285672
2020-02-28,基础化工,3.461136e+11,6.0243764e+12,0.057452187,24.7776599276213
2020-02-28,家电,1.1720052e+11,6.0243764e+12,0.019454382,24.230071327042957
2020-02-28,建材,1.0009454e+11,6.0243764e+12,0.016614921,18.997860549201427
2020-02-28,建筑,9.740838e+10,6.0243764e+12,0.01616904,17.70029013860421
2020-02-28,房地产,9.713846e+10,6.0243764e+12,0.016124235,7.760602832965131
2020-02-28,有色金属,2.2325223e+11,6.0243764e+12,0.03705815,20.140921651192432
2020-02-28,机械,2.9805878e+11,6.0243764e+12,0.049475458,23.243373029017718
2020-02-28,汽车,2.0112733e+11,6.0243764e+12,0.033385586,26.460384474860298
2020-02-28,消费者服务,4.4778377e+10,6.0243764e+12,0.007432865,18.61610416805043
2020-02-28,煤炭,2.7846394e+10,6.0243764e+12,0.0046222867,5.845522795404706
2020-02-28,电力及公用事业,8.993422e+10,6.0243764e+12,0.014928387,12.68519759777735
2020-02-28,电力设备及新能源,3.2065942e+11,6.0243764e+12,0.05322699,22.16435568845063
2020-02-28,电子,1.0555532e+12,6.0243764e+12,0.1752137,44.25031276645824
2020-02-28,石油石化,3.867e+10,6.0243764e+12,0.0064189215,11.98342494869774
2020-02-28,纺织服装,4.3901993e+10,6.0243764e+12,0.007287392,16.997362315654755
2020-02-28,综合,4.1363575e+10,6.0243764e+12,0.006866034,24.31207691706144
2020-02-28,综合金融,1.3638449e+10,6.0243764e+12,0.0022638773,28.82795066833496
2020-02-28,计算机,7.10013e+11,6.0243764e+12,0.11785668,38.09915796497412
2020-02-28,轻工制造,7.082556e+10,6.0243764e+12,0.0117564965,20.19881201118504
2020-02-28,通信,3.2988398e+11,6.0243764e+12,0.054758195,43.93423262296938
2020-02-28,钢铁,3.6697305e+10,6.0243764e+12,0.0060914694,9.451947659254074
2020-02-28,银行,8.583401e+10,6.0243764e+12,0.0142477825,9.958561147252718
2020-02-28,非银行金融,3.8767595e+11,6.0243764e+12,0.064351216,19.243268748745322
2020-02-28,食品饮料,1.34399e+11,6.0243764e+12,0.022309197,12.955669744448228
2020-03-06,交通运输,7.700687e+10,5.234688e+12,0.014710881,8.621505501093688
2020-03-06,传媒,1.7535056e+11,5.234688e+12,0.033497807,22.316063543160755
2020-03-06,农林牧渔,1.6113456e+11,5.234688e+12,0.030782076,21.700795304917154
2020-03-06,医药,3.899902e+11,5.234688e+12,0.074501134,18.361231465256928
2020-03-06,商贸零售,5.333917e+10,5.234688e+12,0.01018956,10.55095154611688
2020-03-06,国防军工,1.2807762e+11,5.234688e+12,0.024467098,22.96769221832878
2020-03-06,基础化工,2.9950463e+11,5.234688e+12,0.057215374,21.010963403628423
2020-03-06,家电,1.1004321e+11,5.234688e+12,0.021021923,23.201638009813095
2020-03-06,建材,1.2970843e+11,5.234688e+12,0.024778636,23.404774823658904
2020-03-06,建筑,1.5439695e+11,5.234688e+12,0.029494967,25.79484835315923
2020-03-06,房地产,1.10243135e+11,5.234688e+12,0.021060117,9.994243358666042
2020-03-06,有色金属,1.491922e+11,5.234688e+12,0.028500685,15.061639665432697
2020-03-06,机械,2.6927063e+11,5.234688e+12,0.051439673,21.332457616422953
2020-03-06,汽车,1.3917707e+11,5.234688e+12,0.026587462,18.354251225053527
2020-03-06,消费者服务,3.5219538e+10,5.234688e+12,0.0067281066,14.32806664354661
2020-03-06,煤炭,2.4832674e+10,5.234688e+12,0.004743869,5.787142898355212
2020-03-06,电力及公用事业,1.0518386e+11,5.234688e+12,0.020093625,14.506070463967747
2020-03-06,电力设备及新能源,2.5635178e+11,5.234688e+12,0.04897174,20.396136335113592
2020-03-06,电子,7.253325e+11,5.234688e+12,0.13856271,31.4470905543087
2020-03-06,石油石化,3.9336653e+10,5.234688e+12,0.0075146127,12.257209095765244
2020-03-06,纺织服装,5.3397647e+10,5.234688e+12,0.010200731,20.475422942960584
2020-03-06,综合,4.2215944e+10,5.234688e+12,0.008064654,21.742142548927895
2020-03-06,综合金融,1.2084976e+10,5.234688e+12,0.0023086334,23.928290462493898
2020-03-06,计算机,5.6587734e+11,5.234688e+12,0.10810144,30.057888662605954
2020-03-06,轻工制造,6.836401e+10,5.234688e+12,0.013059806,20.27899358770169
2020-03-06,通信,2.7518127e+11,5.234688e+12,0.0525688,36.52723353224642
2020-03-06,钢铁,4.3847606e+10,5.234688e+12,0.008376355,9.98195920478214
2020-03-06,银行,9.238091e+10,5.234688e+12,0.017647836,10.715989002337059
2020-03-06,非银行金融,3.8983418e+11,5.234688e+12,0.07447133,19.289926719851792
2020-03-06,食品饮料,1.5565867e+11,5.234688e+12,0.029735997,13.937449596144937
2020-03-13,交通运输,1.00620804e+11,4.846959e+12,0.020759573,11.847363895840115
2020-03-13,传媒,1.3990768e+11,4.846959e+12,0.028865041,18.91480311798671
2020-03-13,农林牧渔,1.4563402e+11,4.846959e+12,0.03004647,19.45911420757572
2020-03-13,医药,4.257145e+11,4.846959e+12,0.08783126,20.5220063142596
2020-03-13,商贸零售,5.4747595e+10,4.846959e+12,0.011295246,12.342596827055278
2020-03-13,国防军工,1.3729712e+11,4.846959e+12,0.028326444,25.169238272466156
2020-03-13,基础化工,2.9576433e+11,4.846959e+12,0.061020594,21.52471875010824
2020-03-13,家电,1.0378269e+11,4.846959e+12,0.021411916,22.967390064209226
2020-03-13,建材,7.9179284e+10,4.846959e+12,0.016335867,16.005453492554143
2020-03-13,建筑,9.3488234e+10,4.846959e+12,0.019288018,16.63732622979117
2020-03-13,房地产,8.210694e+10,4.846959e+12,0.016939888,8.897145302228207
2020-03-13,有色金属,1.2819743e+11,4.846959e+12,0.026449041,12.634136758885294
2020-03-13,机械,2.5517952e+11,4.846959e+12,0.05264734,21.00805531358451
2020-03-13,汽车,1.1917615e+11,4.846959e+12,0.024587817,16.252299320478382
2020-03-13,消费者服务,3.458789e+10,4.846959e+12,0.0071359975,14.166952979330922
2020-03-13,煤炭,1.9606366e+10,4.846959e+12,0.004045086,5.029651428120477
2020-03-13,电力及公用事业,8.72659e+10,4.846959e+12,0.018004257,12.036391171477955
2020-03-13,电力设备及新能源,3.1172015e+11,4.846959e+12,0.06431252,25.811367083014105
2020-03-13,电子,6.4645045e+11,4.846959e+12,0.13337237,30.61147289717633
2020-03-13,石油石化,4.8481346e+10,4.846959e+12,0.010002425,13.842143123800104
2020-03-13,纺织服装,5.729968e+10,4.846959e+12,0.011821779,21.13936137676239
2020-03-13,综合,3.6791267e+10,4.846959e+12,0.0075905873,21.099576986753025
2020-03-13,综合金融,1.4243371e+10,4.846959e+12,0.00293862,30.820209503173828
2020-03-13,计算机,4.2936946e+11,4.846959e+12,0.088585325,25.805263674050046
2020-03-13,轻工制造,6.0095496e+10,4.846959e+12,0.012398598,20.23931381024352
2020-03-13,通信,3.4268312e+11,4.846959e+12,0.07070064,46.99233009768467
2020-03-13,钢铁,3.9469842e+10,4.846959e+12,0.008143217,8.186120447787372
2020-03-13,银行,8.975607e+10,4.846959e+12,0.018518018,9.21340291119284
2020-03-13,非银行金融,3.300075e+11,4.846959e+12,0.06808548,16.967806194443256
2020-03-13,食品饮料,1.351578e+11,4.846959e+12,0.02788507,11.364353639308852
2020-03-20,交通运输,6.903055e+10,4.086156e+12,0.016893763,7.751735206003542
2020-03-20,传媒,1.2186117e+11,4.086156e+12,0.029822936,15.491110322908277
2020-03-20,农林牧渔,1.1450709e+11,4.086156e+12,0.028023181,18.4833523389839
2020-03-20,医药,3.7503667e+11,4.086156e+12,0.09178227,17.020466216167065
2020-03-20,商贸零售,4.5812048e+10,4.086156e+12,0.011211527,11.481729445959392
2020-03-20,国防军工,9.8082275e+10,4.086156e+12,0.024003556,19.315453082710118
2020-03-20,基础化工,2.436089e+11,4.086156e+12,0.05961811,18.674038684441268
2020-03-20,家电,8.6705136e+10,4.086156e+12,0.021219242,15.937435991523671
2020-03-20,建材,7.0424306e+10,4.086156e+12,0.017234854,13.92712112547646
2020-03-20,建筑,7.410003e+10,4.086156e+12,0.018134411,13.885695916707398
2020-03-20,房地产,8.336208e+10,4.086156e+12,0.0204011,8.703330190114254
2020-03-20,有色金属,9.931954e+10,4.086156e+12,0.02430635,10.436776435600137
2020-03-20,机械,1.9621911e+11,4.086156e+12,0.048020463,16.096217608251493
2020-03-20,汽车,9.470548e+10,4.086156e+12,0.023177158,13.810552738926893
2020-03-20,消费者服务,3.2251281e+10,4.086156e+12,0.007892817,15.032760891259885
2020-03-20,煤炭,1.5436968e+10,4.086156e+12,0.0037778704,3.551917142527444
2020-03-20,电力及公用事业,6.463315e+10,4.086156e+12,0.015817594,8.660840874416587
2020-03-20,电力设备及新能源,3.041053e+11,4.086156e+12,0.07442332,26.350713585552416
2020-03-20,电子,5.698303e+11,4.086156e+12,0.13945387,28.37921144545741
2020-03-20,石油石化,2.9277868e+10,4.086156e+12,0.007165137,8.685131767256694
2020-03-20,纺织服装,3.0795141e+10,4.086156e+12,0.0075364574,13.010481306711833
2020-03-20,综合,2.5601255e+10,4.086156e+12,0.006265364,15.899796119103065
2020-03-20,综合金融,8.673136e+09,4.086156e+12,0.0021225659,22.152179718017578
2020-03-20,计算机,3.873371e+11,4.086156e+12,0.09479254,22.31777245452115
2020-03-20,轻工制造,4.663707e+10,4.086156e+12,0.011413434,16.30198814868927
2020-03-20,通信,2.6829586e+11,4.086156e+12,0.065659724,33.45267644349266
2020-03-20,钢铁,3.128394e+10,4.086156e+12,0.0076560806,6.324343148957599
2020-03-20,银行,9.1746394e+10,4.086156e+12,0.022452984,7.393480489651362
2020-03-20,非银行金融,2.5443231e+11,4.086156e+12,0.062266912,15.810387503355742
2020-03-20,食品饮料,1.5077022e+11,4.086156e+12,0.036897812,12.609838563986498
2020-03-27,交通运输,5.335988e+10,3.3649955e+12,0.01585734,5.925749994538449
2020-03-27,传媒,1.006907e+11,3.3649955e+12,0.029922983,13.66110550121419
2020-03-27,农林牧渔,1.2314826e+11,3.3649955e+12,0.036596857,21.788529908436992
2020-03-27,医药,3.8720225e+11,3.3649955e+12,0.11506769,16.942117244567513
2020-03-27,商贸零售,4.2840953e+10,3.3649955e+12,0.012731356,10.711739973018044
2020-03-27,国防军工,6.5953444e+10,3.3649955e+12,0.01959986,13.854907782046826
2020-03-27,基础化工,1.8606124e+11,3.3649955e+12,0.05529316,15.864579081901011
2020-03-27,家电,6.5425818e+10,3.3649955e+12,0.019443063,14.2884765798226
2020-03-27,建材,6.6177446e+10,3.3649955e+12,0.01966643,13.332012710436969
2020-03-27,建筑,6.169926e+10,3.3649955e+12,0.018335614,11.693372918934118
2020-03-27,房地产,6.297846e+10,3.3649955e+12,0.018715763,6.223935866130973
2020-03-27,有色金属,1.0903667e+11,3.3649955e+12,0.032403212,10.984143447201207
2020-03-27,机械,1.6125141e+11,3.3649955e+12,0.047920246,14.237871152179247
2020-03-27,汽车,9.408452e+10,3.3649955e+12,0.027959777,14.045018263706346
2020-03-27,消费者服务,2.754263e+10,3.3649955e+12,0.008185042,12.71678030724619
2020-03-27,煤炭,1.0931914e+10,3.3649955e+12,0.0032487158,2.5732343188353948
2020-03-27,电力及公用事业,4.898251e+10,3.3649955e+12,0.014556487,6.814663882703471
2020-03-27,电力设备及新能源,2.356462e+11,3.3649955e+12,0.070028685,22.229886376544048
2020-03-27,电子,4.3089258e+11,3.3649955e+12,0.12805146,22.818128831818765
2020-03-27,石油石化,2.1935278e+10,3.3649955e+12,0.006518665,6.7637454745444385
2020-03-27,纺织服装,2.5524756e+10,3.3649955e+12,0.007585376,13.543949413299561
2020-03-27,综合,2.1788985e+10,3.3649955e+12,0.00647519,15.24780377974877
2020-03-27,综合金融,6.818272e+09,3.3649955e+12,0.0020262352,18.603399920463563
2020-03-27,计算机,3.124211e+11,3.3649955e+12,0.092844434,19.673526047267345
2020-03-27,轻工制造,3.9929938e+10,3.3649955e+12,0.011866268,15.450232287784955
2020-03-27,通信,2.1309078e+11,3.3649955e+12,0.063325725,33.264980249545154
2020-03-27,钢铁,2.3135967e+10,3.3649955e+12,0.0068754824,5.05627952651544
2020-03-27,银行,6.5111028e+10,3.3649955e+12,0.019349514,4.880111067659325
2020-03-27,非银行金融,1.7117325e+11,3.3649955e+12,0.05086879,10.654307737015188
2020-03-27,食品饮料,1.28586916e+11,3.3649955e+12,0.038213104,14.979485810405077
2020-04-03,交通运输,4.7122452e+10,2.8956722e+12,0.016273407,2.4855685059533075
2020-04-03,传媒,7.899651e+10,2.8956722e+12,0.02728089,5.505807170673968
2020-04-03,农林牧渔,1.7568878e+11,2.8956722e+12,0.06067288,15.675020826182195
2020-04-03,医药,3.189202e+11,2.8956722e+12,0.110136844,6.630777049364534
2020-04-03,商贸零售,3.740722e+10,2.8956722e+12,0.01291832,4.558490516637501
2020-04-03,国防军工,5.560649e+10,2.8956722e+12,0.019203309,6.662815548382796
2020-04-03,基础化工,1.6895227e+11,2.8956722e+12,0.058346473,7.475170531504936
2020-04-03,家电,5.102731e+10,2.8956722e+12,0.017621921,6.37847575568594
2020-04-03,建材,5.0490085e+10,2.8956722e+12,0.017436394,5.805087320401635
2020-04-03,建筑,5.7413132e+10,2.8956722e+12,0.01982722,5.492154257394829
2020-04-03,房地产,4.7768388e+10,2.8956722e+12,0.016496476,2.3111042327616573
2020-04-03,有色金属,9.555444e+10,2.8956722e+12,0.03299905,4.644961320004374
2020-04-03,机械,1.30430796e+11,2.8956722e+12,0.045043357,5.704287535625742
2020-04-03,汽车,8.992821e+10,2.8956722e+12,0.031056074,6.917184160522571
2020-04-03,消费者服务,2.151169e+10,2.8956722e+12,0.0074289106,4.723419631228728
2020-04-03,煤炭,1.0412936e+10,2.8956722e+12,0.0035960341,1.1830757154950073
2020-04-03,电力及公用事业,3.8299206e+10,2.8956722e+12,0.013226361,2.771712435277168
2020-04-03,电力设备及新能源,1.8008972e+11,2.8956722e+12,0.062192716,8.16147368675784
2020-04-03,电子,4.1226522e+11,2.8956722e+12,0.14237289,10.311457184114754
2020-04-03,石油石化,2.9233762e+10,2.8956722e+12,0.010095674,4.363628411496228
2020-04-03,纺织服装,2.4872028e+10,2.8956722e+12,0.0085893795,6.477482612927755
2020-04-03,综合,1.7648773e+10,2.8956722e+12,0.0060948795,6.377186611294746
2020-04-03,综合金融,5.8750735e+09,2.8956722e+12,0.0020289153,7.974994987249374
2020-04-03,计算机,2.3796323e+11,2.8956722e+12,0.08217893,8.06326673341834
2020-04-03,轻工制造,3.8077895e+10,2.8956722e+12,0.013149933,7.475396379627086
2020-04-03,通信,1.5060468e+11,2.8956722e+12,0.052010264,12.347231360627156
2020-04-03,钢铁,1.8827698e+10,2.8956722e+12,0.0065020127,2.1829045420004562
2020-04-03,银行,4.44117e+10,2.8956722e+12,0.015337267,1.6554222410130832
2020-04-03,非银行金融,1.32561175e+11,2.8956722e+12,0.045779068,4.775296814972535
2020-04-03,食品饮料,1.2649002e+11,2.8956722e+12,0.043682437,8.388826029254124
2020-04-10,交通运输,3.868576e+10,2.6682487e+12,0.014498559,4.61326018638081
2020-04-10,传媒,8.585687e+10,2.6682487e+12,0.032177236,12.123871430045082
2020-04-10,农林牧渔,1.5130511e+11,2.6682487e+12,0.056705777,26.644173544598743
2020-04-10,医药,3.3052072e+11,2.6682487e+12,0.12387178,14.874925998871603
2020-04-10,商贸零售,3.4698904e+10,2.6682487e+12,0.013004374,8.615522107325102
2020-04-10,国防军工,6.915784e+10,2.6682487e+12,0.025918813,15.834776608974902
2020-04-10,基础化工,1.592507e+11,2.6682487e+12,0.059683602,13.457650065149476
2020-04-10,家电,4.8374743e+10,2.6682487e+12,0.018129773,12.006031271070242
2020-04-10,建材,5.199292e+10,2.6682487e+12,0.019485785,10.651347867200073
2020-04-10,建筑,4.4655485e+10,2.6682487e+12,0.016735878,8.756022779922175
2020-04-10,房地产,3.9828255e+10,2.6682487e+12,0.01492674,4.876180191085024
2020-04-10,有色金属,8.290661e+10,2.6682487e+12,0.031071546,8.591548049224997
2020-04-10,机械,1.1980973e+11,2.6682487e+12,0.044902008,10.244422597758597
2020-04-10,汽车,7.931624e+10,2.6682487e+12,0.029725954,12.892209777744805
2020-04-10,消费者服务,2.1128577e+10,2.6682487e+12,0.007918519,12.122625584695854
2020-04-10,煤炭,8.369465e+09,2.6682487e+12,0.0031366884,2.3058428747313364
2020-04-10,电力及公用事业,3.7675938e+10,2.6682487e+12,0.0141201,6.101852991914048
2020-04-10,电力设备及新能源,1.3908582e+11,2.6682487e+12,0.05212626,13.753105304386938
2020-04-10,电子,3.280632e+11,2.6682487e+12,0.122950755,16.757322404723045
2020-04-10,石油石化,2.4407828e+10,2.6682487e+12,0.009147509,11.596329140000874
2020-04-10,纺织服装,2.459645e+10,2.6682487e+12,0.0092182,12.378876048723857
2020-04-10,综合,1.7691054e+10,2.6682487e+12,0.006630212,11.869376916151781
2020-04-10,综合金融,6.245023e+09,2.6682487e+12,0.0023404951,16.415020608901976
2020-04-10,计算机,2.4294095e+11,2.6682487e+12,0.091048844,15.751230446152064
2020-04-10,轻工制造,3.7951898e+10,2.6682487e+12,0.014223523,14.622516067044154
2020-04-10,通信,1.4324906e+11,2.6682487e+12,0.053686548,22.656586312780192
2020-04-10,钢铁,1.9251024e+10,2.6682487e+12,0.0072148535,4.11903866854581
2020-04-10,银行,3.4514715e+10,2.6682487e+12,0.012935344,2.7440222607304654
2020-04-10,非银行金融,1.3902106e+11,2.6682487e+12,0.05210199,9.84912978997454
2020-04-10,食品饮料,1.064161e+11,2.6682487e+12,0.039882377,14.769880055654793
2020-04-17,交通运输,4.0183427e+10,3.0093017e+12,0.013353074,4.574465740334104
2020-04-17,传媒,1.0621634e+11,3.0093017e+12,0.035296008,13.123578643514996
2020-04-17,农林牧渔,1.19863165e+11,3.0093017e+12,0.03983089,20.05960247755935
2020-04-17,医药,4.4593178e+11,3.0093017e+12,0.14818448,20.43502906818999
2020-04-17,商贸零售,3.2630053e+10,3.0093017e+12,0.010843065,7.927815801846354
2020-04-17,国防军工,6.8176896e+10,3.0093017e+12,0.022655386,14.950311697922745
2020-04-17,基础化工,1.7807775e+11,3.0093017e+12,0.05917577,14.684917040714403
2020-04-17,家电,6.3180005e+10,3.0093017e+12,0.020994905,11.553978194482625
2020-04-17,建材,5.7351328e+10,3.0093017e+12,0.019058019,11.24501132125586
2020-04-17,建筑,5.0055447e+10,3.0093017e+12,0.016633576,10.206851171284187
2020-04-17,房地产,4.55994e+10,3.0093017e+12,0.015152818,4.746216064073005
2020-04-17,有色金属,1.0129756e+11,3.0093017e+12,0.033661485,9.979061743923436
2020-04-17,机械,1.3325992e+11,3.0093017e+12,0.04428267,11.232506664672918
2020-04-17,汽车,9.042293e+10,3.0093017e+12,0.03004781,15.558560526952512
2020-04-17,消费者服务,2.217142e+10,3.0093017e+12,0.0073676296,11.206802043260312
2020-04-17,煤炭,8.868105e+09,3.0093017e+12,0.002946898,2.2000742980412076
2020-04-17,电力及公用事业,4.727737e+10,3.0093017e+12,0.015710413,7.230986443249618
2020-04-17,电力设备及新能源,1.8821684e+11,3.0093017e+12,0.062545024,15.222979611441817
2020-04-17,电子,3.6472098e+11,3.0093017e+12,0.12119788,16.83181311491924
2020-04-17,石油石化,2.7477789e+10,3.0093017e+12,0.009130952,10.269019830889173
2020-04-17,纺织服装,3.1800883e+10,3.0093017e+12,0.010567529,14.012768059571584
2020-04-17,综合,1.8729351e+10,3.0093017e+12,0.0062238197,11.971692190720486
2020-04-17,综合金融,5.730908e+09,3.0093017e+12,0.001904398,15.018760108947754
2020-04-17,计算机,2.6444418e+11,3.0093017e+12,0.0878756,16.891681239851142
2020-04-17,轻工制造,3.8912004e+10,3.0093017e+12,0.012930576,13.537293697447256
2020-04-17,通信,1.27316664e+11,3.0093017e+12,0.04230771,19.48490972846162
2020-04-17,钢铁,2.1505274e+10,3.0093017e+12,0.007146267,4.091261323880065
2020-04-17,银行,4.0635564e+10,3.0093017e+12,0.01350332,2.970869477838278
2020-04-17,非银行金融,1.6032124e+11,3.0093017e+12,0.05327523,9.23904053401202
2020-04-17,食品饮料,1.0790815e+11,3.0093017e+12,0.035858203,11.807150894338266
2020-04-24,交通运输,5.410461e+10,3.1039873e+12,0.01743068,6.943147283461359
2020-04-24,传媒,1.1394177e+11,3.1039873e+12,0.036708195,14.35075877725132
2020-04-24,农林牧渔,1.6165564e+11,3.1039873e+12,0.05207999,26.966220225037677
2020-04-24,医药,4.4641966e+11,3.1039873e+12,0.14382136,18.725963814793346
2020-04-24,商贸零售,3.5146445e+10,3.1039873e+12,0.011322998,8.241913724573035
2020-04-24,国防军工,8.466627e+10,3.1039873e+12,0.027276617,17.50998561413257
2020-04-24,基础化工,1.8910903e+11,3.1039873e+12,0.06092455,14.948854941184035
2020-04-24,家电,4.9853915e+10,3.1039873e+12,0.01606125,10.343074996955693
2020-04-24,建材,5.8715124e+10,3.1039873e+12,0.018916031,11.896949281155223
2020-04-24,建筑,7.855424e+10,3.1039873e+12,0.025307527,17.53560807937529
2020-04-24,房地产,4.9210515e+10,3.1039873e+12,0.015853968,5.878087829763644
2020-04-24,有色金属,8.131004e+10,3.1039873e+12,0.026195351,11.038865783700237
2020-04-24,机械,1.5559657e+11,3.1039873e+12,0.050127964,14.720175274423326
2020-04-24,汽车,7.610951e+10,3.1039873e+12,0.024519917,13.689165252737883
2020-04-24,消费者服务,2.3735198e+10,3.1039873e+12,0.00764668,10.701601944717707
2020-04-24,煤炭,1.2496413e+10,3.1039873e+12,0.0040259226,2.895831412928445
2020-04-24,电力及公用事业,5.258871e+10,3.1039873e+12,0.01694231,7.611287122964859
2020-04-24,电力设备及新能源,1.9137013e+11,3.1039873e+12,0.061653,15.378138701665296
2020-04-24,电子,3.2786983e+11,3.1039873e+12,0.105628595,17.675212152990973
2020-04-24,石油石化,3.0071833e+10,3.1039873e+12,0.00968813,11.532157930400636
2020-04-24,纺织服装,2.7990088e+10,3.1039873e+12,0.009017462,12.994016053676605
2020-04-24,综合,1.7417204e+10,3.1039873e+12,0.0056112353,13.611519501759457
2020-04-24,综合金融,5.069606e+09,3.1039873e+12,0.001633256,12.488220024108887
2020-04-24,计算机,3.0000375e+11,3.1039873e+12,0.096651085,19.19532215801756
2020-04-24,轻工制造,4.2320974e+10,3.1039873e+12,0.01363439,13.956985562234312
2020-04-24,通信,1.201915e+11,3.1039873e+12,0.038721647,18.724640123984393
2020-04-24,钢铁,1.9703206e+10,3.1039873e+12,0.0063477084,4.892777274955403
2020-04-24,银行,4.0905425e+10,3.1039873e+12,0.013178348,2.9215916809108524
2020-04-24,非银行金融,1.21487925e+11,3.1039873e+12,0.03913931,7.683403133880347
2020-04-24,食品饮料,1.353851e+11,3.1039873e+12,0.04361651,15.464546061945148
2020-05-01,交通运输,,,,4.858387971089946
2020-05-01,传媒,,,,10.827420640086372
2020-05-01,农林牧渔,,,,17.389188109535503
2020-05-01,医药,,,,11.24228671234643
2020-05-01,商贸零售,,,,7.467932632094936
2020-05-01,国防军工,,,,12.21169098141866
2020-05-01,基础化工,,,,11.17173011397156
2020-05-01,家电,,,,8.01705468725413
2020-05-01,建材,,,,9.242612618795583
2020-05-01,建筑,,,,9.146561026088591
2020-05-01,房地产,,,,6.671482257196836
2020-05-01,有色金属,,,,7.971384186987524
2020-05-01,机械,,,,11.260068466859703
2020-05-01,汽车,,,,11.350062823877103
2020-05-01,消费者服务,,,,9.472743134872585
2020-05-01,煤炭,,,,2.8161457061767576
2020-05-01,电力及公用事业,,,,5.776806501605932
2020-05-01,电力设备及新能源,,,,13.448672572944476
2020-05-01,电子,,,,15.833301744544606
2020-05-01,石油石化,,,,6.238142214218775
2020-05-01,纺织服装,,,,7.94397865374883
2020-05-01,综合,,,,7.658123089716985
2020-05-01,综合金融,,,,9.682649898529053
2020-05-01,计算机,,,,14.367422857057857
2020-05-01,轻工制造,,,,10.589330604954347
2020-05-01,通信,,,,14.671911778403263
2020-05-01,钢铁,,,,3.5781091031703083
2020-05-01,银行,,,,4.150313864151637
2020-05-01,非银行金融,,,,6.3230359689332545
2020-05-01,食品饮料,,,,11.628392959642223
2020-05-08,交通运输,3.5159056e+10,2.0434038e+12,0.017206123,3.3358148019070977
2020-05-08,传媒,7.168745e+10,2.0434038e+12,0.03508237,8.508129399447213
2020-05-08,农林牧渔,8.465684e+10,2.0434038e+12,0.041429326,14.519371737452115
2020-05-08,医药,1.9013301e+11,2.0434038e+12,0.0930472,7.423012128250199
2020-05-08,商贸零售,2.3808231e+10,2.0434038e+12,0.011651261,4.689058972659864
2020-05-08,国防军工,5.270987e+10,2.0434038e+12,0.025795132,10.006258914103874
2020-05-08,基础化工,1.11726486e+11,2.0434038e+12,0.054676656,8.933775015538785
2020-05-08,家电,4.35144e+10,2.0434038e+12,0.021295058,6.8045546831563115
2020-05-08,建材,3.678988e+10,2.0434038e+12,0.018004214,6.531773228040883
2020-05-08,建筑,3.819119e+10,2.0434038e+12,0.018689986,7.347958911811152
2020-05-08,房地产,4.6163374e+10,2.0434038e+12,0.02259141,6.033902805820804
2020-05-08,有色金属,6.7220128e+10,2.0434038e+12,0.032896154,7.5057416726593615
2020-05-08,机械,9.962708e+10,2.0434038e+12,0.048755456,9.294123836171265
2020-05-08,汽车,5.5503876e+10,2.0434038e+12,0.02716246,8.431514077070283
2020-05-08,消费者服务,1.4455083e+10,2.0434038e+12,0.0070740217,6.2329647283928065
2020-05-08,煤炭,6.9856225e+09,2.0434038e+12,0.0034186207,1.8345628576619284
2020-05-08,电力及公用事业,3.3138434e+10,2.0434038e+12,0.01621727,5.291914601423587
2020-05-08,电力设备及新能源,1.16747534e+11,2.0434038e+12,0.057133853,9.572251241492188
2020-05-08,电子,3.3090388e+11,2.0434038e+12,0.16193758,15.766737961086134
2020-05-08,石油石化,1.1746947e+10,2.0434038e+12,0.0057487153,4.212044457925691
2020-05-08,纺织服装,1.1365635e+10,2.0434038e+12,0.005562109,5.213026694456736
2020-05-08,综合,9.822121e+09,2.0434038e+12,0.004806745,6.974588546042259
2020-05-08,综合金融,4.0066353e+09,2.0434038e+12,0.0019607653,7.356389999389648
2020-05-08,计算机,1.9623995e+11,2.0434038e+12,0.096035816,12.252445717227275
2020-05-08,轻工制造,2.160805e+10,2.0434038e+12,0.010574537,7.607302744822069
2020-05-08,通信,8.977479e+10,2.0434038e+12,0.043933947,13.165132245596718
2020-05-08,钢铁,1.3916121e+10,2.0434038e+12,0.0068102647,2.9596999992023814
2020-05-08,银行,3.1701301e+10,2.0434038e+12,0.015513968,2.3119500258730517
2020-05-08,非银行金融,1.01821506e+11,2.0434038e+12,0.04982936,6.040936024161056
2020-05-08,食品饮料,9.1113955e+10,2.0434038e+12,0.044589303,8.553698020344019
2020-05-15,交通运输,4.7875006e+10,3.0557154e+12,0.015667364,5.117694450749291
2020-05-15,传媒,1.2637914e+11,3.0557154e+12,0.04135828,16.243657947059663
2020-05-15,农林牧渔,1.2860832e+11,3.0557154e+12,0.042087793,21.82758001579958
2020-05-15,医药,3.2747546e+11,3.0557154e+12,0.10716818,12.82972014008015
2020-05-15,商贸零售,3.8368584e+10,3.0557154e+12,0.012556334,7.587395791003579
2020-05-15,国防军工,8.558548e+10,3.0557154e+12,0.028008329,17.17386655929761
2020-05-15,基础化工,1.7158318e+11,3.0557154e+12,0.056151558,15.136603303617093
2020-05-15,家电,6.314195e+10,3.0557154e+12,0.020663558,9.921273540705442
2020-05-15,建材,5.842856e+10,3.0557154e+12,0.019121073,10.114577473049433
2020-05-15,建筑,5.2604817e+10,3.0557154e+12,0.017215222,10.794104908022188
2020-05-15,房地产,5.9779027e+10,3.0557154e+12,0.019563023,7.9623102874399345
2020-05-15,有色金属,9.001593e+10,3.0557154e+12,0.02945822,10.980090806053745
2020-05-15,机械,1.7004536e+11,3.0557154e+12,0.055648297,15.774738691355052
2020-05-15,汽车,8.545354e+10,3.0557154e+12,0.027965149,15.56857932231775
2020-05-15,消费者服务,1.987866e+10,3.0557154e+12,0.006505403,7.726337268656375
2020-05-15,煤炭,9.257419e+09,3.0557154e+12,0.0030295423,2.4221371276038033
2020-05-15,电力及公用事业,4.5522383e+10,3.0557154e+12,0.014897455,7.58114804937477
2020-05-15,电力设备及新能源,1.7565745e+11,3.0557154e+12,0.057484888,14.264616997345634
2020-05-15,电子,4.8640744e+11,3.0557154e+12,0.15917957,22.99334494136274
2020-05-15,石油石化,1.5649801e+10,3.0557154e+12,0.0051214853,6.196415669719378
2020-05-15,纺织服装,2.0854256e+10,3.0557154e+12,0.006824672,10.550364003976187
2020-05-15,综合,1.5401915e+10,3.0557154e+12,0.0050403634,10.190119288861752
2020-05-15,综合金融,6.286055e+09,3.0557154e+12,0.0020571467,11.773299980163575
2020-05-15,计算机,2.758859e+11,3.0557154e+12,0.09028521,18.190966804484102
2020-05-15,轻工制造,3.9681462e+10,3.0557154e+12,0.012985981,16.110367566347122
2020-05-15,通信,1.1657878e+11,3.0557154e+12,0.03815106,16.321073576515797
2020-05-15,钢铁,2.3281197e+10,3.0557154e+12,0.0076189023,4.875813656909899
2020-05-15,银行,3.949494e+10,3.0557154e+12,0.01292494,2.631255544929041
2020-05-15,非银行金融,1.1645721e+11,3.0557154e+12,0.038111277,7.692823498975486
2020-05-15,食品饮料,1.4260466e+11,3.0557154e+12,0.046668176,15.995644901674241
2020-05-22,交通运输,5.044341e+10,3.234653e+12,0.01559469,5.98676476875941
2020-05-22,传媒,1.1829329e+11,3.234653e+12,0.036570627,15.130097491873634
2020-05-22,农林牧渔,1.214538e+11,3.234653e+12,0.037547704,21.045857561242713
2020-05-22,医药,3.2917874e+11,3.234653e+12,0.101766326,13.4215830375015
2020-05-22,商贸零售,4.720631e+10,3.234653e+12,0.014593933,9.323283083815324
2020-05-22,国防军工,1.0436837e+11,3.234653e+12,0.032265708,20.868476861562485
2020-05-22,基础化工,1.9884953e+11,3.234653e+12,0.061474763,17.038112172964496
2020-05-22,家电,5.362276e+10,3.234653e+12,0.016577592,10.169759425334632
2020-05-22,建材,5.517119e+10,3.234653e+12,0.017056294,9.854091563694913
2020-05-22,建筑,5.6300773e+10,3.234653e+12,0.017405506,12.788857773067505
2020-05-22,房地产,6.2232027e+10,3.234653e+12,0.019239167,8.328343065264068
2020-05-22,有色金属,1.3309177e+11,3.234653e+12,0.04114561,15.762640342799896
2020-05-22,机械,1.7778287e+11,3.234653e+12,0.05496196,15.915356045240884
2020-05-22,汽车,7.837296e+10,3.234653e+12,0.02422917,14.458567823215228
2020-05-22,消费者服务,1.9785134e+10,3.234653e+12,0.006116617,7.4962686206780225
2020-05-22,煤炭,1.1424262e+10,3.234653e+12,0.0035318355,2.774611460311072
2020-05-22,电力及公用事业,4.5157036e+10,3.234653e+12,0.013960396,7.479673277933237
2020-05-22,电力设备及新能源,1.7357375e+11,3.234653e+12,0.053660702,13.474432654225309
2020-05-22,电子,5.717252e+11,3.234653e+12,0.17675008,26.425985809920046
2020-05-22,石油石化,1.8130584e+10,3.234653e+12,0.005605109,8.504735445645121
2020-05-22,纺织服装,2.1960767e+10,3.234653e+12,0.006789219,10.706664057572683
2020-05-22,综合,1.4004269e+10,3.234653e+12,0.00432945,11.016807638681852
2020-05-22,综合金融,5.5786947e+09,3.234653e+12,0.0017246655,10.719910192489625
2020-05-22,计算机,2.8701137e+11,3.234653e+12,0.088730186,18.332573973498445
2020-05-22,轻工制造,3.6054647e+10,3.234653e+12,0.011146372,15.39967468326742
2020-05-22,通信,1.0729734e+11,3.234653e+12,0.033171207,15.9238128007627
2020-05-22,钢铁,2.4645843e+10,3.234653e+12,0.0076193158,6.453599990091541
2020-05-22,银行,4.0944132e+10,3.234653e+12,0.012657967,2.853430544336637
2020-05-22,非银行金融,1.1452045e+11,3.234653e+12,0.035404246,7.977473453385755
2020-05-22,食品饮料,1.551663e+11,3.234653e+12,0.047969997,16.64692207634449
2020-05-29,交通运输,4.9483735e+10,2.6986797e+12,0.018336276,6.129943521486388
2020-05-29,传媒,1.1557016e+11,2.6986797e+12,0.042824704,14.198396792561988
2020-05-29,农林牧渔,8.6574785e+10,2.6986797e+12,0.032080423,16.157418714551365
2020-05-29,医药,2.9899506e+11,2.6986797e+12,0.11079309,12.277023175432358
2020-05-29,商贸零售,4.659435e+10,2.6986797e+12,0.01726561,8.6822336761575
2020-05-29,国防军工,7.2909234e+10,2.6986797e+12,0.027016632,15.113844607120905
2020-05-29,基础化工,1.6460988e+11,2.6986797e+12,0.06099645,15.076440715862262
2020-05-29,家电,5.2230377e+10,2.6986797e+12,0.01935405,10.241757763549685
2020-05-29,建材,4.5686903e+10,2.6986797e+12,0.016929355,8.830393011301336
2020-05-29,建筑,4.6556353e+10,2.6986797e+12,0.017251529,10.372685471928216
2020-05-29,房地产,5.5582773e+10,2.6986797e+12,0.020596284,6.671135563159657
2020-05-29,有色金属,1.1553179e+11,2.6986797e+12,0.04281049,16.65900191989812
2020-05-29,机械,1.5372712e+11,2.6986797e+12,0.056963827,15.287013153588935
2020-05-29,汽车,8.233309e+10,2.6986797e+12,0.030508656,14.533424286408858
2020-05-29,消费者服务,2.9738738e+10,2.6986797e+12,0.011019736,8.240696084265615
2020-05-29,煤炭,1.0688234e+10,2.6986797e+12,0.003960542,3.044417110511235
2020-05-29,电力及公用事业,5.265914e+10,2.6986797e+12,0.019512927,7.685830845995698
2020-05-29,电力设备及新能源,1.2886809e+11,2.6986797e+12,0.047752272,11.035871339880902
2020-05-29,电子,3.9538944e+11,2.6986797e+12,0.14651218,22.182405483179416
2020-05-29,石油石化,1.5008081e+10,2.6986797e+12,0.005561268,5.98061777750651
2020-05-29,纺织服装,1.88961e+10,2.6986797e+12,0.0070019793,9.652362759113311
2020-05-29,综合,1.283272e+10,2.6986797e+12,0.0047551845,12.017507929068346
2020-05-29,综合金融,6.823646e+09,2.6986797e+12,0.0025285129,13.386549949645996
2020-05-29,计算机,2.0286382e+11,2.6986797e+12,0.07517151,15.155628005074242
2020-05-29,轻工制造,4.268519e+10,2.6986797e+12,0.015817065,15.49561357714913
2020-05-29,通信,8.257223e+10,2.6986797e+12,0.03059727,12.684071553688423
2020-05-29,钢铁,2.817591e+10,2.6986797e+12,0.010440628,7.534831792116165
2020-05-29,银行,4.27837e+10,2.6986797e+12,0.015853567,3.004702751007345
2020-05-29,非银行金融,9.4587e+10,2.6986797e+12,0.035049364,6.39165158662945
2020-05-29,食品饮料,1.4697102e+11,2.6986797e+12,0.054460343,17.097948101758956
2020-06-05,交通运输,7.919454e+10,3.5298458e+12,0.022435693,9.031867629400006
2020-06-05,传媒,1.7541856e+11,3.5298458e+12,0.049695812,21.135933845531284
2020-06-05,农林牧渔,1.0136284e+11,3.5298458e+12,0.028715942,18.35261885067996
2020-06-05,医药,3.4555875e+11,3.5298458e+12,0.09789627,14.250345979943688
2020-06-05,商贸零售,7.609102e+10,3.5298458e+12,0.021556472,15.013115835189819
2020-06-05,国防军工,8.246372e+10,3.5298458e+12,0.023361849,16.477287145761345
2020-06-05,基础化工,2.0804547e+11,3.5298458e+12,0.05893897,17.553892718984727
2020-06-05,家电,6.298089e+10,3.5298458e+12,0.017842392,11.480929594486952
2020-06-05,建材,5.6681275e+10,3.5298458e+12,0.01605772,10.072611311791649
2020-06-05,建筑,5.024008e+10,3.5298458e+12,0.01423294,11.105116241831121
2020-06-05,房地产,8.38656e+10,3.5298458e+12,0.023758998,9.255566238242888
2020-06-05,有色金属,1.2765489e+11,3.5298458e+12,0.036164436,14.78487917509946
2020-06-05,机械,1.828251e+11,3.5298458e+12,0.05179408,16.97967618296325
2020-06-05,汽车,1.2963647e+11,3.5298458e+12,0.036725815,19.11330961964347
2020-06-05,消费者服务,3.822073e+10,3.5298458e+12,0.010827876,12.76884713827395
2020-06-05,煤炭,1.2224147e+10,3.5298458e+12,0.0034630827,3.180637172290257
2020-06-05,电力及公用事业,5.4686982e+10,3.5298458e+12,0.01549274,8.043499353045673
2020-06-05,电力设备及新能源,1.5815108e+11,3.5298458e+12,0.044803962,12.592019058409191
2020-06-05,电子,5.809758e+11,3.5298458e+12,0.16458957,27.841244923323394
2020-06-05,石油石化,2.183554e+10,3.5298458e+12,0.006185976,9.693793321433274
2020-06-05,纺织服装,2.7257547e+10,3.5298458e+12,0.007722022,13.021498619715373
2020-06-05,综合,1.4330089e+10,3.5298458e+12,0.004059693,11.917942464351654
2020-06-05,综合金融,1.0061767e+10,3.5298458e+12,0.0028504834,22.25750024318695
2020-06-05,计算机,2.6176242e+11,3.5298458e+12,0.0741569,19.439720755411408
2020-06-05,轻工制造,5.975339e+10,3.5298458e+12,0.016928045,18.39226630709388
2020-06-05,通信,1.1217073e+11,3.5298458e+12,0.0317778,16.0090656748005
2020-06-05,钢铁,2.7637686e+10,3.5298458e+12,0.007829715,7.62640904025598
2020-06-05,银行,4.7939797e+10,3.5298458e+12,0.013581272,3.5780749830106893
2020-06-05,非银行金融,1.7048455e+11,3.5298458e+12,0.048298016,10.862473803758622
2020-06-05,食品饮料,1.6926163e+11,3.5298458e+12,0.047951564,17.815509142297685
2020-06-12,交通运输,6.484566e+10,3.292682e+12,0.019693872,6.610329620816089
2020-06-12,传媒,1.8850395e+11,3.292682e+12,0.057249364,22.324999901253406
2020-06-12,农林牧渔,7.852578e+10,3.292682e+12,0.023848578,14.765567119205919
2020-06-12,医药,3.8968695e+11,3.292682e+12,0.1183494,14.990231481599219
2020-06-12,商贸零售,7.186026e+10,3.292682e+12,0.021824233,11.603088432236722
2020-06-12,国防军工,7.711177e+10,3.292682e+12,0.023419138,14.089821813962399
2020-06-12,基础化工,1.8634501e+11,3.292682e+12,0.056593686,15.60152751604716
2020-06-12,家电,5.6663732e+10,3.292682e+12,0.01720899,9.24880158342421
2020-06-12,建材,5.8588238e+10,3.292682e+12,0.01779347,10.621828137988775
2020-06-12,建筑,4.0532967e+10,3.292682e+12,0.012310016,8.003453155679088
2020-06-12,房地产,7.832465e+10,3.292682e+12,0.023787495,7.31475049368689
2020-06-12,有色金属,1.1111237e+11,3.292682e+12,0.033745248,13.538423647121949
2020-06-12,机械,1.5677779e+11,3.292682e+12,0.04761401,14.441950131718796
2020-06-12,汽车,1.1940615e+11,3.292682e+12,0.0362641,16.969103584145056
2020-06-12,消费者服务,3.551936e+10,3.292682e+12,0.010787364,12.475735421274223
2020-06-12,煤炭,1.2647669e+10,3.292682e+12,0.003841145,3.0270429023674557
2020-06-12,电力及公用事业,5.0085794e+10,3.292682e+12,0.015211245,6.783333510504982
2020-06-12,电力设备及新能源,1.7178216e+11,3.292682e+12,0.05217089,11.525031017846075
2020-06-12,电子,5.0468897e+11,3.292682e+12,0.15327595,22.31660079229623
2020-06-12,石油石化,2.2869182e+10,3.292682e+12,0.0069454573,11.294963186201842
2020-06-12,纺织服装,2.1590497e+10,3.292682e+12,0.006557116,10.31282929499944
2020-06-12,综合,1.0683015e+10,3.292682e+12,0.0032444722,8.899673140965975
2020-06-12,综合金融,1.0809163e+10,3.292682e+12,0.0032827838,25.51507911682129
2020-06-12,计算机,2.4791733e+11,3.292682e+12,0.07529343,16.597345120293177
2020-06-12,轻工制造,5.029808e+10,3.292682e+12,0.015275718,15.210069933262739
2020-06-12,通信,9.380339e+10,3.292682e+12,0.028488444,12.692040201495676
2020-06-12,钢铁,2.4082823e+10,3.292682e+12,0.0073140445,6.679556780240753
2020-06-12,银行,5.686744e+10,3.292682e+12,0.017270857,3.606811073505216
2020-06-12,非银行金融,1.4948881e+11,3.292682e+12,0.045400318,8.52491695193144
2020-06-12,食品饮料,1.4971958e+11,3.292682e+12,0.045470405,12.695485954332833
2020-06-19,交通运输,6.1501743e+10,3.696855e+12,0.016636234,6.891365796327591
2020-06-19,传媒,2.4382228e+11,3.696855e+12,0.06595397,26.28312665458739
2020-06-19,农林牧渔,9.7732215e+10,3.696855e+12,0.026436582,15.944877670091742
2020-06-19,医药,5.6963865e+11,3.696855e+12,0.15408736,22.237932201269214
2020-06-19,商贸零售,8.960271e+10,3.696855e+12,0.02423755,12.952145297903764
2020-06-19,国防军工,8.8329806e+10,3.696855e+12,0.02389323,16.453589977362217
2020-06-19,基础化工,1.9395548e+11,3.696855e+12,0.052464996,15.110878611005932
2020-06-19,家电,5.074405e+10,3.696855e+12,0.013726275,8.502627629041672
2020-06-19,建材,5.4723318e+10,3.696855e+12,0.014802668,9.961922574211174
2020-06-19,建筑,4.6648922e+10,3.696855e+12,0.012618543,9.550031417319852
2020-06-19,房地产,8.081678e+10,3.696855e+12,0.021860955,8.423042929618157
2020-06-19,有色金属,1.2017462e+11,3.696855e+12,0.032507256,13.368293531374498
2020-06-19,机械,1.6469292e+11,3.696855e+12,0.044549465,14.583633598434893
2020-06-19,汽车,9.6165724e+10,3.696855e+12,0.026012847,12.98031459757776
2020-06-19,消费者服务,3.6967006e+10,3.696855e+12,0.009999583,13.181162710283317
2020-06-19,煤炭,1.719821e+10,3.696855e+12,0.004652119,4.899594281400953
2020-06-19,电力及公用事业,5.3539746e+10,3.696855e+12,0.014482511,7.8567982307403765
2020-06-19,电力设备及新能源,1.5709884e+11,3.696855e+12,0.042495266,11.551701801604239
2020-06-19,电子,4.8272346e+11,3.696855e+12,0.13057679,20.686699112235758
2020-06-19,石油石化,1.867857e+10,3.696855e+12,0.005052557,9.026371550948724
2020-06-19,纺织服装,2.7377641e+10,3.696855e+12,0.0074056573,12.825670765240988
2020-06-19,综合,1.4042317e+10,3.696855e+12,0.0037984494,9.9955153465271
2020-06-19,综合金融,9.084061e+09,3.696855e+12,0.0024572401,19.53202998638153
2020-06-19,计算机,2.6912226e+11,3.696855e+12,0.07279762,18.334191100381094
2020-06-19,轻工制造,5.0635493e+10,3.696855e+12,0.013696911,16.26298813386397
2020-06-19,通信,1.410617e+11,3.696855e+12,0.038157217,17.49110009506637
2020-06-19,钢铁,4.709721e+10,3.696855e+12,0.012739804,10.135565849867733
2020-06-19,银行,5.7028977e+10,3.696855e+12,0.015426349,3.351527796851264
2020-06-19,非银行金融,1.9938042e+11,3.696855e+12,0.05393244,12.787323171358842
2020-06-19,食品饮料,1.5595153e+11,3.696855e+12,0.04218492,12.302639363992094
2020-06-26,交通运输,,,,3.928715724911955
2020-06-26,传媒,,,,12.841170907020569
2020-06-26,农林牧渔,,,,8.725435266074012
2020-06-26,医药,,,,10.161327153717705
2020-06-26,商贸零售,,,,7.142531561224084
2020-06-26,国防军工,,,,10.59443981372393
2020-06-26,基础化工,,,,9.011762075215938
2020-06-26,家电,,,,5.714915318672474
2020-06-26,建材,,,,6.279797154413143
2020-06-26,建筑,,,,5.146640309763532
2020-06-26,房地产,,,,4.4503102753764
2020-06-26,有色金属,,,,7.450230042500929
2020-06-26,机械,,,,8.67717511806939
2020-06-26,汽车,,,,8.43455880988728
2020-06-26,消费者服务,,,,5.923186285822999
2020-06-26,煤炭,,,,2.3810428610869816
2020-06-26,电力及公用事业,,,,3.9577190627080165
2020-06-26,电力设备及新能源,,,,6.9578650871227525
2020-06-26,电子,,,,14.31543771100242
2020-06-26,石油石化,,,,4.698578259867171
2020-06-26,纺织服装,,,,6.290257315635682
2020-06-26,综合,,,,6.568338529421733
2020-06-26,综合金融,,,,15.137350273132324
2020-06-26,计算机,,,,11.092634614572747
2020-06-26,轻工制造,,,,10.224746378714388
2020-06-26,通信,,,,8.907938230855793
2020-06-26,钢铁,,,,4.728959055109457
2020-06-26,银行,,,,3.0962472243441477
2020-06-26,非银行金融,,,,9.970190824453647
2020-06-26,食品饮料,,,,7.191586889288943
2020-07-03,交通运输,7.166295e+10,4.565538e+12,0.015696496,3.9176578811473317
2020-07-03,传媒,2.1618491e+11,4.565538e+12,0.047351465,10.334281929599957
2020-07-03,农林牧渔,1.09232275e+11,4.565538e+12,0.023925388,7.650170412112975
2020-07-03,医药,5.4626478e+11,4.565538e+12,0.11964959,9.048277889900818
2020-07-03,商贸零售,7.97831e+10,4.565538e+12,0.01747507,5.983724741872988
2020-07-03,国防军工,9.867259e+10,4.565538e+12,0.021612477,8.919320498903593
2020-07-03,基础化工,2.124885e+11,4.565538e+12,0.04654183,7.904801206169537
2020-07-03,家电,6.989436e+10,4.565538e+12,0.015309117,5.284870782036048
2020-07-03,建材,7.819319e+10,4.565538e+12,0.017126828,7.166984483179911
2020-07-03,建筑,5.969686e+10,4.565538e+12,0.013075536,5.193614510398719
2020-07-03,房地产,1.3757799e+11,4.565538e+12,0.030134013,5.399575651179407
2020-07-03,有色金属,1.3835477e+11,4.565538e+12,0.030304154,7.018219570951028
2020-07-03,机械,1.9568393e+11,4.565538e+12,0.042861085,7.739072694282939
2020-07-03,汽车,1.1493397e+11,4.565538e+12,0.025174243,7.557204879865502
2020-07-03,消费者服务,4.379339e+10,4.565538e+12,0.009592164,4.934601979804974
2020-07-03,煤炭,2.1251023e+10,4.565538e+12,0.004654659,2.6277728586324622
2020-07-03,电力及公用事业,5.6854057e+10,4.565538e+12,0.012452871,3.6789178130612976
2020-07-03,电力设备及新能源,2.041711e+11,4.565538e+12,0.04472005,6.621771718526247
2020-07-03,电子,6.248962e+11,4.565538e+12,0.1368724,12.93022151229668
2020-07-03,石油石化,2.645363e+10,4.565538e+12,0.005794198,4.277863843802442
2020-07-03,纺织服装,2.1103217e+10,4.565538e+12,0.004622285,4.779315989414851
2020-07-03,综合,1.442083e+10,4.565538e+12,0.0031586266,5.409375018798388
2020-07-03,综合金融,2.032342e+10,4.565538e+12,0.004451484,16.373715138435365
2020-07-03,计算机,3.79523e+11,4.565538e+12,0.08312777,10.356926674195448
2020-07-03,轻工制造,5.870983e+10,4.565538e+12,0.012859345,8.100814600153402
2020-07-03,通信,1.3562787e+11,4.565538e+12,0.029706873,8.422111768640724
2020-07-03,钢铁,3.1568468e+10,4.565538e+12,0.006914512,3.8228727247227323
2020-07-03,银行,1.1561746e+11,4.565538e+12,0.02532395,5.132312537791829
2020-07-03,非银行金融,4.589377e+11,4.565538e+12,0.100522146,10.220016124615302
2020-07-03,食品饮料,2.2175056e+11,4.565538e+12,0.048570517,7.561822226703769
2020-07-10,交通运输,1.5433025e+11,8.0711417e+12,0.019121243,15.892075860941851
2020-07-10,传媒,3.2101856e+11,8.0711417e+12,0.039773624,30.218225809532825
2020-07-10,农林牧渔,1.873727e+11,8.0711417e+12,0.023215141,27.29842605193456
2020-07-10,医药,7.5492085e+11,8.0711417e+12,0.093533345,25.119749423048713
2020-07-10,商贸零售,1.5867126e+11,8.0711417e+12,0.019659085,21.07595793322513
2020-07-10,国防军工,2.2867218e+11,8.0711417e+12,0.028332073,34.032901409344795
2020-07-10,基础化工,3.735765e+11,8.0711417e+12,0.046285458,25.49463333001545
2020-07-10,家电,1.195324e+11,8.0711417e+12,0.01480985,17.868843093285193
2020-07-10,建材,1.1502759e+11,8.0711417e+12,0.014251713,22.30933382141758
2020-07-10,建筑,1.3619612e+11,8.0711417e+12,0.016874455,20.76234914218226
2020-07-10,房地产,2.1709665e+11,8.0711417e+12,0.026897887,16.115617707510975
2020-07-10,有色金属,3.094015e+11,8.0711417e+12,0.03833429,28.55215554670854
2020-07-10,机械,3.6221328e+11,8.0711417e+12,0.044877578,27.819240911759156
2020-07-10,汽车,2.0929208e+11,8.0711417e+12,0.025930915,25.066961888111
2020-07-10,消费者服务,7.71437e+10,8.0711417e+12,0.009557967,18.661576560899324
2020-07-10,煤炭,5.387149e+10,8.0711417e+12,0.006674581,12.731622764042445
2020-07-10,电力及公用事业,1.2520819e+11,8.0711417e+12,0.015513071,14.919889658689499
2020-07-10,电力设备及新能源,3.3572926e+11,8.0711417e+12,0.041596256,21.832027763515324
2020-07-10,电子,1.0050373e+12,8.0711417e+12,0.12452232,38.43576518323057
2020-07-10,石油石化,6.0269257e+10,8.0711417e+12,0.007467253,20.633321266225042
2020-07-10,纺织服装,4.4448514e+10,8.0711417e+12,0.0055070915,18.173168541961594
2020-07-10,综合,3.229587e+10,8.0711417e+12,0.0040014004,21.440903957073505
2020-07-10,综合金融,3.2004053e+10,8.0711417e+12,0.003965245,44.48162059783935
2020-07-10,计算机,6.734204e+11,8.0711417e+12,0.08343558,33.721751918560244
2020-07-10,轻工制造,1.05293726e+11,8.0711417e+12,0.013045704,26.747074707671327
2020-07-10,通信,2.6838553e+11,8.0711417e+12,0.03325249,31.831899855900737
2020-07-10,钢铁,7.520893e+10,8.0711417e+12,0.009318252,16.11172949184071
2020-07-10,银行,2.8605543e+11,8.0711417e+12,0.035441756,25.16822758813699
2020-07-10,非银行金融,9.6837186e+11,8.0711417e+12,0.11997954,32.857850804695715
2020-07-10,食品饮料,2.773936e+11,8.0711417e+12,0.03436857,18.73615452376279
2020-07-17,交通运输,1.37384395e+11,7.4694305e+12,0.018392887,12.513652837938732
2020-07-17,传媒,2.6807152e+11,7.4694305e+12,0.035889152,25.595756605854184
2020-07-17,农林牧渔,2.2188355e+11,7.4694305e+12,0.02970555,30.494167174311244
2020-07-17,医药,8.341592e+11,7.4694305e+12,0.11167641,25.46173143116729
2020-07-17,商贸零售,1.5969726e+11,7.4694305e+12,0.021380112,18.567121096661218
2020-07-17,国防军工,2.1776358e+11,7.4694305e+12,0.029153973,28.495632024911735
2020-07-17,基础化工,3.7231123e+11,7.4694305e+12,0.04984466,23.28216403167885
2020-07-17,家电,1.1175992e+11,7.4694305e+12,0.014962308,18.933792481055626
2020-07-17,建材,1.2273456e+11,7.4694305e+12,0.016431581,20.906347956455928
2020-07-17,建筑,1.0835375e+11,7.4694305e+12,0.014506293,18.361743561683163
2020-07-17,房地产,1.661702e+11,7.4694305e+12,0.022246702,13.183149475917638
2020-07-17,有色金属,2.5246843e+11,7.4694305e+12,0.033800226,22.691618258302864
2020-07-17,机械,3.3497042e+11,7.4694305e+12,0.04484551,24.75803879677935
2020-07-17,汽车,2.0026407e+11,7.4694305e+12,0.026811156,20.86426598664486
2020-07-17,消费者服务,8.756239e+10,7.4694305e+12,0.011722766,22.295769301744606
2020-07-17,煤炭,3.4036087e+10,7.4694305e+12,0.004556718,7.706662886483329
2020-07-17,电力及公用事业,1.3552425e+11,7.4694305e+12,0.018143853,16.09974030037036
2020-07-17,电力设备及新能源,3.4252223e+11,7.4694305e+12,0.04585654,20.374931349774798
2020-07-17,电子,1.0014011e+12,7.4694305e+12,0.1340666,32.33810415912847
2020-07-17,石油石化,4.8068166e+10,7.4694305e+12,0.006435319,16.19266384332738
2020-07-17,纺织服装,4.022294e+10,7.4694305e+12,0.0053850077,16.15472895691269
2020-07-17,综合,3.594575e+10,7.4694305e+12,0.0048123817,19.357161576931293
2020-07-17,综合金融,2.2848307e+10,7.4694305e+12,0.003058909,32.0474796295166
2020-07-17,计算机,5.8571e+11,7.4694305e+12,0.078414276,30.107873320702172
2020-07-17,轻工制造,9.636846e+10,7.4694305e+12,0.012901715,23.90284513568019
2020-07-17,通信,2.3185714e+11,7.4694305e+12,0.031040806,27.78843697760869
2020-07-17,钢铁,5.415464e+10,7.4694305e+12,0.00725017,12.986463730985468
2020-07-17,银行,1.6560397e+11,7.4694305e+12,0.022170896,13.179047154055702
2020-07-17,非银行金融,7.461456e+11,7.4694305e+12,0.099893235,27.374197022731487
2020-07-17,食品饮料,3.285525e+11,7.4694305e+12,0.043986287,18.200316161820382
2020-07-24,交通运输,9.734284e+10,6.0073726e+12,0.016203895,8.942224073189276
2020-07-24,传媒,1.7991438e+11,6.0073726e+12,0.02994893,16.64832363729402
2020-07-24,农林牧渔,1.5830444e+11,6.0073726e+12,0.026351692,21.623162459625917
2020-07-24,医药,7.053933e+11,6.0073726e+12,0.11742127,21.301434274205192
2020-07-24,商贸零售,1.2168547e+11,6.0073726e+12,0.020256022,15.240372559898779
2020-07-24,国防军工,2.807762e+11,6.0073726e+12,0.046738606,33.641923433695084
2020-07-24,基础化工,3.1200533e+11,6.0073726e+12,0.05193707,18.313245086349657
2020-07-24,家电,9.829355e+10,6.0073726e+12,0.016362153,14.988804437563969
2020-07-24,建材,1.295786e+11,6.0073726e+12,0.021569928,18.487351968254842
2020-07-24,建筑,8.5303575e+10,6.0073726e+12,0.014199814,13.850733158088499
2020-07-24,房地产,1.1157749e+11,6.0073726e+12,0.018573426,9.762142889967588
2020-07-24,有色金属,2.3551358e+11,6.0073726e+12,0.03920409,21.903393580032898
2020-07-24,机械,2.9533225e+11,6.0073726e+12,0.04916163,19.00523268445186
2020-07-24,汽车,1.546307e+11,6.0073726e+12,0.025740154,16.455592716823926
2020-07-24,消费者服务,7.858937e+10,6.0073726e+12,0.013082153,18.08513259429198
2020-07-24,煤炭,2.6327656e+10,6.0073726e+12,0.0043825577,5.837508562632969
2020-07-24,电力及公用事业,1.1490577e+11,6.0073726e+12,0.019127458,14.562916603939874
2020-07-24,电力设备及新能源,3.1419515e+11,6.0073726e+12,0.052301593,17.119353880102818
2020-07-24,电子,7.150796e+11,6.0073726e+12,0.11903367,24.837106459777846
2020-07-24,石油石化,4.948974e+10,6.0073726e+12,0.0082381675,14.375929753831093
2020-07-24,纺织服装,3.1985891e+10,6.0073726e+12,0.005324439,13.252985519798179
2020-07-24,综合,2.6577752e+10,6.0073726e+12,0.004424189,16.13986153785999
2020-07-24,综合金融,1.339986e+10,6.0073726e+12,0.0022305693,20.748240089416505
2020-07-24,计算机,4.600071e+11,6.0073726e+12,0.07657376,25.24449383675075
2020-07-24,轻工制造,8.312626e+10,6.0073726e+12,0.013837375,20.327502670588792
2020-07-24,通信,1.5396207e+11,6.0073726e+12,0.025628854,20.844699187920643
2020-07-24,钢铁,3.9239844e+10,6.0073726e+12,0.0065319478,10.341482258505291
2020-07-24,银行,1.2477345e+11,6.0073726e+12,0.020770052,9.046683290766346
2020-07-24,非银行金融,5.600441e+11,6.0073726e+12,0.093226135,18.7509137740502
2020-07-24,食品饮料,2.4736648e+11,6.0073726e+12,0.04117715,13.444230337335606
2020-07-31,交通运输,7.3238725e+10,5.057463e+12,0.014481317,7.027203679084778
2020-07-31,传媒,1.4742908e+11,5.057463e+12,0.029150799,14.04111797735095
2020-07-31,农林牧渔,1.7093684e+11,5.057463e+12,0.033798933,24.110589476543314
2020-07-31,医药,7.435342e+11,5.057463e+12,0.14701724,21.855337977761014
2020-07-31,商贸零售,9.362219e+10,5.057463e+12,0.01851169,11.827944807708263
2020-07-31,国防军工,2.2505094e+11,5.057463e+12,0.044498783,28.05340501326549
2020-07-31,基础化工,2.7992208e+11,5.057463e+12,0.05534832,17.582491403677054
2020-07-31,家电,8.823355e+10,5.057463e+12,0.017446209,15.381555089583763
2020-07-31,建材,9.391156e+10,5.057463e+12,0.018568907,14.00402969541684
2020-07-31,建筑,6.3333605e+10,5.057463e+12,0.012522802,11.882084029061454
2020-07-31,房地产,8.662614e+10,5.057463e+12,0.017128378,7.3347298942993735
2020-07-31,有色金属,2.5624168e+11,5.057463e+12,0.050666053,22.097546777209722
2020-07-31,机械,2.335036e+11,5.057463e+12,0.046170108,17.039327916837546
2020-07-31,汽车,1.227977e+11,5.057463e+12,0.024280494,15.096630140959498
2020-07-31,消费者服务,5.4394085e+10,5.057463e+12,0.010755212,11.82350578904152
2020-07-31,煤炭,1.9612195e+10,5.057463e+12,0.0038778721,4.111985683441162
2020-07-31,电力及公用事业,7.780637e+10,5.057463e+12,0.015384467,10.469101690844203
2020-07-31,电力设备及新能源,2.9073582e+11,5.057463e+12,0.057486493,16.76807671189308
2020-07-31,电子,6.252916e+11,5.057463e+12,0.12363741,21.37951895181673
2020-07-31,石油石化,3.450351e+10,5.057463e+12,0.006822296,10.736359472604509
2020-07-31,纺织服装,2.5498671e+10,5.057463e+12,0.005041791,12.30466310444631
2020-07-31,综合,2.2084758e+10,5.057463e+12,0.004366766,14.042392519804148
2020-07-31,综合金融,8.0925215e+09,5.057463e+12,0.0016001149,13.035160207748413
2020-07-31,计算机,3.2688518e+11,5.057463e+12,0.06463422,19.31508593219351
2020-07-31,轻工制造,6.4594866e+10,5.057463e+12,0.012772188,16.809949185241734
2020-07-31,通信,1.1736615e+11,5.057463e+12,0.023206528,17.277155680476493
2020-07-31,钢铁,2.6581993e+10,5.057463e+12,0.005255994,7.512208804819319
2020-07-31,银行,8.002898e+10,5.057463e+12,0.015823938,4.9679611221783695
2020-07-31,非银行金融,3.731351e+11,5.057463e+12,0.07377911,13.721106046528528
2020-07-31,食品饮料,2.3091126e+11,5.057463e+12,0.04565753,13.162075220948399
2020-08-07,交通运输,1.0383237e+11,6.3874694e+12,0.016255636,10.01158610869337
2020-08-07,传媒,1.9766786e+11,6.3874694e+12,0.030946193,17.974147275898808
2020-08-07,农林牧渔,2.2223534e+11,6.3874694e+12,0.034792393,27.997552818410536
2020-08-07,医药,8.981788e+11,6.3874694e+12,0.14061575,23.69011090082281
2020-08-07,商贸零售,9.392681e+10,6.3874694e+12,0.014704855,12.610884367177883
2020-08-07,国防军工,3.3440976e+11,6.3874694e+12,0.05235403,38.078856878642796
2020-08-07,基础化工,3.889481e+11,6.3874694e+12,0.060892362,22.408099677007108
2020-08-07,家电,9.727997e+10,6.3874694e+12,0.015229814,16.397484480417692
2020-08-07,建材,1.03072694e+11,6.3874694e+12,0.016136702,17.077028883646612
2020-08-07,建筑,9.108893e+10,6.3874694e+12,0.014260566,14.620856380651867
2020-08-07,房地产,1.1763446e+11,6.3874694e+12,0.018416442,9.836800007062537
2020-08-07,有色金属,3.0978284e+11,6.3874694e+12,0.048498522,25.932615378955465
2020-08-07,机械,2.9450804e+11,6.3874694e+12,0.046107154,20.22794708237052
2020-08-07,汽车,1.5569745e+11,6.3874694e+12,0.024375452,17.63111734318446
2020-08-07,消费者服务,6.166629e+10,6.3874694e+12,0.00965426,14.19540181924712
2020-08-07,煤炭,2.378141e+10,6.3874694e+12,0.003723135,5.199268562453134
2020-08-07,电力及公用事业,1.0586637e+11,6.3874694e+12,0.016574072,12.460985362864612
2020-08-07,电力设备及新能源,3.06883e+11,6.3874694e+12,0.048044536,18.535199180876806
2020-08-07,电子,8.0159185e+11,6.3874694e+12,0.12549444,25.91763331052661
2020-08-07,石油石化,5.180318e+10,6.3874694e+12,0.008110126,14.828442584326927
2020-08-07,纺织服装,3.299975e+10,6.3874694e+12,0.005166326,15.435631664175736
2020-08-07,综合,2.5069429e+10,6.3874694e+12,0.0039247824,17.796969156998856
2020-08-07,综合金融,1.5813015e+10,6.3874694e+12,0.0024756305,24.082680225372314
2020-08-07,计算机,4.6489482e+11,6.3874694e+12,0.072782315,24.80758919749394
2020-08-07,轻工制造,8.43163e+10,6.3874694e+12,0.013200266,21.431701736492023
2020-08-07,通信,1.6017018e+11,6.3874694e+12,0.025075687,22.201210447077482
2020-08-07,钢铁,4.3837485e+10,6.3874694e+12,0.006863044,13.471031011475457
2020-08-07,银行,1.1555092e+11,6.3874694e+12,0.01809025,7.490222210685412
2020-08-07,非银行金融,4.7142303e+11,6.3874694e+12,0.07380435,16.4029165623766
2020-08-07,食品饮料,2.107646e+11,6.3874694e+12,0.032996573,14.181278225218895
2020-08-14,交通运输,1.0992658e+11,5.0504495e+12,0.021765701,9.018730583014312
2020-08-14,传媒,1.3700175e+11,5.0504495e+12,0.027126644,13.845373620358549
2020-08-14,农林牧渔,2.0300204e+11,5.0504495e+12,0.040194847,25.796850502490997
2020-08-14,医药,5.9949056e+11,5.0504495e+12,0.11870044,16.147244541176605
2020-08-14,商贸零售,7.010403e+10,5.0504495e+12,0.013880751,11.841510451088348
2020-08-14,国防军工,3.042046e+11,5.0504495e+12,0.060233176,31.11704083937633
2020-08-14,基础化工,3.3290155e+11,5.0504495e+12,0.065915234,19.364570385549776
2020-08-14,家电,7.249673e+10,5.0504495e+12,0.014354509,13.235461587172288
2020-08-14,建材,1.0471999e+11,5.0504495e+12,0.020734787,18.522282244407968
2020-08-14,建筑,1.0457728e+11,5.0504495e+12,0.020706529,14.479947604830302
2020-08-14,房地产,1.0854714e+11,5.0504495e+12,0.021492569,8.229169142023425
2020-08-14,有色金属,1.993808e+11,5.0504495e+12,0.039477833,17.30115683121724
2020-08-14,机械,2.7716888e+11,5.0504495e+12,0.05488004,18.129323358671652
2020-08-14,汽车,1.5689227e+11,5.0504495e+12,0.03106501,18.244164395045086
2020-08-14,消费者服务,5.418681e+10,5.0504495e+12,0.010729106,12.685105661176285
2020-08-14,煤炭,1.9077188e+10,5.0504495e+12,0.0037773247,4.345091421263558
2020-08-14,电力及公用事业,8.606291e+10,5.0504495e+12,0.017040644,10.818930850939804
2020-08-14,电力设备及新能源,2.7127593e+11,5.0504495e+12,0.053713225,16.339789516815152
2020-08-14,电子,5.4305882e+11,5.0504495e+12,0.10752683,20.615510834640716
2020-08-14,石油石化,4.116055e+10,5.0504495e+12,0.008149878,12.047776625511494
2020-08-14,纺织服装,2.5579637e+10,5.0504495e+12,0.0050648237,10.779602618593918
2020-08-14,综合,1.4569102e+10,5.0504495e+12,0.002884714,10.599653830895058
2020-08-14,综合金融,9.548195e+09,5.0504495e+12,0.0018905634,14.246139764785767
2020-08-14,计算机,3.218984e+11,5.0504495e+12,0.06373659,16.89080037266375
2020-08-14,轻工制造,7.054297e+10,5.0504495e+12,0.013967661,16.912776274116414
2020-08-14,通信,1.11761285e+11,5.0504495e+12,0.022128977,16.34134119916185
2020-08-14,钢铁,3.7789016e+10,5.0504495e+12,0.0074823075,13.273313279946645
2020-08-14,银行,1.0886035e+11,5.0504495e+12,0.021554586,6.483780560394128
2020-08-14,非银行金融,3.6494423e+11,5.0504495e+12,0.072259754,10.87230148685701
2020-08-14,食品饮料,1.8835089e+11,5.0504495e+12,0.037293885,14.633351572079233
2020-08-21,交通运输,1.1106594e+11,4.991333e+12,0.022251759,10.67316573665098
2020-08-21,传媒,1.5322006e+11,4.991333e+12,0.030697223,15.046175177707228
2020-08-21,农林牧渔,2.1583182e+11,4.991333e+12,0.04324132,29.95899658904356
2020-08-21,医药,4.8783052e+11,4.991333e+12,0.097735524,13.839135087024399
2020-08-21,商贸零售,6.584083e+10,4.991333e+12,0.013191031,10.604178110758463
2020-08-21,国防军工,2.2825545e+11,4.991333e+12,0.04573036,23.549112663993352
2020-08-21,基础化工,3.079597e+11,4.991333e+12,0.061698887,18.50623895713063
2020-08-21,家电,7.6243345e+10,4.991333e+12,0.015275148,13.972800137446477
2020-08-21,建材,9.844778e+10,4.991333e+12,0.019723745,17.16144111385084
2020-08-21,建筑,9.2620464e+10,4.991333e+12,0.018556258,13.410218883687117
2020-08-21,房地产,9.514533e+10,4.991333e+12,0.019062107,7.702920526544625
2020-08-21,有色金属,1.6839066e+11,4.991333e+12,0.033736613,14.510921591574007
2020-08-21,机械,2.4819293e+11,4.991333e+12,0.04972478,16.83526689538044
2020-08-21,汽车,1.5460254e+11,4.991333e+12,0.030974198,18.400399401783943
2020-08-21,消费者服务,4.8241205e+10,4.991333e+12,0.009664995,12.809835766846279
2020-08-21,煤炭,3.0124999e+10,4.991333e+12,0.0060354616,6.692394254888807
2020-08-21,电力及公用事业,1.1116831e+11,4.991333e+12,0.022272268,12.93961113791226
2020-08-21,电力设备及新能源,2.7107058e+11,4.991333e+12,0.054308254,15.894942590455969
2020-08-21,电子,5.815723e+11,4.991333e+12,0.11651643,21.964135301529485
2020-08-21,石油石化,4.334337e+10,4.991333e+12,0.008683726,11.940572188889726
2020-08-21,纺织服装,2.5110925e+10,4.991333e+12,0.005030906,10.4428092413827
2020-08-21,综合,1.7943771e+10,4.991333e+12,0.003594986,11.712549989040081
2020-08-21,综合金融,9.785224e+09,4.991333e+12,0.001960443,14.130349969863891
2020-08-21,计算机,3.182328e+11,4.991333e+12,0.06375708,18.05682395263016
2020-08-21,轻工制造,7.016185e+10,4.991333e+12,0.014056737,17.143064138136413
2020-08-21,通信,1.1704373e+11,4.991333e+12,0.023449395,16.4263728779053
2020-08-21,钢铁,4.1954066e+10,4.991333e+12,0.008405384,12.149397887123955
2020-08-21,银行,1.2706366e+11,4.991333e+12,0.02545686,9.149272164536846
2020-08-21,非银行金融,4.3849872e+11,4.991333e+12,0.08785203,17.40009985593232
2020-08-21,食品饮料,2.3514921e+11,4.991333e+12,0.047111508,19.044041230982426
2020-08-28,交通运输,9.199856e+10,4.5495385e+12,0.020221515,10.725713824460266
2020-08-28,传媒,1.7763864e+11,4.5495385e+12,0.03904542,18.675750835125264
2020-08-28,农林牧渔,1.6404729e+11,4.5495385e+12,0.03605801,25.72889668165251
2020-08-28,医药,4.8682444e+11,4.5495385e+12,0.10700524,15.550399938242974
2020-08-28,商贸零售,5.6185844e+10,4.5495385e+12,0.01234979,8.683167774230242
2020-08-28,国防军工,1.639587e+11,4.5495385e+12,0.036038537,19.833466797699163
2020-08-28,基础化工,2.870465e+11,4.5495385e+12,0.06309354,18.132287826995515
2020-08-28,家电,7.492396e+10,4.5495385e+12,0.016468475,14.269787683853735
2020-08-28,建材,7.610543e+10,4.5495385e+12,0.016728166,12.906731518980575
2020-08-28,建筑,7.7495484e+10,4.5495385e+12,0.017033702,13.727248878929558
2020-08-28,房地产,7.977159e+10,4.5495385e+12,0.017533997,6.784222387264822
2020-08-28,有色金属,1.2382037e+11,4.5495385e+12,0.027216028,11.909617005714349
2020-08-28,机械,2.7192312e+11,4.5495385e+12,0.059769385,20.555175586207827
2020-08-28,汽车,1.3432087e+11,4.5495385e+12,0.029524066,17.761987680547378
2020-08-28,消费者服务,4.4487303e+10,4.5495385e+12,0.009778421,18.465207691462535
2020-08-28,煤炭,1.7265631e+10,4.5495385e+12,0.0037950291,3.5534942839826855
2020-08-28,电力及公用事业,1.2116208e+11,4.5495385e+12,0.02663173,16.26620492190946
2020-08-28,电力设备及新能源,2.6191274e+11,4.5495385e+12,0.05756908,16.32354001807764
2020-08-28,电子,5.802121e+11,4.5495385e+12,0.12753208,25.69722944983216
2020-08-28,石油石化,3.4445492e+10,4.5495385e+12,0.007571206,15.37598770391196
2020-08-28,纺织服装,2.9384567e+10,4.5495385e+12,0.0064588017,14.451084328936291
2020-08-28,综合,1.6877949e+10,4.5495385e+12,0.0037098157,9.96132311454186
2020-08-28,综合金融,7.836197e+09,4.5495385e+12,0.0017224158,10.723410177230836
2020-08-28,计算机,3.4521108e+11,4.5495385e+12,0.07587826,20.993561024447363
2020-08-28,轻工制造,6.0883927e+10,4.5495385e+12,0.01338244,15.350708812998052
2020-08-28,通信,1.06056696e+11,4.5495385e+12,0.02331153,16.07828413660281
2020-08-28,钢铁,2.86927e+10,4.5495385e+12,0.0063067274,8.926933419704437
2020-08-28,银行,7.559623e+10,4.5495385e+12,0.01661624,4.204430566065842
2020-08-28,非银行金融,2.8865462e+11,4.5495385e+12,0.06344701,10.795697074496385
2020-08-28,食品饮料,2.6267684e+11,4.5495385e+12,0.05773703,19.96891477879356
2020-09-04,交通运输,1.0592099e+11,4.567877e+12,0.023188232,5.283334901197515
2020-09-04,传媒,1.6698384e+11,4.567877e+12,0.036556117,9.165755754136121
2020-09-04,农林牧渔,1.4098493e+11,4.567877e+12,0.03086443,9.571727956276993
2020-09-04,医药,4.7794605e+11,4.567877e+12,0.10463199,7.134684420729656
2020-09-04,商贸零售,5.2609184e+10,4.567877e+12,0.011517206,3.72946926089935
2020-09-04,国防军工,1.7539796e+11,4.567877e+12,0.038398135,12.071653770075905
2020-09-04,基础化工,2.7319145e+11,4.567877e+12,0.059807096,8.760181237135786
2020-09-04,家电,7.952198e+10,4.567877e+12,0.017408958,7.792847724144275
2020-09-04,建材,7.166393e+10,4.567877e+12,0.015688673,6.4070843886964175
2020-09-04,建筑,8.024765e+10,4.567877e+12,0.017567823,6.979978268482085
2020-09-04,房地产,7.644261e+10,4.567877e+12,0.016734822,3.1415205590914344
2020-09-04,有色金属,1.3162072e+11,4.567877e+12,0.028814418,6.350020555247154
2020-09-04,机械,3.017719e+11,4.567877e+12,0.06606393,11.360266636336497
2020-09-04,汽车,1.483197e+11,4.567877e+12,0.03247016,8.836870990802815
2020-09-04,消费者服务,5.1560665e+10,4.567877e+12,0.011287665,9.647385906779542
2020-09-04,煤炭,1.7793556e+10,4.567877e+12,0.0038953668,1.857277145556041
2020-09-04,电力及公用事业,9.785848e+10,4.567877e+12,0.021423185,6.131339801753259
2020-09-04,电力设备及新能源,2.6020397e+11,4.567877e+12,0.056963872,9.049747300122966
2020-09-04,电子,5.5885745e+11,4.567877e+12,0.12234512,11.901030808656527
2020-09-04,石油石化,3.4057468e+10,4.567877e+12,0.0074558635,5.6270020412048325
2020-09-04,纺织服装,2.9262029e+10,4.567877e+12,0.0064060455,6.656918237542177
2020-09-04,综合,1.4176298e+10,4.567877e+12,0.0031034763,4.997105740010738
2020-09-04,综合金融,7.758215e+09,4.567877e+12,0.0016984291,4.8315349370241165
2020-09-04,计算机,3.4381896e+11,4.567877e+12,0.07526887,10.219407553162434
2020-09-04,轻工制造,6.219084e+10,4.567877e+12,0.013614824,7.157530714806757
2020-09-04,通信,1.106275e+11,4.567877e+12,0.02421858,8.681407013507647
2020-09-04,钢铁,3.1815426e+10,4.567877e+12,0.0069650356,6.819935098126694
2020-09-04,银行,9.3635215e+10,4.567877e+12,0.02049863,2.2820874901695385
2020-09-04,非银行金融,2.882842e+11,4.567877e+12,0.0631112,5.587597697691033
2020-09-04,食品饮料,2.799358e+11,4.567877e+12,0.06128357,8.387482815075154
2020-09-11,交通运输,1.0549513e+11,4.453072e+12,0.023690416,11.13824950418341
2020-09-11,传媒,1.8142285e+11,4.453072e+12,0.040741052,21.315042381103222
2020-09-11,农林牧渔,1.211013e+11,4.453072e+12,0.027195001,17.09443130950595
2020-09-11,医药,4.3309518e+11,4.453072e+12,0.097257614,14.23354264192004
2020-09-11,商贸零售,4.9508102e+10,4.453072e+12,0.0111177405,7.920967668294907
2020-09-11,国防军工,1.4892997e+11,4.453072e+12,0.03344432,23.30027645605582
2020-09-11,基础化工,2.7052556e+11,4.453072e+12,0.06075032,18.548757039544235
2020-09-11,家电,7.272619e+10,4.453072e+12,0.01633169,17.724659866553086
2020-09-11,建材,6.976362e+10,4.453072e+12,0.015666403,14.529191965992386
2020-09-11,建筑,8.3873415e+10,4.453072e+12,0.018834956,14.85225357784061
2020-09-11,房地产,7.922531e+10,4.453072e+12,0.017791158,6.4611177759192815
2020-09-11,有色金属,1.2607952e+11,4.453072e+12,0.028312929,14.300461931566222
2020-09-11,机械,3.1047084e+11,4.453072e+12,0.069720596,23.209104096232203
2020-09-11,汽车,1.385994e+11,4.453072e+12,0.031124445,16.853677783096046
2020-09-11,消费者服务,4.9940062e+10,4.453072e+12,0.011214743,21.691084953973878
2020-09-11,煤炭,2.6263353e+10,4.453072e+12,0.0058978056,6.362085715362004
2020-09-11,电力及公用事业,9.9981e+10,4.453072e+12,0.02245214,12.452964648851374
2020-09-11,电力设备及新能源,3.2156533e+11,4.453072e+12,0.07221202,23.087195091227773
2020-09-11,电子,5.5550856e+11,4.453072e+12,0.12474726,25.047468803132592
2020-09-11,石油石化,3.434271e+10,4.453072e+12,0.007712139,13.394362448714674
2020-09-11,纺织服装,3.122241e+10,4.453072e+12,0.0070114313,16.655179486824917
2020-09-11,综合,1.196121e+10,4.453072e+12,0.002686058,9.856465422190153
2020-09-11,综合金融,8.884666e+09,4.453072e+12,0.0019951768,10.832690119743347
2020-09-11,计算机,3.666531e+11,4.453072e+12,0.08233712,24.461748786359315
2020-09-11,轻工制造,6.627183e+10,4.453072e+12,0.014882272,16.599952877562842
2020-09-11,通信,1.187411e+11,4.453072e+12,0.026664985,21.27439900870635
2020-09-11,钢铁,3.884688e+10,4.453072e+12,0.008723614,12.707678149575772
2020-09-11,银行,7.52211e+10,4.453072e+12,0.016891956,4.514108363952902
2020-09-11,非银行金融,2.4700705e+11,4.453072e+12,0.05546891,9.341521273959767
2020-09-11,食品饮料,2.0521145e+11,4.453072e+12,0.04608312,12.512363671087751
2020-09-18,交通运输,8.9487696e+10,3.7117713e+12,0.024109162,9.106469847193551
2020-09-18,传媒,1.3634121e+11,3.7117713e+12,0.036732115,15.224560064077377
2020-09-18,农林牧渔,8.9860784e+10,3.7117713e+12,0.024209676,12.828961690497954
2020-09-18,医药,3.553054e+11,3.7117713e+12,0.09572394,11.009178522323127
2020-09-18,商贸零售,3.9621804e+10,3.7117713e+12,0.010674635,6.1166021053989725
2020-09-18,国防军工,1.07823464e+11,3.7117713e+12,0.02904906,17.744943262618264
2020-09-18,基础化工,2.3829583e+11,3.7117713e+12,0.06420003,17.261096509850837
2020-09-18,家电,5.702136e+10,3.7117713e+12,0.015362304,12.309099983252011
2020-09-18,建材,6.103243e+10,3.7117713e+12,0.01644294,14.545136461386809
2020-09-18,建筑,6.1064282e+10,3.7117713e+12,0.01645152,10.26377324982891
2020-09-18,房地产,6.6784174e+10,3.7117713e+12,0.017992534,4.86835419769599
2020-09-18,有色金属,1.2046016e+11,3.7117713e+12,0.03245355,14.378984901757367
2020-09-18,机械,2.6222523e+11,3.7117713e+12,0.07064693,20.657535049897522
2020-09-18,汽车,1.5371017e+11,3.7117713e+12,0.04141154,17.921542342319047
2020-09-18,消费者服务,4.705324e+10,3.7117713e+12,0.012676761,18.16286229412511
2020-09-18,煤炭,1.8617127e+10,3.7117713e+12,0.0050156987,4.056731446300234
2020-09-18,电力及公用事业,7.0738895e+10,3.7117713e+12,0.01905799,9.353525409876312
2020-09-18,电力设备及新能源,3.1386734e+11,3.7117713e+12,0.084559985,20.6602129431681
2020-09-18,电子,4.4112252e+11,3.7117713e+12,0.1188442,20.600377393456604
2020-09-18,石油石化,2.6671053e+10,3.7117713e+12,0.0071855322,11.66315629488478
2020-09-18,纺织服装,3.2384602e+10,3.7117713e+12,0.008724838,16.521661982506135
2020-09-18,综合,1.0158166e+10,3.7117713e+12,0.0027367435,7.990511499918425
2020-09-18,综合金融,1.2010553e+10,3.7117713e+12,0.003235801,11.810419869422912
2020-09-18,计算机,2.6977246e+11,3.7117713e+12,0.07268025,18.219220296169322
2020-09-18,轻工制造,5.924518e+10,3.7117713e+12,0.015961431,14.312278789784271
2020-09-18,通信,7.3403154e+10,3.7117713e+12,0.019775774,12.81535044006098
2020-09-18,钢铁,2.8026636e+10,3.7117713e+12,0.0075507443,11.381295723111734
2020-09-18,银行,6.689052e+10,3.7117713e+12,0.018021185,3.935447250803312
2020-09-18,非银行金融,2.3053315e+11,3.7117713e+12,0.062108662,8.072133334071347
2020-09-18,食品饮料,1.6743427e+11,3.7117713e+12,0.045108993,8.654503791378094
2020-09-25,交通运输,7.304696e+10,3.3166115e+12,0.022024574,7.4021990480748086
2020-09-25,传媒,1.0917101e+11,3.3166115e+12,0.03291643,11.606431515400226
2020-09-25,农林牧渔,8.73281e+10,3.3166115e+12,0.026330518,15.915139186656338
2020-09-25,医药,4.084164e+11,3.3166115e+12,0.12314267,12.603936345406941
2020-09-25,商贸零售,3.876404e+10,3.3166115e+12,0.011687845,6.340434047979178
2020-09-25,国防军工,1.2539798e+11,3.3166115e+12,0.037809066,20.95906834558743
2020-09-25,基础化工,2.0665128e+11,3.3166115e+12,0.062307954,15.312163285279679
2020-09-25,家电,4.993356e+10,3.3166115e+12,0.015055596,10.465906247725854
2020-09-25,建材,5.532652e+10,3.3166115e+12,0.01668164,12.632070337598389
2020-09-25,建筑,5.3775073e+10,3.3166115e+12,0.016213859,9.094897685557838
2020-09-25,房地产,5.961526e+10,3.3166115e+12,0.01797475,4.898200939748889
2020-09-25,有色金属,1.03122166e+11,3.3166115e+12,0.031092627,11.526261973170053
2020-09-25,机械,2.0634773e+11,3.3166115e+12,0.06221643,16.06994465562901
2020-09-25,汽车,1.2176885e+11,3.3166115e+12,0.036714837,14.976554435112574
2020-09-25,消费者服务,3.7358395e+10,3.3166115e+12,0.011264025,13.322737658923527
2020-09-25,煤炭,1.8358739e+10,3.3166115e+12,0.00553539,3.6387143066951206
2020-09-25,电力及公用事业,5.679748e+10,3.3166115e+12,0.017125152,7.836175800188557
2020-09-25,电力设备及新能源,2.5281901e+11,3.3166115e+12,0.076228105,15.9653310454238
2020-09-25,电子,3.5026426e+11,3.3166115e+12,0.10560907,17.54019770077394
2020-09-25,石油石化,2.2627019e+10,3.3166115e+12,0.00682233,9.89624372497201
2020-09-25,纺织服装,3.3406097e+10,3.3166115e+12,0.010072358,14.741946910001055
2020-09-25,综合,9.976368e+09,3.3166115e+12,0.003008,8.266119388433603
2020-09-25,综合金融,8.247302e+09,3.3166115e+12,0.002486665,9.451769995689393
2020-09-25,计算机,2.2327773e+11,3.3166115e+12,0.06732104,15.09875715499123
2020-09-25,轻工制造,5.5938884e+10,3.3166115e+12,0.016866276,12.489721090611765
2020-09-25,通信,5.930142e+10,3.3166115e+12,0.017880123,10.693283218089665
2020-09-25,钢铁,2.1465246e+10,3.3166115e+12,0.006472041,9.55722318304346
2020-09-25,银行,5.873122e+10,3.3166115e+12,0.017708201,3.897583404348956
2020-09-25,非银行金融,2.7953e+11,3.3166115e+12,0.08428181,9.89691820402037
2020-09-25,食品饮料,1.2774493e+11,3.3166115e+12,0.0385167,8.246271397386279
2020-10-02,交通运输,,,,3.5181926968422803
2020-10-02,传媒,,,,4.76373231112957
2020-10-02,农林牧渔,,,,7.0280563344900635
2020-10-02,医药,,,,6.462126698683608
2020-10-02,商贸零售,,,,3.3305847170401592
2020-10-02,国防军工,,,,12.119433115895202
2020-10-02,基础化工,,,,7.618721992742848
2020-10-02,家电,,,,4.488881565057314
2020-10-02,建材,,,,6.143475629187919
2020-10-02,建筑,,,,4.121791313248356
2020-10-02,房地产,,,,2.4620840683161656
2020-10-02,有色金属,,,,4.828911471221827
2020-10-02,机械,,,,7.844394320751181
2020-10-02,汽车,,,,8.211610376492313
2020-10-02,消费者服务,,,,7.463103687425829
2020-10-02,煤炭,,,,2.7444228751318795
2020-10-02,电力及公用事业,,,,3.4991379307767194
2020-10-02,电力设备及新能源,,,,8.048922811924669
2020-10-02,电子,,,,8.700390971608853
2020-10-02,石油石化,,,,4.6914708040033775
2020-10-02,纺织服装,,,,6.4673240897776205
2020-10-02,综合,,,,3.6041076962764445
2020-10-02,综合金融,,,,3.6374999046325684
2020-10-02,计算机,,,,8.060187429774041
2020-10-02,轻工制造,,,,6.3215617010990774
2020-10-02,通信,,,,5.700136499984242
2020-10-02,钢铁,,,,4.917587239057459
2020-10-02,银行,,,,1.561016685432858
2020-10-02,非银行金融,,,,3.6936606210515355
2020-10-02,食品饮料,,,,6.442004771175839
2020-10-09,交通运输,1.3578544e+10,7.028128e+11,0.019320287,1.3894763573326847
2020-10-09,传媒,2.0107663e+10,7.028128e+11,0.02861027,2.0261415283267317
2020-10-09,农林牧渔,1.6503276e+10,7.028128e+11,0.023481753,2.5550471129773675
2020-10-09,医药,8.1448755e+10,7.028128e+11,0.11588969,2.304617040176791
2020-10-09,商贸零售,8.449513e+09,7.028128e+11,0.012022424,1.2816377584727443
2020-10-09,国防军工,2.7794256e+10,7.028128e+11,0.039547168,4.389870711397834
2020-10-09,基础化工,4.56899e+10,7.028128e+11,0.06501006,3.2299622580199174
2020-10-09,家电,1.1367335e+10,7.028128e+11,0.016174057,1.6989892347500875
2020-10-09,建材,1.2478579e+10,7.028128e+11,0.017755195,2.1424851373240754
2020-10-09,建筑,8.611325e+09,7.028128e+11,0.012252659,1.5579236183227516
2020-10-09,房地产,1.0246017e+10,7.028128e+11,0.014578586,0.850228969599599
2020-10-09,有色金属,2.0814164e+10,7.028128e+11,0.029615518,1.9929557545522674
2020-10-09,机械,4.1845256e+10,7.028128e+11,0.05953969,2.9803680743800824
2020-10-09,汽车,2.8425374e+10,7.028128e+11,0.040445156,3.10203795597471
2020-10-09,消费者服务,1.1932108e+10,7.028128e+11,0.016977647,2.576098101319007
2020-10-09,煤炭,5.227777e+09,7.028128e+11,0.0074383635,1.1056542869125094
2020-10-09,电力及公用事业,1.145711e+10,7.028128e+11,0.016301796,1.4555560436181643
2020-10-09,电力设备及新能源,7.035049e+10,7.028128e+11,0.100098476,3.6617834092546797
2020-10-09,电子,8.5737775e+10,7.028128e+11,0.12199234,3.5900676557514117
2020-10-09,石油石化,3.9569262e+09,7.028128e+11,0.0056301286,1.7412208490228902
2020-10-09,纺织服装,5.5195325e+09,7.028128e+11,0.007853489,2.2820417843287504
2020-10-09,综合,2.0094648e+09,7.028128e+11,0.0028591752,1.4569615526841238
2020-10-09,综合金融,1.3236739e+09,7.028128e+11,0.0018833947,1.5436299920082093
2020-10-09,计算机,4.558455e+10,7.028128e+11,0.064860165,2.9203968512076957
2020-10-09,轻工制造,1.1938371e+10,7.028128e+11,0.016986558,3.797644948090116
2020-10-09,通信,1.2777457e+10,7.028128e+11,0.018180456,2.1632570294297744
2020-10-09,钢铁,4.1475128e+09,7.028128e+11,0.0059013055,1.814868060832328
2020-10-09,银行,1.2025502e+10,7.028128e+11,0.017110534,0.5472972263685532
2020-10-09,非银行金融,3.843213e+10,7.028128e+11,0.05468331,1.2546924111066442
2020-10-09,食品饮料,3.218881e+10,7.028128e+11,0.045799978,2.806427637452171
2020-10-16,交通运输,7.034995e+10,4.0577645e+12,0.01733712,8.073530876365576
2020-10-16,传媒,1.253621e+11,4.0577645e+12,0.030894376,11.43986081801928
2020-10-16,农林牧渔,1.1447872e+11,4.0577645e+12,0.028212262,15.458789780058645
2020-10-16,医药,4.6140975e+11,4.0577645e+12,0.11371034,13.404107396236874
2020-10-16,商贸零售,4.1014796e+10,4.0577645e+12,0.010107732,6.476296996583744
2020-10-16,国防军工,1.639715e+11,4.0577645e+12,0.04040932,23.17928785812564
2020-10-16,基础化工,2.6592675e+11,4.0577645e+12,0.065535285,17.971773273824304
2020-10-16,家电,6.463214e+10,4.0577645e+12,0.015928017,12.021886213926168
2020-10-16,建材,6.403529e+10,4.0577645e+12,0.01578093,11.629468919457617
2020-10-16,建筑,5.361887e+10,4.0577645e+12,0.013213893,10.35886406688951
2020-10-16,房地产,5.41119e+10,4.0577645e+12,0.013335397,4.381288760733382
2020-10-16,有色金属,1.0529416e+11,4.0577645e+12,0.02594881,10.574945072157194
2020-10-16,机械,2.5445872e+11,4.0577645e+12,0.06270909,18.715695027520162
2020-10-16,汽车,1.6861576e+11,4.0577645e+12,0.041553855,20.541278240324438
2020-10-16,消费者服务,3.6912374e+10,4.0577645e+12,0.009096727,10.758158539826015
2020-10-16,煤炭,2.8219486e+10,4.0577645e+12,0.006954442,7.003505793639592
2020-10-16,电力及公用事业,7.253677e+10,4.0577645e+12,0.017876042,9.639124071744622
2020-10-16,电力设备及新能源,4.0474637e+11,4.0577645e+12,0.099746145,24.904544541904748
2020-10-16,电子,4.503752e+11,4.0577645e+12,0.110990964,20.025296177182877
2020-10-16,石油石化,2.6278506e+10,4.0577645e+12,0.0064761043,10.376752090329925
2020-10-16,纺织服装,5.0573107e+10,4.0577645e+12,0.012463293,21.535658285587647
2020-10-16,综合,1.0198318e+10,4.0577645e+12,0.0025132848,7.750080855993124
2020-10-16,综合金融,7.328562e+09,4.0577645e+12,0.001806059,8.27414004802704
2020-10-16,计算机,2.7584646e+11,4.0577645e+12,0.06797991,18.07000629716352
2020-10-16,轻工制造,6.403408e+10,4.0577645e+12,0.01578063,17.54178997774919
2020-10-16,通信,8.4991844e+10,4.0577645e+12,0.020945486,13.0584701834438
2020-10-16,钢铁,2.3645483e+10,4.0577645e+12,0.005827219,9.719857190517668
2020-10-16,银行,1.02232736e+11,4.0577645e+12,0.025194349,4.563344469500913
2020-10-16,非银行金融,2.4309953e+11,4.0577645e+12,0.05990972,8.716184742297187
2020-10-16,食品饮料,1.6343078e+11,4.0577645e+12,0.04027606,12.694972950164402
2020-10-23,交通运输,5.5310094e+10,3.4074662e+12,0.01623203,7.044975503466346
2020-10-23,传媒,1.0818829e+11,3.4074662e+12,0.031750362,13.678083767340734
2020-10-23,农林牧渔,9.064638e+10,3.4074662e+12,0.026602283,12.291181785139171
2020-10-23,医药,3.8875945e+11,3.4074662e+12,0.11409048,11.767569859596817
2020-10-23,商贸零售,4.3119206e+10,3.4074662e+12,0.0126543315,9.279141763035131
2020-10-23,国防军工,1.227727e+11,3.4074662e+12,0.036030497,19.560151910207356
2020-10-23,基础化工,2.2337107e+11,3.4074662e+12,0.06555342,17.306621716924887
2020-10-23,家电,5.6636666e+10,3.4074662e+12,0.016621344,13.39890460263599
2020-10-23,建材,5.0596393e+10,3.4074662e+12,0.014848685,9.99066808462143
2020-10-23,建筑,5.1219493e+10,3.4074662e+12,0.015031548,9.906603948783506
2020-10-23,房地产,4.8519328e+10,3.4074662e+12,0.014239122,3.319176630996098
2020-10-23,有色金属,8.837245e+10,3.4074662e+12,0.025934946,9.330084077024882
2020-10-23,机械,2.2318177e+11,3.4074662e+12,0.06549787,17.715360332981195
2020-10-23,汽车,1.5521943e+11,3.4074662e+12,0.04555274,17.411678817765466
2020-10-23,消费者服务,2.9081756e+10,3.4074662e+12,0.0085347155,10.359182974077621
2020-10-23,煤炭,1.900094e+10,3.4074662e+12,0.005576267,4.4575715107577185
2020-10-23,电力及公用事业,6.1828764e+10,3.4074662e+12,0.018145084,9.457797811738129
2020-10-23,电力设备及新能源,2.8356054e+11,3.4074662e+12,0.08321742,18.828583989015296
2020-10-23,电子,3.4295566e+11,3.4074662e+12,0.10064829,16.82295289457734
2020-10-23,石油石化,2.4564648e+10,3.4074662e+12,0.007209066,10.129591670508185
2020-10-23,纺织服装,4.95629e+10,3.4074662e+12,0.014545382,21.198788544799708
2020-10-23,综合,6.611804e+09,3.4074662e+12,0.0019403873,5.92414235151731
2020-10-23,综合金融,5.9317315e+09,3.4074662e+12,0.0017408042,6.215730059146881
2020-10-23,计算机,2.3617674e+11,3.4074662e+12,0.069311544,17.721475247921898
2020-10-23,轻工制造,5.917843e+10,3.4074662e+12,0.017367283,16.328870134800674
2020-10-23,通信,8.208673e+10,3.4074662e+12,0.024090257,14.597480337196421
2020-10-23,钢铁,2.2703516e+10,3.4074662e+12,0.0066628736,10.000151095238138
2020-10-23,银行,1.0842643e+11,3.4074662e+12,0.03182025,5.395633323325051
2020-10-23,非银行金融,2.0076922e+11,3.4074662e+12,0.058920387,6.3188470005989075
2020-10-23,食品饮料,1.6506998e+11,3.4074662e+12,0.048443615,16.223884961872457
2020-10-30,交通运输,5.5997997e+10,3.5969806e+12,0.015568056,6.879839061742479
2020-10-30,传媒,1.004994e+11,3.5969806e+12,0.027939934,13.365030677272724
2020-10-30,农林牧渔,7.485175e+10,3.5969806e+12,0.020809608,11.037643200971864
2020-10-30,医药,3.8488054e+11,3.5969806e+12,0.10700101,11.562121777042831
2020-10-30,商贸零售,3.5638428e+10,3.5969806e+12,0.009907873,7.754147991233943
2020-10-30,国防军工,1.18374965e+11,3.5969806e+12,0.03290954,20.390802309626626
2020-10-30,基础化工,2.3380019e+11,3.5969806e+12,0.064999014,17.682350568224987
2020-10-30,家电,8.0506135e+10,3.5969806e+12,0.022381587,16.601347050883554
2020-10-30,建材,5.949484e+10,3.5969806e+12,0.016540216,11.567184042135874
2020-10-30,建筑,5.622508e+10,3.5969806e+12,0.015631188,10.941373697084973
2020-10-30,房地产,4.664852e+10,3.5969806e+12,0.0129688,3.205368220806122
2020-10-30,有色金属,1.0294439e+11,3.5969806e+12,0.028619668,10.254792044120553
2020-10-30,机械,2.4483925e+11,3.5969806e+12,0.06806799,19.04835261018188
2020-10-30,汽车,1.8305334e+11,3.5969806e+12,0.050890833,15.954399439110153
2020-10-30,消费者服务,3.0830455e+10,3.5969806e+12,0.008571204,8.66397729347337
2020-10-30,煤炭,1.3596249e+10,3.5969806e+12,0.003779906,3.124102829183851
2020-10-30,电力及公用事业,5.7153278e+10,3.5969806e+12,0.015889237,8.662470144341173
2020-10-30,电力设备及新能源,3.2268255e+11,3.5969806e+12,0.08970928,22.271272784914853
2020-10-30,电子,4.1915148e+11,3.5969806e+12,0.116528705,18.31195532520816
2020-10-30,石油石化,2.2966518e+10,3.5969806e+12,0.0063849436,8.803197908836106
2020-10-30,纺织服装,4.130589e+10,3.5969806e+12,0.0114834905,19.172232296731735
2020-10-30,综合,6.619928e+09,3.5969806e+12,0.0018404125,5.324280734245594
2020-10-30,综合金融,4.1523103e+09,3.5969806e+12,0.0011543877,5.282009959220886
2020-10-30,计算机,2.4520539e+11,3.5969806e+12,0.06816978,17.96200934977216
2020-10-30,轻工制造,5.7155473e+10,3.5969806e+12,0.015889848,15.10771165639162
2020-10-30,通信,7.513952e+10,3.5969806e+12,0.02088961,14.218239277322716
2020-10-30,钢铁,2.4977848e+10,3.5969806e+12,0.0069441153,9.073912694099102
2020-10-30,银行,8.4108845e+10,3.5969806e+12,0.02338318,7.8139863509584115
2020-10-30,非银行金融,1.9340372e+11,3.5969806e+12,0.05376835,5.933066672222181
2020-10-30,食品饮料,2.1724992e+11,3.5969806e+12,0.06039786,15.327545730310066
2020-11-06,交通运输,7.040013e+10,4.0175985e+12,0.017522939,7.446796311031688
2020-11-06,传媒,1.0438354e+11,4.0175985e+12,0.025981575,12.71507846392118
2020-11-06,农林牧渔,8.216169e+10,4.0175985e+12,0.020450449,10.677345471625978
2020-11-06,医药,3.7766735e+11,4.0175985e+12,0.09400326,10.307805332760353
2020-11-06,商贸零售,4.2619134e+10,4.0175985e+12,0.0106081115,7.980387792903549
2020-11-06,国防军工,1.188282e+11,4.0175985e+12,0.029576924,19.45847728138878
2020-11-06,基础化工,2.3930998e+11,4.0175985e+12,0.05956543,16.99700942462171
2020-11-06,家电,1.06041115e+11,4.0175985e+12,0.026394155,16.82588328375961
2020-11-06,建材,7.7332e+10,4.0175985e+12,0.019248314,14.019725430806478
2020-11-06,建筑,5.4265537e+10,4.0175985e+12,0.013506958,10.410813947518667
2020-11-06,房地产,5.179553e+10,4.0175985e+12,0.0128921615,3.518649542443106
2020-11-06,有色金属,1.5385575e+11,4.0175985e+12,0.03829545,14.347318549599267
2020-11-06,机械,2.6433389e+11,4.0175985e+12,0.065794006,20.277585496456165
2020-11-06,汽车,2.5678968e+11,4.0175985e+12,0.063916214,19.03638491308552
2020-11-06,消费者服务,3.1840252e+10,4.0175985e+12,0.007925195,8.88173200949183
2020-11-06,煤炭,2.04168e+10,4.0175985e+12,0.005081842,4.925788555826459
2020-11-06,电力及公用事业,5.684361e+10,4.0175985e+12,0.0141486535,7.634559760275095
2020-11-06,电力设备及新能源,3.7062554e+11,4.0175985e+12,0.09225052,22.166135129849774
2020-11-06,电子,4.9736008e+11,4.0175985e+12,0.12379537,22.888550528529407
2020-11-06,石油石化,3.1151905e+10,4.0175985e+12,0.007753862,9.038647858115533
2020-11-06,纺织服装,3.5110908e+10,4.0175985e+12,0.008739278,15.81794191878519
2020-11-06,综合,8.710986e+09,4.0175985e+12,0.0021682072,7.102873036494622
2020-11-06,综合金融,4.262565e+09,4.0175985e+12,0.0010609734,6.503380012512207
2020-11-06,计算机,2.5416222e+11,4.0175985e+12,0.063262224,16.774329761897818
2020-11-06,轻工制造,5.3032075e+10,4.0175985e+12,0.013199944,12.72473389378264
2020-11-06,通信,1.02589055e+11,4.0175985e+12,0.02553492,16.605451403377213
2020-11-06,钢铁,3.1857996e+10,4.0175985e+12,0.007929612,8.689583074539266
2020-11-06,银行,8.512843e+10,4.0175985e+12,0.021188885,7.384540710900281
2020-11-06,非银行金融,2.3435326e+11,4.0175985e+12,0.05833168,9.938677713719766
2020-11-06,食品饮料,1.9773874e+11,4.0175985e+12,0.049218144,13.465822485562796
2020-11-13,交通运输,1.04460575e+11,4.325095e+12,0.024152204,9.492695446989753
2020-11-13,传媒,1.07677245e+11,4.325095e+12,0.024895927,11.66750156237529
2020-11-13,农林牧渔,1.0087265e+11,4.325095e+12,0.023322644,13.257325002923608
2020-11-13,医药,3.9945535e+11,4.325095e+12,0.09235759,10.043273711608627
2020-11-13,商贸零售,4.6138397e+10,4.325095e+12,0.010667603,8.154533632555786
2020-11-13,国防军工,1.08181725e+11,4.325095e+12,0.025012566,16.311100023133413
2020-11-13,基础化工,2.9317402e+11,4.325095e+12,0.06778441,19.32168298910199
2020-11-13,家电,9.0355335e+10,4.325095e+12,0.020890947,14.351681944095727
2020-11-13,建材,9.340387e+10,4.325095e+12,0.021595797,16.144424116611482
2020-11-13,建筑,5.6424403e+10,4.325095e+12,0.013045819,8.990244237027428
2020-11-13,房地产,5.9554685e+10,4.325095e+12,0.013769567,4.2402943952061305
2020-11-13,有色金属,2.054786e+11,4.325095e+12,0.04750846,20.58716100085098
2020-11-13,机械,2.5229767e+11,4.325095e+12,0.05833344,17.611013966798783
2020-11-13,汽车,2.0511054e+11,4.325095e+12,0.047423363,14.781551170623166
2020-11-13,消费者服务,4.2654487e+10,4.325095e+12,0.009862092,12.671337712485835
2020-11-13,煤炭,2.8568207e+10,4.325095e+12,0.006605221,7.232045701571873
2020-11-13,电力及公用事业,6.584377e+10,4.325095e+12,0.015223659,9.147499390270399
2020-11-13,电力设备及新能源,3.1278632e+11,4.325095e+12,0.07231895,17.84232731643787
2020-11-13,电子,5.9959044e+11,4.325095e+12,0.13863058,23.496354963451733
2020-11-13,石油石化,5.0672603e+10,4.325095e+12,0.011715951,10.559529084091386
2020-11-13,纺织服装,2.9953757e+10,4.325095e+12,0.006925572,12.898964200490786
2020-11-13,综合,7.4331075e+09,4.325095e+12,0.0017185998,6.6871923345785875
2020-11-13,综合金融,4.203304e+09,4.325095e+12,0.0009718408,6.212180089950562
2020-11-13,计算机,2.4623645e+11,4.325095e+12,0.056932032,14.754436823813354
2020-11-13,轻工制造,5.75351e+10,4.325095e+12,0.0133026205,14.473593492488392
2020-11-13,通信,1.108092e+11,4.325095e+12,0.025620062,15.923218617929477
2020-11-13,钢铁,4.272107e+10,4.325095e+12,0.009877487,10.050948949570351
2020-11-13,银行,8.836518e+10,4.325095e+12,0.020430807,9.728354034391609
2020-11-13,非银行金融,2.7293663e+11,4.325095e+12,0.06310535,9.918583441803705
2020-11-13,食品饮料,2.402106e+11,4.325095e+12,0.055538807,16.34779443417754
2020-11-20,交通运输,1.08700434e+11,3.9595153e+12,0.027452964,10.44873634034937
2020-11-20,传媒,9.5191245e+10,3.9595153e+12,0.024041137,9.64646153495862
2020-11-20,农林牧渔,9.804643e+10,3.9595153e+12,0.02476223,11.635015879165042
2020-11-20,医药,3.1611303e+11,3.9595153e+12,0.079836294,8.369346914655072
2020-11-20,商贸零售,4.66642e+10,3.9595153e+12,0.011785331,7.913163209448055
2020-11-20,国防军工,1.2576255e+11,3.9595153e+12,0.03176211,16.649390453384036
2020-11-20,基础化工,3.3298117e+11,3.9595153e+12,0.08409645,21.82388566755458
2020-11-20,家电,8.412309e+10,3.9595153e+12,0.021245806,13.200946939714028
2020-11-20,建材,8.451185e+10,3.9595153e+12,0.02134399,15.059617237250011
2020-11-20,建筑,4.841364e+10,3.9595153e+12,0.012227163,8.059653503488201
2020-11-20,房地产,6.1850567e+10,3.9595153e+12,0.015620742,4.008718709243793
2020-11-20,有色金属,2.5848301e+11,3.9595153e+12,0.06528148,24.832044281790743
2020-11-20,机械,2.2060234e+11,3.9595153e+12,0.05571448,15.744549311625148
2020-11-20,汽车,2.3712034e+11,3.9595153e+12,0.059886206,19.077057587689367
2020-11-20,消费者服务,3.6366836e+10,3.9595153e+12,0.009184669,10.213707465045857
2020-11-20,煤炭,3.4055862e+10,3.9595153e+12,0.008601018,8.77476281608854
2020-11-20,电力及公用事业,6.422853e+10,3.9595153e+12,0.016221311,8.260507573738046
2020-11-20,电力设备及新能源,2.679293e+11,3.9595153e+12,0.0676672,15.526286399315211
2020-11-20,电子,4.4570496e+11,3.9595153e+12,0.11256554,18.478892895328258
2020-11-20,石油石化,5.0144317e+10,3.9595153e+12,0.012664257,10.160173004493117
2020-11-20,纺织服装,3.4418864e+10,3.9595153e+12,0.008692697,15.239054404659036
2020-11-20,综合,8.1653e+09,3.9595153e+12,0.0020621968,8.625507542720207
2020-11-20,综合金融,4.2966835e+09,3.9595153e+12,0.0010851539,5.899930012226105
2020-11-20,计算机,1.8125221e+11,3.9595153e+12,0.045776363,11.808005088407034
2020-11-20,轻工制造,6.1476635e+10,3.9595153e+12,0.015526303,15.046792632732235
2020-11-20,通信,7.75843e+10,3.9595153e+12,0.019594394,12.008344868633234
2020-11-20,钢铁,4.837402e+10,3.9595153e+12,0.012217157,11.720850914082629
2020-11-20,银行,9.2884296e+10,3.9595153e+12,0.023458501,9.910580939135036
2020-11-20,非银行金融,2.0327784e+11,3.9595153e+12,0.051339075,7.577392499171086
2020-11-20,食品饮料,2.2931579e+11,3.9595153e+12,0.057915118,17.16498880074403
2020-11-27,交通运输,8.642975e+10,4.0641723e+12,0.021266261,7.515251804481853
2020-11-27,传媒,8.749932e+10,4.0641723e+12,0.02152943,8.413193127054434
2020-11-27,农林牧渔,8.2915295e+10,4.0641723e+12,0.02040152,10.344867085191337
2020-11-27,医药,2.9565855e+11,4.0641723e+12,0.07274754,8.47923371287879
2020-11-27,商贸零售,3.769967e+10,4.0641723e+12,0.0092761,6.5464581153830705
2020-11-27,国防军工,1.5352408e+11,4.0641723e+12,0.03777499,18.946768894082023
2020-11-27,基础化工,3.165024e+11,4.0641723e+12,0.077876225,19.526570752735143
2020-11-27,家电,7.3123684e+10,4.0641723e+12,0.01799227,10.492878794670105
2020-11-27,建材,6.7210023e+10,4.0641723e+12,0.016537199,11.795717425346375
2020-11-27,建筑,5.433208e+10,4.0641723e+12,0.013368547,7.462010121853777
2020-11-27,房地产,5.303164e+10,4.0641723e+12,0.013048571,4.457796274501587
2020-11-27,有色金属,2.9035397e+11,4.0641723e+12,0.071442336,23.93812817915351
2020-11-27,机械,2.0981904e+11,4.0641723e+12,0.05162651,14.201077414568891
2020-11-27,汽车,2.8596525e+11,4.0641723e+12,0.070362486,23.42720217257738
2020-11-27,消费者服务,2.9395687e+10,4.0641723e+12,0.007232884,8.000569768671719
2020-11-27,煤炭,5.964462e+10,4.0641723e+12,0.014675711,13.28919426373073
2020-11-27,电力及公用事业,6.84189e+10,4.0641723e+12,0.016834645,8.317897286913965
2020-11-27,电力设备及新能源,2.982903e+11,4.0641723e+12,0.073395096,17.64998640748095
2020-11-27,电子,4.0997342e+11,4.0641723e+12,0.10087501,17.65878871031595
2020-11-27,石油石化,5.825886e+10,4.0641723e+12,0.014334741,13.471612404411038
2020-11-27,纺织服装,2.9986531e+10,4.0641723e+12,0.007378263,13.335318628652596
2020-11-27,综合,9.221675e+09,4.0641723e+12,0.0022690168,8.53465391580875
2020-11-27,综合金融,5.1906273e+09,4.0641723e+12,0.0012771671,8.158059871196746
2020-11-27,计算机,1.9269647e+11,4.0641723e+12,0.04741346,12.512035502120852
2020-11-27,轻工制造,5.838774e+10,4.0641723e+12,0.014366453,13.975075475505141
2020-11-27,通信,8.395364e+10,4.0641723e+12,0.020657009,13.124088795385628
2020-11-27,钢铁,5.417457e+10,4.0641723e+12,0.013329791,13.289089249803665
2020-11-27,银行,1.09078815e+11,4.0641723e+12,0.026839122,9.925118623553095
2020-11-27,非银行金融,2.7346282e+11,4.0641723e+12,0.06728623,10.885714922378313
2020-11-27,食品饮料,2.2859638e+11,4.0641723e+12,0.056246724,16.7936945643138
2020-12-04,交通运输,7.03236e+10,4.223392e+12,0.016650977,2.898703635924242
2020-12-04,传媒,1.0209906e+11,4.223392e+12,0.024174659,4.4501980940882975
2020-12-04,农林牧渔,1.0966176e+11,4.223392e+12,0.025965327,8.185550585981797
2020-12-04,医药,3.4859388e+11,4.223392e+12,0.08253884,4.73931904525316
2020-12-04,商贸零售,3.9006376e+10,4.223392e+12,0.009235794,3.3305678521948203
2020-12-04,国防军工,1.4232542e+11,4.223392e+12,0.033699315,8.096541067319256
2020-12-04,基础化工,2.6795252e+11,4.223392e+12,0.06344486,8.140555266446764
2020-12-04,家电,7.484667e+10,4.223392e+12,0.017721932,6.780305968180521
2020-12-04,建材,5.0719564e+10,4.223392e+12,0.012009201,4.708803323308627
2020-12-04,建筑,5.2966494e+10,4.223392e+12,0.012541221,3.641048829424982
2020-12-04,房地产,6.8198257e+10,4.223392e+12,0.016147744,2.5088117013676703
2020-12-04,有色金属,2.171378e+11,4.223392e+12,0.05141313,9.7604579155424
2020-12-04,机械,2.0946397e+11,4.223392e+12,0.049596146,6.303816102120403
2020-12-04,汽车,2.3787772e+11,4.223392e+12,0.056323856,9.756453956900673
2020-12-04,消费者服务,2.6053069e+10,4.223392e+12,0.006168755,3.9021905833538972
2020-12-04,煤炭,4.7717065e+10,4.223392e+12,0.01129828,6.2345256667052
2020-12-04,电力及公用事业,5.8026426e+10,4.223392e+12,0.013739294,3.3766983567899014
2020-12-04,电力设备及新能源,2.420178e+11,4.223392e+12,0.05730413,6.9033254240293145
2020-12-04,电子,5.2294858e+11,4.223392e+12,0.12382194,9.711877407009064
2020-12-04,石油石化,3.8614712e+10,4.223392e+12,0.009143056,4.143895843764767
2020-12-04,纺织服装,2.749141e+10,4.223392e+12,0.00650932,5.839803677650146
2020-12-04,综合,9.68132e+09,4.223392e+12,0.0022923092,4.7767249546371975
2020-12-04,综合金融,6.8228946e+09,4.223392e+12,0.0016155011,5.54551500082016
2020-12-04,计算机,1.987138e+11,4.223392e+12,0.04705076,6.0305507877997115
2020-12-04,轻工制造,6.2246355e+10,4.223392e+12,0.014738474,7.330519612741153
2020-12-04,通信,7.599235e+10,4.223392e+12,0.017993202,6.114670071924959
2020-12-04,钢铁,4.5077717e+10,4.223392e+12,0.010673344,5.184986328764966
2020-12-04,银行,1.9220274e+11,4.223392e+12,0.045509093,12.81141755166086
2020-12-04,非银行金融,4.6101542e+11,4.223392e+12,0.10915762,9.184669451954871
2020-12-04,食品饮料,2.1544994e+11,4.223392e+12,0.051013485,8.64269493860171
2020-12-11,交通运输,5.722369e+10,3.7654023e+12,0.0151972305,4.930448180437088
2020-12-11,传媒,7.787397e+10,3.7654023e+12,0.020681448,7.592760040209844
2020-12-11,农林牧渔,1.2339147e+11,3.7654023e+12,0.032769796,20.56012396175753
2020-12-11,医药,3.6132002e+11,3.7654023e+12,0.09595788,9.612250574557475
2020-12-11,商贸零售,3.921703e+10,3.7654023e+12,0.010415097,6.847543889162492
2020-12-11,国防军工,1.2285213e+11,3.7654023e+12,0.03262656,14.028905962194715
2020-12-11,基础化工,2.3631738e+11,3.7654023e+12,0.06276019,14.317121074499328
2020-12-11,家电,7.281069e+10,3.7654023e+12,0.019336764,13.753352990921806
2020-12-11,建材,4.493178e+10,3.7654023e+12,0.011932797,8.630939995447795
2020-12-11,建筑,3.91164e+10,3.7654023e+12,0.010388372,6.225052645040113
2020-12-11,房地产,4.4865618e+10,3.7654023e+12,0.011915226,3.797501857871207
2020-12-11,有色金属,1.8887526e+11,3.7654023e+12,0.05016071,15.532970159723048
2020-12-11,机械,1.9442226e+11,3.7654023e+12,0.05163386,12.455263694047552
2020-12-11,汽车,1.882534e+11,3.7654023e+12,0.04999556,15.545424455268817
2020-12-11,消费者服务,2.625754e+10,3.7654023e+12,0.0069733686,7.794127798742718
2020-12-11,煤炭,4.7916716e+10,3.7654023e+12,0.012725524,13.577899966921125
2020-12-11,电力及公用事业,5.93142e+10,3.7654023e+12,0.01575242,8.43214703041154
2020-12-11,电力设备及新能源,2.8183357e+11,3.7654023e+12,0.0748482,14.231048340886092
2020-12-11,电子,4.9223274e+11,3.7654023e+12,0.13072513,21.40358222362356
2020-12-11,石油石化,2.935473e+10,3.7654023e+12,0.007795908,7.177150011062622
2020-12-11,纺织服装,2.618614e+10,3.7654023e+12,0.006954407,10.718185186386108
2020-12-11,综合,1.1082136e+10,3.7654023e+12,0.0029431477,9.095650113545931
2020-12-11,综合金融,4.359952e+09,3.7654023e+12,0.001157898,6.591739988327026
2020-12-11,计算机,1.8963292e+11,3.7654023e+12,0.050361928,11.881884823745327
2020-12-11,轻工制造,5.6694346e+10,3.7654023e+12,0.01505665,14.112028329353022
2020-12-11,通信,6.841391e+10,3.7654023e+12,0.018169085,10.544082214899152
2020-12-11,钢铁,4.385785e+10,3.7654023e+12,0.011647587,13.49878959854444
2020-12-11,银行,1.0922536e+11,3.7654023e+12,0.029007621,14.364140722397211
2020-12-11,非银行金融,2.6002963e+11,3.7654023e+12,0.06905759,10.621937323417237
2020-12-11,食品饮料,2.6551106e+11,3.7654023e+12,0.07051333,20.065721983209663
2020-12-18,交通运输,5.2946194e+10,3.647365e+12,0.014516287,4.545612711798061
2020-12-18,传媒,7.406779e+10,3.647365e+12,0.020307206,7.184382289189559
2020-12-18,农林牧渔,1.249832e+11,3.647365e+12,0.03426671,19.46265900947831
2020-12-18,医药,3.9586205e+11,3.647365e+12,0.10853371,10.242813603083293
2020-12-18,商贸零售,3.9732666e+10,3.647365e+12,0.0108935265,6.899801994768941
2020-12-18,国防军工,1.13517584e+11,3.647365e+12,0.031123176,14.730210666095509
2020-12-18,基础化工,2.1545171e+11,3.647365e+12,0.059070513,13.011403027087287
2020-12-18,家电,7.689854e+10,3.647365e+12,0.021083314,13.450601514647989
2020-12-18,建材,5.8625167e+10,3.647365e+12,0.016073294,10.225533287525177
2020-12-18,建筑,3.439182e+10,3.647365e+12,0.009429223,5.630176748185194
2020-12-18,房地产,3.98419e+10,3.647365e+12,0.010923475,3.4701233584190083
2020-12-18,有色金属,1.9644896e+11,3.647365e+12,0.053860515,15.382002599406661
2020-12-18,机械,1.7806269e+11,3.647365e+12,0.048819542,10.852157689048909
2020-12-18,汽车,1.8685405e+11,3.647365e+12,0.051229876,14.522872825126864
2020-12-18,消费者服务,3.0203679e+10,3.647365e+12,0.008280959,8.365007358568686
2020-12-18,煤炭,4.4863922e+10,3.647365e+12,0.012300366,11.776674253599984
2020-12-18,电力及公用事业,6.1123715e+10,3.647365e+12,0.016758323,7.888899956259035
2020-12-18,电力设备及新能源,3.1990235e+11,3.647365e+12,0.0877078,14.469596296795144
2020-12-18,电子,4.0388136e+11,3.647365e+12,0.11073237,17.382812535063128
2020-12-18,石油石化,2.823059e+10,3.647365e+12,0.007739996,6.311654173458616
2020-12-18,纺织服装,3.003619e+10,3.647365e+12,0.008235038,11.434630878177689
2020-12-18,综合,1.205254e+10,3.647365e+12,0.0033044515,10.196546151087833
2020-12-18,综合金融,4.5699855e+09,3.647365e+12,0.0012529554,8.375550150871277
2020-12-18,计算机,1.5726138e+11,3.647365e+12,0.04311644,9.766509292770452
2020-12-18,轻工制造,5.1443982e+10,3.647365e+12,0.014104424,13.481883859442126
2020-12-18,通信,5.539356e+10,3.647365e+12,0.015187282,8.768838276372891
2020-12-18,钢铁,3.637708e+10,3.647365e+12,0.009973523,10.424452147136131
2020-12-18,银行,9.088124e+10,3.647365e+12,0.024916958,10.096937891599294
2020-12-18,非银行金融,2.1108605e+11,3.647365e+12,0.057873577,10.798925391996084
2020-12-18,食品饮料,3.1815572e+11,3.647365e+12,0.087228924,24.0710843517146
2020-12-25,交通运输,7.010463e+10,4.3351385e+12,0.016171254,6.038610003753142
2020-12-25,传媒,7.811083e+10,4.3351385e+12,0.018018069,7.585423072484823
2020-12-25,农林牧渔,1.6785585e+11,4.3351385e+12,0.038719837,23.864972669969905
2020-12-25,医药,4.0614445e+11,4.3351385e+12,0.09368662,11.07930076171817
2020-12-25,商贸零售,3.8980366e+10,4.3351385e+12,0.008991723,6.514885731497589
2020-12-25,国防军工,1.7899715e+11,4.3351385e+12,0.041289832,19.247112817542497
2020-12-25,基础化工,2.523416e+11,4.3351385e+12,0.05820843,14.899656677189558
2020-12-25,家电,7.796926e+10,4.3351385e+12,0.017985415,13.745668919647441
2020-12-25,建材,6.192525e+10,4.3351385e+12,0.014284492,10.130285274187724
2020-12-25,建筑,3.96945e+10,4.3351385e+12,0.009156454,6.24579072229622
2020-12-25,房地产,4.81747e+10,4.3351385e+12,0.011112609,6.793899140424198
2020-12-25,有色金属,2.7320918e+11,4.3351385e+12,0.06302202,20.05518774714386
2020-12-25,机械,2.1184427e+11,4.3351385e+12,0.048866782,12.734016951538386
2020-12-25,汽车,2.3307921e+11,4.3351385e+12,0.053765114,16.828133575743138
2020-12-25,消费者服务,3.4004097e+10,4.3351385e+12,0.007843832,7.6467222129857095
2020-12-25,煤炭,6.2750806e+10,4.3351385e+12,0.014474926,17.426863023212977
2020-12-25,电力及公用事业,1.0544886e+11,4.3351385e+12,0.02432422,12.588126262878989
2020-12-25,电力设备及新能源,4.7707685e+11,4.3351385e+12,0.110048816,18.544515356544622
2020-12-25,电子,4.5450553e+11,4.3351385e+12,0.104842216,18.342962962558687
2020-12-25,石油石化,2.9704722e+10,4.3351385e+12,0.0068520815,6.247462524101138
2020-12-25,纺织服装,3.3766283e+10,4.3351385e+12,0.0077889743,14.479404847069484
2020-12-25,综合,1.3668984e+10,4.3351385e+12,0.0031530673,9.87563458772806
2020-12-25,综合金融,4.1780265e+09,4.3351385e+12,0.0009637585,6.495670056343078
2020-12-25,计算机,1.7579287e+11,4.3351385e+12,0.04055069,10.395951713690657
2020-12-25,轻工制造,5.7753416e+10,4.3351385e+12,0.0133221615,15.356135348796844
2020-12-25,通信,5.7988526e+10,4.3351385e+12,0.013376395,9.97191666563352
2020-12-25,钢铁,3.9182737e+10,4.3351385e+12,0.009038405,11.093798038860163
2020-12-25,银行,8.305634e+10,4.3351385e+12,0.019158866,9.49732442401551
2020-12-25,非银行金融,2.2870086e+11,4.3351385e+12,0.052755147,11.418298351453311
2020-12-25,食品饮料,3.3474875e+11,4.3351385e+12,0.07721754,23.968554205303892
2021-01-01,交通运输,,,,5.493666353821754
2021-01-01,传媒,,,,6.28991614809403
2021-01-01,农林牧渔,,,,16.039142720485003
2021-01-01,医药,,,,7.468161850509064
2021-01-01,商贸零售,,,,4.822337772165026
2021-01-01,国防军工,,,,18.169032737266186
2021-01-01,基础化工,,,,11.218129529054895
2021-01-01,家电,,,,10.16197137406894
2021-01-01,建材,,,,8.025149953208471
2021-01-01,建筑,,,,4.826191465290942
2021-01-01,房地产,,,,4.88273884024885
2021-01-01,有色金属,,,,14.949771271581236
2021-01-01,机械,,,,9.785462874386992
2021-01-01,汽车,,,,10.950179853252859
2021-01-01,消费者服务,,,,5.529207389663767
2021-01-01,煤炭,,,,12.617634325368064
2021-01-01,电力及公用事业,,,,11.863840637439713
2021-01-01,电力设备及新能源,,,,15.239110192960622
2021-01-01,电子,,,,12.567417304969455
2021-01-01,石油石化,,,,5.027454135318597
2021-01-01,纺织服装,,,,10.229286624891001
2021-01-01,综合,,,,8.678534544431246
2021-01-01,综合金融,,,,5.908480060100556
2021-01-01,计算机,,,,9.27082425335852
2021-01-01,轻工制造,,,,11.407034134107922
2021-01-01,通信,,,,10.712291766197309
2021-01-01,钢铁,,,,7.736764638374249
2021-01-01,银行,,,,10.361073023161373
2021-01-01,非银行金融,,,,11.60059855500264
2021-01-01,食品饮料,,,,15.099300858649341
2021-01-08,交通运输,1.0578313e+11,5.8980277e+12,0.01793534,8.097871841625734
2021-01-08,传媒,1.1228881e+11,5.8980277e+12,0.019038366,9.734433802733054
2021-01-08,农林牧渔,2.4650988e+11,5.8980277e+12,0.041795306,26.005010105920643
2021-01-08,医药,5.163097e+11,5.8980277e+12,0.08753938,11.600526097875376
2021-01-08,商贸零售,6.050853e+10,5.8980277e+12,0.010259112,8.060762234488312
2021-01-08,国防军工,3.113084e+11,5.8980277e+12,0.05278178,29.270959216494894
2021-01-08,基础化工,3.1724156e+11,5.8980277e+12,0.053787738,16.790511061734446
2021-01-08,家电,1.02468846e+11,5.8980277e+12,0.01737341,16.399365518774307
2021-01-08,建材,9.082052e+10,5.8980277e+12,0.015398456,12.738446055274261
2021-01-08,建筑,5.5308825e+10,5.8980277e+12,0.009377512,7.436131043489589
2021-01-08,房地产,7.1914e+10,5.8980277e+12,0.012192889,6.725187951767886
2021-01-08,有色金属,3.64466e+11,5.8980277e+12,0.061794557,21.452425388667894
2021-01-08,机械,2.9632637e+11,5.8980277e+12,0.050241604,14.537143796806534
2021-01-08,汽车,2.5640539e+11,5.8980277e+12,0.043473072,17.617536558630718
2021-01-08,消费者服务,4.220468e+10,5.8980277e+12,0.0071557276,7.8737185354586
2021-01-08,煤炭,5.5066173e+10,5.8980277e+12,0.009336371,13.36637716974531
2021-01-08,电力及公用事业,1.34488195e+11,5.8980277e+12,0.022802232,12.99707865077544
2021-01-08,电力设备及新能源,5.6742334e+11,5.8980277e+12,0.09620561,19.790917129905857
2021-01-08,电子,6.258277e+11,5.8980277e+12,0.106107965,18.518132375395844
2021-01-08,石油石化,4.3994456e+10,5.8980277e+12,0.007459181,8.830343659967184
2021-01-08,纺织服装,3.2167688e+10,5.8980277e+12,0.0054539735,13.720029357003003
2021-01-08,综合,1.3073007e+10,5.8980277e+12,0.002216505,9.66550004023772
2021-01-08,综合金融,5.039615e+09,5.8980277e+12,0.00085445767,8.476599884033202
2021-01-08,计算机,2.5331235e+11,5.8980277e+12,0.042948656,14.22830841879432
2021-01-08,轻工制造,6.9631795e+10,5.8980277e+12,0.011805946,15.144188064431388
2021-01-08,通信,1.0341705e+11,5.8980277e+12,0.017534176,15.013310972127048
2021-01-08,钢铁,4.8503853e+10,5.8980277e+12,0.008223741,12.403291647632917
2021-01-08,银行,1.4071695e+11,5.8980277e+12,0.023858307,11.2986350623337
2021-01-08,非银行金融,4.2242743e+11,5.8980277e+12,0.07162181,15.717686669150396
2021-01-08,食品饮料,4.29879e+11,5.8980277e+12,0.072885215,25.17576754952336
2021-01-15,交通运输,9.709114e+10,5.6528743e+12,0.017175535,6.982858177748594
2021-01-15,传媒,1.10976836e+11,5.6528743e+12,0.019631932,9.044228437313667
2021-01-15,农林牧渔,1.6202532e+11,5.6528743e+12,0.028662467,16.67498762018225
2021-01-15,医药,4.4102494e+11,5.6528743e+12,0.07801782,10.689710127980742
2021-01-15,商贸零售,5.6826683e+10,5.6528743e+12,0.010052706,7.157228523979382
2021-01-15,国防军工,2.7874394e+11,5.6528743e+12,0.049310125,23.217685871346053
2021-01-15,基础化工,3.014307e+11,5.6528743e+12,0.05332344,15.277729813150458
2021-01-15,家电,9.613706e+10,5.6528743e+12,0.017006757,16.19559852055141
2021-01-15,建材,8.150196e+10,5.6528743e+12,0.014417792,10.576969767087384
2021-01-15,建筑,7.33275e+10,5.6528743e+12,0.01297172,7.0969596514406135
2021-01-15,房地产,7.07604e+10,5.6528743e+12,0.012517597,6.2426657900214195
2021-01-15,有色金属,3.3861478e+11,5.6528743e+12,0.059901346,17.25626081020936
2021-01-15,机械,3.1943177e+11,5.6528743e+12,0.05650785,13.665872241413517
2021-01-15,汽车,2.4554063e+11,5.6528743e+12,0.043436423,15.385230741658054
2021-01-15,消费者服务,4.4503634e+10,5.6528743e+12,0.007872744,7.33097632039677
2021-01-15,煤炭,3.8202802e+10,5.6528743e+12,0.00675812,8.791122886112758
2021-01-15,电力及公用事业,1.0479456e+11,5.6528743e+12,0.01853828,9.817357802853227
2021-01-15,电力设备及新能源,4.9073816e+11,5.6528743e+12,0.086812146,15.957440415937073
2021-01-15,电子,7.648792e+11,5.6528743e+12,0.13530801,19.398281619529907
2021-01-15,石油石化,4.799194e+10,5.6528743e+12,0.0084898295,8.68760833516717
2021-01-15,纺织服装,2.6842507e+10,5.6528743e+12,0.0047484706,12.609774367111486
2021-01-15,综合,1.0664452e+10,5.6528743e+12,0.001886554,8.939142254682688
2021-01-15,综合金融,4.1917297e+09,5.6528743e+12,0.0007415218,6.636870002746582
2021-01-15,计算机,2.635785e+11,5.6528743e+12,0.046627343,13.897310486779762
2021-01-15,轻工制造,6.275362e+10,5.6528743e+12,0.011101188,13.070219009168564
2021-01-15,通信,1.14346074e+11,5.6528743e+12,0.020227952,14.343336367607117
2021-01-15,钢铁,4.124391e+10,5.6528743e+12,0.0072960956,9.42527704189221
2021-01-15,银行,1.5778772e+11,5.6528743e+12,0.02791283,9.374808116539105
2021-01-15,非银行金融,4.3397097e+11,5.6528743e+12,0.07676997,13.09578968651259
2021-01-15,食品饮料,3.7146735e+11,5.6528743e+12,0.065713,19.72679994361741
2021-01-22,交通运输,8.175339e+10,5.111015e+12,0.01599553,5.828792657906359
2021-01-22,传媒,1.0242873e+11,5.111015e+12,0.020040782,9.738194665083519
2021-01-22,农林牧渔,1.2402029e+11,5.111015e+12,0.024265297,13.261862972479188
2021-01-22,医药,4.4746165e+11,5.111015e+12,0.087548494,10.74703308565369
2021-01-22,商贸零售,5.418659e+10,5.111015e+12,0.010601924,7.6764592026569405
2021-01-22,国防军工,1.960868e+11,5.111015e+12,0.03836553,18.299993049266728
2021-01-22,基础化工,3.350252e+11,5.111015e+12,0.06554965,16.515667667446753
2021-01-22,家电,8.62572e+10,5.111015e+12,0.016876725,14.11724270582199
2021-01-22,建材,7.552177e+10,5.111015e+12,0.014776277,11.592913033146607
2021-01-22,建筑,5.134972e+10,5.111015e+12,0.010046874,6.701858476950572
2021-01-22,房地产,8.658592e+10,5.111015e+12,0.016941043,7.827281392282909
2021-01-22,有色金属,3.2039626e+11,5.111015e+12,0.062687404,18.028417425570282
2021-01-22,机械,2.7736434e+11,5.111015e+12,0.05426796,13.907537896839363
2021-01-22,汽车,2.1508198e+11,5.111015e+12,0.04208205,15.654672224236572
2021-01-22,消费者服务,4.508375e+10,5.111015e+12,0.0088209,8.566125950327626
2021-01-22,煤炭,4.137228e+10,5.111015e+12,0.008094729,9.52318844454629
2021-01-22,电力及公用事业,8.752729e+10,5.111015e+12,0.017125228,9.795399001700448
2021-01-22,电力设备及新能源,4.5450537e+11,5.111015e+12,0.088926636,15.407840656897713
2021-01-22,电子,6.7592795e+11,5.111015e+12,0.13224927,18.0752904309537
2021-01-22,石油石化,5.2343644e+10,5.111015e+12,0.010241341,8.635931242878238
2021-01-22,纺织服装,2.6577875e+10,5.111015e+12,0.005200117,12.74640240901854
2021-01-22,综合,1.0353067e+10,5.111015e+12,0.0020256382,8.194123125993288
2021-01-22,综合金融,3.6904676e+09,5.111015e+12,0.0007220616,6.434739947319031
2021-01-22,计算机,2.4836196e+11,5.111015e+12,0.048593473,13.000337442823948
2021-01-22,轻工制造,7.07686e+10,5.111015e+12,0.013846291,15.480657969202314
2021-01-22,通信,8.831249e+10,5.111015e+12,0.017278856,11.89354358369654
2021-01-22,钢铁,4.749154e+10,5.111015e+12,0.009291998,11.322094017753797
2021-01-22,银行,1.428629e+11,5.111015e+12,0.027951963,8.279683925010062
2021-01-22,非银行金融,3.387213e+11,5.111015e+12,0.06627281,10.42941648857807
2021-01-22,食品饮料,3.2219244e+11,5.111015e+12,0.06303884,17.380767674850567
2021-01-29,交通运输,8.8374936e+10,4.9775913e+12,0.017754558,5.512732721729712
2021-01-29,传媒,1.3080632e+11,4.9775913e+12,0.02627904,11.758988474424068
2021-01-29,农林牧渔,1.5393994e+11,4.9775913e+12,0.030926593,14.86088987749614
2021-01-29,医药,4.7129772e+11,4.9775913e+12,0.09468389,11.043145197613688
2021-01-29,商贸零售,4.81313e+10,4.9775913e+12,0.009669597,8.105857135385882
2021-01-29,国防军工,1.9069485e+11,4.9775913e+12,0.03831067,16.27898136127827
2021-01-29,基础化工,3.4875107e+11,4.9775913e+12,0.070064224,16.692961237169204
2021-01-29,家电,8.912118e+10,4.9775913e+12,0.017904479,13.999909951857157
2021-01-29,建材,6.983624e+10,4.9775913e+12,0.014030128,12.765036958612894
2021-01-29,建筑,4.234909e+10,4.9775913e+12,0.008507948,6.421016908838198
2021-01-29,房地产,5.8085294e+10,4.9775913e+12,0.011669358,4.875293550116044
2021-01-29,有色金属,3.4310328e+11,4.9775913e+12,0.06892958,17.185846903013147
2021-01-29,机械,2.5346433e+11,4.9775913e+12,0.050921082,12.897744141378492
2021-01-29,汽车,2.0360495e+11,4.9775913e+12,0.040904313,14.894213216460269
2021-01-29,消费者服务,5.015703e+10,4.9775913e+12,0.010076567,13.640229634664676
2021-01-29,煤炭,4.3607708e+10,4.9775913e+12,0.008760805,10.523111351898738
2021-01-29,电力及公用事业,8.945385e+10,4.9775913e+12,0.017971313,8.901197880506516
2021-01-29,电力设备及新能源,5.2411597e+11,4.9775913e+12,0.1052951,16.237093986522765
2021-01-29,电子,5.828612e+11,4.9775913e+12,0.117097035,18.0008887553301
2021-01-29,石油石化,4.9053905e+10,4.9775913e+12,0.009854948,7.999127075076103
2021-01-29,纺织服装,2.0704608e+10,4.9775913e+12,0.0041595637,9.161632473928382
2021-01-29,综合,7.3561277e+09,4.9775913e+12,0.0014778489,6.2919807984278755
2021-01-29,综合金融,3.0092541e+09,4.9775913e+12,0.0006045603,5.9603100419044495
2021-01-29,计算机,2.2116567e+11,4.9775913e+12,0.044432268,12.09715501349846
2021-01-29,轻工制造,6.6294096e+10,4.9775913e+12,0.013318509,15.260345274020755
2021-01-29,通信,7.267893e+10,4.9775913e+12,0.014601225,10.112660924954849
2021-01-29,钢铁,4.969355e+10,4.9775913e+12,0.009983453,11.9145551798295
2021-01-29,银行,1.1067105e+11,4.9775913e+12,0.022233857,6.571164898775719
2021-01-29,非银行金融,2.773262e+11,4.9775913e+12,0.05571494,8.270371658922132
2021-01-29,食品饮料,3.1629e+11,4.9775913e+12,0.06354278,15.794620555426393
2021-02-05,交通运输,8.79084e+10,4.512712e+12,0.01948017,5.253526377136057
2021-02-05,传媒,1.106146e+11,4.512712e+12,0.02451178,10.31196381358
2021-02-05,农林牧渔,1.407321e+11,4.512712e+12,0.031185705,13.068667400419042
2021-02-05,医药,4.1166753e+11,4.512712e+12,0.09122398,10.278957894557845
2021-02-05,商贸零售,4.8322863e+10,4.512712e+12,0.010708164,7.421985943510075
2021-02-05,国防军工,1.1630089e+11,4.512712e+12,0.02577184,11.575395417767902
2021-02-05,基础化工,3.488453e+11,4.512712e+12,0.077302806,15.440162025631112
2021-02-05,家电,7.743792e+10,4.512712e+12,0.017159952,14.47392702613558
2021-02-05,建材,6.7958743e+10,4.512712e+12,0.015059402,12.884458446657503
2021-02-05,建筑,4.1826656e+10,4.512712e+12,0.009268629,6.582232061688226
2021-02-05,房地产,4.973542e+10,4.512712e+12,0.011021183,4.621766659396666
2021-02-05,有色金属,3.051426e+11,4.512712e+12,0.06761845,16.585433073665786
2021-02-05,机械,2.3699472e+11,4.512712e+12,0.05251714,13.459849646529731
2021-02-05,汽车,2.1201207e+11,4.512712e+12,0.046981078,17.578334162523458
2021-02-05,消费者服务,5.4861664e+10,4.512712e+12,0.012157138,13.377120346934706
2021-02-05,煤炭,3.97655e+10,4.512712e+12,0.0088118855,9.774471565655299
2021-02-05,电力及公用事业,8.670544e+10,4.512712e+12,0.019213598,9.254437543727734
2021-02-05,电力设备及新能源,4.2027847e+11,4.512712e+12,0.09313213,14.579157633406501
2021-02-05,电子,4.9033825e+11,4.512712e+12,0.108657114,17.81703855232936
2021-02-05,石油石化,6.1445345e+10,4.512712e+12,0.013616057,9.590950015932322
2021-02-05,纺织服装,2.29204e+10,4.512712e+12,0.0050790748,11.182102344122278
2021-02-05,综合,9.426351e+09,4.512712e+12,0.0020888438,7.107777049908271
2021-02-05,综合金融,2.7704113e+09,4.512712e+12,0.0006139127,5.620729970932007
2021-02-05,计算机,2.0650335e+11,4.512712e+12,0.045760363,11.020447679375874
2021-02-05,轻工制造,7.663743e+10,4.512712e+12,0.016982567,15.127445303376705
2021-02-05,通信,5.9788505e+10,4.512712e+12,0.013248908,9.88260460875251
2021-02-05,钢铁,3.5424408e+10,4.512712e+12,0.007849916,10.78949182495779
2021-02-05,银行,1.5899505e+11,4.512712e+12,0.035232708,9.27376052266673
2021-02-05,非银行金融,2.2496592e+11,4.512712e+12,0.0498516,7.570352247735458
2021-02-05,食品饮料,3.0523903e+11,4.512712e+12,0.06763982,15.498624186962843
2021-02-12,交通运输,,,,2.5844918129119008
2021-02-12,传媒,,,,4.962790757417679
2021-02-12,农林牧渔,,,,6.252668491240298
2021-02-12,医药,,,,6.715537004454716
2021-02-12,商贸零售,,,,4.659098957777023
2021-02-12,国防军工,,,,7.200805773680237
2021-02-12,基础化工,,,,7.576383981545766
2021-02-12,家电,,,,6.864545587130955
2021-02-12,建材,,,,8.011588256467473
2021-02-12,建筑,,,,4.264447393421908
2021-02-12,房地产,,,,2.4734073314098044
2021-02-12,有色金属,,,,8.700983617326308
2021-02-12,机械,,,,7.299035222085067
2021-02-12,汽车,,,,7.762482481576055
2021-02-12,消费者服务,,,,8.054840728088662
2021-02-12,煤炭,,,,4.819291373661586
2021-02-12,电力及公用事业,,,,4.0476142084912246
2021-02-12,电力设备及新能源,,,,6.777424489398558
2021-02-12,电子,,,,7.94846830807808
2021-02-12,石油石化,,,,4.939379169295232
2021-02-12,纺织服装,,,,5.476149349327547
2021-02-12,综合,,,,3.7390346274926114
2021-02-12,综合金融,,,,2.2680499792099
2021-02-12,计算机,,,,5.637199655345184
2021-02-12,轻工制造,,,,7.055073050989045
2021-02-12,通信,,,,4.315318182381716
2021-02-12,钢铁,,,,4.622750987203753
2021-02-12,银行,,,,7.815952457095447
2021-02-12,非银行金融,,,,4.458402973558031
2021-02-12,食品饮料,,,,8.89430441423855
2021-02-19,交通运输,4.5550195e+10,2.1126312e+12,0.021560883,2.372973642295057
2021-02-19,传媒,5.292584e+10,2.1126312e+12,0.025052097,4.565034630378851
2021-02-19,农林牧渔,6.7908465e+10,2.1126312e+12,0.03214402,5.957738188712784
2021-02-19,医药,2.1917491e+11,2.1126312e+12,0.10374499,4.736140958462764
2021-02-19,商贸零售,2.2976037e+10,2.1126312e+12,0.010875555,4.2968150234222415
2021-02-19,国防军工,4.80513e+10,2.1126312e+12,0.022744764,5.532828673549082
2021-02-19,基础化工,1.5803205e+11,2.1126312e+12,0.07480343,6.385409341944071
2021-02-19,家电,4.176003e+10,2.1126312e+12,0.019766834,4.559820043189185
2021-02-19,建材,3.720017e+10,2.1126312e+12,0.017608454,6.877250571529586
2021-02-19,建筑,2.611445e+10,2.1126312e+12,0.012361102,3.3222496493627096
2021-02-19,房地产,2.688439e+10,2.1126312e+12,0.012725549,2.6830146968911546
2021-02-19,有色金属,1.7583181e+11,2.1126312e+12,0.08322883,8.234925799585621
2021-02-19,机械,1.0602022e+11,2.1126312e+12,0.050183967,5.35658275907412
2021-02-19,汽车,7.852999e+10,2.1126312e+12,0.03717165,5.482537715975704
2021-02-19,消费者服务,2.6730902e+10,2.1126312e+12,0.012652895,5.953686984048949
2021-02-19,煤炭,2.4408545e+10,2.1126312e+12,0.011553624,5.177562870298114
2021-02-19,电力及公用事业,3.1731182e+10,2.1126312e+12,0.015019745,3.3777378995951852
2021-02-19,电力设备及新能源,1.6728398e+11,2.1126312e+12,0.07918277,5.073384333087738
2021-02-19,电子,1.905322e+11,2.1126312e+12,0.09018716,5.971681184887311
2021-02-19,石油石化,4.300299e+10,2.1126312e+12,0.020355182,5.010412438462178
2021-02-19,纺织服装,1.2053381e+10,2.1126312e+12,0.0057053883,5.133334900241301
2021-02-19,综合,4.4938e+09,2.1126312e+12,0.0021271105,3.345680745748373
2021-02-19,综合金融,1.8191955e+09,2.1126312e+12,0.00086110417,2.9534299850463865
2021-02-19,计算机,9.313137e+10,2.1126312e+12,0.044083115,4.9764768039319
2021-02-19,轻工制造,3.2876196e+10,2.1126312e+12,0.01556173,5.618888066992874
2021-02-19,通信,2.4362213e+10,2.1126312e+12,0.011531692,3.590564551949501
2021-02-19,钢铁,1.9563145e+10,2.1126312e+12,0.009260085,4.5063959278014245
2021-02-19,银行,6.6257887e+10,2.1126312e+12,0.03136273,5.1957420655771305
2021-02-19,非银行金融,1.1030146e+11,2.1126312e+12,0.05221047,3.3861776394630545
2021-02-19,食品饮料,1.5674227e+11,2.1126312e+12,0.07419292,6.888411486043339
2021-02-26,交通运输,9.877305e+10,5.170538e+12,0.01910305,5.597172725200653
2021-02-26,传媒,1.0742416e+11,5.170538e+12,0.020776205,10.11024457376737
2021-02-26,农林牧渔,1.721085e+11,5.170538e+12,0.033286378,16.432959492956655
2021-02-26,医药,4.5991628e+11,5.170538e+12,0.088949405,10.62512361664126
2021-02-26,商贸零售,5.378327e+10,5.170538e+12,0.01040187,10.798751043081284
2021-02-26,国防军工,1.45262e+11,5.170538e+12,0.028094174,14.512941357733188
2021-02-26,基础化工,4.1793012e+11,5.170538e+12,0.08082913,18.60028283132008
2021-02-26,家电,9.685665e+10,5.170538e+12,0.018732412,10.754095688888006
2021-02-26,建材,9.773904e+10,5.170538e+12,0.01890307,16.642680562935865
2021-02-26,建筑,8.080587e+10,5.170538e+12,0.015628135,10.5089451527237
2021-02-26,房地产,1.0555753e+11,5.170538e+12,0.020415192,8.33286320288247
2021-02-26,有色金属,5.0097858e+11,5.170538e+12,0.09689099,26.054939762271683
2021-02-26,机械,2.6967733e+11,5.170538e+12,0.05215653,14.05578367926163
2021-02-26,汽车,1.91266e+11,5.170538e+12,0.036991507,12.845019461013175
2021-02-26,消费者服务,6.252222e+10,5.170538e+12,0.012092014,14.405770397848553
2021-02-26,煤炭,5.4274273e+10,5.170538e+12,0.010496832,11.997608637809753
2021-02-26,电力及公用事业,8.950262e+10,5.170538e+12,0.017310116,9.307875824915735
2021-02-26,电力设备及新能源,3.8169225e+11,5.170538e+12,0.073820606,12.45126099495524
2021-02-26,电子,4.294579e+11,5.170538e+12,0.08305865,15.440443093657237
2021-02-26,石油石化,9.2112806e+10,5.170538e+12,0.017814936,13.211385527004799
2021-02-26,纺织服装,2.782965e+10,5.170538e+12,0.0053823506,11.785484390086438
2021-02-26,综合,1.6374529e+10,5.170538e+12,0.0031668907,10.496272857372578
2021-02-26,综合金融,4.1058524e+09,5.170538e+12,0.0007940861,7.368860101699829
2021-02-26,计算机,2.116095e+11,5.170538e+12,0.04092601,11.427970314632123
2021-02-26,轻工制造,8.372756e+10,5.170538e+12,0.0161932,14.157150441032694
2021-02-26,通信,6.4019624e+10,5.170538e+12,0.012381617,9.79773815978657
2021-02-26,钢铁,7.8715126e+10,5.170538e+12,0.015223778,13.951916284707128
2021-02-26,银行,1.7767113e+11,5.170538e+12,0.03436221,12.60327907455595
2021-02-26,非银行金融,2.6467454e+11,5.170538e+12,0.05118897,8.247161206469608
2021-02-26,食品饮料,3.326251e+11,5.170538e+12,0.064330846,13.420497271631445
2021-03-05,交通运输,7.176377e+10,4.456922e+12,0.016101643,4.614421830394051
2021-03-05,传媒,9.3296796e+10,4.456922e+12,0.020933012,8.437776130896347
2021-03-05,农林牧渔,1.1405198e+11,4.456922e+12,0.025589854,13.767046032326945
2021-03-05,医药,3.7535505e+11,4.456922e+12,0.08421845,8.917428758408766
2021-03-05,商贸零售,5.09177e+10,4.456922e+12,0.011424409,10.478899094462395
2021-03-05,国防军工,1.1828493e+11,4.456922e+12,0.0265396,11.792883919573379
2021-03-05,基础化工,3.3405252e+11,4.456922e+12,0.074951395,16.034394396350105
2021-03-05,家电,7.662393e+10,4.456922e+12,0.017192118,11.020901238414604
2021-03-05,建材,9.057666e+10,4.456922e+12,0.020322694,17.387183012900415
2021-03-05,建筑,7.727596e+10,4.456922e+12,0.017338416,13.040834895265636
2021-03-05,房地产,7.921541e+10,4.456922e+12,0.017773569,6.650811982811044
2021-03-05,有色金属,3.836545e+11,4.456922e+12,0.086080596,22.974390525242377
2021-03-05,机械,2.6607724e+11,4.456922e+12,0.059699778,15.072032021919213
2021-03-05,汽车,1.5799855e+11,4.456922e+12,0.03545015,12.598373015506848
2021-03-05,消费者服务,5.2304118e+10,4.456922e+12,0.01173548,12.270544399265889
2021-03-05,煤炭,5.380565e+10,4.456922e+12,0.012072379,12.241997010367257
2021-03-05,电力及公用事业,1.2063929e+11,4.456922e+12,0.02706785,13.602457887247988
2021-03-05,电力设备及新能源,3.5809273e+11,4.456922e+12,0.0803453,12.250318829793049
2021-03-05,电子,4.120297e+11,4.456922e+12,0.09244715,15.543107278814661
2021-03-05,石油石化,6.6088575e+10,4.456922e+12,0.0148283,12.556152005990347
2021-03-05,纺织服装,2.3733756e+10,4.456922e+12,0.005325145,10.097109709159437
2021-03-05,综合,1.1172426e+10,4.456922e+12,0.0025067583,9.05220377445221
2021-03-05,综合金融,4.5574344e+09,4.456922e+12,0.001022552,9.456769931316376
2021-03-05,计算机,1.7986036e+11,4.456922e+12,0.040355284,10.152968470587929
2021-03-05,轻工制造,6.784047e+10,4.456922e+12,0.015221373,13.79991407375636
2021-03-05,通信,6.2225887e+10,4.456922e+12,0.013961628,9.271477261456576
2021-03-05,钢铁,1.2044283e+11,4.456922e+12,0.02702377,17.006877541542053
2021-03-05,银行,1.5366072e+11,4.456922e+12,0.03447687,9.236126234656886
2021-03-05,非银行金融,2.2238469e+11,4.456922e+12,0.04989647,7.653101532984135
2021-03-05,食品饮料,2.5781677e+11,4.456922e+12,0.057846375,10.7245796438867
2021-03-12,交通运输,8.204289e+10,4.2918457e+12,0.019115992,5.067264571514997
2021-03-12,传媒,9.943313e+10,4.2918457e+12,0.023167918,9.011013903984656
2021-03-12,农林牧渔,9.179071e+10,4.2918457e+12,0.021387234,11.42033826367239
2021-03-12,医药,3.7292838e+11,4.2918457e+12,0.08689231,8.484048944690468
2021-03-12,商贸零售,4.66904e+10,4.2918457e+12,0.010878862,9.94160906881094
2021-03-12,国防军工,9.927088e+10,4.2918457e+12,0.023130113,10.41697927453052
2021-03-12,基础化工,2.9238113e+11,4.2918457e+12,0.0681248,14.500682809516116
2021-03-12,家电,7.081202e+10,4.2918457e+12,0.016499199,10.017785857261067
2021-03-12,建材,9.0376585e+10,4.2918457e+12,0.021057744,18.406587148324036
2021-03-12,建筑,8.905616e+10,4.2918457e+12,0.020750083,14.274286588626122
2021-03-12,房地产,6.3606596e+10,4.2918457e+12,0.014820336,6.281851322825895
2021-03-12,有色金属,3.1509335e+11,4.2918457e+12,0.07341675,19.66607356071472
2021-03-12,机械,2.3711985e+11,4.2918457e+12,0.055248924,14.197332630824315
2021-03-12,汽车,1.6324411e+11,4.2918457e+12,0.038035877,13.171807465053373
2021-03-12,消费者服务,5.702453e+10,4.2918457e+12,0.013286714,13.771955453687244
2021-03-12,煤炭,5.663486e+10,4.2918457e+12,0.013195922,14.629285720416478
2021-03-12,电力及公用事业,1.5601112e+11,4.2918457e+12,0.03635059,14.639757599194013
2021-03-12,电力设备及新能源,3.7009008e+11,4.2918457e+12,0.086230986,14.200816454648972
2021-03-12,电子,4.000394e+11,4.2918457e+12,0.09320918,15.495919904650878
2021-03-12,石油石化,6.4671875e+10,4.2918457e+12,0.015068546,14.800264668961367
2021-03-12,纺织服装,2.5415354e+10,4.2918457e+12,0.0059217773,13.766587979736782
2021-03-12,综合,8.0357924e+09,4.2918457e+12,0.0018723395,7.0702500847669745
2021-03-12,综合金融,3.2880187e+09,4.2918457e+12,0.00076610834,6.166299998760223
2021-03-12,计算机,1.7364306e+11,4.2918457e+12,0.04045883,10.28455038236059
2021-03-12,轻工制造,5.9306435e+10,4.2918457e+12,0.013818399,12.269255868093236
2021-03-12,通信,5.5793422e+10,4.2918457e+12,0.012999867,8.370592723109505
2021-03-12,钢铁,1.2065033e+11,4.2918457e+12,0.028111525,16.953712295512762
2021-03-12,银行,1.400768e+11,4.2918457e+12,0.03263789,7.659578928037694
2021-03-12,非银行金融,2.1307066e+11,4.2918457e+12,0.04964546,6.666338735107166
2021-03-12,食品饮料,2.7288338e+11,4.2918457e+12,0.063581824,11.476956683450041
2021-03-19,交通运输,9.223474e+10,3.7200512e+12,0.024793945,4.845010896704414
2021-03-19,传媒,8.1613005e+10,3.7200512e+12,0.021938678,7.644794625502366
2021-03-19,农林牧渔,7.868072e+10,3.7200512e+12,0.02115044,11.03712135285474
2021-03-19,医药,3.0784045e+11,3.7200512e+12,0.08275167,7.633940024000983
2021-03-19,商贸零售,4.560042e+10,3.7200512e+12,0.012258009,9.481910938024521
2021-03-19,国防军工,8.1469825e+10,3.7200512e+12,0.02190019,9.999271407894705
2021-03-19,基础化工,2.718151e+11,3.7200512e+12,0.07306757,14.15052839271744
2021-03-19,家电,6.3428313e+10,3.7200512e+12,0.017050387,8.874685901991079
2021-03-19,建材,7.164011e+10,3.7200512e+12,0.01925783,17.286544622519077
2021-03-19,建筑,9.206177e+10,3.7200512e+12,0.024747448,13.290899978644813
2021-03-19,房地产,6.6678743e+10,3.7200512e+12,0.017924147,6.552542176268516
2021-03-19,有色金属,2.725777e+11,3.7200512e+12,0.07327257,21.426966722194965
2021-03-19,机械,2.062046e+11,3.7200512e+12,0.055430584,13.360490055457962
2021-03-19,汽车,1.1227808e+11,3.7200512e+12,0.030181864,11.8175881694081
2021-03-19,消费者服务,5.19764e+10,3.7200512e+12,0.013971958,15.567314784835887
2021-03-19,煤炭,4.667776e+10,3.7200512e+12,0.012547613,11.084888519559588
2021-03-19,电力及公用事业,1.8697486e+11,3.7200512e+12,0.050261367,19.087480086618694
2021-03-19,电力设备及新能源,3.4462364e+11,3.7200512e+12,0.09263949,16.025526896355643
2021-03-19,电子,3.314246e+11,3.7200512e+12,0.089091405,13.031195574019053
2021-03-19,石油石化,4.957642e+10,3.7200512e+12,0.013326812,11.975323045005402
2021-03-19,纺织服装,2.8317735e+10,3.7200512e+12,0.0076121897,15.333527387607665
2021-03-19,综合,7.2373417e+09,3.7200512e+12,0.0019454953,6.9751576231076164
2021-03-19,综合金融,2.3127304e+09,3.7200512e+12,0.00062169315,5.931699895858765
2021-03-19,计算机,1.3314812e+11,3.7200512e+12,0.035792015,9.40139129374106
2021-03-19,轻工制造,5.8005094e+10,3.7200512e+12,0.015592553,11.935350397440391
2021-03-19,通信,5.209359e+10,3.7200512e+12,0.014003461,7.795343617959456
2021-03-19,钢铁,1.0402985e+11,3.7200512e+12,0.027964627,17.653347212441112
2021-03-19,银行,1.19895876e+11,3.7200512e+12,0.032229632,6.634363181496921
2021-03-19,非银行金融,1.6459402e+11,3.7200512e+12,0.044245098,6.049462715858843
2021-03-19,食品饮料,1.9316117e+11,3.7200512e+12,0.05192433,9.102316815768724
2021-03-26,交通运输,7.424275e+10,3.6916767e+12,0.02011085,4.061711817979813
2021-03-26,传媒,8.040091e+10,3.6916767e+12,0.021778967,8.626284645153927
2021-03-26,农林牧渔,8.115288e+10,3.6916767e+12,0.02198266,12.648795513624556
2021-03-26,医药,3.078697e+11,3.6916767e+12,0.08339563,8.18894957844917
2021-03-26,商贸零售,4.8333337e+10,3.6916767e+12,0.013092516,10.31611203789711
2021-03-26,国防军工,7.633702e+10,3.6916767e+12,0.020678144,11.029976907817797
2021-03-26,基础化工,2.6451452e+11,3.6916767e+12,0.07165159,14.719138284766737
2021-03-26,家电,5.165768e+10,3.6916767e+12,0.013993013,9.207077536784427
2021-03-26,建材,7.708481e+10,3.6916767e+12,0.020880705,16.84847949941953
2021-03-26,建筑,1.0005295e+11,3.6916767e+12,0.027102306,16.21193285886921
2021-03-26,房地产,5.0394878e+10,3.6916767e+12,0.013650945,5.047833065374182
2021-03-26,有色金属,2.29117e+11,3.6916767e+12,0.062063128,20.405946261862404
2021-03-26,机械,2.1361041e+11,3.6916767e+12,0.05786271,14.365849273492916
2021-03-26,汽车,1.1091414e+11,3.6916767e+12,0.03004438,12.640005417408481
2021-03-26,消费者服务,4.687511e+10,3.6916767e+12,0.012697512,15.342151548023578
2021-03-26,煤炭,3.3559919e+10,3.6916767e+12,0.009090698,8.344011451516833
2021-03-26,电力及公用事业,2.5686147e+11,3.6916767e+12,0.069578536,26.620867294880252
2021-03-26,电力设备及新能源,3.223062e+11,3.6916767e+12,0.08730619,15.901675111244595
2021-03-26,电子,3.2198007e+11,3.6916767e+12,0.08721784,13.63753875180268
2021-03-26,石油石化,5.064725e+10,3.6916767e+12,0.013719308,11.62157286082705
2021-03-26,纺织服装,3.9123263e+10,3.6916767e+12,0.010597695,20.522723850749788
2021-03-26,综合,9.313988e+09,3.6916767e+12,0.0025229694,10.089546070649074
2021-03-26,综合金融,4.5854413e+09,3.6916767e+12,0.0012421026,12.94613003730774
2021-03-26,计算机,1.6422604e+11,3.6916767e+12,0.044485487,12.337391756054826
2021-03-26,轻工制造,6.637472e+10,3.6916767e+12,0.01797956,13.963543162101836
2021-03-26,通信,5.16414e+10,3.6916767e+12,0.013988604,11.36803940151419
2021-03-26,钢铁,7.606899e+10,3.6916767e+12,0.020605538,17.311095811882797
2021-03-26,银行,9.635012e+10,3.6916767e+12,0.026099283,6.419931738000167
2021-03-26,非银行金融,1.9308908e+11,3.6916767e+12,0.052303895,9.379294081855177
2021-03-26,食品饮料,1.9062256e+11,3.6916767e+12,0.05163577,12.477305298357939
2021-04-02,交通运输,7.419382e+10,3.5291304e+12,0.021023259,2.2156118266284466
2021-04-02,传媒,6.9090025e+10,3.5291304e+12,0.019577067,3.4411057679125894
2021-04-02,农林牧渔,7.229682e+10,3.5291304e+12,0.02048573,5.506575829359923
2021-04-02,医药,3.1474447e+11,3.5291304e+12,0.08918471,4.403223992698799
2021-04-02,商贸零售,4.086457e+10,3.5291304e+12,0.011579218,4.761543522849679
2021-04-02,国防军工,9.6258425e+10,3.5291304e+12,0.027275395,6.143286313329424
2021-04-02,基础化工,2.2552509e+11,3.5291304e+12,0.06390387,6.485150735619158
2021-04-02,家电,5.810987e+10,3.5291304e+12,0.016465776,4.515334488010742
2021-04-02,建材,7.370493e+10,3.5291304e+12,0.020884728,8.374330778916677
2021-04-02,建筑,1.0937357e+11,3.5291304e+12,0.03099165,8.881528358406095
2021-04-02,房地产,4.888008e+10,3.5291304e+12,0.01385046,2.4793830364259013
2021-04-02,有色金属,1.8293973e+11,3.5291304e+12,0.051837057,8.100393178498644
2021-04-02,机械,2.0327843e+11,3.5291304e+12,0.057600148,7.122323859514862
2021-04-02,汽车,1.221141e+11,3.5291304e+12,0.03460175,6.256615852957131
2021-04-02,消费者服务,4.535358e+10,3.5291304e+12,0.012851205,6.697534222707704
2021-04-02,煤炭,3.7397733e+10,3.5291304e+12,0.0105968695,4.011601424642971
2021-04-02,电力及公用事业,2.5569752e+11,3.5291304e+12,0.07245341,14.084435025441278
2021-04-02,电力设备及新能源,2.838182e+11,3.5291304e+12,0.08042157,6.117456537627039
2021-04-02,电子,3.3785027e+11,3.5291304e+12,0.09573188,7.861261638255351
2021-04-02,石油石化,4.5414257e+10,3.5291304e+12,0.012868399,7.067974986508489
2021-04-02,纺织服装,4.4778947e+10,3.5291304e+12,0.01268838,10.79278345760845
2021-04-02,综合,7.5931054e+09,3.5291304e+12,0.0021515514,3.683361531450198
2021-04-02,综合金融,3.6170954e+09,3.5291304e+12,0.0010249254,5.799980029463768
2021-04-02,计算机,1.5511196e+11,3.5291304e+12,0.043951895,6.325526512662338
2021-04-02,轻工制造,6.521625e+10,3.5291304e+12,0.01847941,7.972578734218136
2021-04-02,通信,4.2169938e+10,3.5291304e+12,0.011949101,4.722868329047093
2021-04-02,钢铁,6.4181084e+10,3.5291304e+12,0.01818609,7.351982658919023
2021-04-02,银行,9.5132434e+10,3.5291304e+12,0.026956338,2.276230268768574
2021-04-02,非银行金融,1.4275274e+11,3.5291304e+12,0.040449835,3.222042518431571
2021-04-02,食品饮料,2.1025223e+11,3.5291304e+12,0.059576217,5.5863916004917265
2021-04-09,交通运输,7.076092e+10,2.8274165e+12,0.025026707,3.96294363303618
2021-04-09,传媒,5.7989714e+10,2.8274165e+12,0.020509789,6.459442324134019
2021-04-09,农林牧渔,5.3110084e+10,2.8274165e+12,0.018783962,8.391002225407053
2021-04-09,医药,2.5218954e+11,2.8274165e+12,0.089194335,7.742617846541107
2021-04-09,商贸零售,3.437443e+10,2.8274165e+12,0.012157541,8.590676963031292
2021-04-09,国防军工,6.2872764e+10,2.8274165e+12,0.022236824,11.275810109765342
2021-04-09,基础化工,1.9364387e+11,2.8274165e+12,0.06848792,11.46714868998449
2021-04-09,家电,4.0382255e+10,2.8274165e+12,0.014282387,8.001307071934283
2021-04-09,建材,6.0510855e+10,2.8274165e+12,0.021401465,16.030975800294144
2021-04-09,建筑,6.8362666e+10,2.8274165e+12,0.024178492,12.114913403987885
2021-04-09,房地产,4.120915e+10,2.8274165e+12,0.0145748425,4.608306396445003
2021-04-09,有色金属,1.6733676e+11,2.8274165e+12,0.059183624,15.227934189331837
2021-04-09,机械,1.6763504e+11,2.8274165e+12,0.059289124,13.123284869873686
2021-04-09,汽车,1.08573475e+11,2.8274165e+12,0.03840024,12.549021400869849
2021-04-09,消费者服务,3.2780556e+10,2.8274165e+12,0.01159382,9.22238333578463
2021-04-09,煤炭,3.648497e+10,2.8274165e+12,0.012903995,7.769374236038753
2021-04-09,电力及公用事业,1.6234827e+11,2.8274165e+12,0.057419296,18.497188096193923
2021-04-09,电力设备及新能源,2.1990031e+11,2.8274165e+12,0.07777429,11.497332425246691
2021-04-09,电子,2.9467905e+11,2.8274165e+12,0.104222015,15.591477819016008
2021-04-09,石油石化,3.0055301e+10,2.8274165e+12,0.010629952,8.262625098228455
2021-04-09,纺织服装,3.5423228e+10,2.8274165e+12,0.012528479,17.709078757201922
2021-04-09,综合,7.765424e+09,2.8274165e+12,0.0027464733,6.37241544173314
2021-04-09,综合金融,3.240127e+09,2.8274165e+12,0.0011459674,11.01422976255417
2021-04-09,计算机,1.1800428e+11,2.8274165e+12,0.041735724,8.947791370938518
2021-04-09,轻工制造,5.159801e+10,2.8274165e+12,0.01824917,13.442825984063111
2021-04-09,通信,3.5891585e+10,2.8274165e+12,0.012694127,8.388902641300644
2021-04-09,钢铁,8.294036e+10,2.8274165e+12,0.029334327,18.54152039605744
2021-04-09,银行,5.121497e+10,2.8274165e+12,0.018113699,3.713221070013548
2021-04-09,非银行金融,1.1838264e+11,2.8274165e+12,0.041869543,5.995214913985622
2021-04-09,食品饮料,1.6685875e+11,2.8274165e+12,0.059014563,9.93553370395593
2021-04-16,交通运输,8.614538e+10,3.4127162e+12,0.025242466,4.319123645262285
2021-04-16,传媒,8.378996e+10,3.4127162e+12,0.02455228,10.571789972598737
2021-04-16,农林牧渔,8.6155895e+10,3.4127162e+12,0.02524555,18.725040457405886
2021-04-16,医药,3.569365e+11,3.4127162e+12,0.104590155,12.362041800421602
2021-04-16,商贸零售,5.184877e+10,3.4127162e+12,0.015192816,12.877548841834068
2021-04-16,国防军工,6.8686418e+10,3.4127162e+12,0.020126613,10.765316882829987
2021-04-16,基础化工,2.2500935e+11,3.4127162e+12,0.06593263,12.805460110248074
2021-04-16,家电,4.7550226e+10,3.4127162e+12,0.01393325,9.72638448737037
2021-04-16,建材,6.2307426e+10,3.4127162e+12,0.01825743,15.058526956882233
2021-04-16,建筑,6.6085286e+10,3.4127162e+12,0.019364424,11.900637259234243
2021-04-16,房地产,5.0688774e+10,3.4127162e+12,0.014852912,5.231298163123087
2021-04-16,有色金属,1.9653637e+11,3.4127162e+12,0.057589427,16.557429862837505
2021-04-16,机械,1.9099514e+11,3.4127162e+12,0.055965725,14.655887655273283
2021-04-16,汽车,1.310525e+11,3.4127162e+12,0.03840123,15.887863521538083
2021-04-16,消费者服务,5.796448e+10,3.4127162e+12,0.016984852,17.330176014591146
2021-04-16,煤炭,4.337557e+10,3.4127162e+12,0.012709985,8.644522878101894
2021-04-16,电力及公用事业,1.6641832e+11,3.4127162e+12,0.048764184,18.64644232192605
2021-04-16,电力设备及新能源,2.3499881e+11,3.4127162e+12,0.068859756,13.297265182289422
2021-04-16,电子,3.4680855e+11,3.4127162e+12,0.10162244,16.95868397732576
2021-04-16,石油石化,3.550934e+10,3.4127162e+12,0.010405008,8.452872953067223
2021-04-16,纺织服装,4.0894546e+10,3.4127162e+12,0.01198299,18.71140818210209
2021-04-16,综合,8.62208e+09,3.4127162e+12,0.0025264567,8.183265461371494
2021-04-16,综合金融,5.839432e+09,3.4127162e+12,0.0017110805,10.516890203952789
2021-04-16,计算机,1.603239e+11,3.4127162e+12,0.046978384,12.755779102250044
2021-04-16,轻工制造,5.9533754e+10,3.4127162e+12,0.017444683,15.62256696515196
2021-04-16,通信,3.7545865e+10,3.4127162e+12,0.011001755,8.471249073211636
2021-04-16,钢铁,9.996268e+10,3.4127162e+12,0.029291239,18.953918471628306
2021-04-16,银行,7.704764e+10,3.4127162e+12,0.022576632,3.472228938027432
2021-04-16,非银行金融,1.31478856e+11,3.4127162e+12,0.038526163,5.738367129617663
2021-04-16,食品饮料,2.0174912e+11,3.4127162e+12,0.059116878,14.151650075326886
2021-04-23,交通运输,6.9482e+10,3.9322187e+12,0.017669922,4.370914572748271
2021-04-23,传媒,8.777085e+10,3.9322187e+12,0.022320949,10.477073020201463
2021-04-23,农林牧渔,7.646767e+10,3.9322187e+12,0.019446444,16.428805339595545
2021-04-23,医药,4.498639e+11,3.9322187e+12,0.1144046,14.417983557791151
2021-04-23,商贸零售,5.087561e+10,3.9322187e+12,0.012938144,11.06764799296856
2021-04-23,国防军工,8.283674e+10,3.9322187e+12,0.021066159,14.501111108726926
2021-04-23,基础化工,2.4828351e+11,3.9322187e+12,0.06314082,13.986643615413408
2021-04-23,家电,5.528349e+10,3.9322187e+12,0.014059109,11.118732518713239
2021-04-23,建材,6.156503e+10,3.9322187e+12,0.015656563,13.908447469656284
2021-04-23,建筑,6.1151916e+10,3.9322187e+12,0.015551505,11.986505884019767
2021-04-23,房地产,5.6943436e+10,3.9322187e+12,0.014481248,5.268785339976669
2021-04-23,有色金属,2.3406307e+11,3.9322187e+12,0.059524428,17.12990928052837
2021-04-23,机械,2.1588571e+11,3.9322187e+12,0.054901756,15.03918217065372
2021-04-23,汽车,2.2155158e+11,3.9322187e+12,0.05634264,21.837804616752425
2021-04-23,消费者服务,5.1357327e+10,3.9322187e+12,0.013060649,17.001345413381404
2021-04-23,煤炭,4.3421663e+10,3.9322187e+12,0.011042535,8.645054285866873
2021-04-23,电力及公用事业,1.30507416e+11,3.9322187e+12,0.033189256,15.29086439772365
2021-04-23,电力设备及新能源,3.005653e+11,3.9322187e+12,0.076436564,14.160639883659314
2021-04-23,电子,4.223955e+11,3.9322187e+12,0.107419126,20.428284805187484
2021-04-23,石油石化,3.6355285e+10,3.9322187e+12,0.009245489,8.108727114895979
2021-04-23,纺织服装,3.8595375e+10,3.9322187e+12,0.009815165,17.92290004632052
2021-04-23,综合,1.0872267e+10,3.9322187e+12,0.002764919,8.719119163659903
2021-04-23,综合金融,5.155425e+09,3.9322187e+12,0.0013110727,7.975409805774689
2021-04-23,计算机,2.0876678e+11,3.9322187e+12,0.053091343,15.18504381423546
2021-04-23,轻工制造,5.6977416e+10,3.9322187e+12,0.01448989,14.22202676253056
2021-04-23,通信,5.3512774e+10,3.9322187e+12,0.013608799,11.047258926289421
2021-04-23,钢铁,8.089119e+10,3.9322187e+12,0.020571386,15.787234600709409
2021-04-23,银行,8.4050125e+10,3.9322187e+12,0.021374732,3.8535368481748984
2021-04-23,非银行金融,1.532746e+11,3.9322187e+12,0.038979165,6.329340285774487
2021-04-23,食品饮料,2.8198512e+11,3.9322187e+12,0.07171145,21.59556673702441
2021-04-30,交通运输,8.200168e+10,4.1164226e+12,0.019920617,4.926568433776632
2021-04-30,传媒,8.152816e+10,4.1164226e+12,0.019805586,9.157629952522425
2021-04-30,农林牧渔,7.1827096e+10,4.1164226e+12,0.017448911,13.34752368670638
2021-04-30,医药,6.189595e+11,4.1164226e+12,0.15036345,19.09509950110482
2021-04-30,商贸零售,5.0421473e+10,4.1164226e+12,0.012248857,9.480248997211456
2021-04-30,国防军工,8.840554e+10,4.1164226e+12,0.021476304,11.911901117695702
2021-04-30,基础化工,2.8035305e+11,4.1164226e+12,0.068105996,14.992229803315716
2021-04-30,家电,6.7743654e+10,4.1164226e+12,0.016456924,11.225061942154253
2021-04-30,建材,5.9266765e+10,4.1164226e+12,0.014397639,12.317505020884019
2021-04-30,建筑,5.377459e+10,4.1164226e+12,0.013063428,10.049264875641704
2021-04-30,房地产,5.465178e+10,4.1164226e+12,0.013276524,4.738175252435404
2021-04-30,有色金属,2.6883416e+11,4.1164226e+12,0.065307714,17.399904295929478
2021-04-30,机械,2.0317019e+11,4.1164226e+12,0.049356006,12.914667574185374
2021-04-30,汽车,1.8280355e+11,4.1164226e+12,0.04440835,16.680348932743073
2021-04-30,消费者服务,4.671519e+10,4.1164226e+12,0.0113484925,14.470800001706396
2021-04-30,煤炭,5.0676253e+10,4.1164226e+12,0.012310751,9.655337042467934
2021-04-30,电力及公用事业,9.799081e+10,4.1164226e+12,0.023804847,12.187863457141463
2021-04-30,电力设备及新能源,3.2668343e+11,4.1164226e+12,0.07936101,14.876688360808227
2021-04-30,电子,4.1174018e+11,4.1164226e+12,0.100023784,18.272586703398833
2021-04-30,石油石化,3.301291e+10,4.1164226e+12,0.008019806,6.89028753588597
2021-04-30,纺织服装,6.0357915e+10,4.1164226e+12,0.014662711,20.902772074521973
2021-04-30,综合,8.749483e+09,4.1164226e+12,0.0021255065,6.176280773602999
2021-04-30,综合金融,3.6414922e+09,4.1164226e+12,0.0008846255,5.45714008808136
2021-04-30,计算机,1.8354597e+11,4.1164226e+12,0.04458871,12.85619591029714
2021-04-30,轻工制造,5.335002e+10,4.1164226e+12,0.012960287,11.879743328479332
2021-04-30,通信,4.862961e+10,4.1164226e+12,0.0118135605,10.005875946155616
2021-04-30,钢铁,7.149685e+10,4.1164226e+12,0.017368685,12.243959149535822
2021-04-30,银行,9.151249e+10,4.1164226e+12,0.022231072,4.367002611881809
2021-04-30,非银行金融,1.838503e+11,4.1164226e+12,0.04466264,6.834913485085786
2021-04-30,食品饮料,2.7966754e+11,4.1164226e+12,0.06793946,15.01803870807434
2021-05-07,交通运输,4.202448e+10,1.7465199e+12,0.02406184,2.1574648739518345
2021-05-07,传媒,3.0661622e+10,1.7465199e+12,0.017555838,3.522387717836178
2021-05-07,农林牧渔,3.580367e+10,1.7465199e+12,0.020500006,5.842905388884647
2021-05-07,医药,2.5121292e+11,1.7465199e+12,0.14383629,6.805404510427877
2021-05-07,商贸零售,2.4225896e+10,1.7465199e+12,0.013870954,4.2289100151509045
2021-05-07,国防军工,3.1798764e+10,1.7465199e+12,0.01820693,3.7778866390387216
2021-05-07,基础化工,1.2200381e+11,1.7465199e+12,0.06985538,5.651763205575742
2021-05-07,家电,2.799861e+10,1.7465199e+12,0.016031086,3.8863464946478183
2021-05-07,建材,2.759843e+10,1.7465199e+12,0.015801957,5.793987463546705
2021-05-07,建筑,2.3017447e+10,1.7465199e+12,0.013179036,4.1452101844538385
2021-05-07,房地产,2.3667356e+10,1.7465199e+12,0.013551151,2.143097260539685
2021-05-07,有色金属,1.5000098e+11,1.7465199e+12,0.085885644,9.045170062118107
2021-05-07,机械,8.850015e+10,1.7465199e+12,0.050672285,5.087164565219205
2021-05-07,汽车,7.161331e+10,1.7465199e+12,0.041003432,5.444038570858538
2021-05-07,消费者服务,1.8817495e+10,1.7465199e+12,0.010774281,5.968533875686782
2021-05-07,煤炭,3.528823e+10,1.7465199e+12,0.020204885,6.755208602973393
2021-05-07,电力及公用事业,4.512289e+10,1.7465199e+12,0.025835888,4.983114402856409
2021-05-07,电力设备及新能源,1.2896125e+11,1.7465199e+12,0.07383899,4.8140266472653535
2021-05-07,电子,1.563691e+11,1.7465199e+12,0.08953182,5.854270299570788
2021-05-07,石油石化,1.9436026e+10,1.7465199e+12,0.011128431,3.0592999905347824
2021-05-07,纺织服装,2.147661e+10,1.7465199e+12,0.012296802,6.691947773921975
2021-05-07,综合,3.509211e+09,1.7465199e+12,0.002009259,2.273469242410591
2021-05-07,综合金融,1.7009553e+09,1.7465199e+12,0.0009739112,2.792659968137741
2021-05-07,计算机,6.509322e+10,1.7465199e+12,0.037270244,4.6944896117836015
2021-05-07,轻工制造,2.1563812e+10,1.7465199e+12,0.0123467315,4.047000013524666
2021-05-07,通信,1.5339385e+10,1.7465199e+12,0.008782829,2.970111608505249
2021-05-07,钢铁,4.8974475e+10,1.7465199e+12,0.028041178,6.912465358267025
2021-05-07,银行,4.085633e+10,1.7465199e+12,0.023392996,1.6378658057043427
2021-05-07,非银行金融,6.9714125e+10,1.7465199e+12,0.039916024,2.8752999879858074
2021-05-07,食品饮料,1.0385068e+11,1.7465199e+12,0.059461493,5.095656941676962
2021-05-14,交通运输,7.587377e+10,4.1236326e+12,0.018399742,5.7759063038975
2021-05-14,传媒,9.380521e+10,4.1236326e+12,0.022748196,12.925047431738323
2021-05-14,农林牧渔,9.455943e+10,4.1236326e+12,0.022931099,15.620477452713956
2021-05-14,医药,5.453181e+11,4.1236326e+12,0.13224217,15.716712707052471
2021-05-14,商贸零售,5.7355055e+10,4.1236326e+12,0.013908867,10.172356040477753
2021-05-14,国防军工,8.543808e+10,4.1236326e+12,0.02071913,12.66991198193896
2021-05-14,基础化工,2.8051505e+11,4.1236326e+12,0.0680262,13.942187144600915
2021-05-14,家电,6.6659172e+10,4.1236326e+12,0.016165158,11.153333773075694
2021-05-14,建材,6.6046083e+10,4.1236326e+12,0.016016481,13.201736803296246
2021-05-14,建筑,5.6408723e+10,4.1236326e+12,0.013679377,10.269201498100722
2021-05-14,房地产,6.614282e+10,4.1236326e+12,0.01603994,6.475175231968591
2021-05-14,有色金属,3.3647624e+11,4.1236326e+12,0.081597045,21.305671649101452
2021-05-14,机械,2.106867e+11,4.1236326e+12,0.0510925,13.901345336039862
2021-05-14,汽车,2.0344932e+11,4.1236326e+12,0.049337402,15.363639617649218
2021-05-14,消费者服务,3.4184354e+10,4.1236326e+12,0.008289864,11.212012491055898
2021-05-14,煤炭,8.913768e+10,4.1236326e+12,0.021616299,17.461403025899614
2021-05-14,电力及公用事业,1.2754641e+11,4.1236326e+12,0.030930595,14.082133086839901
2021-05-14,电力设备及新能源,2.5769968e+11,4.1236326e+12,0.062493365,11.242289188019752
2021-05-14,电子,3.228274e+11,4.1236326e+12,0.07828714,14.584710474849041
2021-05-14,石油石化,5.2265525e+10,4.1236326e+12,0.012674632,9.816156274328629
2021-05-14,纺织服装,5.2653564e+10,4.1236326e+12,0.012768733,18.606603442236434
2021-05-14,综合,1.1174782e+10,4.1236326e+12,0.0027099364,9.8398883159344
2021-05-14,综合金融,7.1499284e+09,4.1236326e+12,0.0017338907,16.938160133361816
2021-05-14,计算机,2.0154622e+11,4.1236326e+12,0.04887589,13.3119628624679
2021-05-14,轻工制造,5.1586056e+10,4.1236326e+12,0.012509857,11.367404614808038
2021-05-14,通信,4.2806366e+10,4.1236326e+12,0.010380742,8.39424998366407
2021-05-14,钢铁,1.3408772e+11,4.1236326e+12,0.032516893,17.21862409591675
2021-05-14,银行,8.0618316e+10,4.1236326e+12,0.019550314,4.543444700931248
2021-05-14,非银行金融,1.790435e+11,4.1236326e+12,0.043418877,7.00889408939025
2021-05-14,食品饮料,2.3974612e+11,4.1236326e+12,0.058139544,15.999367127130771
2021-05-21,交通运输,8.56728e+10,4.1079241e+12,0.020855496,5.788771439343691
2021-05-21,传媒,9.797163e+10,4.1079241e+12,0.023849424,11.987853407859802
2021-05-21,农林牧渔,7.4410795e+10,4.1079241e+12,0.018113965,12.240632187935613
2021-05-21,医药,5.5359786e+11,4.1079241e+12,0.1347634,16.904276671048557
2021-05-21,商贸零售,5.8203607e+10,4.1079241e+12,0.014168617,10.510759074687957
2021-05-21,国防军工,1.0225646e+11,4.1079241e+12,0.02489249,13.801932017881791
2021-05-21,基础化工,2.7524547e+11,4.1079241e+12,0.06700354,13.937528860169587
2021-05-21,家电,6.641765e+10,4.1079241e+12,0.016168179,11.728699984684797
2021-05-21,建材,5.4711153e+10,4.1079241e+12,0.013318443,10.794334127178676
2021-05-21,建筑,5.3209903e+10,4.1079241e+12,0.012952991,9.51387898515964
2021-05-21,房地产,6.3730684e+10,4.1079241e+12,0.015514085,5.583323814453335
2021-05-21,有色金属,2.8156697e+11,4.1079241e+12,0.0685424,16.170306029992226
2021-05-21,机械,1.9813335e+11,4.1079241e+12,0.04823199,12.709453349643283
2021-05-21,汽车,2.3341215e+11,4.1079241e+12,0.056819975,14.089404235904416
2021-05-21,消费者服务,3.505957e+10,4.1079241e+12,0.00853462,10.664430344743389
2021-05-21,煤炭,4.775617e+10,4.1079241e+12,0.011625377,9.227477192878723
2021-05-21,电力及公用事业,1.4930898e+11,4.1079241e+12,0.036346577,15.94915931833159
2021-05-21,电力设备及新能源,3.130397e+11,4.1079241e+12,0.07620387,14.636999206270348
2021-05-21,电子,3.3403244e+11,4.1079241e+12,0.08131417,15.191312505194887
2021-05-21,石油石化,4.1417986e+10,4.1079241e+12,0.010082461,9.53779599815607
2021-05-21,纺织服装,4.5356188e+10,4.1079241e+12,0.011041146,16.12451293579368
2021-05-21,综合,8.2342994e+09,4.1079241e+12,0.0020044916,7.113919262702648
2021-05-21,综合金融,6.634835e+09,4.1079241e+12,0.0016151308,15.657059824466705
2021-05-21,计算机,1.9195124e+11,4.1079241e+12,0.046727065,12.254533438434388
2021-05-21,轻工制造,5.179227e+10,4.1079241e+12,0.012607893,11.247624758833139
2021-05-21,通信,4.5071004e+10,4.1079241e+12,0.010971722,9.089646419776338
2021-05-21,钢铁,8.831337e+10,4.1079241e+12,0.021498296,14.561303737163543
2021-05-21,银行,7.413152e+10,4.1079241e+12,0.01804598,4.169663108493152
2021-05-21,非银行金融,2.1948306e+11,4.1079241e+12,0.05342919,10.867204356281196
2021-05-21,食品饮料,2.5705998e+11,4.1079241e+12,0.062576614,18.381475910162315
2021-05-28,交通运输,8.098009e+10,4.7297934e+12,0.017121274,5.82768137528833
2021-05-28,传媒,1.0773752e+11,4.7297934e+12,0.022778483,13.025385624579801
2021-05-28,农林牧渔,1.0194928e+11,4.7297934e+12,0.0215547,14.824763908665231
2021-05-28,医药,5.8499275e+11,4.7297934e+12,0.123682514,16.0695681302728
2021-05-28,商贸零售,7.20472e+10,4.7297934e+12,0.015232631,12.89677236398848
2021-05-28,国防军工,1.1318848e+11,4.7297934e+12,0.023930956,13.60545051752866
2021-05-28,基础化工,3.2142472e+11,4.7297934e+12,0.06795745,16.173704851562384
2021-05-28,家电,7.474218e+10,4.7297934e+12,0.015802419,11.811430916819774
2021-05-28,建材,5.958949e+10,4.7297934e+12,0.012598751,11.252353226082235
2021-05-28,建筑,5.6167588e+10,4.7297934e+12,0.011875273,10.123882639235344
2021-05-28,房地产,7.929098e+10,4.7297934e+12,0.016764153,6.031880708462602
2021-05-28,有色金属,2.6200962e+11,4.7297934e+12,0.055395573,15.785669136760582
2021-05-28,机械,2.2124924e+11,4.7297934e+12,0.04677778,13.492668318840987
2021-05-28,汽车,1.9851996e+11,4.7297934e+12,0.041972227,13.116592682277163
2021-05-28,消费者服务,3.8275305e+10,4.7297934e+12,0.008092384,11.225723234670502
2021-05-28,煤炭,4.3194474e+10,4.7297934e+12,0.009132423,8.720874210766384
2021-05-28,电力及公用事业,1.6633907e+11,4.7297934e+12,0.035168357,17.287948235188644
2021-05-28,电力设备及新能源,3.256841e+11,4.7297934e+12,0.068858,14.619972748557904
2021-05-28,电子,4.510793e+11,4.7297934e+12,0.09536977,16.858787883462664
2021-05-28,石油石化,3.754827e+10,4.7297934e+12,0.00793867,7.91542077747484
2021-05-28,纺织服装,5.0864734e+10,4.7297934e+12,0.010754113,17.13100335036201
2021-05-28,综合,8.911972e+09,4.7297934e+12,0.0018842202,7.007776975631714
2021-05-28,综合金融,7.3936543e+09,4.7297934e+12,0.0015632088,18.104280209541322
2021-05-28,计算机,2.5182544e+11,4.7297934e+12,0.053242374,15.328927084637398
2021-05-28,轻工制造,8.53567e+10,4.7297934e+12,0.018046603,18.897103059750336
2021-05-28,通信,6.130293e+10,4.7297934e+12,0.012961017,11.92130992348705
2021-05-28,钢铁,7.117617e+10,4.7297934e+12,0.015048473,13.343300223350525
2021-05-28,银行,1.0560864e+11,4.7297934e+12,0.022328384,8.678702512854024
2021-05-28,非银行金融,3.592541e+11,4.7297934e+12,0.075955555,18.08451336008661
2021-05-28,食品饮料,3.309134e+11,4.7297934e+12,0.06996361,18.562087385594342
2021-06-04,交通运输,9.767705e+10,4.9175184e+12,0.019863078,3.641863270011623
2021-06-04,传媒,1.02734905e+11,4.9175184e+12,0.020891616,6.111222509180999
2021-06-04,农林牧渔,1.03404904e+11,4.9175184e+12,0.021027863,8.23677813451975
2021-06-04,医药,5.8421916e+11,4.9175184e+12,0.11880366,8.312807665790542
2021-06-04,商贸零售,9.958946e+10,4.9175184e+12,0.020251976,7.625229269524317
2021-06-04,国防军工,1.2161418e+11,4.9175184e+12,0.024730803,7.8711279928684235
2021-06-04,基础化工,4.0803566e+11,4.9175184e+12,0.08297593,9.63168024353023
2021-06-04,家电,6.8895924e+10,4.9175184e+12,0.014010304,6.088640795312297
2021-06-04,建材,6.601134e+10,4.9175184e+12,0.01342371,5.410213283534292
2021-06-04,建筑,5.4823535e+10,4.9175184e+12,0.0111486185,5.392713766464072
2021-06-04,房地产,8.000654e+10,4.9175184e+12,0.016269697,3.2946119428261977
2021-06-04,有色金属,2.858242e+11,4.9175184e+12,0.058123663,8.074960691488197
2021-06-04,机械,2.40941e+11,4.9175184e+12,0.048996463,7.785352723074794
2021-06-04,汽车,2.1278546e+11,4.9175184e+12,0.043270905,8.328627276720551
2021-06-04,消费者服务,3.7155963e+10,4.9175184e+12,0.007555836,5.019166982466621
2021-06-04,煤炭,6.125032e+10,4.9175184e+12,0.012455534,6.122311388594763
2021-06-04,电力及公用事业,1.482615e+11,4.9175184e+12,0.03014966,8.065176133671539
2021-06-04,电力设备及新能源,3.752087e+11,4.9175184e+12,0.07630042,8.161680994115613
2021-06-04,电子,4.5714208e+11,4.9175184e+12,0.092961945,9.947748376739826
2021-06-04,石油石化,5.0721448e+10,4.9175184e+12,0.010314439,4.992009397518511
2021-06-04,纺织服装,6.0738703e+10,4.9175184e+12,0.012351495,11.309818856545132
2021-06-04,综合,9.889001e+09,4.9175184e+12,0.0020109739,4.223621137440205
2021-06-04,综合金融,5.168071e+09,4.9175184e+12,0.0010509511,6.414824888110161
2021-06-04,计算机,2.5616409e+11,4.9175184e+12,0.052092146,8.492907813825802
2021-06-04,轻工制造,7.721612e+10,4.9175184e+12,0.015702253,8.522235046642331
2021-06-04,通信,7.4672456e+10,4.9175184e+12,0.015184987,7.5495410721882115
2021-06-04,钢铁,7.409736e+10,4.9175184e+12,0.015068039,6.835621041059494
2021-06-04,银行,9.033519e+10,4.9175184e+12,0.018370077,2.643563162437395
2021-06-04,非银行金融,2.6406152e+11,4.9175184e+12,0.053698126,6.864157396587817
2021-06-04,食品饮料,3.480336e+11,4.9175184e+12,0.070774235,12.216250247785736
2021-06-11,交通运输,9.67945e+10,4.893957e+12,0.019778373,6.300186788826658
2021-06-11,传媒,1.0729237e+11,4.893957e+12,0.02192344,12.303455703131116
2021-06-11,农林牧渔,8.465454e+10,4.893957e+12,0.017297769,13.579780945118438
2021-06-11,医药,4.830278e+11,4.893957e+12,0.09869883,13.263817846389015
2021-06-11,商贸零售,7.67508e+10,4.893957e+12,0.01568277,11.20024169022494
2021-06-11,国防军工,1.4775912e+11,4.893957e+12,0.030192157,18.32790866788927
2021-06-11,基础化工,4.1179637e+11,4.893957e+12,0.08414385,18.758330551945434
2021-06-11,家电,6.3711187e+10,4.893957e+12,0.013018338,11.449345138710989
2021-06-11,建材,5.447416e+10,4.893957e+12,0.011130903,10.189055635204799
2021-06-11,建筑,5.1221082e+10,4.893957e+12,0.01046619,9.547474671749102
2021-06-11,房地产,6.924675e+10,4.893957e+12,0.0141494395,5.3145045947044265
2021-06-11,有色金属,2.3573963e+11,4.893957e+12,0.048169535,13.914605976169945
2021-06-11,机械,2.3238959e+11,4.893957e+12,0.04748501,14.234949551752486
2021-06-11,汽车,2.0878095e+11,4.893957e+12,0.04266097,14.476202142300066
2021-06-11,消费者服务,3.5173994e+10,4.893957e+12,0.00718723,10.703162489192826
2021-06-11,煤炭,6.5844695e+10,4.893957e+12,0.013454285,13.35255708694458
2021-06-11,电力及公用事业,1.1848729e+11,4.893957e+12,0.02421094,13.08088078056321
2021-06-11,电力设备及新能源,4.1118614e+11,4.893957e+12,0.084019154,16.22622578180335
2021-06-11,电子,5.0826127e+11,4.893957e+12,0.10385487,19.771913702645207
2021-06-11,石油石化,5.1979686e+10,4.893957e+12,0.010621198,9.758179207642874
2021-06-11,纺织服装,5.2159824e+10,4.893957e+12,0.010658006,19.599760460582647
2021-06-11,综合,2.4916924e+10,4.893957e+12,0.005091366,10.144430628189674
2021-06-11,综合金融,5.098229e+09,4.893957e+12,0.0010417397,11.637350082397461
2021-06-11,计算机,3.80174e+11,4.893957e+12,0.07768234,22.86561039317813
2021-06-11,轻工制造,6.314139e+10,4.893957e+12,0.01290191,13.39293071444218
2021-06-11,通信,9.187103e+10,4.893957e+12,0.018772341,20.088594501571997
2021-06-11,钢铁,6.1910663e+10,4.893957e+12,0.012650431,11.170494050979615
2021-06-11,银行,8.546076e+10,4.893957e+12,0.017462509,4.555360546237544
2021-06-11,非银行金融,2.2416736e+11,4.893957e+12,0.045804933,9.958183796090239
2021-06-11,食品饮料,3.8960418e+11,4.893957e+12,0.07960924,23.068399279316267
2021-06-18,交通运输,8.123843e+10,3.8048534e+12,0.021351265,6.126449946771588
2021-06-18,传媒,8.157222e+10,3.8048534e+12,0.02143899,10.598922883470854
2021-06-18,农林牧渔,5.438529e+10,3.8048534e+12,0.014293662,8.279468085854612
2021-06-18,医药,3.1180367e+11,3.8048534e+12,0.08194893,8.189582686091578
2021-06-18,商贸零售,4.996262e+10,3.8048534e+12,0.013131286,7.261169296089966
2021-06-18,国防军工,1.1079622e+11,3.8048534e+12,0.029119708,14.41048563181699
2021-06-18,基础化工,2.745051e+11,3.8048534e+12,0.072146036,11.982023219064791
2021-06-18,家电,5.4804664e+10,3.8048534e+12,0.014403883,8.635246553891141
2021-06-18,建材,4.0431063e+10,3.8048534e+12,0.010626181,7.936079787302621
2021-06-18,建筑,4.227493e+10,3.8048534e+12,0.011110791,7.554206560055415
2021-06-18,房地产,4.6847885e+10,3.8048534e+12,0.012312665,3.510433027640395
2021-06-18,有色金属,1.8101545e+11,3.8048534e+12,0.04757488,10.143508529561197
2021-06-18,机械,1.863376e+11,3.8048534e+12,0.04897366,12.333740286188188
2021-06-18,汽车,1.9281258e+11,3.8048534e+12,0.05067543,12.429708773080183
2021-06-18,消费者服务,3.5107238e+10,3.8048534e+12,0.009226962,12.272694600479943
2021-06-18,煤炭,4.8782774e+10,3.8048534e+12,0.012821197,10.355717156614576
2021-06-18,电力及公用事业,1.23813356e+11,3.8048534e+12,0.0325409,9.614838920608916
2021-06-18,电力设备及新能源,2.9089746e+11,3.8048534e+12,0.07645431,12.892428330655369
2021-06-18,电子,5.367681e+11,3.8048534e+12,0.14107458,20.209127699173624
2021-06-18,石油石化,4.405745e+10,3.8048534e+12,0.011579276,9.14062293494741
2021-06-18,纺织服装,3.0223053e+10,3.8048534e+12,0.007943289,10.942601126026023
2021-06-18,综合,1.6502274e+10,3.8048534e+12,0.004337164,5.963019219728617
2021-06-18,综合金融,3.3578022e+09,3.8048534e+12,0.00088250503,7.363969993591309
2021-06-18,计算机,3.1737944e+11,3.8048534e+12,0.08341437,19.262207360620852
2021-06-18,轻工制造,4.335995e+10,3.8048534e+12,0.011395957,9.873119869304977
2021-06-18,通信,8.052954e+10,3.8048534e+12,0.021164952,15.74467756492751
2021-06-18,钢铁,4.406423e+10,3.8048534e+12,0.011581059,7.822251935005188
2021-06-18,银行,6.2396764e+10,3.8048534e+12,0.016399255,2.962248738759603
2021-06-18,非银行金融,1.5961722e+11,3.8048534e+12,0.041950952,7.097142699448502
2021-06-18,食品饮料,2.5847959e+11,3.8048534e+12,0.06793418,14.820940151313941
2021-06-25,交通运输,1.1336944e+11,5.1246525e+12,0.022122366,7.5838446972662945
2021-06-25,传媒,9.529823e+10,5.1246525e+12,0.018596038,12.21263249128154
2021-06-25,农林牧渔,7.935534e+10,5.1246525e+12,0.0154850185,12.257719137567156
2021-06-25,医药,4.6608718e+11,5.1246525e+12,0.090950005,11.676619822920747
2021-06-25,商贸零售,6.325017e+10,5.1246525e+12,0.012342334,9.12817622057282
2021-06-25,国防军工,1.6389746e+11,5.1246525e+12,0.03198216,20.985574850669273
2021-06-25,基础化工,3.640924e+11,5.1246525e+12,0.07104723,15.924533666840082
2021-06-25,家电,8.738837e+10,5.1246525e+12,0.017052546,13.000188706626355
2021-06-25,建材,6.338823e+10,5.1246525e+12,0.012369273,11.534034128430523
2021-06-25,建筑,6.4136434e+10,5.1246525e+12,0.012515275,12.678991233956987
2021-06-25,房地产,5.425829e+10,5.1246525e+12,0.010587702,4.406228449366508
2021-06-25,有色金属,2.2913666e+11,5.1246525e+12,0.044712625,12.66335642694408
2021-06-25,机械,2.904096e+11,5.1246525e+12,0.05666913,16.872232188608336
2021-06-25,汽车,2.6015e+11,5.1246525e+12,0.05076442,16.82565397389081
2021-06-25,消费者服务,4.2997e+10,5.1246525e+12,0.008390227,13.518630368368965
2021-06-25,煤炭,6.3991e+10,5.1246525e+12,0.012486896,12.770645708697183
2021-06-25,电力及公用事业,1.6469216e+11,5.1246525e+12,0.032137234,13.437180205728069
2021-06-25,电力设备及新能源,4.5716446e+11,5.1246525e+12,0.08920887,20.86947492638925
2021-06-25,电子,7.283812e+11,5.1246525e+12,0.14213279,25.417106900896346
2021-06-25,石油石化,5.099238e+10,5.1246525e+12,0.009950408,9.77635421603918
2021-06-25,纺织服装,3.881515e+10,5.1246525e+12,0.0075742016,12.938902208073573
2021-06-25,综合,1.5044088e+10,5.1246525e+12,0.0029356307,6.886599948773017
2021-06-25,综合金融,3.8449774e+09,5.1246525e+12,0.00075029035,8.22273018360138
2021-06-25,计算机,3.2206743e+11,5.1246525e+12,0.06284668,18.900093381272423
2021-06-25,轻工制造,5.8273436e+10,5.1246525e+12,0.011371197,13.363564349936716
2021-06-25,通信,9.750524e+10,5.1246525e+12,0.019026702,17.817794670573377
2021-06-25,钢铁,6.6621567e+10,5.1246525e+12,0.013000212,11.14260202407837
2021-06-25,银行,8.736341e+10,5.1246525e+12,0.017047675,8.448052277415991
2021-06-25,非银行金融,2.1675316e+11,5.1246525e+12,0.042296167,10.055573538384017
2021-06-25,食品饮料,3.1480807e+11,5.1246525e+12,0.06143013,16.66226505090793
2021-07-02,交通运输,9.521093e+10,4.9360237e+12,0.019288994,3.2431934204017905
2021-07-02,传媒,7.932226e+10,4.9360237e+12,0.016070073,4.713848877867514
2021-07-02,农林牧渔,8.529818e+10,4.9360237e+12,0.017280746,6.922394156137252
2021-07-02,医药,5.4772682e+11,4.9360237e+12,0.11096519,7.684984134421916
2021-07-02,商贸零售,6.6463003e+10,4.9360237e+12,0.013464888,4.350447505712509
2021-07-02,国防军工,1.2291376e+11,4.9360237e+12,0.024901371,7.671579117958363
2021-07-02,基础化工,3.866274e+11,4.9360237e+12,0.07832771,8.083549244348148
2021-07-02,家电,7.028887e+10,4.9360237e+12,0.014239978,5.977076744739438
2021-07-02,建材,6.500435e+10,4.9360237e+12,0.013169376,5.519718777388334
2021-07-02,建筑,6.5072316e+10,4.9360237e+12,0.013183145,5.862945644967798
2021-07-02,房地产,5.84127e+10,4.9360237e+12,0.011833958,2.180620646394721
2021-07-02,有色金属,2.2375052e+11,4.9360237e+12,0.045330115,6.087361512148482
2021-07-02,机械,2.7654852e+11,4.9360237e+12,0.056026578,7.778873478742608
2021-07-02,汽车,2.3096305e+11,4.9360237e+12,0.04679132,7.061494635868315
2021-07-02,消费者服务,3.856719e+10,4.9360237e+12,0.007813413,6.03506963806493
2021-07-02,煤炭,4.9700008e+10,4.9360237e+12,0.010068835,4.60909854727132
2021-07-02,电力及公用事业,1.35781925e+11,4.9360237e+12,0.027508361,5.062459534062213
2021-07-02,电力设备及新能源,4.816693e+11,4.9360237e+12,0.09758245,9.37254369034381
2021-07-02,电子,6.682768e+11,4.9360237e+12,0.13538769,11.570086109120787
2021-07-02,石油石化,4.8040944e+10,4.9360237e+12,0.009732721,3.6407115071391067
2021-07-02,纺织服装,4.501214e+10,4.9360237e+12,0.009119109,8.018795491280882
2021-07-02,综合,1.4001801e+10,4.9360237e+12,0.002836656,2.8491173554211855
2021-07-02,综合金融,3.3525983e+09,4.9360237e+12,0.00067921035,3.8379449635744094
2021-07-02,计算机,3.1719424e+11,4.9360237e+12,0.06426109,8.899282846946916
2021-07-02,轻工制造,5.3825524e+10,4.9360237e+12,0.0109046325,6.0478211830962785
2021-07-02,通信,7.085238e+10,4.9360237e+12,0.0143541405,6.6399849551705135
2021-07-02,钢铁,5.579267e+10,4.9360237e+12,0.01130316,4.737507991790771
2021-07-02,银行,9.810839e+10,4.9360237e+12,0.019875998,5.81893497640267
2021-07-02,非银行金融,2.197455e+11,4.9360237e+12,0.044518728,4.56942502233912
2021-07-02,食品饮料,2.6174479e+11,4.9360237e+12,0.05302746,7.349142534037431
2021-07-09,交通运输,1.1284701e+11,5.4570616e+12,0.020679079,6.447227161704448
2021-07-09,传媒,8.577047e+10,5.4570616e+12,0.015717335,9.32108636245583
2021-07-09,农林牧渔,7.777473e+10,5.4570616e+12,0.014252126,13.041003249024833
2021-07-09,医药,5.3496735e+11,5.4570616e+12,0.098032124,13.82900433345219
2021-07-09,商贸零售,6.6522923e+10,5.4570616e+12,0.012190246,9.223804943632372
2021-07-09,国防军工,1.36356856e+11,5.4570616e+12,0.02498723,17.524723540070237
2021-07-09,基础化工,4.936339e+11,5.4570616e+12,0.09045782,19.138306109145546
2021-07-09,家电,7.530267e+10,5.4570616e+12,0.0137991235,12.349136570809593
2021-07-09,建材,7.031599e+10,5.4570616e+12,0.012885321,12.318961289525031
2021-07-09,建筑,5.565156e+10,5.4570616e+12,0.010198082,10.266214354432744
2021-07-09,房地产,5.6074125e+10,5.4570616e+12,0.010275517,4.181743097961496
2021-07-09,有色金属,4.5332667e+11,5.4570616e+12,0.08307157,20.603873430663704
2021-07-09,机械,3.1336294e+11,5.4570616e+12,0.057423383,18.4067884779991
2021-07-09,汽车,2.519816e+11,5.4570616e+12,0.046175323,15.199546048436503
2021-07-09,消费者服务,3.7741806e+10,5.4570616e+12,0.0069161407,11.909190874014582
2021-07-09,煤炭,4.230645e+10,5.4570616e+12,0.007752606,7.598442906992776
2021-07-09,电力及公用事业,1.5038161e+11,5.4570616e+12,0.02755725,11.740753703746037
2021-07-09,电力设备及新能源,5.613958e+11,5.4570616e+12,0.102875106,20.39668531615035
2021-07-09,电子,7.403189e+11,5.4570616e+12,0.13566256,23.66267476197103
2021-07-09,石油石化,5.0774872e+10,5.4570616e+12,0.009304434,7.7102313078939915
2021-07-09,纺织服装,3.7474554e+10,5.4570616e+12,0.006867167,12.819629491052844
2021-07-09,综合,1.7773453e+10,5.4570616e+12,0.003256964,7.443165338956392
2021-07-09,综合金融,2.688337e+09,5.4570616e+12,0.00049263454,5.90421998500824
2021-07-09,计算机,3.0691672e+11,5.4570616e+12,0.05624212,17.854512548094746
2021-07-09,轻工制造,5.322429e+10,5.4570616e+12,0.009753287,10.57076995354846
2021-07-09,通信,6.5862287e+10,5.4570616e+12,0.012069185,12.680450384068278
2021-07-09,钢铁,7.203147e+10,5.4570616e+12,0.0131996805,11.66222200870514
2021-07-09,银行,9.876495e+10,5.4570616e+12,0.018098557,10.105579821765422
2021-07-09,非银行金融,1.5437801e+11,5.4570616e+12,0.028289586,5.953014697660418
2021-07-09,食品饮料,2.805516e+11,5.4570616e+12,0.051410742,14.479669135808944
2021-07-16,交通运输,9.873208e+10,6.0556375e+12,0.01630416,5.749134257435799
2021-07-16,传媒,9.8527674e+10,6.0556375e+12,0.016270405,11.822322683352413
2021-07-16,农林牧渔,8.275332e+10,6.0556375e+12,0.013665501,12.892769898137738
2021-07-16,医药,4.9821047e+11,6.0556375e+12,0.08227217,12.674514286372126
2021-07-16,商贸零售,7.165834e+10,6.0556375e+12,0.011833327,8.98405141877656
2021-07-16,国防军工,1.5252935e+11,6.0556375e+12,0.025187993,17.251810710917237
2021-07-16,基础化工,5.938599e+11,6.0556375e+12,0.09806728,20.599155462809115
2021-07-16,家电,7.322714e+10,6.0556375e+12,0.012092392,13.754072217477692
2021-07-16,建材,8.47317e+10,6.0556375e+12,0.013992202,14.230968648195267
2021-07-16,建筑,8.141613e+10,6.0556375e+12,0.013444683,13.512890902587346
2021-07-16,房地产,6.021081e+10,6.0556375e+12,0.009942935,4.4638944817792385
2021-07-16,有色金属,5.1562883e+11,6.0556375e+12,0.08514856,22.19316602510921
2021-07-16,机械,3.180489e+11,6.0556375e+12,0.052521124,17.887742652761457
2021-07-16,汽车,2.8176223e+11,6.0556375e+12,0.046528913,15.449019193649292
2021-07-16,消费者服务,4.0192848e+10,6.0556375e+12,0.0066372612,10.586882259164538
2021-07-16,煤炭,5.568798e+10,6.0556375e+12,0.009196055,10.098814272880555
2021-07-16,电力及公用事业,1.8821033e+11,6.0556375e+12,0.031080185,15.17883760946812
2021-07-16,电力设备及新能源,6.4898866e+11,6.0556375e+12,0.107170984,21.736855191554664
2021-07-16,电子,7.1049386e+11,6.0556375e+12,0.117327675,22.10851330558459
2021-07-16,石油石化,6.92516e+10,6.0556375e+12,0.011435889,10.117610555142164
2021-07-16,纺织服装,3.683554e+10,6.0556375e+12,0.006082851,12.90026371519674
2021-07-16,综合,1.7097199e+10,6.0556375e+12,0.0028233523,6.669334682134481
2021-07-16,综合金融,3.26892e+09,6.0556375e+12,0.00053981435,8.246579766273499
2021-07-16,计算机,3.921299e+11,6.0556375e+12,0.06475452,21.622958481558324
2021-07-16,轻工制造,5.8055324e+10,6.0556375e+12,0.009586988,10.276236822282462
2021-07-16,通信,1.1214098e+11,6.0556375e+12,0.018518442,16.62271061249539
2021-07-16,钢铁,1.2094095e+11,6.0556375e+12,0.01997163,15.267107939720153
2021-07-16,银行,1.0355894e+11,6.0556375e+12,0.017101245,11.017847477644683
2021-07-16,非银行金融,2.0114234e+11,6.0556375e+12,0.033215716,7.169814674293294
2021-07-16,食品饮料,2.851093e+11,6.0556375e+12,0.04708163,14.414138281345368
2021-07-23,交通运输,8.887564e+10,5.928303e+12,0.01499175,5.334933355712054
2021-07-23,传媒,7.652542e+10,5.928303e+12,0.012908487,11.53731176279374
2021-07-23,农林牧渔,8.571506e+10,5.928303e+12,0.014458616,12.4801526377278
2021-07-23,医药,5.29836e+11,5.928303e+12,0.089373976,12.463393388658154
2021-07-23,商贸零售,5.7152487e+10,5.928303e+12,0.0096406145,7.54095445647098
2021-07-23,国防军工,2.0127367e+11,5.928303e+12,0.033951312,21.47328906930903
2021-07-23,基础化工,5.6543635e+11,5.928303e+12,0.09537912,19.586014913071313
2021-07-23,家电,7.296209e+10,5.928303e+12,0.012307415,13.132619131509571
2021-07-23,建材,8.297006e+10,5.928303e+12,0.013995583,14.448946254700422
2021-07-23,建筑,8.4065255e+10,5.928303e+12,0.014180323,11.814033523201942
2021-07-23,房地产,5.5762956e+10,5.928303e+12,0.009406226,4.302206434241128
2021-07-23,有色金属,5.1968895e+11,5.928303e+12,0.08766234,24.818772297289414
2021-07-23,机械,3.4144843e+11,5.928303e+12,0.057596315,18.147877928589573
2021-07-23,汽车,2.4471213e+11,5.928303e+12,0.041278612,14.537422591417878
2021-07-23,消费者服务,3.9636832e+10,5.928303e+12,0.006686033,10.034946454422814
2021-07-23,煤炭,6.805865e+10,5.928303e+12,0.011480291,10.6517056788717
2021-07-23,电力及公用事业,1.4257196e+11,5.928303e+12,0.024049371,13.70482181381471
2021-07-23,电力设备及新能源,6.374716e+11,5.928303e+12,0.1075302,22.874225522790635
2021-07-23,电子,7.6989294e+11,5.928303e+12,0.12986733,23.458112261588536
2021-07-23,石油石化,6.592754e+10,5.928303e+12,0.011120811,9.53150014517208
2021-07-23,纺织服装,3.298865e+10,5.928303e+12,0.005564602,11.346707836295781
2021-07-23,综合,1.819703e+10,5.928303e+12,0.0030695177,6.840553930172553
2021-07-23,综合金融,2.7024067e+09,5.928303e+12,0.00045584826,5.441049981117248
2021-07-23,计算机,3.1060188e+11,5.928303e+12,0.05239305,17.123969200834193
2021-07-23,轻工制造,5.4231785e+10,5.928303e+12,0.009147944,9.675484954862666
2021-07-23,通信,1.06975e+11,5.928303e+12,0.018044792,14.687987519576486
2021-07-23,钢铁,1.1876216e+11,5.928303e+12,0.020033078,14.082762002944946
2021-07-23,银行,7.3098035e+10,5.928303e+12,0.012330347,7.391102456301451
2021-07-23,非银行金融,2.1660089e+11,5.928303e+12,0.036536742,8.756232363336226
2021-07-23,食品饮料,2.63954e+11,5.928303e+12,0.044524375,13.771656682590644
2021-07-30,交通运输,8.720067e+10,6.763023e+12,0.012893741,6.110740382943237
2021-07-30,传媒,8.229633e+10,6.763023e+12,0.012168571,11.249606700085883
2021-07-30,农林牧渔,9.898929e+10,6.763023e+12,0.014636841,14.010274248738442
2021-07-30,医药,5.5276424e+11,6.763023e+12,0.08173331,12.636172493374682
2021-07-30,商贸零售,5.135596e+10,6.763023e+12,0.007593639,7.356040570995595
2021-07-30,国防军工,2.5778189e+11,6.763023e+12,0.03811637,28.916318099549475
2021-07-30,基础化工,5.818978e+11,6.763023e+12,0.08604108,21.767329667571776
2021-07-30,家电,8.1419534e+10,6.763023e+12,0.012038926,14.5193984345214
2021-07-30,建材,8.4499735e+10,6.763023e+12,0.012494373,13.769059977680445
2021-07-30,建筑,9.296828e+10,6.763023e+12,0.013746557,11.349731931449673
2021-07-30,房地产,6.710788e+10,6.763023e+12,0.009922763,4.406978928167885
2021-07-30,有色金属,5.864878e+11,6.763023e+12,0.08671977,27.918030370089966
2021-07-30,机械,3.690964e+11,6.763023e+12,0.054575652,20.80163078172187
2021-07-30,汽车,2.6193148e+11,6.763023e+12,0.03872994,14.293746730490545
2021-07-30,消费者服务,4.5324394e+10,6.763023e+12,0.006701795,12.273417781506266
2021-07-30,煤炭,7.270117e+10,6.763023e+12,0.010749804,11.781205802304404
2021-07-30,电力及公用事业,1.3303362e+11,6.763023e+12,0.019670732,12.542427062841472
2021-07-30,电力设备及新能源,7.710287e+11,6.763023e+12,0.11400651,26.053967783325596
2021-07-30,电子,1.0560283e+12,6.763023e+12,0.15614738,30.630187873066767
2021-07-30,石油石化,5.9620823e+10,6.763023e+12,0.008815706,8.067085434993109
2021-07-30,纺织服装,3.074105e+10,6.763023e+12,0.0045454595,12.358617974131295
2021-07-30,综合,1.8040824e+10,6.763023e+12,0.002667568,7.3699576487908
2021-07-30,综合金融,2.9068997e+09,6.763023e+12,0.00042982254,5.657090032100678
2021-07-30,计算机,3.1231875e+11,6.763023e+12,0.046180345,17.357324746522035
2021-07-30,轻工制造,5.6278045e+10,6.763023e+12,0.008321433,10.669083490855712
2021-07-30,通信,1.46308e+11,6.763023e+12,0.02163352,19.695771742711024
2021-07-30,钢铁,1.2577e+11,6.763023e+12,0.018596712,14.987424006462097
2021-07-30,银行,9.299741e+10,6.763023e+12,0.013750864,7.529577577114106
2021-07-30,非银行金融,2.3917768e+11,6.763023e+12,0.035365496,9.317713267224676
2021-07-30,食品饮料,3.4088134e+11,6.763023e+12,0.05040369,12.642322469254335
2021-08-06,交通运输,8.0905806e+10,6.6843464e+12,0.012103772,5.0068859533782595
2021-08-06,传媒,7.957032e+10,6.6843464e+12,0.011903979,11.388579843204413
2021-08-06,农林牧渔,1.0225355e+11,6.6843464e+12,0.015297464,14.043946312960758
2021-08-06,医药,6.30094e+11,6.6843464e+12,0.09426411,14.630056962785842
2021-08-06,商贸零售,5.018539e+10,6.6843464e+12,0.0075078974,7.237574209081064
2021-08-06,国防军工,2.6846944e+11,6.6843464e+12,0.0401639,29.634616151769112
2021-08-06,基础化工,5.860461e+11,6.6843464e+12,0.08767441,21.188292581597274
2021-08-06,家电,8.0259965e+10,6.6843464e+12,0.012007153,12.329690296355992
2021-08-06,建材,9.371647e+10,6.6843464e+12,0.014020289,12.859649412239655
2021-08-06,建筑,9.135187e+10,6.6843464e+12,0.013666537,11.391504263374168
2021-08-06,房地产,5.7172046e+10,6.6843464e+12,0.008553124,4.5510752195612
2021-08-06,有色金属,5.6862133e+11,6.6843464e+12,0.08506761,23.773006876141338
2021-08-06,机械,4.634652e+11,6.6843464e+12,0.0693359,22.888533342878024
2021-08-06,汽车,3.1185237e+11,6.6843464e+12,0.04665413,17.21502664520513
2021-08-06,消费者服务,4.0056697e+10,6.6843464e+12,0.0059926123,9.899978561060768
2021-08-06,煤炭,7.257149e+10,6.6843464e+12,0.010856931,11.480068606989724
2021-08-06,电力及公用事业,1.3712004e+11,6.6843464e+12,0.020513605,11.946694972333063
2021-08-06,电力设备及新能源,7.9844953e+11,6.6843464e+12,0.11945065,26.376819221596968
2021-08-06,电子,8.74848e+11,6.6843464e+12,0.1308801,26.07199814101788
2021-08-06,石油石化,6.216637e+10,6.6843464e+12,0.009300292,8.580266701057553
2021-08-06,纺织服装,2.8580784e+10,6.6843464e+12,0.0042757783,11.732238332207283
2021-08-06,综合,1.819473e+10,6.6843464e+12,0.002721991,6.34899612573477
2021-08-06,综合金融,2.2433705e+09,6.6843464e+12,0.00033561554,4.561169993877411
2021-08-06,计算机,3.116598e+11,6.6843464e+12,0.04662532,17.519286210320214
2021-08-06,轻工制造,5.721102e+10,6.6843464e+12,0.008558955,11.318894153612632
2021-08-06,通信,1.4416246e+11,6.6843464e+12,0.021567173,20.086894731078527
2021-08-06,钢铁,1.1217892e+11,6.6843464e+12,0.016782332,12.734191989898681
2021-08-06,银行,6.968903e+10,6.6843464e+12,0.010425706,5.813347501307726
2021-08-06,非银行金融,2.0756585e+11,6.6843464e+12,0.031052528,7.483423502129667
2021-08-06,食品饮料,2.791288e+11,6.6843464e+12,0.04175858,12.217498311897119
2021-08-13,交通运输,7.801951e+10,6.426772e+12,0.0121397665,5.127838590950296
2021-08-13,传媒,6.8013072e+10,6.426772e+12,0.010582773,9.053237381933341
2021-08-13,农林牧渔,1.0273437e+11,6.426772e+12,0.015985377,14.540716027700773
2021-08-13,医药,4.415349e+11,6.426772e+12,0.06870244,9.99110303563301
2021-08-13,商贸零售,5.3435187e+10,6.426772e+12,0.008314467,7.642007954049818
2021-08-13,国防军工,2.6121455e+11,6.426772e+12,0.04064475,26.966628541337684
2021-08-13,基础化工,7.163045e+11,6.426772e+12,0.111456335,22.798804908110004
2021-08-13,家电,7.576178e+10,6.426772e+12,0.011788465,12.003283537413976
2021-08-13,建材,8.294701e+10,6.426772e+12,0.012906481,11.873364573792566
2021-08-13,建筑,8.187714e+10,6.426772e+12,0.012740009,11.201431484072359
2021-08-13,房地产,7.290904e+10,6.426772e+12,0.011344581,4.983667021497674
2021-08-13,有色金属,5.576982e+11,6.426772e+12,0.08677734,24.9286313228688
2021-08-13,机械,4.674836e+11,6.426772e+12,0.072740026,24.167276117385303
2021-08-13,汽车,2.8781396e+11,6.426772e+12,0.044783596,19.29887386351824
2021-08-13,消费者服务,3.555285e+10,6.426772e+12,0.005531992,9.828251681157521
2021-08-13,煤炭,1.0489687e+11,6.426772e+12,0.01632186,14.068934426988875
2021-08-13,电力及公用事业,1.4801874e+11,6.426772e+12,0.023031583,13.82495762040756
2021-08-13,电力设备及新能源,8.257919e+11,6.426772e+12,0.12849247,30.351016578817728
2021-08-13,电子,7.16464e+11,6.426772e+12,0.11148116,24.350013508092403
2021-08-13,石油石化,5.4096548e+10,6.426772e+12,0.008417374,9.210477100064358
2021-08-13,纺织服装,2.5653834e+10,6.426772e+12,0.0039917137,10.187475241302105
2021-08-13,综合,1.8328906e+10,6.426772e+12,0.0028519614,7.029357543358436
2021-08-13,综合金融,2.3745874e+09,6.426772e+12,0.00036948366,4.830200099945069
2021-08-13,计算机,2.7935113e+11,6.426772e+12,0.043466788,15.745431414902855
2021-08-13,轻工制造,6.3100494e+10,6.426772e+12,0.009818381,12.86640157699585
2021-08-13,通信,1.2438167e+11,6.426772e+12,0.019353677,17.02686638958686
2021-08-13,钢铁,1.090981e+11,6.426772e+12,0.016975567,13.478524026870728
2021-08-13,银行,8.635289e+10,6.426772e+12,0.013436432,7.1229251191020015
2021-08-13,非银行金融,1.9967068e+11,6.426772e+12,0.031068578,6.942997082629624
2021-08-13,食品饮料,2.8311827e+11,6.426772e+12,0.04405295,15.056893327335517
2021-08-20,交通运输,7.542191e+10,6.183138e+12,0.012197998,5.836181586248832
2021-08-20,传媒,7.127265e+10,6.183138e+12,0.0115269385,9.871226904552374
2021-08-20,农林牧渔,7.4368795e+10,6.183138e+12,0.012027678,14.846899997803472
2021-08-20,医药,4.6958238e+11,6.183138e+12,0.07594564,10.684409049205875
2021-08-20,商贸零售,5.413839e+10,6.183138e+12,0.008755811,7.753069308724734
2021-08-20,国防军工,2.2023777e+11,6.183138e+12,0.035619095,23.79326033592224
2021-08-20,基础化工,6.691924e+11,6.183138e+12,0.10822861,23.116982421359502
2021-08-20,家电,7.065058e+10,6.183138e+12,0.011426331,11.517405503008463
2021-08-20,建材,9.716088e+10,6.183138e+12,0.015713846,13.862348106843006
2021-08-20,建筑,1.03623926e+11,6.183138e+12,0.016759116,15.840163065741459
2021-08-20,房地产,6.701256e+10,6.183138e+12,0.010837953,4.707003678203723
2021-08-20,有色金属,5.2210588e+11,6.183138e+12,0.084440276,24.216922086174204
2021-08-20,机械,4.300941e+11,6.183138e+12,0.069559194,23.08635572444331
2021-08-20,汽车,2.561421e+11,6.183138e+12,0.041425906,18.47772915765643
2021-08-20,消费者服务,4.134554e+10,6.183138e+12,0.0066868216,11.736519475068365
2021-08-20,煤炭,9.581386e+10,6.183138e+12,0.015495992,12.411334322180068
2021-08-20,电力及公用事业,1.8093441e+11,6.183138e+12,0.029262554,19.008363883233653
2021-08-20,电力设备及新能源,6.880448e+11,6.183138e+12,0.1112776,24.769244700446166
2021-08-20,电子,6.1177535e+11,6.183138e+12,0.09894253,21.561220976576443
2021-08-20,石油石化,6.2959096e+10,6.183138e+12,0.010182385,9.430806296567122
2021-08-20,纺织服装,2.6945882e+10,6.183138e+12,0.0043579624,11.899928060140503
2021-08-20,综合,1.6267325e+10,6.183138e+12,0.0026309174,7.461777753300137
2021-08-20,综合金融,4.577406e+09,6.183138e+12,0.00074030465,8.348310101032258
2021-08-20,计算机,2.3870018e+11,6.183138e+12,0.038605023,15.349786668155167
2021-08-20,轻工制造,5.7919406e+10,6.183138e+12,0.009367316,13.533529605247356
2021-08-20,通信,1.2574531e+11,6.183138e+12,0.02033681,17.080610595251386
2021-08-20,钢铁,1.1048776e+11,6.183138e+12,0.017869204,13.860219984054565
2021-08-20,银行,1.0035682e+11,6.183138e+12,0.016230725,11.154524642519835
2021-08-20,非银行金融,3.8500552e+11,6.183138e+12,0.06226701,13.510389656705016
2021-08-20,食品饮料,2.514861e+11,6.183138e+12,0.04067289,11.961429149905841
2021-08-27,交通运输,9.180053e+10,6.7166924e+12,0.01366752,6.481422834229051
2021-08-27,传媒,7.89767e+10,6.7166924e+12,0.011758273,9.701511236914882
2021-08-27,农林牧渔,6.4578187e+10,6.7166924e+12,0.009614581,12.028078499660698
2021-08-27,医药,4.5563367e+11,6.7166924e+12,0.06783602,9.809592447292895
2021-08-27,商贸零售,4.850432e+10,6.7166924e+12,0.0072214594,7.327155353409229
2021-08-27,国防军工,2.6410118e+11,6.7166924e+12,0.039320126,27.67749778173303
2021-08-27,基础化工,7.9220946e+11,6.7166924e+12,0.117946364,24.98939486115219
2021-08-27,家电,6.326713e+10,6.7166924e+12,0.009419388,11.509884948599828
2021-08-27,建材,9.721075e+10,6.7166924e+12,0.01447301,16.846943762898444
2021-08-27,建筑,9.836357e+10,6.7166924e+12,0.014644644,12.862439615445005
2021-08-27,房地产,6.898907e+10,6.7166924e+12,0.010271286,5.307306441145205
2021-08-27,有色金属,6.427182e+11,6.7166924e+12,0.095689684,30.062059530690938
2021-08-27,机械,5.6570505e+11,6.7166924e+12,0.084223755,28.92376941282063
2021-08-27,汽车,2.595916e+11,6.7166924e+12,0.038648725,18.1362250110507
2021-08-27,消费者服务,4.305854e+10,6.7166924e+12,0.0064106765,16.164542943239212
2021-08-27,煤炭,1.2152465e+11,6.7166924e+12,0.01809293,16.97128005368369
2021-08-27,电力及公用事业,2.0429906e+11,6.7166924e+12,0.030416617,20.25679905336459
2021-08-27,电力设备及新能源,7.9101297e+11,6.7166924e+12,0.11776823,25.46151948423314
2021-08-27,电子,6.466884e+11,6.7166924e+12,0.09628078,23.30171089297195
2021-08-27,石油石化,6.4972317e+10,6.7166924e+12,0.009673261,11.980264615888396
2021-08-27,纺织服装,2.9205283e+10,6.7166924e+12,0.0043481644,11.7602336949177
2021-08-27,综合,1.726567e+10,6.7166924e+12,0.0025705614,7.025414731767443
2021-08-27,综合金融,4.1587645e+09,6.7166924e+12,0.0006191685,7.162749981880188
2021-08-27,计算机,2.4085488e+11,6.7166924e+12,0.03585915,14.610074473370751
2021-08-27,轻工制造,5.7710977e+10,6.7166924e+12,0.0085921725,11.80592299214116
2021-08-27,通信,1.275694e+11,6.7166924e+12,0.018992892,17.26258090371671
2021-08-27,钢铁,1.5923508e+11,6.7166924e+12,0.023707366,18.638271899223326
2021-08-27,银行,7.8900494e+10,6.7166924e+12,0.011746927,7.806221957977225
2021-08-27,非银行金融,2.9132774e+11,6.7166924e+12,0.04337369,9.764944143593311
2021-08-27,食品饮料,2.438047e+11,6.7166924e+12,0.036298327,10.361186655859152
2021-09-03,交通运输,1.1647378e+11,7.7135505e+12,0.015099892,3.801261842904384
2021-09-03,传媒,1.0818951e+11,7.7135505e+12,0.014025902,7.8120775518610195
2021-09-03,农林牧渔,7.920116e+10,7.7135505e+12,0.010267795,6.399693011596638
2021-09-03,医药,4.2524203e+11,7.7135505e+12,0.055129223,4.630557680760583
2021-09-03,商贸零售,5.6466117e+10,7.7135505e+12,0.0073203794,4.096937127337597
2021-09-03,国防军工,2.5054937e+11,7.7135505e+12,0.03248172,11.825905867713564
2021-09-03,基础化工,8.950478e+11,7.7135505e+12,0.116035774,12.584413024377735
2021-09-03,家电,8.056109e+10,7.7135505e+12,0.010444099,5.700499994796252
2021-09-03,建材,1.3448835e+11,7.7135505e+12,0.017435336,9.49828564748168
2021-09-03,建筑,1.7358466e+11,7.7135505e+12,0.02250386,8.440599660596085
2021-09-03,房地产,9.3209e+10,7.7135505e+12,0.0120838005,3.7973802977608977
2021-09-03,有色金属,7.751297e+11,7.7135505e+12,0.100489356,15.457459205464154
2021-09-03,机械,5.758628e+11,7.7135505e+12,0.074655995,12.791589971412177
2021-09-03,汽车,2.5472108e+11,7.7135505e+12,0.033022545,8.039434523135423
2021-09-03,消费者服务,5.105462e+10,7.7135505e+12,0.0066188225,7.867425013865743
2021-09-03,煤炭,1.5557478e+11,7.7135505e+12,0.020169023,9.898634311131069
2021-09-03,电力及公用事业,2.8808223e+11,7.7135505e+12,0.03734755,11.833740230920968
2021-09-03,电力设备及新能源,9.116105e+11,7.7135505e+12,0.118182994,12.975595465504137
2021-09-03,电子,6.4462704e+11,7.7135505e+12,0.083570726,10.482480478685263
2021-09-03,石油石化,9.191174e+10,7.7135505e+12,0.01191562,7.174632308383782
2021-09-03,纺织服装,2.6372389e+10,7.7135505e+12,0.0034189688,5.074465708953611
2021-09-03,综合,1.8625e+10,7.7135505e+12,0.0024145818,4.396261158916685
2021-09-03,综合金融,6.1742234e+09,7.7135505e+12,0.0008004386,4.389684993028641
2021-09-03,计算机,2.7655936e+11,7.7135505e+12,0.035853706,8.318886533004346
2021-09-03,轻工制造,7.4801046e+10,7.7135505e+12,0.009697356,6.577142231331932
2021-09-03,通信,1.1495676e+11,7.7135505e+12,0.014903223,8.333896898445875
2021-09-03,钢铁,2.142722e+11,7.7135505e+12,0.027778672,10.975407083034515
2021-09-03,银行,1.1564695e+11,7.7135505e+12,0.0149927,4.085302482290966
2021-09-03,非银行金融,4.3178518e+11,7.7135505e+12,0.05597749,6.915303688277216
2021-09-03,食品饮料,2.6817608e+11,7.7135505e+12,0.03476688,5.6013683167596655
2021-09-10,交通运输,1.3914751e+11,7.216215e+12,0.019282617,8.817813846857652
2021-09-10,传媒,1.5208048e+11,7.216215e+12,0.021074826,18.990377944620217
2021-09-10,农林牧渔,9.029267e+10,7.216215e+12,0.012512469,15.140891384052974
2021-09-10,医药,3.958776e+11,7.216215e+12,0.054859452,10.178910279184356
2021-09-10,商贸零售,6.1867246e+10,7.216215e+12,0.008573365,8.90662648046718
2021-09-10,国防军工,1.725123e+11,7.216215e+12,0.023906203,16.79960310459137
2021-09-10,基础化工,8.0138994e+11,7.216215e+12,0.111054055,22.10274280778936
2021-09-10,家电,6.499355e+10,7.216215e+12,0.009006598,10.271546550018535
2021-09-10,建材,1.3546004e+11,7.216215e+12,0.018771619,17.723678866028784
2021-09-10,建筑,1.9238738e+11,7.216215e+12,0.026660427,17.17724758509932
2021-09-10,房地产,7.636288e+10,7.216215e+12,0.010582124,6.955098139583518
2021-09-10,有色金属,6.866723e+11,7.216215e+12,0.095156856,25.878219360063056
2021-09-10,机械,4.9277416e+11,7.216215e+12,0.06828707,23.122994728646486
2021-09-10,汽车,2.2569142e+11,7.216215e+12,0.031275596,15.622952453494072
2021-09-10,消费者服务,5.0471215e+10,7.216215e+12,0.0069941394,16.406046496970312
2021-09-10,煤炭,1.7381468e+11,7.216215e+12,0.024086682,21.161134583609446
2021-09-10,电力及公用事业,3.5066282e+11,7.216215e+12,0.048593733,24.964885920864866
2021-09-10,电力设备及新能源,7.695568e+11,7.216215e+12,0.10664272,24.13427533460467
2021-09-10,电子,5.671639e+11,7.216215e+12,0.07859576,18.800488745280465
2021-09-10,石油石化,1.0977362e+11,7.216215e+12,0.015212077,16.714366508026917
2021-09-10,纺织服装,2.843526e+10,7.216215e+12,0.0039404673,10.497574103012514
2021-09-10,综合,2.2025769e+10,7.216215e+12,0.0030522605,9.387411099893075
2021-09-10,综合金融,5.60092e+09,7.216215e+12,0.0007761576,8.06240005493164
2021-09-10,计算机,2.6580425e+11,7.216215e+12,0.036834303,16.240609384269167
2021-09-10,轻工制造,8.234347e+10,7.216215e+12,0.011410895,16.322961096377934
2021-09-10,通信,1.1179206e+11,7.216215e+12,0.015491786,15.622882693746815
2021-09-10,钢铁,2.0405825e+11,7.216215e+12,0.02827774,20.263692107200622
2021-09-10,银行,1.1281448e+11,7.216215e+12,0.01563347,9.467653662693209
2021-09-10,非银行金融,4.4288996e+11,7.216215e+12,0.061374273,14.060779475113925
2021-09-10,食品饮料,2.2692341e+11,7.216215e+12,0.03144632,11.284688413635758
2021-09-17,交通运输,1.348472e+11,7.097892e+12,0.018998204,9.243286966759225
2021-09-17,传媒,1.2888e+11,7.097892e+12,0.018157503,15.442362427711487
2021-09-17,农林牧渔,9.771674e+10,7.097892e+12,0.013767008,16.31077746806606
2021-09-17,医药,4.1512996e+11,7.097892e+12,0.058486372,10.987465273141861
2021-09-17,商贸零售,6.0176278e+10,7.097892e+12,0.008478049,9.723871496378207
2021-09-17,国防军工,1.5661064e+11,7.097892e+12,0.022064388,14.591726577028314
2021-09-17,基础化工,1.046662e+12,7.097892e+12,0.14746097,27.783396651779395
2021-09-17,家电,6.5599922e+10,7.097892e+12,0.00924217,10.021945234022919
2021-09-17,建材,1.3773462e+11,7.097892e+12,0.019405004,16.67863628268242
2021-09-17,建筑,1.5138464e+11,7.097892e+12,0.021328112,14.83990762984916
2021-09-17,房地产,8.672054e+10,7.097892e+12,0.012217787,6.526525631957098
2021-09-17,有色金属,7.4759143e+11,7.097892e+12,0.10532583,27.11126712390355
2021-09-17,机械,4.568879e+11,7.097892e+12,0.064369515,21.210122842204814
2021-09-17,汽车,2.0616033e+11,7.097892e+12,0.02904529,13.672711057066918
2021-09-17,消费者服务,4.476532e+10,7.097892e+12,0.0063068466,14.795571291020938
2021-09-17,煤炭,1.7862392e+11,7.097892e+12,0.02516577,21.281031492778233
2021-09-17,电力及公用事业,2.978853e+11,7.097892e+12,0.041968137,21.13715536577197
2021-09-17,电力设备及新能源,7.994595e+11,7.097892e+12,0.11263337,25.10190418306808
2021-09-17,电子,4.8047263e+11,7.097892e+12,0.067692295,15.111272090590406
2021-09-17,石油石化,1.5314733e+11,7.097892e+12,0.021576451,20.60719161729018
2021-09-17,纺织服装,2.788942e+10,7.097892e+12,0.0039292537,10.246904533900572
2021-09-17,综合,2.4736831e+10,7.097892e+12,0.0034850955,9.017725829724911
2021-09-17,综合金融,4.1180887e+09,7.097892e+12,0.00058018474,6.120220017433167
2021-09-17,计算机,2.4323478e+11,7.097892e+12,0.034268595,14.053092421816407
2021-09-17,轻工制造,7.283052e+10,7.097892e+12,0.010260865,13.860336051706005
2021-09-17,通信,8.718136e+10,7.097892e+12,0.012282711,12.67022778365923
2021-09-17,钢铁,1.829614e+11,7.097892e+12,0.025776865,17.174463925361632
2021-09-17,银行,9.533118e+10,7.097892e+12,0.013430914,7.270680514050693
2021-09-17,非银行金融,2.9175448e+11,7.097892e+12,0.041104384,10.204879482879358
2021-09-17,食品饮料,2.1593591e+11,7.097892e+12,0.03042254,10.06266691862059
2021-09-24,交通运输,6.7419083e+10,3.7265578e+12,0.018091517,4.4082426081533015
2021-09-24,传媒,5.204148e+10,3.7265578e+12,0.0139650265,6.988469896509367
2021-09-24,农林牧渔,5.7254978e+10,3.7265578e+12,0.015364039,9.435318295994113
2021-09-24,医药,2.3452726e+11,3.7265578e+12,0.06293402,5.819580484107137
2021-09-24,商贸零售,2.877229e+10,3.7265578e+12,0.007720876,4.297185269933121
2021-09-24,国防军工,7.834102e+10,3.7265578e+12,0.021022355,7.0742882578930955
2021-09-24,基础化工,5.2439282e+11,3.7265578e+12,0.14071774,15.113216441034695
2021-09-24,家电,3.1593794e+10,3.7265578e+12,0.00847801,5.315921889045531
2021-09-24,建材,6.7796013e+10,3.7265578e+12,0.018192664,9.056227405369281
2021-09-24,建筑,8.868488e+10,3.7265578e+12,0.023798069,8.053627442007196
2021-09-24,房地产,5.1561665e+10,3.7265578e+12,0.013836271,3.5737844164218378
2021-09-24,有色金属,2.9257587e+11,3.7265578e+12,0.07851102,11.117326872689384
2021-09-24,机械,2.2773832e+11,3.7265578e+12,0.061112247,10.769933595312589
2021-09-24,汽车,8.663223e+10,3.7265578e+12,0.023247251,6.544308998733759
2021-09-24,消费者服务,2.1675934e+10,3.7265578e+12,0.00581661,6.7512552972350806
2021-09-24,煤炭,9.227626e+10,3.7265578e+12,0.024761794,10.928865647315979
2021-09-24,电力及公用事业,2.993339e+11,3.7265578e+12,0.0803245,17.66513083789211
2021-09-24,电力设备及新能源,4.2787524e+11,3.7265578e+12,0.11481782,14.673637828130401
2021-09-24,电子,2.513326e+11,3.7265578e+12,0.06744364,7.507953090777184
2021-09-24,石油石化,7.139305e+10,3.7265578e+12,0.019157907,9.931654167671999
2021-09-24,纺织服装,1.6211351e+10,3.7265578e+12,0.0043502213,7.8680788205729595
2021-09-24,综合,1.0422743e+10,3.7265578e+12,0.002796882,4.24511483863548
2021-09-24,综合金融,1.6864838e+09,3.7265578e+12,0.00045255807,2.5559199929237364
2021-09-24,计算机,1.28068846e+11,3.7265578e+12,0.034366526,7.684376982369011
2021-09-24,轻工制造,5.2205343e+10,3.7265578e+12,0.014008998,9.286980170537444
2021-09-24,通信,4.516727e+10,3.7265578e+12,0.012120374,6.0935365417729255
2021-09-24,钢铁,9.200546e+10,3.7265578e+12,0.024689127,8.582642056941985
2021-09-24,银行,5.4108246e+10,3.7265578e+12,0.014519631,3.300590249096475
2021-09-24,非银行金融,1.2411116e+11,3.7265578e+12,0.033304505,4.098119132878149
2021-09-24,食品饮料,1.4601195e+11,3.7265578e+12,0.039181452,7.70522144165906
2021-10-01,交通运输,,,,4.982517392739005
2021-10-01,传媒,,,,8.031179363236708
2021-10-01,农林牧渔,,,,14.035038673749535
2021-10-01,医药,,,,7.2039461574352295
2021-10-01,商贸零售,,,,5.261143116390004
2021-10-01,国防军工,,,,8.150304269283376
2021-10-01,基础化工,,,,14.453132019163323
2021-10-01,家电,,,,6.45121506545896
2021-10-01,建材,,,,8.281121273338794
2021-10-01,建筑,,,,9.147372769255217
2021-10-01,房地产,,,,4.168525684317317
2021-10-01,有色金属,,,,12.76429666290764
2021-10-01,机械,,,,12.572242458297954
2021-10-01,汽车,,,,8.56868212822065
2021-10-01,消费者服务,,,,8.486817530372686
2021-10-01,煤炭,,,,12.568554289000375
2021-10-01,电力及公用事业,,,,23.710715832322407
2021-10-01,电力设备及新能源,,,,17.04854540521286
2021-10-01,电子,,,,8.68162747412736
2021-10-01,石油石化,,,,13.123860341807207
2021-10-01,纺织服装,,,,8.38105719102608
2021-10-01,综合,,,,5.28639620084029
2021-10-01,综合金融,,,,3.192799997329712
2021-10-01,计算机,,,,9.521226641085509
2021-10-01,轻工制造,,,,8.194763939170276
2021-10-01,通信,,,,7.40231304065041
2021-10-01,钢铁,,,,8.772591977119445
2021-10-01,银行,,,,4.3015219412925765
2021-10-01,非银行金融,,,,5.18182353193269
2021-10-01,食品饮料,,,,13.363108290128471
2021-10-08,交通运输,2.3521282e+10,1.0530345e+12,0.02233667,1.2759713078970494
2021-10-08,传媒,1.722775e+10,1.0530345e+12,0.0163601,1.9773992630379165
2021-10-08,农林牧渔,3.1984974e+10,1.0530345e+12,0.030374099,4.544184928299279
2021-10-08,医药,8.407711e+10,1.0530345e+12,0.079842694,1.8504114752249825
2021-10-08,商贸零售,9.268013e+09,1.0530345e+12,0.008801243,1.4159588238918315
2021-10-08,国防军工,1.7520017e+10,1.0530345e+12,0.016637648,1.5762500021051853
2021-10-08,基础化工,1.09308084e+11,1.0530345e+12,0.10380295,2.9402492742519826
2021-10-08,家电,1.2539344e+10,1.0530345e+12,0.011907819,1.5580287663447863
2021-10-08,建材,1.3153663e+10,1.0530345e+12,0.012491199,1.9435199946165085
2021-10-08,建筑,2.341773e+10,1.0530345e+12,0.02223833,1.9753605602752595
2021-10-08,房地产,1.1603659e+10,1.0530345e+12,0.011019258,0.9770284426321677
2021-10-08,有色金属,6.1713887e+10,1.0530345e+12,0.05860576,2.4519151297687483
2021-10-08,机械,5.5240155e+10,1.0530345e+12,0.05245807,2.67450121541818
2021-10-08,汽车,2.9846198e+10,1.0530345e+12,0.02834304,1.9326273629173119
2021-10-08,消费者服务,9.549228e+09,1.0530345e+12,0.009068295,3.129607022331472
2021-10-08,煤炭,2.4223404e+10,1.0530345e+12,0.02300343,3.1018285955701557
2021-10-08,电力及公用事业,8.014132e+10,1.0530345e+12,0.076105125,5.560354049838901
2021-10-08,电力设备及新能源,1.1328295e+11,1.0530345e+12,0.10757763,3.8374925215592546
2021-10-08,电子,8.34111e+10,1.0530345e+12,0.07921023,2.0604777813811475
2021-10-08,石油石化,2.1528578e+10,1.0530345e+12,0.020444324,3.7398187524328628
2021-10-08,纺织服装,5.62277e+09,1.0530345e+12,0.005339588,2.4102274790242477
2021-10-08,综合,3.1649723e+09,1.0530345e+12,0.0030055733,1.4222230808092997
2021-10-08,综合金融,6.0806317e+08,1.0530345e+12,0.000577439,1.009320007264614
2021-10-08,计算机,4.0741114e+10,1.0530345e+12,0.03868925,2.3336471246836856
2021-10-08,轻工制造,1.0958566e+10,1.0530345e+12,0.010406655,1.914291185381658
2021-10-08,通信,1.2430909e+10,1.0530345e+12,0.011804845,1.835626962651377
2021-10-08,钢铁,1.7140774e+10,1.0530345e+12,0.016277505,1.7264320093393326
2021-10-08,银行,1.6877922e+10,1.0530345e+12,0.016027892,0.9050877993790115
2021-10-08,非银行金融,4.4464824e+10,1.0530345e+12,0.04222542,1.1299867610282757
2021-10-08,食品饮料,6.778125e+10,1.0530345e+12,0.064367555,3.1685000000413783
2021-10-15,交通运输,8.9408225e+10,4.693586e+12,0.019049022,5.408829595472501
2021-10-15,传媒,8.04219e+10,4.693586e+12,0.017134424,11.181267653318013
2021-10-15,农林牧渔,1.4585307e+11,4.693586e+12,0.031074975,22.410840858695327
2021-10-15,医药,3.7655786e+11,4.693586e+12,0.08022818,9.929566144497317
2021-10-15,商贸零售,5.366947e+10,4.693586e+12,0.011434641,11.169765977604875
2021-10-15,国防军工,1.1239608e+11,4.693586e+12,0.02394674,10.087955274480455
2021-10-15,基础化工,4.8008865e+11,4.693586e+12,0.10228611,14.011697133798062
2021-10-15,家电,4.5545353e+10,4.693586e+12,0.009703743,7.852527437961265
2021-10-15,建材,6.630913e+10,4.693586e+12,0.014127605,9.06562997698784
2021-10-15,建筑,8.9163194e+10,4.693586e+12,0.018996816,8.772483698770303
2021-10-15,房地产,6.3620755e+10,4.693586e+12,0.013554829,4.744950438858172
2021-10-15,有色金属,3.257143e+11,4.693586e+12,0.06939562,13.257759683272418
2021-10-15,机械,2.6493465e+11,4.693586e+12,0.056446105,12.97825326485847
2021-10-15,汽车,1.7063179e+11,4.693586e+12,0.036354247,10.82774822510297
2021-10-15,消费者服务,4.4848177e+10,4.693586e+12,0.009555205,18.11004424304293
2021-10-15,煤炭,1.07403624e+11,4.693586e+12,0.022883063,15.230197099276952
2021-10-15,电力及公用事业,2.7874892e+11,4.693586e+12,0.059389327,22.28527138392891
2021-10-15,电力设备及新能源,5.0222442e+11,4.693586e+12,0.10700228,16.032489839564548
2021-10-15,电子,3.834516e+11,4.693586e+12,0.081696935,11.59796368938226
2021-10-15,石油石化,7.645037e+10,4.693586e+12,0.016288266,13.07746651271979
2021-10-15,纺织服装,3.326096e+10,4.693586e+12,0.0070864707,12.399223129172901
2021-10-15,综合,1.528305e+10,4.693586e+12,0.0032561563,7.153376978177291
2021-10-15,综合金融,2.0393335e+09,4.693586e+12,0.00043449368,3.052069973945618
2021-10-15,计算机,1.6956072e+11,4.693586e+12,0.036126047,10.652556850219803
2021-10-15,轻工制造,4.544331e+10,4.693586e+12,0.009682002,8.799669093507177
2021-10-15,通信,8.001029e+10,4.693586e+12,0.01704673,11.446449673694113
2021-10-15,钢铁,7.9476466e+10,4.693586e+12,0.016932994,8.253336045742035
2021-10-15,银行,8.032501e+10,4.693586e+12,0.017113782,6.793682909229907
2021-10-15,非银行金融,1.5459308e+11,4.693586e+12,0.032937095,4.842335298657417
2021-10-15,食品饮料,2.7408014e+11,4.693586e+12,0.05839461,16.95918671566932
2021-10-22,交通运输,8.1168605e+10,4.968499e+12,0.016336644,5.147603484858637
2021-10-22,传媒,7.981629e+10,4.968499e+12,0.016064467,11.145522719358697
2021-10-22,农林牧渔,1.3751815e+11,4.968499e+12,0.027678007,19.966831213684493
2021-10-22,医药,3.2292127e+11,4.968499e+12,0.064993724,8.628608273184714
2021-10-22,商贸零售,5.1225653e+10,4.968499e+12,0.010310086,10.732016511912486
2021-10-22,国防军工,1.0436501e+11,4.968499e+12,0.021005338,9.244003195711906
2021-10-22,基础化工,6.11345e+11,4.968499e+12,0.12304419,16.957674536428282
2021-10-22,家电,6.152582e+10,4.968499e+12,0.01238318,8.771525727735984
2021-10-22,建材,7.4165305e+10,4.968499e+12,0.014927104,9.027317443490029
2021-10-22,建筑,7.831291e+10,4.968499e+12,0.015761884,7.914902041558506
2021-10-22,房地产,6.6355245e+10,4.968499e+12,0.013355189,5.024468815107958
2021-10-22,有色金属,3.9318064e+11,4.968499e+12,0.07913469,14.918927708092857
2021-10-22,机械,3.1203528e+11,4.968499e+12,0.062802725,15.296817328300207
2021-10-22,汽车,1.8363864e+11,4.968499e+12,0.036960587,11.850868696300545
2021-10-22,消费者服务,4.213983e+10,4.968499e+12,0.0084814,18.22622292920163
2021-10-22,煤炭,1.2697396e+11,4.968499e+12,0.025555799,17.838851404190063
2021-10-22,电力及公用事业,2.5348951e+11,4.968499e+12,0.051019333,18.559315769295942
2021-10-22,电力设备及新能源,5.838913e+11,4.968499e+12,0.11751865,18.375706790984793
2021-10-22,电子,4.1453457e+11,4.968499e+12,0.083432555,12.767916561818561
2021-10-22,石油石化,7.28994e+10,4.968499e+12,0.014672319,12.209685338040194
2021-10-22,纺织服装,3.1332702e+10,4.968499e+12,0.006306271,13.655182497656863
2021-10-22,综合,1.6980311e+10,4.968499e+12,0.0034175937,6.822238454451928
2021-10-22,综合金融,3.1328553e+09,4.968499e+12,0.00063054357,4.887190055847168
2021-10-22,计算机,1.891675e+11,4.968499e+12,0.03807337,11.883808938512665
2021-10-22,轻工制造,4.367883e+10,4.968499e+12,0.008791152,8.605587601661682
2021-10-22,通信,6.5459175e+10,4.968499e+12,0.013174839,9.966164335478908
2021-10-22,钢铁,9.067712e+10,4.968499e+12,0.018250404,8.873423945903777
2021-10-22,银行,7.9299215e+10,4.968499e+12,0.015960397,6.608997513608235
2021-10-22,非银行金融,1.5302094e+11,4.968499e+12,0.030798223,4.459339701954057
2021-10-22,食品饮料,2.4149715e+11,4.968499e+12,0.048605654,13.287282973285613
2021-10-29,交通运输,6.7666747e+10,5.3811106e+12,0.012574866,4.1917573765568115
2021-10-29,传媒,8.831992e+10,5.3811106e+12,0.016412953,11.866244180675816
2021-10-29,农林牧渔,1.003195e+11,5.3811106e+12,0.018642899,16.160114892708357
2021-10-29,医药,3.3962027e+11,5.3811106e+12,0.063113414,9.626724832620317
2021-10-29,商贸零售,4.666766e+10,5.3811106e+12,0.008672496,9.106375707584677
2021-10-29,国防军工,1.2687769e+11,5.3811106e+12,0.023578346,12.417653666044536
2021-10-29,基础化工,6.6869035e+11,5.3811106e+12,0.12426624,18.313951789698702
2021-10-29,家电,7.0806675e+10,5.3811106e+12,0.013158375,10.830286462564725
2021-10-29,建材,7.524473e+10,5.3811106e+12,0.013983123,9.291301281363875
2021-10-29,建筑,1.0485711e+11,5.3811106e+12,0.019486146,9.643933498619386
2021-10-29,房地产,6.7344794e+10,5.3811106e+12,0.012515036,4.985140335669211
2021-10-29,有色金属,3.748891e+11,5.3811106e+12,0.06966761,15.200523600858801
2021-10-29,机械,3.2262006e+11,5.3811106e+12,0.059954178,16.78964954686165
2021-10-29,汽车,2.1790337e+11,5.3811106e+12,0.040494125,13.454904935846281
2021-10-29,消费者服务,3.1933002e+10,5.3811106e+12,0.005934277,12.686519311185469
2021-10-29,煤炭,1.00558406e+11,5.3811106e+12,0.018687295,13.879651389803206
2021-10-29,电力及公用事业,2.748269e+11,5.3811106e+12,0.051072523,18.310528594055814
2021-10-29,电力设备及新能源,7.588272e+11,5.3811106e+12,0.14101684,23.23402237271731
2021-10-29,电子,5.1146185e+11,5.3811106e+12,0.09504764,15.043518477879418
2021-10-29,石油石化,6.874127e+10,5.3811106e+12,0.01277455,11.322627081225315
2021-10-29,纺织服装,3.189843e+10,5.3811106e+12,0.0059278524,14.561650963539773
2021-10-29,综合,2.7773002e+10,5.3811106e+12,0.0051612025,7.422462978848705
2021-10-29,综合金融,3.1696061e+09,5.3811106e+12,0.0005890245,5.293979984521866
2021-10-29,计算机,1.9064155e+11,5.3811106e+12,0.03542792,10.8693785030782
2021-10-29,轻工制造,5.1204964e+10,5.3811106e+12,0.009515687,10.638683283674544
2021-10-29,通信,7.9716155e+10,5.3811106e+12,0.014814071,12.404677432158898
2021-10-29,钢铁,8.233042e+10,5.3811106e+12,0.015299893,8.561995956897736
2021-10-29,银行,7.530444e+10,5.3811106e+12,0.01399422,5.350741485270058
2021-10-29,非银行金融,1.7891926e+11,5.3811106e+12,0.033249505,6.180329373215928
2021-10-29,食品饮料,2.3843946e+11,5.3811106e+12,0.044310454,13.835691847452303
2021-11-05,交通运输,7.307597e+10,5.671262e+12,0.012885309,5.2094747854315715
2021-11-05,传媒,1.5285528e+11,5.671262e+12,0.026952604,17.2227042295477
2021-11-05,农林牧渔,1.4969476e+11,5.671262e+12,0.026395317,20.790298955414883
2021-11-05,医药,3.800721e+11,5.671262e+12,0.0670172,10.05194731129735
2021-11-05,商贸零售,4.6349685e+10,5.671262e+12,0.008172728,8.133677665180373
2021-11-05,国防军工,1.6465291e+11,5.671262e+12,0.02903285,15.638836838069714
2021-11-05,基础化工,5.962873e+11,5.671262e+12,0.1051419,17.217558383661157
2021-11-05,家电,6.1535416e+10,5.671262e+12,0.010850392,10.107479710969208
2021-11-05,建材,6.336008e+10,5.671262e+12,0.011172131,8.696798741081615
2021-11-05,建筑,8.535558e+10,5.671262e+12,0.0150505435,8.586238881885606
2021-11-05,房地产,5.328295e+10,5.671262e+12,0.009395255,4.402063281164256
2021-11-05,有色金属,3.6181308e+11,5.671262e+12,0.06379763,15.634942031708084
2021-11-05,机械,3.5766603e+11,5.671262e+12,0.06306639,17.74539061411174
2021-11-05,汽车,2.3579263e+11,5.671262e+12,0.041576747,16.022933098939387
2021-11-05,消费者服务,4.5408715e+10,5.671262e+12,0.008006809,11.104187710243359
2021-11-05,煤炭,8.00646e+10,5.671262e+12,0.0141175985,11.471405734334674
2021-11-05,电力及公用事业,2.4381587e+11,5.671262e+12,0.042991467,16.23972334074632
2021-11-05,电力设备及新能源,8.1111994e+11,5.671262e+12,0.14302282,25.09695740127209
2021-11-05,电子,6.315382e+11,5.671262e+12,0.11135761,18.646541679609406
2021-11-05,石油石化,5.568423e+10,5.671262e+12,0.009818667,8.852425021429857
2021-11-05,纺织服装,3.431899e+10,5.671262e+12,0.006051385,14.885806223813523
2021-11-05,综合,2.0466135e+10,5.671262e+12,0.0036087444,7.587651742829217
2021-11-05,综合金融,3.1807634e+09,5.671262e+12,0.00056085637,5.2129399418830875
2021-11-05,计算机,2.0669422e+11,5.671262e+12,0.036445893,12.392959222249818
2021-11-05,轻工制造,5.0809663e+10,5.671262e+12,0.008959145,9.574197081120118
2021-11-05,通信,1.0750622e+11,5.671262e+12,0.018956313,14.834770952534472
2021-11-05,钢铁,7.5215405e+10,5.671262e+12,0.013262551,8.903746092319489
2021-11-05,银行,8.642388e+10,5.671262e+12,0.015238915,4.446387762703547
2021-11-05,非银行金融,1.361885e+11,5.671262e+12,0.024013791,4.57057942099431
2021-11-05,食品饮料,2.9583213e+11,5.671262e+12,0.052163366,19.48309270347037
2021-11-12,交通运输,6.144683e+10,5.306407e+12,0.011579743,4.598708707094192
2021-11-12,传媒,1.9432171e+11,5.306407e+12,0.036620207,22.4915677742923
2021-11-12,农林牧渔,1.0793853e+11,5.306407e+12,0.020341171,15.457817181464165
2021-11-12,医药,3.5363655e+11,5.306407e+12,0.06664331,10.444555950922604
2021-11-12,商贸零售,4.0482103e+10,5.306407e+12,0.0076289102,8.942315528693708
2021-11-12,国防军工,1.7008706e+11,5.306407e+12,0.03205315,16.246454735806115
2021-11-12,基础化工,5.508324e+11,5.306407e+12,0.103805155,18.34697052703808
2021-11-12,家电,6.8574777e+10,5.306407e+12,0.012923015,11.839973179069725
2021-11-12,建材,7.4197795e+10,5.306407e+12,0.013982681,9.68738881084654
2021-11-12,建筑,7.6260155e+10,5.306407e+12,0.0143713355,11.276515982151032
2021-11-12,房地产,7.903924e+10,5.306407e+12,0.014895058,5.709931193141762
2021-11-12,有色金属,3.479029e+11,5.306407e+12,0.0655628,14.905622743758835
2021-11-12,机械,3.6663925e+11,5.306407e+12,0.06909369,20.21778084044428
2021-11-12,汽车,2.2938663e+11,5.306407e+12,0.04322824,21.763683286043676
2021-11-12,消费者服务,3.917338e+10,5.306407e+12,0.0073822793,14.043901606609946
2021-11-12,煤炭,5.4628835e+10,5.306407e+12,0.010294883,8.134634302343642
2021-11-12,电力及公用事业,1.9146215e+11,5.306407e+12,0.036081318,16.511702277443625
2021-11-12,电力设备及新能源,6.562749e+11,5.306407e+12,0.12367594,22.23740148810206
2021-11-12,电子,6.532265e+11,5.306407e+12,0.123101465,21.604050180860526
2021-11-12,石油石化,4.128311e+10,5.306407e+12,0.0077798613,6.962585459773739
2021-11-12,纺织服装,2.7892554e+10,5.306407e+12,0.0052563916,15.148495774319832
2021-11-12,综合,2.1477067e+10,5.306407e+12,0.004047384,7.586844585559986
2021-11-12,综合金融,3.9286764e+09,5.306407e+12,0.0007403647,5.927749907970428
2021-11-12,计算机,2.3640714e+11,5.306407e+12,0.044551264,15.34391161486819
2021-11-12,轻工制造,4.913776e+10,5.306407e+12,0.009260081,10.264121759196986
2021-11-12,通信,1.19342285e+11,5.306407e+12,0.022490226,18.403558821250233
2021-11-12,钢铁,7.0841795e+10,5.306407e+12,0.013350238,9.311938064098358
2021-11-12,银行,6.960374e+10,5.306407e+12,0.013116924,4.082604872380815
2021-11-12,非银行金融,1.6376971e+11,5.306407e+12,0.030862637,5.438283835263813
2021-11-12,食品饮料,1.8465366e+11,5.306407e+12,0.034798246,12.473221948960932
2021-11-19,交通运输,6.5228915e+10,5.522666e+12,0.011811129,4.963167814456898
2021-11-19,传媒,2.039321e+11,5.522666e+12,0.03692639,22.888600824072082
2021-11-19,农林牧渔,1.0379665e+11,5.522666e+12,0.018794665,14.569560174660015
2021-11-19,医药,4.0375117e+11,5.522666e+12,0.073108025,13.384110173843439
2021-11-19,商贸零售,4.46656e+10,5.522666e+12,0.008087689,9.359524306163047
2021-11-19,国防军工,1.8929269e+11,5.522666e+12,0.034275603,16.7218157893733
2021-11-19,基础化工,5.4647544e+11,5.522666e+12,0.098951384,19.224412555310213
2021-11-19,家电,6.734833e+10,5.522666e+12,0.012194895,12.937100037529662
2021-11-19,建材,6.5075982e+10,5.522666e+12,0.011783437,10.58506174955839
2021-11-19,建筑,8.085365e+10,5.522666e+12,0.014640329,16.259086805346765
2021-11-19,房地产,5.6737366e+10,5.522666e+12,0.010273547,5.219778891550291
2021-11-19,有色金属,3.513569e+11,5.522666e+12,0.06362089,16.495899130316342
2021-11-19,机械,4.0364343e+11,5.522666e+12,0.07308851,22.26602991812286
2021-11-19,汽车,2.7349831e+11,5.522666e+12,0.04952288,31.347549429711172
2021-11-19,消费者服务,3.4364867e+10,5.522666e+12,0.0062225144,14.522808760927434
2021-11-19,煤炭,5.2527886e+10,5.522666e+12,0.009511328,8.179708651133947
2021-11-19,电力及公用事业,1.8483626e+11,5.522666e+12,0.033468667,16.731920069056834
2021-11-19,电力设备及新能源,7.533299e+11,5.522666e+12,0.13640693,28.144749551457544
2021-11-19,电子,6.179741e+11,5.522666e+12,0.11189779,24.142883831640745
2021-11-19,石油石化,4.6200123e+10,5.522666e+12,0.008365547,8.951279127349457
2021-11-19,纺织服装,3.2506081e+10,5.522666e+12,0.0058859405,16.361191301903826
2021-11-19,综合,1.8575909e+10,5.522666e+12,0.0033635765,7.358066695707816
2021-11-19,综合金融,3.7561367e+09,5.522666e+12,0.0006801311,4.643880093097687
2021-11-19,计算机,2.7154994e+11,5.522666e+12,0.049170084,19.775040835657748
2021-11-19,轻工制造,6.0573037e+10,5.522666e+12,0.01096808,13.235752865456153
2021-11-19,通信,1.4121889e+11,5.522666e+12,0.025570784,20.32787530646365
2021-11-19,钢铁,5.7861177e+10,5.522666e+12,0.010477038,8.80355395078659
2021-11-19,银行,5.242562e+10,5.522666e+12,0.009492811,3.43751465474687
2021-11-19,非银行金融,1.34457885e+11,5.522666e+12,0.024346555,4.619513234233155
2021-11-19,食品饮料,2.0168334e+11,5.522666e+12,0.0365192,14.740454528874498
2021-11-26,交通运输,6.093672e+10,5.868495e+12,0.010383705,4.920796535066937
2021-11-26,传媒,1.7097648e+11,5.868495e+12,0.029134639,19.808751289020567
2021-11-26,农林牧渔,8.012438e+10,5.868495e+12,0.013653309,11.826485022421807
2021-11-26,医药,3.8855095e+11,5.868495e+12,0.066209644,13.896289551431693
2021-11-26,商贸零售,5.5920275e+10,5.868495e+12,0.009528896,10.737112576521715
2021-11-26,国防军工,1.5121146e+11,5.868495e+12,0.02576665,14.37819155140927
2021-11-26,基础化工,5.544499e+11,5.868495e+12,0.09447906,20.051372570035618
2021-11-26,家电,5.859442e+10,5.868495e+12,0.009984573,13.119162621538464
2021-11-26,建材,5.9340583e+10,5.868495e+12,0.01011172,9.517950659180865
2021-11-26,建筑,8.304237e+10,5.868495e+12,0.014150539,12.945931536978797
2021-11-26,房地产,5.6291983e+10,5.868495e+12,0.009592235,5.24436424194126
2021-11-26,有色金属,4.4702224e+11,5.868495e+12,0.07617323,20.221591779092947
2021-11-26,机械,4.1436384e+11,5.868495e+12,0.0706082,22.168530790758606
2021-11-26,汽车,2.8538316e+11,5.868495e+12,0.0486297,30.40890789379194
2021-11-26,消费者服务,3.5525186e+10,5.868495e+12,0.0060535427,12.420870279010973
2021-11-26,煤炭,7.7360275e+10,5.868495e+12,0.013182302,10.129614225455693
2021-11-26,电力及公用事业,1.9533388e+11,5.868495e+12,0.033285175,15.973336331581955
2021-11-26,电力设备及新能源,7.9443277e+11,5.868495e+12,0.13537249,28.06804891118297
2021-11-26,电子,7.375701e+11,5.868495e+12,0.12568301,26.04142081448023
2021-11-26,石油石化,4.8183685e+10,5.868495e+12,0.00821057,8.45007293485105
2021-11-26,纺织服装,3.917224e+10,5.868495e+12,0.006675006,19.133940447518167
2021-11-26,综合,1.8898696e+10,5.868495e+12,0.003220365,8.120800097783407
2021-11-26,综合金融,6.2124513e+09,5.868495e+12,0.0010586106,8.39137002825737
2021-11-26,计算机,2.8284843e+11,5.868495e+12,0.04819778,18.5262875186737
2021-11-26,轻工制造,5.9865686e+10,5.868495e+12,0.010201199,12.452447052883064
2021-11-26,通信,1.3903202e+11,5.868495e+12,0.023691256,19.468701796653942
2021-11-26,钢铁,1.0130375e+11,5.868495e+12,0.017262304,10.882154021263123
2021-11-26,银行,5.6825983e+10,5.868495e+12,0.009683229,4.019309840187794
2021-11-26,非银行金融,1.5170098e+11,5.868495e+12,0.025850065,5.793926516438232
2021-11-26,食品饮料,2.554537e+11,5.868495e+12,0.043529678,11.662866682056489
2021-12-03,交通运输,9.767603e+10,5.793626e+12,0.016859222,3.2491142155666806
2021-12-03,传媒,1.2216558e+11,5.793626e+12,0.021086205,7.253250406726318
2021-12-03,农林牧渔,7.580153e+10,5.793626e+12,0.013083607,5.663745140196175
2021-12-03,医药,4.6756246e+11,5.793626e+12,0.08070291,7.74602840323616
2021-12-03,商贸零售,5.2082135e+10,5.793626e+12,0.008989558,5.172757748839925
2021-12-03,国防军工,1.8465409e+11,5.793626e+12,0.031871937,8.251938409554331
2021-12-03,基础化工,5.748195e+11,5.793626e+12,0.099215835,10.081399170043586
2021-12-03,家电,5.9774235e+10,5.793626e+12,0.010317241,6.7476080221686665
2021-12-03,建材,7.2407106e+10,5.793626e+12,0.0124977175,5.264877784767268
2021-12-03,建筑,1.1526492e+11,5.793626e+12,0.019895125,6.859140120544716
2021-12-03,房地产,5.3619e+10,5.793626e+12,0.009254825,2.5568568808701606
2021-12-03,有色金属,4.0923906e+11,5.793626e+12,0.070636086,9.390570386499167
2021-12-03,机械,4.112151e+11,5.793626e+12,0.07097715,10.667563608916648
2021-12-03,汽车,3.0605866e+11,5.793626e+12,0.05282679,14.95848720585837
2021-12-03,消费者服务,3.656827e+10,5.793626e+12,0.00631181,7.064015769644787
2021-12-03,煤炭,7.831059e+10,5.793626e+12,0.013516679,4.781878532256399
2021-12-03,电力及公用事业,2.0750649e+11,5.793626e+12,0.03581634,7.430301002908552
2021-12-03,电力设备及新能源,7.1957637e+11,5.793626e+12,0.12420138,12.700549425681432
2021-12-03,电子,6.224801e+11,5.793626e+12,0.10744223,11.044373428423901
2021-12-03,石油石化,4.8247103e+10,5.793626e+12,0.008327617,4.150589608742545
2021-12-03,纺织服装,3.0625087e+10,5.793626e+12,0.0052859965,6.7275377481858785
2021-12-03,综合,2.4930255e+10,5.793626e+12,0.0043030484,6.410662927009441
2021-12-03,综合金融,1.4942338e+10,5.793626e+12,0.0025790995,11.111254864931107
2021-12-03,计算机,3.0547103e+11,5.793626e+12,0.05272536,10.20381572566746
2021-12-03,轻工制造,8.446855e+10,5.793626e+12,0.014579564,8.210689584235494
2021-12-03,通信,1.1107081e+11,5.793626e+12,0.019171206,7.7015256306045075
2021-12-03,钢铁,8.428132e+10,5.793626e+12,0.014547248,5.647033970952034
2021-12-03,银行,6.421237e+10,5.793626e+12,0.011083278,2.0861841165801374
2021-12-03,非银行金融,1.4517302e+11,5.793626e+12,0.025057368,2.934426428476239
2021-12-03,食品饮料,2.1136938e+11,5.793626e+12,0.03648309,5.113172333172666
2021-12-10,交通运输,1.0461984e+11,5.958481e+12,0.017558139,9.896705987124607
2021-12-10,传媒,1.5373997e+11,5.958481e+12,0.025801871,17.61460587645278
2021-12-10,农林牧渔,8.8950194e+10,5.958481e+12,0.014928333,12.266590408099596
2021-12-10,医药,3.8418006e+11,5.958481e+12,0.06447617,11.655211737644242
2021-12-10,商贸零售,4.7990944e+10,5.958481e+12,0.008054224,9.249070841131859
2021-12-10,国防军工,1.7326668e+11,5.958481e+12,0.029079001,17.703477143626852
2021-12-10,基础化工,5.2518306e+11,5.958481e+12,0.08814042,16.82624084966166
2021-12-10,家电,8.837294e+10,5.958481e+12,0.014831454,16.270933204491932
2021-12-10,建材,9.164427e+10,5.958481e+12,0.015380476,11.72099138630761
2021-12-10,建筑,1.2286547e+11,5.958481e+12,0.020620266,16.43121248210957
2021-12-10,房地产,7.766545e+10,5.958481e+12,0.013034438,6.223597283483645
2021-12-10,有色金属,3.7589667e+11,5.958481e+12,0.06308599,16.27143167257309
2021-12-10,机械,3.8620633e+11,5.958481e+12,0.06481624,18.330911625771833
2021-12-10,汽车,2.9459893e+11,5.958481e+12,0.049441952,24.831174728361148
2021-12-10,消费者服务,4.29965e+10,5.958481e+12,0.0072160163,13.938561407097598
2021-12-10,煤炭,8.389955e+10,5.958481e+12,0.014080694,10.731574269703456
2021-12-10,电力及公用事业,2.3831785e+11,5.958481e+12,0.039996408,14.418509103179549
2021-12-10,电力设备及新能源,6.3474395e+11,5.958481e+12,0.106527805,20.06844336670988
2021-12-10,电子,6.374198e+11,5.958481e+12,0.10697689,18.589230754081882
2021-12-10,石油石化,5.4711075e+10,5.958481e+12,0.009182051,9.647554197659096
2021-12-10,纺织服装,2.8758456e+10,5.958481e+12,0.0048264745,11.384092527501126
2021-12-10,综合,1.8858168e+10,5.958481e+12,0.0031649286,10.267311105021724
2021-12-10,综合金融,9.092678e+09,5.958481e+12,0.0015260059,13.619269943237304
2021-12-10,计算机,2.6477729e+11,5.958481e+12,0.044437043,16.18460272396931
2021-12-10,轻工制造,9.093537e+10,5.958481e+12,0.015261501,17.74185885605237
2021-12-10,通信,1.0276192e+11,5.958481e+12,0.017246328,13.423143579409672
2021-12-10,钢铁,9.154011e+10,5.958481e+12,0.015362994,11.456482000350952
2021-12-10,银行,1.02965895e+11,5.958481e+12,0.01728056,8.826326870336764
2021-12-10,非银行金融,2.932455e+11,5.958481e+12,0.049214803,10.28192784505732
2021-12-10,食品饮料,3.4634908e+11,5.958481e+12,0.058127075,16.414237349013973
2021-12-17,交通运输,8.58187e+10,5.7789807e+12,0.014850145,9.907304201660486
2021-12-17,传媒,2.9261817e+11,5.7789807e+12,0.05063491,34.247547059374696
2021-12-17,农林牧渔,8.197588e+10,5.7789807e+12,0.014185179,13.1565355267576
2021-12-17,医药,4.1032063e+11,5.7789807e+12,0.07100225,12.321779314285287
2021-12-17,商贸零售,5.40537e+10,5.7789807e+12,0.009353501,11.129445156225792
2021-12-17,国防军工,1.4940686e+11,5.7789807e+12,0.025853496,16.047622688037833
2021-12-17,基础化工,4.8223574e+11,5.7789807e+12,0.0834465,16.021512103773826
2021-12-17,家电,6.2949822e+10,5.7789807e+12,0.010892893,13.742010514444361
2021-12-17,建材,7.595308e+10,5.7789807e+12,0.013142989,11.315239463323428
2021-12-17,建筑,1.4600934e+11,5.7789807e+12,0.025265587,23.064611073412927
2021-12-17,房地产,6.4839516e+10,5.7789807e+12,0.011219888,6.796910028118606
2021-12-17,有色金属,3.2744178e+11,5.7789807e+12,0.05666082,14.730042496323586
2021-12-17,机械,3.73584e+11,5.7789807e+12,0.06464531,19.63694327248363
2021-12-17,汽车,2.6100946e+11,5.7789807e+12,0.04516531,25.412918837325087
2021-12-17,消费者服务,3.80001e+10,5.7789807e+12,0.0065755714,15.140829734634934
2021-12-17,煤炭,1.0431867e+11,5.7789807e+12,0.018051397,12.955605523926872
2021-12-17,电力及公用事业,2.773022e+11,5.7789807e+12,0.047984622,16.594664236477442
2021-12-17,电力设备及新能源,6.205806e+11,5.7789807e+12,0.107385814,22.99806872711462
2021-12-17,电子,5.248046e+11,5.7789807e+12,0.09081265,17.673611381516526
2021-12-17,石油石化,5.901895e+10,5.7789807e+12,0.0102126915,10.130345848699411
2021-12-17,纺织服装,2.6238085e+10,5.7789807e+12,0.004540262,11.918278755659752
2021-12-17,综合,2.0640391e+10,5.7789807e+12,0.0035716319,13.247688814445779
2021-12-17,综合金融,1.2308912e+10,5.7789807e+12,0.0021299452,17.260299837589265
2021-12-17,计算机,3.3320118e+11,5.7789807e+12,0.05765743,21.787428215865432
2021-12-17,轻工制造,8.7179895e+10,5.7789807e+12,0.015085687,17.658671897608084
2021-12-17,通信,1.250273e+11,5.7789807e+12,0.021634836,17.269201051475655
2021-12-17,钢铁,9.059862e+10,5.7789807e+12,0.015677266,13.276835980415344
2021-12-17,银行,7.766554e+10,5.7789807e+12,0.013439315,4.889275529399151
2021-12-17,非银行金融,2.1421443e+11,5.7789807e+12,0.037067857,9.275770684813752
2021-12-17,食品饮料,2.9777143e+11,5.7789807e+12,0.051526636,15.893466636417358
2021-12-24,交通运输,8.304311e+10,5.374725e+12,0.015450671,11.098723301085933
2021-12-24,传媒,2.6038156e+11,5.374725e+12,0.04844556,29.882595396389927
2021-12-24,农林牧渔,1.1129398e+11,5.374725e+12,0.020706916,18.33975374314093
2021-12-24,医药,4.525474e+11,5.374725e+12,0.084199175,15.881368897819634
2021-12-24,商贸零售,5.3449753e+10,5.374725e+12,0.009944649,11.000998104420992
2021-12-24,国防军工,1.29564795e+11,5.374725e+12,0.024106313,13.561593726738211
2021-12-24,基础化工,4.0021626e+11,5.374725e+12,0.07446265,14.584343080029443
2021-12-24,家电,5.575879e+10,5.374725e+12,0.010374259,12.8176961795489
2021-12-24,建材,7.200324e+10,5.374725e+12,0.0133966375,15.513002439781472
2021-12-24,建筑,1.5906518e+11,5.374725e+12,0.029595036,23.315241895469963
2021-12-24,房地产,1.0957668e+11,5.374725e+12,0.020387404,13.68364132106851
2021-12-24,有色金属,3.071321e+11,5.374725e+12,0.05714378,13.76245916436116
2021-12-24,机械,3.2745118e+11,5.374725e+12,0.06092427,17.888910996539185
2021-12-24,汽车,2.5657185e+11,5.374725e+12,0.04773674,23.530589763400624
2021-12-24,消费者服务,3.745206e+10,5.374725e+12,0.0069681816,16.26254033414941
2021-12-24,煤炭,9.530323e+10,5.374725e+12,0.017731741,11.713277014664241
2021-12-24,电力及公用事业,2.6979359e+11,5.374725e+12,0.050196726,16.063012921242485
2021-12-24,电力设备及新能源,5.759893e+11,5.374725e+12,0.10716628,22.521657727495597
2021-12-24,电子,4.7776622e+11,5.374725e+12,0.08889129,15.229935793988627
2021-12-24,石油石化,4.7001362e+10,5.374725e+12,0.008744887,12.164574968939027
2021-12-24,纺织服装,3.288147e+10,5.374725e+12,0.006117796,15.526227728483525
2021-12-24,综合,2.799175e+10,5.374725e+12,0.005208034,18.830044803795992
2021-12-24,综合金融,1.0813282e+10,5.374725e+12,0.0020118766,19.152139580249788
2021-12-24,计算机,2.907967e+11,5.374725e+12,0.05410448,19.777065611530826
2021-12-24,轻工制造,9.366889e+10,5.374725e+12,0.017427662,19.327664559914005
2021-12-24,通信,1.0758609e+11,5.374725e+12,0.020017043,14.83136494241209
2021-12-24,钢铁,6.888009e+10,5.374725e+12,0.0128155565,11.02546796798706
2021-12-24,银行,6.4915587e+10,5.374725e+12,0.012077937,5.098973249153393
2021-12-24,非银行金融,1.5926932e+11,5.374725e+12,0.02963302,8.354891422434129
2021-12-24,食品饮料,2.3506197e+11,5.374725e+12,0.0437347,13.908117110167092
2021-12-31,交通运输,8.1496965e+10,5.017646e+12,0.016242072,8.597855238565083
2021-12-31,传媒,2.2088443e+11,5.017646e+12,0.04402153,25.306223199315315
2021-12-31,农林牧渔,9.839712e+10,5.017646e+12,0.019610215,15.866574443401174
2021-12-31,医药,6.012518e+11,5.017646e+12,0.119827464,21.96331439905257
2021-12-31,商贸零售,4.8252236e+10,5.017646e+12,0.009616509,9.352976004664715
2021-12-31,国防军工,1.512378e+11,5.017646e+12,0.030141188,13.390116431049465
2021-12-31,基础化工,3.8716526e+11,5.017646e+12,0.07716074,14.19076764669165
2021-12-31,家电,7.063777e+10,5.017646e+12,0.014077871,11.091106626677016
2021-12-31,建材,6.1933445e+10,5.017646e+12,0.012343128,10.784693791542525
2021-12-31,建筑,1.0908697e+11,5.017646e+12,0.021740668,16.57910643498619
2021-12-31,房地产,6.771669e+10,5.017646e+12,0.013495709,7.082780739583007
2021-12-31,有色金属,2.7494593e+11,5.017646e+12,0.0547958,11.690684097011884
2021-12-31,机械,3.1439982e+11,5.017646e+12,0.06265883,16.580756336990053
2021-12-31,汽车,1.8605757e+11,5.017646e+12,0.03708065,15.96238345717921
2021-12-31,消费者服务,3.534875e+10,5.017646e+12,0.0070448876,13.955650908905163
2021-12-31,煤炭,8.101801e+10,5.017646e+12,0.016146619,9.274779977117266
2021-12-31,电力及公用事业,2.2712019e+11,5.017646e+12,0.045264293,13.218179143153096
2021-12-31,电力设备及新能源,5.201478e+11,5.017646e+12,0.10366371,17.39355889378031
2021-12-31,电子,4.1569452e+11,5.017646e+12,0.08284652,14.190867563312034
2021-12-31,石油石化,4.7793218e+10,5.017646e+12,0.009525028,10.392685494696101
2021-12-31,纺织服装,2.6367166e+10,5.017646e+12,0.005254888,11.875425572725053
2021-12-31,综合,2.2892483e+10,5.017646e+12,0.004562395,15.449162818767407
2021-12-31,综合金融,8.693023e+09,5.017646e+12,0.0017324903,19.830219674110413
2021-12-31,计算机,2.6847992e+11,5.017646e+12,0.05350715,17.060686988781576
2021-12-31,轻工制造,8.481235e+10,5.017646e+12,0.016902817,15.966379964517223
2021-12-31,通信,9.53967e+10,5.017646e+12,0.019012243,13.042694771391714
2021-12-31,钢铁,4.9739813e+10,5.017646e+12,0.009912978,7.645059957504272
2021-12-31,银行,7.135964e+10,5.017646e+12,0.014221738,3.547504820111321
2021-12-31,非银行金融,1.4855124e+11,5.017646e+12,0.029605763,7.384378257652988
2021-12-31,食品饮料,2.3908747e+11,5.017646e+12,0.04764933,14.543797643204046
2022-01-07,交通运输,8.509484e+10,4.8784894e+12,0.017442867,8.56967849464252
2022-01-07,传媒,2.6845323e+11,4.8784894e+12,0.055027943,27.448542460037842
2022-01-07,农林牧渔,1.2253571e+11,4.8784894e+12,0.025117552,17.50475535494216
2022-01-07,医药,5.9719064e+11,4.8784894e+12,0.122413024,18.64077425894551
2022-01-07,商贸零售,5.2481106e+10,4.8784894e+12,0.010757655,9.832912477163168
2022-01-07,国防军工,1.2479411e+11,4.8784894e+12,0.025580483,10.657007227238921
2022-01-07,基础化工,3.427778e+11,4.8784894e+12,0.0702631,12.452884972400643
2022-01-07,家电,7.855643e+10,4.8784894e+12,0.016102614,10.96553869649768
2022-01-07,建材,7.146841e+10,4.8784894e+12,0.0146497,12.49364196775872
2022-01-07,建筑,1.2400926e+11,4.8784894e+12,0.025419602,17.286757028722143
2022-01-07,房地产,8.642565e+10,4.8784894e+12,0.017715657,7.8165073449458555
2022-01-07,有色金属,2.3404131e+11,4.8784894e+12,0.047974136,10.149230037132899
2022-01-07,机械,2.9503262e+11,4.8784894e+12,0.060476225,14.746938726950415
2022-01-07,汽车,1.6417436e+11,4.8784894e+12,0.033652704,12.984109235620036
2022-01-07,消费者服务,4.3858e+10,4.8784894e+12,0.008990078,16.52660720390186
2022-01-07,煤炭,6.381588e+10,4.8784894e+12,0.013081074,8.368702960014343
2022-01-07,电力及公用事业,1.736743e+11,4.8784894e+12,0.035600018,11.960216127865687
2022-01-07,电力设备及新能源,4.2286757e+11,4.8784894e+12,0.086680025,13.86026540435766
2022-01-07,电子,3.8874415e+11,4.8784894e+12,0.07968535,12.998386884917323
2022-01-07,石油石化,5.6326935e+10,4.8784894e+12,0.0115459785,11.059460423886776
2022-01-07,纺织服装,3.4906178e+10,4.8784894e+12,0.0071551204,14.050988206203948
2022-01-07,综合,1.7583e+10,4.8784894e+12,0.0036041895,11.992685088404903
2022-01-07,综合金融,9.843032e+09,4.8784894e+12,0.0020176393,18.466830205917358
2022-01-07,计算机,3.010353e+11,4.8784894e+12,0.061706662,18.60809654821308
2022-01-07,轻工制造,8.735164e+10,4.8784894e+12,0.017905468,16.12476527111398
2022-01-07,通信,1.1775839e+11,4.8784894e+12,0.024138289,13.330096546876229
2022-01-07,钢铁,6.7294675e+10,4.8784894e+12,0.013794162,9.072454013824462
2022-01-07,银行,8.800075e+10,4.8784894e+12,0.018038524,5.36953656847884
2022-01-07,非银行金融,1.5828037e+11,4.8784894e+12,0.032444544,7.534424735152203
2022-01-07,食品饮料,1.9893164e+11,4.8784894e+12,0.040777303,16.019674878779465
2022-01-14,交通运输,8.198885e+10,5.3288826e+12,0.01538575,9.351889660646176
2022-01-14,传媒,2.3674141e+11,5.3288826e+12,0.044426087,26.248165578737748
2022-01-14,农林牧渔,1.24672295e+11,5.3288826e+12,0.02339558,19.507456394586157
2022-01-14,医药,7.87394e+11,5.3288826e+12,0.14775968,27.656931696255167
2022-01-14,商贸零售,5.470313e+10,5.3288826e+12,0.010265403,12.06530182980574
2022-01-14,国防军工,1.1230366e+11,5.3288826e+12,0.021074524,9.92608977961786
2022-01-14,基础化工,4.3283022e+11,5.3288826e+12,0.08122345,14.619956343471316
2022-01-14,家电,6.7724493e+10,5.3288826e+12,0.012708948,10.123553375241658
2022-01-14,建材,8.089975e+10,5.3288826e+12,0.015181373,16.520835748425238
2022-01-14,建筑,1.2985911e+11,5.3288826e+12,0.02436892,20.985072877330165
2022-01-14,房地产,1.0705693e+11,5.3288826e+12,0.02008994,10.487180652421548
2022-01-14,有色金属,2.8597207e+11,5.3288826e+12,0.053664546,12.637118340531986
2022-01-14,机械,3.0643523e+11,5.3288826e+12,0.057504594,15.704617769752076
2022-01-14,汽车,1.851769e+11,5.3288826e+12,0.034749668,13.753478118516867
2022-01-14,消费者服务,5.0158207e+10,5.3288826e+12,0.009412519,18.28937191712229
2022-01-14,煤炭,6.596339e+10,5.3288826e+12,0.012378465,8.874537144388471
2022-01-14,电力及公用事业,1.5112148e+11,5.3288826e+12,0.028358942,10.694113265281604
2022-01-14,电力设备及新能源,4.338497e+11,5.3288826e+12,0.08141476,15.858093053957141
2022-01-14,电子,4.0322823e+11,5.3288826e+12,0.07566844,14.870007846014563
2022-01-14,石油石化,6.4623935e+10,5.3288826e+12,0.012127108,11.812149887283644
2022-01-14,纺织服装,3.6088037e+10,5.3288826e+12,0.006772158,14.523457976391441
2022-01-14,综合,2.482973e+10,5.3288826e+12,0.0046594627,15.094044535248369
2022-01-14,综合金融,1.7478447e+10,5.3288826e+12,0.003279946,29.631379532814027
2022-01-14,计算机,3.0744717e+11,5.3288826e+12,0.05769449,19.50179213519389
2022-01-14,轻工制造,9.587655e+10,5.3288826e+12,0.017991867,18.43909235133065
2022-01-14,通信,1.07786535e+11,5.3288826e+12,0.020226855,13.712524647934963
2022-01-14,钢铁,8.1064395e+10,5.3288826e+12,0.015212269,10.17563388824463
2022-01-14,银行,1.1321038e+11,5.3288826e+12,0.021244675,7.383863457092425
2022-01-14,非银行金融,1.586923e+11,5.3288826e+12,0.029779656,7.273205760596455
2022-01-14,食品饮料,2.2159444e+11,5.3288826e+12,0.041583657,19.64611401209017
2022-01-21,交通运输,7.319265e+10,5.4655923e+12,0.013391532,7.538369819008071
2022-01-21,传媒,2.8898135e+11,5.4655923e+12,0.052872833,30.38365154805845
2022-01-21,农林牧渔,1.1008013e+11,5.4655923e+12,0.020140568,18.122694732660943
2022-01-21,医药,7.831488e+11,5.4655923e+12,0.14328708,26.002300414094865
2022-01-21,商贸零售,5.015198e+10,5.4655923e+12,0.009175946,11.9950421710427
2022-01-21,国防军工,1.2429566e+11,5.4655923e+12,0.02274148,11.553007263498207
2022-01-21,基础化工,3.7983873e+11,5.4655923e+12,0.06949635,14.121041706467073
2022-01-21,家电,6.4364323e+10,5.4655923e+12,0.011776276,10.538983922799428
2022-01-21,建材,8.004485e+10,5.4655923e+12,0.014645229,14.409840873730035
2022-01-21,建筑,1.478638e+11,5.4655923e+12,0.027053572,22.21095611741466
2022-01-21,房地产,9.239514e+10,5.4655923e+12,0.016904874,8.89919263452565
2022-01-21,有色金属,2.3684376e+11,5.4655923e+12,0.043333594,11.911090804139773
2022-01-21,机械,2.8512446e+11,5.4655923e+12,0.052167166,15.387487126027777
2022-01-21,汽车,1.7894615e+11,5.4655923e+12,0.032740485,14.494493753586001
2022-01-21,消费者服务,5.6910025e+10,5.4655923e+12,0.010412416,21.088947306599533
2022-01-21,煤炭,7.095022e+10,5.4655923e+12,0.012981251,10.1361371415002
2022-01-21,电力及公用事业,1.5464274e+11,5.4655923e+12,0.028293867,10.390806149391201
2022-01-21,电力设备及新能源,3.8838433e+11,5.4655923e+12,0.071059875,15.655475280288268
2022-01-21,电子,3.9684355e+11,5.4655923e+12,0.0726076,15.32332852710661
2022-01-21,石油石化,4.95894e+10,5.4655923e+12,0.009073014,8.523143793145815
2022-01-21,纺织服装,3.5789492e+10,5.4655923e+12,0.0065481453,17.24589686581963
2022-01-21,综合,2.4649994e+10,5.4655923e+12,0.0045100315,15.888162877824572
2022-01-21,综合金融,2.180979e+10,5.4655923e+12,0.00399038,34.01072885990143
2022-01-21,计算机,5.718875e+11,5.4655923e+12,0.104634136,36.45617215206124
2022-01-21,轻工制造,8.933813e+10,5.4655923e+12,0.016345553,18.62904614415662
2022-01-21,通信,1.2421673e+11,5.4655923e+12,0.022727039,18.022645719475666
2022-01-21,钢铁,7.4823205e+10,5.4655923e+12,0.013689862,10.472237958908082
2022-01-21,银行,1.19048675e+11,5.4655923e+12,0.021781478,11.582992797096571
2022-01-21,非银行金融,1.7883185e+11,5.4655923e+12,0.032719575,7.916014547365299
2022-01-21,食品饮料,2.110011e+11,5.4655923e+12,0.038605347,18.925937777565373
2022-01-28,交通运输,6.916421e+10,4.2140403e+12,0.016412802,6.492939671051913
2022-01-28,传媒,1.6340091e+11,4.2140403e+12,0.038775355,19.928877250991597
2022-01-28,农林牧渔,6.998743e+10,4.2140403e+12,0.016608153,10.541834020194537
2022-01-28,医药,4.5141803e+11,4.2140403e+12,0.107122384,15.009559702119448
2022-01-28,商贸零售,4.3975574e+10,4.2140403e+12,0.01043549,10.141029849075354
2022-01-28,国防军工,1.0117579e+11,4.2140403e+12,0.024009213,10.645523774255182
2022-01-28,基础化工,2.9873534e+11,4.2140403e+12,0.07089048,11.241147260962714
2022-01-28,家电,5.148333e+10,4.2140403e+12,0.012217094,7.957684024165695
2022-01-28,建材,5.0717282e+10,4.2140403e+12,0.01203531,9.025804904508002
2022-01-28,建筑,1.1086331e+11,4.2140403e+12,0.02630808,16.959013599734153
2022-01-28,房地产,7.003026e+10,4.2140403e+12,0.016618319,7.504348610519269
2022-01-28,有色金属,2.4303374e+11,4.2140403e+12,0.05767238,10.671145826081435
2022-01-28,机械,2.2413327e+11,4.2140403e+12,0.053187262,11.846606572413393
2022-01-28,汽车,1.3757987e+11,4.2140403e+12,0.03264797,10.246644191660927
2022-01-28,消费者服务,5.3507416e+10,4.2140403e+12,0.0126974145,22.04951748513339
2022-01-28,煤炭,6.275908e+10,4.2140403e+12,0.014892852,9.509211419309889
2022-01-28,电力及公用事业,1.2432054e+11,4.2140403e+12,0.029501507,9.205224551822779
2022-01-28,电力设备及新能源,4.039174e+11,4.2140403e+12,0.09585039,13.181570982789971
2022-01-28,电子,3.4228027e+11,4.2140403e+12,0.08122378,12.34168439698233
2022-01-28,石油石化,3.7295366e+10,4.2140403e+12,0.008850263,6.328337419778109
2022-01-28,纺织服装,2.429248e+10,4.2140403e+12,0.005764653,12.704919877805208
2022-01-28,综合,1.5050016e+10,4.2140403e+12,0.003571398,10.088759201544303
2022-01-28,综合金融,1.9470719e+10,4.2140403e+12,0.00462044,26.61416028738022
2022-01-28,计算机,3.9264295e+11,4.2140403e+12,0.09317494,27.270384625433866
2022-01-28,轻工制造,6.643844e+10,4.2140403e+12,0.01576597,13.475682803680156
2022-01-28,通信,9.979817e+10,4.2140403e+12,0.023682302,14.778738945217455
2022-01-28,钢铁,5.403497e+10,4.2140403e+12,0.012822604,7.535025963783264
2022-01-28,银行,9.376447e+10,4.2140403e+12,0.022250492,9.731731134511175
2022-01-28,非银行金融,1.5575412e+11,4.2140403e+12,0.03696076,6.576507235782734
2022-01-28,食品饮料,1.8143995e+11,4.2140403e+12,0.043056056,12.042128024578094
2022-02-11,交通运输,8.988198e+10,4.5285434e+12,0.019847877,7.2626466447937075
2022-02-11,传媒,1.5863284e+11,4.5285434e+12,0.03502955,19.157629232337005
2022-02-11,农林牧渔,1.03371645e+11,4.5285434e+12,0.022826688,13.442249020997513
2022-02-11,医药,4.196373e+11,4.5285434e+12,0.092664964,13.370512108333775
2022-02-11,商贸零售,5.0077008e+10,4.5285434e+12,0.011058083,11.22336054765261
2022-02-11,国防军工,8.093397e+10,4.5285434e+12,0.017871965,8.609661797887272
2022-02-11,基础化工,3.502326e+11,4.5285434e+12,0.07733891,11.608863735661425
2022-02-11,家电,4.8318444e+10,4.5285434e+12,0.010669754,6.908997363025944
2022-02-11,建材,7.200887e+10,4.5285434e+12,0.015901111,11.77814068617644
2022-02-11,建筑,1.8249087e+11,4.5285434e+12,0.040297918,28.282648362651948
2022-02-11,房地产,8.680052e+10,4.5285434e+12,0.019167427,8.607787166713575
2022-02-11,有色金属,2.8464575e+11,4.5285434e+12,0.06285592,11.301796704530716
2022-02-11,机械,2.3599381e+11,4.5285434e+12,0.05211252,12.665255287296853
2022-02-11,汽车,1.3219899e+11,4.5285434e+12,0.029192386,9.438842251752186
2022-02-11,消费者服务,6.538766e+10,4.5285434e+12,0.0144390045,22.588806796492193
2022-02-11,煤炭,8.172825e+10,4.5285434e+12,0.018047359,11.127354192733765
2022-02-11,电力及公用事业,1.3574999e+11,4.5285434e+12,0.029976524,10.37503116240479
2022-02-11,电力设备及新能源,4.088814e+11,4.5285434e+12,0.09028982,12.826309336618342
2022-02-11,电子,3.28918e+11,4.5285434e+12,0.072632186,11.402804796172683
2022-02-11,石油石化,6.0647866e+10,4.5285434e+12,0.013392356,11.833204122881094
2022-02-11,纺织服装,2.4977164e+10,4.5285434e+12,0.0055154962,12.701678964338804
2022-02-11,综合,1.673127e+10,4.5285434e+12,0.003694625,10.748477697372437
2022-02-11,综合金融,2.4485847e+10,4.5285434e+12,0.0054070028,34.599431085586545
2022-02-11,计算机,3.5923804e+11,4.5285434e+12,0.0793275,25.235891113787687
2022-02-11,轻工制造,6.4368378e+10,4.5285434e+12,0.014213925,13.339615165365153
2022-02-11,通信,1.1322626e+11,4.5285434e+12,0.0250028,15.2244728821314
2022-02-11,钢铁,7.4089095e+10,4.5285434e+12,0.01636047,9.78567400932312
2022-02-11,银行,1.243074e+11,4.5285434e+12,0.027449753,12.578088054344768
2022-02-11,非银行金融,1.6488961e+11,4.5285434e+12,0.03641118,6.5336767659671064
2022-02-11,食品饮料,1.844428e+11,4.5285434e+12,0.040728945,11.603075836658478
2022-02-18,交通运输,7.160039e+10,4.1876715e+12,0.0170979,6.433260415134759
2022-02-18,传媒,1.517964e+11,4.1876715e+12,0.0362484,18.72427517436717
2022-02-18,农林牧渔,7.6468404e+10,4.1876715e+12,0.018260363,10.53110947029996
2022-02-18,医药,3.9347483e+11,4.1876715e+12,0.09396029,12.52826294006719
2022-02-18,商贸零售,4.6665294e+10,4.1876715e+12,0.011143494,11.03694620785805
2022-02-18,国防军工,8.275033e+10,4.1876715e+12,0.019760463,8.756427863824
2022-02-18,基础化工,3.7853256e+11,4.1876715e+12,0.090392135,12.247634207060852
2022-02-18,家电,4.0898593e+10,4.1876715e+12,0.009766428,7.5990447567988
2022-02-18,建材,6.592024e+10,4.1876715e+12,0.015741503,12.309277711091218
2022-02-18,建筑,1.946953e+11,4.1876715e+12,0.046492495,34.65065746307373
2022-02-18,房地产,7.705137e+10,4.1876715e+12,0.018399574,8.738475189296478
2022-02-18,有色金属,3.0431144e+11,4.1876715e+12,0.07266841,12.256345744927724
2022-02-18,机械,2.3994024e+11,4.1876715e+12,0.057296816,14.102913505004722
2022-02-18,汽车,1.1857544e+11,4.1876715e+12,0.028315363,10.88729999482053
2022-02-18,消费者服务,7.277345e+10,4.1876715e+12,0.017378023,28.109656141515362
2022-02-18,煤炭,6.1704884e+10,4.1876715e+12,0.014734891,8.534617221355438
2022-02-18,电力及公用事业,1.26695e+11,4.1876715e+12,0.030254282,12.228634919690073
2022-02-18,电力设备及新能源,3.5612973e+11,4.1876715e+12,0.085042424,11.136946190789086
2022-02-18,电子,2.7938587e+11,4.1876715e+12,0.06671628,10.371205121923525
2022-02-18,石油石化,4.885585e+10,4.1876715e+12,0.011666591,9.433058294157187
2022-02-18,纺织服装,2.4922565e+10,4.1876715e+12,0.0059514134,12.589397759186594
2022-02-18,综合,2.011528e+10,4.1876715e+12,0.004803452,12.030973999588578
2022-02-18,综合金融,2.1830885e+10,4.1876715e+12,0.005213132,29.589979577064515
2022-02-18,计算机,3.268274e+11,4.1876715e+12,0.07804514,22.813437277400816
2022-02-18,轻工制造,5.8129682e+10,4.1876715e+12,0.013881147,13.118939386976177
2022-02-18,通信,1.10113776e+11,4.1876715e+12,0.02629475,15.65704151331368
2022-02-18,钢铁,6.29666e+10,4.1876715e+12,0.015036184,8.176064071655274
2022-02-18,银行,9.018333e+10,4.1876715e+12,0.021535436,8.084361807931037
2022-02-18,非银行金融,1.4412186e+11,4.1876715e+12,0.03441575,4.92047682620477
2022-02-18,食品饮料,1.3903344e+11,4.1876715e+12,0.033200655,9.468242363452912
2022-02-25,交通运输,7.7236314e+10,5.26782e+12,0.014661913,8.092882785817672
2022-02-25,传媒,1.5895434e+11,5.26782e+12,0.030174596,18.803973787892474
2022-02-25,农林牧渔,9.717572e+10,5.26782e+12,0.018447047,15.382195854187012
2022-02-25,医药,5.0319347e+11,5.26782e+12,0.09552215,17.62318890174461
2022-02-25,商贸零售,5.2887642e+10,5.26782e+12,0.010039759,12.16381156215301
2022-02-25,国防军工,1.3895783e+11,5.26782e+12,0.026378622,14.611249525522448
2022-02-25,基础化工,4.907278e+11,5.26782e+12,0.093155764,15.358942950238397
2022-02-25,家电,4.851737e+10,5.26782e+12,0.009210142,10.360921033799011
2022-02-25,建材,7.16045e+10,5.26782e+12,0.013592815,13.786462972193588
2022-02-25,建筑,1.995967e+11,5.26782e+12,0.037889812,31.177962466209166
2022-02-25,房地产,8.216777e+10,5.26782e+12,0.01559806,9.177751313108917
2022-02-25,有色金属,3.981178e+11,5.26782e+12,0.07557544,17.1806181363823
2022-02-25,机械,3.1177264e+11,5.26782e+12,0.05918438,17.08096635543792
2022-02-25,汽车,1.490321e+11,5.26782e+12,0.028291041,14.795268253906844
2022-02-25,消费者服务,5.868388e+10,5.26782e+12,0.01114007,23.834799883658427
2022-02-25,煤炭,8.9294545e+10,5.26782e+12,0.016950948,11.00653715133667
2022-02-25,电力及公用事业,1.7678903e+11,5.26782e+12,0.03356019,14.90797645879804
2022-02-25,电力设备及新能源,4.70141e+11,5.26782e+12,0.08924774,15.074953999208367
2022-02-25,电子,3.9031223e+11,5.26782e+12,0.07409369,14.247979852863038
2022-02-25,石油石化,7.116525e+10,5.26782e+12,0.013509431,16.973124958574772
2022-02-25,纺织服装,2.655415e+10,5.26782e+12,0.0050408235,12.41081156479685
2022-02-25,综合,1.9265896e+10,5.26782e+12,0.0036572807,12.62303692764706
2022-02-25,综合金融,2.3911887e+10,5.26782e+12,0.004539238,34.07543008327484
2022-02-25,计算机,4.6565324e+11,5.26782e+12,0.08839582,30.679469342529146
2022-02-25,轻工制造,6.5275204e+10,5.26782e+12,0.012391313,13.798497920817342
2022-02-25,通信,1.4334573e+11,5.26782e+12,0.027211586,21.499242402739444
2022-02-25,钢铁,7.81188e+10,5.26782e+12,0.014829436,9.807337970733643
2022-02-25,银行,8.346682e+10,5.26782e+12,0.015844662,6.2411904469842
2022-02-25,非银行金融,1.52165e+11,5.26782e+12,0.028885765,5.8622347539749695
2022-02-25,食品饮料,1.7240192e+11,5.26782e+12,0.032727376,10.539055963993073
2022-03-04,交通运输,1.194535e+11,4.7976934e+12,0.02489811,6.1939189765795035
2022-03-04,传媒,1.0882888e+11,4.7976934e+12,0.022683583,6.697485847575386
2022-03-04,农林牧渔,1.08863226e+11,4.7976934e+12,0.022690743,9.432228933745309
2022-03-04,医药,5.0470417e+11,4.7976934e+12,0.10519725,9.25492524367711
2022-03-04,商贸零售,5.565093e+10,4.7976934e+12,0.011599517,6.246503859185255
2022-03-04,国防军工,1.17406925e+11,4.7976934e+12,0.024471536,6.199132966780171
2022-03-04,基础化工,4.535526e+11,4.7976934e+12,0.09453555,6.713378763400514
2022-03-04,家电,4.7603474e+10,4.7976934e+12,0.009922159,4.839909230243249
2022-03-04,建材,5.7944576e+10,4.7976934e+12,0.01207759,5.264080203241772
2022-03-04,建筑,1.4418069e+11,4.7976934e+12,0.030052084,10.469532874995663
2022-03-04,房地产,7.560535e+10,4.7976934e+12,0.015758688,3.428672012693565
2022-03-04,有色金属,3.9047823e+11,4.7976934e+12,0.08138874,9.039771865160505
2022-03-04,机械,2.9204464e+11,4.7976934e+12,0.060871884,7.931206291409828
2022-03-04,汽车,1.4280458e+11,4.7976934e+12,0.029765258,6.8234617808372535
2022-03-04,消费者服务,5.1831132e+10,4.7976934e+12,0.010803344,9.391708786550321
2022-03-04,煤炭,9.66878e+10,4.7976934e+12,0.020152977,6.149148597461837
2022-03-04,电力及公用事业,1.7981263e+11,4.7976934e+12,0.037478976,6.548746672300798
2022-03-04,电力设备及新能源,4.4981135e+11,4.7976934e+12,0.09375575,7.582459751556927
2022-03-04,电子,3.0448684e+11,4.7976934e+12,0.06346525,5.437757542534181
2022-03-04,石油石化,9.096677e+10,4.7976934e+12,0.018960522,10.962365554179996
2022-03-04,纺织服装,2.6340547e+10,4.7976934e+12,0.0054902523,5.591347370414358
2022-03-04,综合,2.7190559e+10,4.7976934e+12,0.0056674234,8.073462880871913
2022-03-04,综合金融,1.5542041e+10,4.7976934e+12,0.0032394817,12.03135497123003
2022-03-04,计算机,3.3490774e+11,4.7976934e+12,0.06980599,11.845926502440282
2022-03-04,轻工制造,6.3539e+10,4.7976934e+12,0.013243656,6.003379640394244
2022-03-04,通信,1.017644e+11,4.7976934e+12,0.02121111,7.666414835506071
2022-03-04,钢铁,7.3675465e+10,4.7976934e+12,0.0153564345,4.812120986282825
2022-03-04,银行,7.6973965e+10,4.7976934e+12,0.016043952,2.547657127625176
2022-03-04,非银行金融,1.166372e+11,4.7976934e+12,0.024311097,2.5925297195334798
2022-03-04,食品饮料,1.6717254e+11,4.7976934e+12,0.034844358,5.176839201807976
2022-03-11,交通运输,1.0745815e+11,5.393976e+12,0.01992188,12.218332756696077
2022-03-11,传媒,1.25385245e+11,5.393976e+12,0.02324542,16.63278027694591
2022-03-11,农林牧渔,1.0426816e+11,5.393976e+12,0.019330483,17.53428256760041
2022-03-11,医药,6.211721e+11,5.393976e+12,0.11516033,23.293855723114902
2022-03-11,商贸零售,5.7367515e+10,5.393976e+12,0.010635478,13.977158988089789
2022-03-11,国防军工,1.1595333e+11,5.393976e+12,0.02149682,12.931835675726132
2022-03-11,基础化工,4.670827e+11,5.393976e+12,0.0865934,14.665548947445382
2022-03-11,家电,5.9568296e+10,5.393976e+12,0.011043485,11.343039447046499
2022-03-11,建材,7.61499e+10,5.393976e+12,0.014117582,14.499875351234719
2022-03-11,建筑,1.7652177e+11,5.393976e+12,0.032725725,24.57377943377341
2022-03-11,房地产,8.4799455e+10,5.393976e+12,0.01572114,7.8927440091010626
2022-03-11,有色金属,3.916279e+11,5.393976e+12,0.07260468,18.48145381872319
2022-03-11,机械,2.964051e+11,5.393976e+12,0.054951135,16.386205259925557
2022-03-11,汽车,1.553447e+11,5.393976e+12,0.028799664,13.8443933311832
2022-03-11,消费者服务,6.315982e+10,5.393976e+12,0.011709325,22.962142097322566
2022-03-11,煤炭,1.0067062e+11,5.393976e+12,0.018663527,12.479137199265617
2022-03-11,电力及公用事业,1.973617e+11,5.393976e+12,0.03658928,14.770707942967144
2022-03-11,电力设备及新能源,5.3006336e+11,5.393976e+12,0.09826951,16.734730193512046
2022-03-11,电子,3.9660618e+11,5.393976e+12,0.07352761,12.7333323006424
2022-03-11,石油石化,8.148532e+10,5.393976e+12,0.0151067255,18.227089760204155
2022-03-11,纺织服装,3.5779006e+10,5.393976e+12,0.0066331415,15.560385363980343
2022-03-11,综合,2.362325e+10,5.393976e+12,0.0043795616,16.668777739560163
2022-03-11,综合金融,1.0825268e+10,5.393976e+12,0.0020069182,17.68843009471893
2022-03-11,计算机,3.3307358e+11,5.393976e+12,0.061749175,24.01938546723639
2022-03-11,轻工制造,7.3390694e+10,5.393976e+12,0.013606047,16.95881793129033
2022-03-11,通信,1.187082e+11,5.393976e+12,0.02200755,17.356235694077057
2022-03-11,钢铁,8.186895e+10,5.393976e+12,0.015177848,13.214211950302124
2022-03-11,银行,1.08499255e+11,5.393976e+12,0.020114893,8.387002351738158
2022-03-11,非银行金融,1.6902346e+11,5.393976e+12,0.031335596,6.8905579827833865
2022-03-11,食品饮料,2.291879e+11,5.393976e+12,0.042489603,13.02022954750061
2022-03-18,交通运输,1.0619628e+11,5.5206593e+12,0.019236159,10.298518933098892
2022-03-18,传媒,1.2433147e+11,5.5206593e+12,0.022521127,15.599439444333097
2022-03-18,农林牧渔,1.0107085e+11,5.5206593e+12,0.01830775,18.235174026340246
2022-03-18,医药,8.580041e+11,5.5206593e+12,0.15541697,27.38624148992605
2022-03-18,商贸零售,5.4979252e+10,5.5206593e+12,0.00995882,12.775223854042235
2022-03-18,国防军工,1.1045933e+11,5.5206593e+12,0.02000836,11.484434952735901
2022-03-18,基础化工,4.4402033e+11,5.5206593e+12,0.08042886,14.473779643436114
2022-03-18,家电,5.4737932e+10,5.5206593e+12,0.009915108,10.942259692671625
2022-03-18,建材,7.805923e+10,5.5206593e+12,0.014139476,15.322374009791716
2022-03-18,建筑,1.7969565e+11,5.5206593e+12,0.03254967,28.87112970813628
2022-03-18,房地产,1.0359491e+11,5.5206593e+12,0.018764952,9.774249561882893
2022-03-18,有色金属,3.209332e+11,5.5206593e+12,0.05813313,15.287850699463828
2022-03-18,机械,2.823683e+11,5.5206593e+12,0.05114757,16.258429764465536
2022-03-18,汽车,1.5176081e+11,5.5206593e+12,0.027489617,13.316748813008578
2022-03-18,消费者服务,6.797015e+10,5.5206593e+12,0.012311962,24.85536157248313
2022-03-18,煤炭,8.347577e+10,5.5206593e+12,0.015120615,11.104414354051862
2022-03-18,电力及公用事业,1.6652388e+11,5.5206593e+12,0.030163767,13.624883546300655
2022-03-18,电力设备及新能源,4.8779733e+11,5.5206593e+12,0.08835853,15.771380639845326
2022-03-18,电子,3.8529175e+11,5.5206593e+12,0.06979089,12.66967617692191
2022-03-18,石油石化,5.9840365e+10,5.5206593e+12,0.010839351,14.27110207080841
2022-03-18,纺织服装,3.2763544e+10,5.5206593e+12,0.0059347157,12.884873643674348
2022-03-18,综合,2.4051048e+10,5.5206593e+12,0.004356554,14.338129710268092
2022-03-18,综合金融,1.2516035e+10,5.5206593e+12,0.0022671267,21.03867976665497
2022-03-18,计算机,3.5250894e+11,5.5206593e+12,0.06385269,26.42699562460184
2022-03-18,轻工制造,7.432174e+10,5.5206593e+12,0.0134624755,14.434955228197163
2022-03-18,通信,1.3639106e+11,5.5206593e+12,0.024705574,21.274179615206638
2022-03-18,钢铁,6.246014e+10,5.5206593e+12,0.011313892,9.983572039604187
2022-03-18,银行,1.3134857e+11,5.5206593e+12,0.023792189,9.957473537042027
2022-03-18,非银行金融,2.3268696e+11,5.5206593e+12,0.0421484,9.491973911506543
2022-03-18,食品饮料,2.3907833e+11,5.5206593e+12,0.04330612,14.659217573165893
2022-03-25,交通运输,8.154829e+10,4.704186e+12,0.01733526,8.729133270235144
2022-03-25,传媒,1.149675e+11,4.704186e+12,0.024439404,15.19333146349357
2022-03-25,农林牧渔,1.2559727e+11,4.704186e+12,0.026699044,22.75721055828035
2022-03-25,医药,8.1259515e+11,4.704186e+12,0.17273873,25.786749224739868
2022-03-25,商贸零售,4.790051e+10,4.704186e+12,0.010182528,11.05643142177945
2022-03-25,国防军工,9.750379e+10,4.704186e+12,0.020727025,10.599585962295532
2022-03-25,基础化工,3.924059e+11,4.704186e+12,0.08341632,13.807121479022475
2022-03-25,家电,4.1777254e+10,4.704186e+12,0.008880868,11.929770230472862
2022-03-25,建材,7.9584756e+10,4.704186e+12,0.016917858,20.298051794370014
2022-03-25,建筑,1.7423059e+11,4.704186e+12,0.03703735,28.58759498634646
2022-03-25,房地产,1.6254822e+11,4.704186e+12,0.034553953,18.76828265299491
2022-03-25,有色金属,2.5805098e+11,4.704186e+12,0.054855607,12.219886025444406
2022-03-25,机械,2.5475659e+11,4.704186e+12,0.054155294,16.559641953049084
2022-03-25,汽车,1.287913e+11,4.704186e+12,0.027378019,12.432379918663125
2022-03-25,消费者服务,4.8681804e+10,4.704186e+12,0.010348613,18.599878865375853
2022-03-25,煤炭,7.740922e+10,4.704186e+12,0.016455391,9.469374278613499
2022-03-25,电力及公用事业,1.3220185e+11,4.704186e+12,0.028103022,11.567387299717597
2022-03-25,电力设备及新能源,3.9024335e+11,4.704186e+12,0.08295661,15.212223170697689
2022-03-25,电子,2.7848946e+11,4.704186e+12,0.05920035,10.968815640366378
2022-03-25,石油石化,4.570646e+10,4.704186e+12,0.009716125,12.352949796244502
2022-03-25,纺织服装,2.752035e+10,4.704186e+12,0.0058501833,11.813747279267561
2022-03-25,综合,3.2458891e+10,4.704186e+12,0.0069000013,17.832496592292078
2022-03-25,综合金融,1.7065054e+10,4.704186e+12,0.0036276316,24.364609670639037
2022-03-25,计算机,2.7110334e+11,4.704186e+12,0.057630233,20.550399212489527
2022-03-25,轻工制造,6.5104577e+10,4.704186e+12,0.013839711,14.92599933805137
2022-03-25,通信,1.2039066e+11,4.704186e+12,0.02559224,18.314850715257354
2022-03-25,钢铁,4.7522996e+10,4.704186e+12,0.010102278,7.428622040748596
2022-03-25,银行,8.7607886e+10,4.704186e+12,0.01862339,7.4745975243193765
2022-03-25,非银行金融,1.2768906e+11,4.704186e+12,0.027143707,5.529081197752469
2022-03-25,食品饮料,1.615219e+11,4.704186e+12,0.034335777,12.945747292995453
2022-04-01,交通运输,9.3628015e+10,4.5746854e+12,0.020466547,4.701968364926994
2022-04-01,传媒,1.4767125e+11,4.5746854e+12,0.032280087,9.53691741262657
2022-04-01,农林牧渔,1.5714076e+11,4.5746854e+12,0.03435007,13.395438014374426
2022-04-01,医药,7.5831175e+11,4.5746854e+12,0.1657626,12.372371537870892
2022-04-01,商贸零售,6.02576e+10,4.5746854e+12,0.013171965,6.6705262265744665
2022-04-01,国防军工,8.582734e+10,4.5746854e+12,0.018761365,5.1837524650245905
2022-04-01,基础化工,4.054915e+11,4.5746854e+12,0.08863812,7.104895092413307
2022-04-01,家电,4.4219208e+10,4.5746854e+12,0.009666065,6.255681896976093
2022-04-01,建材,7.98649e+10,4.5746854e+12,0.017458009,8.798641422096594
2022-04-01,建筑,1.5944881e+11,4.5746854e+12,0.034854595,11.556195507799426
2022-04-01,房地产,2.395249e+11,4.5746854e+12,0.05235877,13.538743585894961
2022-04-01,有色金属,2.1946909e+11,4.5746854e+12,0.047974683,5.0310315463508735
2022-04-01,机械,2.0376242e+11,4.5746854e+12,0.044541296,6.451927100820467
2022-04-01,汽车,1.1923991e+11,4.5746854e+12,0.02606516,5.133783512851268
2022-04-01,消费者服务,5.5550333e+10,4.5746854e+12,0.012142984,10.194659677252435
2022-04-01,煤炭,8.221857e+10,4.5746854e+12,0.017972508,4.690082852329526
2022-04-01,电力及公用事业,1.1034102e+11,4.5746854e+12,0.024119915,4.596147631751901
2022-04-01,电力设备及新能源,3.3437804e+11,4.5746854e+12,0.073093124,6.3030389576485115
2022-04-01,电子,2.6556883e+11,4.5746854e+12,0.058051825,4.659334964998607
2022-04-01,石油石化,3.814962e+10,4.5746854e+12,0.008339288,4.303641665571679
2022-04-01,纺织服装,2.8538081e+10,4.5746854e+12,0.006238261,6.950326366565729
2022-04-01,综合,2.8527985e+10,4.5746854e+12,0.006236054,8.274264809158113
2022-04-01,综合金融,1.4492177e+10,4.5746854e+12,0.0031679068,10.598909983038903
2022-04-01,计算机,2.258648e+11,4.5746854e+12,0.049372748,8.154676151986544
2022-04-01,轻工制造,5.9132695e+10,4.5746854e+12,0.012926068,6.8500352967785645
2022-04-01,通信,9.3932e+10,4.5746854e+12,0.020532997,7.621933901745637
2022-04-01,钢铁,4.5309465e+10,4.5746854e+12,0.009904389,3.3924489906430244
2022-04-01,银行,1.033007e+11,4.5746854e+12,0.02258094,4.964835702485981
2022-04-01,非银行金融,1.399867e+11,4.5746854e+12,0.030600289,2.8856956451807334
2022-04-01,食品饮料,1.7447503e+11,4.5746854e+12,0.038139243,6.6646304085552694
2022-04-08,交通运输,6.5616703e+10,2.779156e+12,0.023610298,7.575408577919006
2022-04-08,传媒,1.0454093e+11,2.779156e+12,0.03761607,12.910270239132037
2022-04-08,农林牧渔,7.684031e+10,2.779156e+12,0.027648794,13.629396941823265
2022-04-08,医药,3.6725283e+11,2.779156e+12,0.13214545,12.051239708651146
2022-04-08,商贸零售,4.0448295e+10,2.779156e+12,0.014554164,8.453818065211886
2022-04-08,国防军工,4.8448418e+10,2.779156e+12,0.017432781,5.923355918526649
2022-04-08,基础化工,2.4810419e+11,2.779156e+12,0.089273214,8.944590475665228
2022-04-08,家电,2.5978003e+10,2.779156e+12,0.0093474435,6.046487031507535
2022-04-08,建材,6.601069e+10,2.779156e+12,0.023752064,14.020927015646004
2022-04-08,建筑,1.3059122e+11,2.779156e+12,0.046989523,17.340302068379618
2022-04-08,房地产,1.826257e+11,2.779156e+12,0.065712646,19.514790732926183
2022-04-08,有色金属,1.2385765e+11,2.779156e+12,0.044566642,6.074939353544204
2022-04-08,机械,1.3325019e+11,2.779156e+12,0.047946278,7.973621235753613
2022-04-08,汽车,7.4193764e+10,2.779156e+12,0.026696509,7.266913842071187
2022-04-08,消费者服务,4.326039e+10,2.779156e+12,0.0155660175,16.959629690437986
2022-04-08,煤炭,4.7900455e+10,2.779156e+12,0.017235612,5.996131457601275
2022-04-08,电力及公用事业,6.496794e+10,2.779156e+12,0.023376858,5.213113681325373
2022-04-08,电力设备及新能源,1.8187987e+11,2.779156e+12,0.065444276,7.020620003129754
2022-04-08,电子,1.5896073e+11,2.779156e+12,0.05719748,5.84477261465541
2022-04-08,石油石化,2.3646362e+10,2.779156e+12,0.008508468,5.315877073754867
2022-04-08,纺织服装,1.4302165e+10,2.779156e+12,0.005146226,6.394570495580372
2022-04-08,综合,1.5057711e+10,2.779156e+12,0.005418088,9.911355592586377
2022-04-08,综合金融,9.90473e+09,2.779156e+12,0.0035639345,16.513089621067046
2022-04-08,计算机,1.3522588e+11,2.779156e+12,0.04865717,9.81695536305507
2022-04-08,轻工制造,3.56266e+10,2.779156e+12,0.012819215,8.03544727131112
2022-04-08,通信,5.0560127e+10,2.779156e+12,0.01819262,7.90998558851622
2022-04-08,钢铁,5.960252e+10,2.779156e+12,0.021446265,8.597610099315643
2022-04-08,银行,8.021082e+10,2.779156e+12,0.028861575,10.765407169149036
2022-04-08,非银行金融,8.7065215e+10,2.779156e+12,0.031327933,3.634604353835617
2022-04-08,食品饮料,8.275705e+10,2.779156e+12,0.029777763,7.11123198223114
2022-04-15,交通运输,1.6417078e+11,4.496271e+12,0.036512654,24.2583469896235
2022-04-15,传媒,1.25158064e+11,4.496271e+12,0.02783597,15.619035501842914
2022-04-15,农林牧渔,1.4251803e+11,4.496271e+12,0.03169694,23.791124926569562
2022-04-15,医药,5.4560234e+11,4.496271e+12,0.12134553,16.822785363246204
2022-04-15,商贸零售,9.3094584e+10,4.496271e+12,0.020704843,19.111866651262556
2022-04-15,国防军工,7.466007e+10,4.496271e+12,0.016604887,9.807895127534866
2022-04-15,基础化工,4.1484468e+11,4.496271e+12,0.09226417,14.337001127749682
2022-04-15,家电,4.5062894e+10,4.496271e+12,0.010022282,12.99527313818152
2022-04-15,建材,8.9526714e+10,4.496271e+12,0.019911326,20.31269621996232
2022-04-15,建筑,2.0254605e+11,4.496271e+12,0.045047566,29.07905802572927
2022-04-15,房地产,2.307382e+11,4.496271e+12,0.051317684,25.031506516517847
2022-04-15,有色金属,2.4823054e+11,4.496271e+12,0.055208094,11.942890907897324
2022-04-15,机械,2.1060374e+11,4.496271e+12,0.046839647,13.16282527923584
2022-04-15,汽车,1.1370724e+11,4.496271e+12,0.025289232,11.270167540420186
2022-04-15,消费者服务,8.155252e+10,4.496271e+12,0.018137814,28.795896448587115
2022-04-15,煤炭,1.2466318e+11,4.496271e+12,0.027725905,16.201214272635323
2022-04-15,电力及公用事业,1.0544992e+11,4.496271e+12,0.023452751,8.850682611056897
2022-04-15,电力设备及新能源,2.838595e+11,4.496271e+12,0.063132204,10.274159304371901
2022-04-15,电子,2.4649271e+11,4.496271e+12,0.054821588,9.111556853445293
2022-04-15,石油石化,4.1698492e+10,4.496271e+12,0.009274017,8.468647844468554
2022-04-15,纺织服装,2.2212129e+10,4.496271e+12,0.0049401224,10.236816851088875
2022-04-15,综合,1.9243055e+10,4.496271e+12,0.004279781,14.955829594974164
2022-04-15,综合金融,1.279493e+10,4.496271e+12,0.0028456762,26.00065975189209
2022-04-15,计算机,1.7240254e+11,4.496271e+12,0.038343452,13.302808678050836
2022-04-15,轻工制造,5.0682913e+10,4.496271e+12,0.011272211,11.181167736649513
2022-04-15,通信,6.3672308e+10,4.496271e+12,0.014161137,10.126619508710958
2022-04-15,钢铁,8.136105e+10,4.496271e+12,0.018095229,13.2202339553833
2022-04-15,银行,9.867081e+10,4.496271e+12,0.021945033,11.356392847640175
2022-04-15,非银行金融,1.7015554e+11,4.496271e+12,0.037843704,7.6325013939885125
2022-04-15,食品饮料,2.2005439e+11,4.496271e+12,0.048941534,18.311613726615906
2022-04-22,交通运输,1.1296539e+11,3.9588835e+12,0.028534658,17.591752990188763
2022-04-22,传媒,9.594938e+10,3.9588835e+12,0.024236476,12.844126884056175
2022-04-22,农林牧渔,1.7854747e+11,3.9588835e+12,0.04510046,27.937251033571858
2022-04-22,医药,4.472422e+11,3.9588835e+12,0.112971805,13.96710340451271
2022-04-22,商贸零售,8.746495e+10,3.9588835e+12,0.022093339,18.2645714646294
2022-04-22,国防军工,6.6412687e+10,3.9588835e+12,0.01677561,8.954921119213104
2022-04-22,基础化工,3.4898438e+11,3.9588835e+12,0.08815222,13.479517686456797
2022-04-22,家电,3.8267367e+10,3.9588835e+12,0.009666202,11.97732443190538
2022-04-22,建材,5.709986e+10,3.9588835e+12,0.014423224,14.213085059766415
2022-04-22,建筑,1.16688675e+11,3.9588835e+12,0.029475147,16.933089621989957
2022-04-22,房地产,1.7002868e+11,3.9588835e+12,0.042948645,18.982554995685543
2022-04-22,有色金属,1.8479561e+11,3.9588835e+12,0.04667872,9.671001689355881
2022-04-22,机械,1.84985e+11,3.9588835e+12,0.04672656,12.72928978417924
2022-04-22,汽车,1.4355574e+11,3.9588835e+12,0.036261674,18.368791431472417
2022-04-22,消费者服务,5.4400532e+10,3.9588835e+12,0.013741382,21.360831586938154
2022-04-22,煤炭,1.0551956e+11,3.9588835e+12,0.02665387,17.319217136928014
2022-04-22,电力及公用事业,1.1382936e+11,3.9588835e+12,0.028752895,10.417979015444601
2022-04-22,电力设备及新能源,2.925544e+11,3.9588835e+12,0.07389821,11.140475074803701
2022-04-22,电子,2.5713064e+11,3.9588835e+12,0.064950295,10.813638431584248
2022-04-22,石油石化,5.986011e+10,3.9588835e+12,0.015120453,10.921683759105449
2022-04-22,纺织服装,3.6100637e+10,3.9588835e+12,0.009118893,17.24211893960049
2022-04-22,综合,1.7078423e+10,3.9588835e+12,0.0043139495,13.72419622209337
2022-04-22,综合金融,8.461112e+09,3.9588835e+12,0.002137247,18.208670473098756
2022-04-22,计算机,1.5959425e+11,3.9588835e+12,0.040312946,13.770559102445345
2022-04-22,轻工制造,4.750964e+10,3.9588835e+12,0.0120007675,11.363721162897267
2022-04-22,通信,5.399063e+10,3.9588835e+12,0.013637843,8.743334765151396
2022-04-22,钢铁,6.550617e+10,3.9588835e+12,0.016546628,12.116103897094726
2022-04-22,银行,1.1667433e+11,3.9588835e+12,0.029471524,8.424278694958915
2022-04-22,非银行金融,1.3377748e+11,3.9588835e+12,0.03379172,6.632472387690475
2022-04-22,食品饮料,2.0312618e+11,3.9588835e+12,0.051308956,23.86300082397461
2022-04-29,交通运输,1.1012419e+11,4.432784e+12,0.02484312,15.497403400934349
2022-04-29,传媒,9.8187936e+10,4.432784e+12,0.022150397,13.92494275258935
2022-04-29,农林牧渔,1.1187698e+11,4.432784e+12,0.025238534,18.30609902087599
2022-04-29,医药,5.1301856e+11,4.432784e+12,0.115732804,17.629199322516268
2022-04-29,商贸零售,7.981578e+10,4.432784e+12,0.018005788,17.69103914896647
2022-04-29,国防军工,8.3991355e+10,4.432784e+12,0.018947765,10.762097058296204
2022-04-29,基础化工,3.4883735e+11,4.432784e+12,0.078694865,14.856752644050149
2022-04-29,家电,5.758092e+10,4.432784e+12,0.012989786,15.87697438321536
2022-04-29,建材,7.24338e+10,4.432784e+12,0.016340476,17.67653834083934
2022-04-29,建筑,1.8579741e+11,4.432784e+12,0.04191438,27.892163363195234
2022-04-29,房地产,1.6243619e+11,4.432784e+12,0.03664428,18.89403944606081
2022-04-29,有色金属,2.340915e+11,4.432784e+12,0.052809134,12.46851646900177
2022-04-29,机械,2.0794581e+11,4.432784e+12,0.04691088,15.650772805258914
2022-04-29,汽车,1.353237e+11,4.432784e+12,0.030527923,15.328515762090683
2022-04-29,消费者服务,4.9552286e+10,4.432784e+12,0.011178592,18.068673754993238
2022-04-29,煤炭,9.353995e+10,4.432784e+12,0.021101851,15.425411370822362
2022-04-29,电力及公用事业,1.4222213e+11,4.432784e+12,0.032084152,14.2353670425989
2022-04-29,电力设备及新能源,3.57039e+11,4.432784e+12,0.08054509,13.995871596936638
2022-04-29,电子,3.094708e+11,4.432784e+12,0.069814086,13.563375575877316
2022-04-29,石油石化,7.946748e+10,4.432784e+12,0.017927216,12.178430633277308
2022-04-29,纺织服装,5.0733638e+10,4.432784e+12,0.011445095,31.51078292570616
2022-04-29,综合,1.9359255e+10,4.432784e+12,0.00436729,16.342803628356368
2022-04-29,综合金融,8.866814e+09,4.432784e+12,0.002000281,21.960769987106325
2022-04-29,计算机,1.7994028e+11,4.432784e+12,0.04059306,15.163917896825055
2022-04-29,轻工制造,4.923006e+10,4.432784e+12,0.011105901,14.540634218348215
2022-04-29,通信,7.097694e+10,4.432784e+12,0.01601182,11.435111882322925
2022-04-29,钢铁,5.628131e+10,4.432784e+12,0.012696604,10.435103964805602
2022-04-29,银行,1.3739596e+11,4.432784e+12,0.03099541,9.726969111533393
2022-04-29,非银行金融,1.8358914e+11,4.432784e+12,0.041416213,9.612247752106708
2022-04-29,食品饮料,2.426819e+11,4.432784e+12,0.05474706,19.1567966966629
2022-05-06,交通运输,4.675682e+10,1.6526297e+12,0.028292375,6.168937241595428
2022-05-06,传媒,3.688137e+10,1.6526297e+12,0.022316778,4.854402867166082
2022-05-06,农林牧渔,3.8460023e+10,1.6526297e+12,0.023272015,6.167485428741202
2022-05-06,医药,2.1191654e+11,1.6526297e+12,0.1282299,7.2188636027107185
2022-05-06,商贸零售,3.591627e+10,1.6526297e+12,0.0217328,8.082120022426048
2022-05-06,国防军工,3.922205e+10,1.6526297e+12,0.023733115,4.617619014978409
2022-05-06,基础化工,1.30107376e+11,1.6526297e+12,0.078727484,5.181992787688278
2022-05-06,家电,2.6215029e+10,1.6526297e+12,0.015862616,6.587525543832714
2022-05-06,建材,2.6383892e+10,1.6526297e+12,0.015964793,6.960651850258863
2022-05-06,建筑,6.913914e+10,1.6526297e+12,0.04183583,9.808739263780655
2022-05-06,房地产,6.917834e+10,1.6526297e+12,0.041859556,7.603443101185177
2022-05-06,有色金属,8.179313e+10,1.6526297e+12,0.049492713,3.680423780542905
2022-05-06,机械,7.48283e+10,1.6526297e+12,0.045278322,5.777060210283072
2022-05-06,汽车,5.4870176e+10,1.6526297e+12,0.033201735,5.119524299140488
2022-05-06,消费者服务,1.6757145e+10,1.6526297e+12,0.010139685,6.095975418068599
2022-05-06,煤炭,3.2459534e+10,1.6526297e+12,0.019641142,5.330365717411041
2022-05-06,电力及公用事业,5.258098e+10,1.6526297e+12,0.031816553,5.342862494151901
2022-05-06,电力设备及新能源,1.3179873e+11,1.6526297e+12,0.07975091,4.894868814934653
2022-05-06,电子,1.1402849e+11,1.6526297e+12,0.06899821,4.299479607395192
2022-05-06,石油石化,3.1018287e+10,1.6526297e+12,0.018769048,4.720191692819401
2022-05-06,纺织服装,1.7125303e+10,1.6526297e+12,0.010362457,9.107355720902744
2022-05-06,综合,7.1352847e+09,1.6526297e+12,0.0043175337,5.8740889264477625
2022-05-06,综合金融,3.817003e+09,1.6526297e+12,0.0023096541,6.347039703652262
2022-05-06,计算机,7.274982e+10,1.6526297e+12,0.04402064,6.242800606840247
2022-05-06,轻工制造,1.762675e+10,1.6526297e+12,0.0106658805,4.9770438504749785
2022-05-06,通信,2.2979779e+10,1.6526297e+12,0.013904978,3.935246211210532
2022-05-06,钢铁,1.9247712e+10,1.6526297e+12,0.011646718,3.227509993314743
2022-05-06,银行,3.9644676e+10,1.6526297e+12,0.023988845,2.8777214281615757
2022-05-06,非银行金融,4.9549505e+10,1.6526297e+12,0.029982219,2.4601434678703114
2022-05-06,食品饮料,8.209518e+10,1.6526297e+12,0.049675483,5.829089581251145
2022-05-13,交通运输,1.1202468e+11,4.1527817e+12,0.026975818,16.214804249799858
2022-05-13,传媒,9.113605e+10,4.1527817e+12,0.021945784,13.201510898930872
2022-05-13,农林牧渔,9.5202075e+10,4.1527817e+12,0.022924893,15.345856297761202
2022-05-13,医药,5.5735865e+11,4.1527817e+12,0.13421333,18.533106767589395
2022-05-13,商贸零售,9.640059e+10,4.1527817e+12,0.023213498,22.546281861123585
2022-05-13,国防军工,8.114756e+10,4.1527817e+12,0.019540532,9.764479057788849
2022-05-13,基础化工,3.0696332e+11,4.1527817e+12,0.073917516,12.496046527037544
2022-05-13,家电,4.789963e+10,4.1527817e+12,0.011534348,13.541978154426966
2022-05-13,建材,6.584707e+10,4.1527817e+12,0.015856136,17.321860556249266
2022-05-13,建筑,2.2167214e+11,4.1527817e+12,0.053379197,34.69855666006765
2022-05-13,房地产,1.7037656e+11,4.1527817e+12,0.04102709,19.3241450655351
2022-05-13,有色金属,2.076523e+11,4.1527817e+12,0.050003182,9.720112287118786
2022-05-13,机械,1.9669248e+11,4.1527817e+12,0.04736403,14.925059840728558
2022-05-13,汽车,1.6488705e+11,4.1527817e+12,0.039705206,14.585583824399523
2022-05-13,消费者服务,3.939218e+10,4.1527817e+12,0.009485733,15.31252804346252
2022-05-13,煤炭,7.486753e+10,4.1527817e+12,0.018028285,11.247982828957694
2022-05-13,电力及公用事业,1.5083158e+11,4.1527817e+12,0.03632061,14.828204627390262
2022-05-13,电力设备及新能源,3.328073e+11,4.1527817e+12,0.080140814,13.75332220725373
2022-05-13,电子,3.1443324e+11,4.1527817e+12,0.075716294,11.685766450725918
2022-05-13,石油石化,6.366457e+10,4.1527817e+12,0.015330585,12.626075419844414
2022-05-13,纺织服装,3.7376995e+10,4.1527817e+12,0.009000472,20.887678818953663
2022-05-13,综合,2.2513648e+10,4.1527817e+12,0.0054213414,15.583803722152004
2022-05-13,综合金融,1.038043e+10,4.1527817e+12,0.002499633,20.575370049476625
2022-05-13,计算机,1.6135492e+11,4.1527817e+12,0.038854662,14.153655291195737
2022-05-13,轻工制造,5.620041e+10,4.1527817e+12,0.013533196,13.845743893148148
2022-05-13,通信,5.8765103e+10,4.1527817e+12,0.014150781,10.16472602641883
2022-05-13,钢铁,4.4052165e+10,4.1527817e+12,0.010607869,8.131229939460754
2022-05-13,银行,8.349864e+10,4.1527817e+12,0.020106677,5.577107154187702
2022-05-13,非银行金融,1.1122375e+11,4.1527817e+12,0.026782952,5.463011642944986
2022-05-13,食品饮料,1.7518715e+11,4.1527817e+12,0.042185493,13.336666403770447
2022-05-20,交通运输,1.15778224e+11,4.0501434e+12,0.028586203,13.731272181211892
2022-05-20,传媒,8.905445e+10,4.0501434e+12,0.021987975,12.939686233582703
2022-05-20,农林牧渔,1.2381602e+11,4.0501434e+12,0.030570773,20.254214339649554
2022-05-20,医药,4.5053172e+11,4.0501434e+12,0.111238465,14.814059336709867
2022-05-20,商贸零售,8.4231274e+10,4.0501434e+12,0.02079711,20.664930345898583
2022-05-20,国防军工,7.132178e+10,4.0501434e+12,0.017609693,8.832141938209533
2022-05-20,基础化工,3.2524626e+11,4.0501434e+12,0.080304876,11.539181442622965
2022-05-20,家电,4.1466896e+10,4.0501434e+12,0.010238377,11.629374429028339
2022-05-20,建材,7.258144e+10,4.0501434e+12,0.017920708,15.590661649350766
2022-05-20,建筑,1.7892517e+11,4.0501434e+12,0.04417749,28.784472737773772
2022-05-20,房地产,1.7161706e+11,4.0501434e+12,0.042373084,21.019382611327217
2022-05-20,有色金属,2.2956175e+11,4.0501434e+12,0.056679904,10.535457400024914
2022-05-20,机械,1.9658457e+11,4.0501434e+12,0.048537683,13.595436307108784
2022-05-20,汽车,2.1255868e+11,4.0501434e+12,0.052481767,18.6793208829882
2022-05-20,消费者服务,3.884301e+10,4.0501434e+12,0.009590527,16.291461441600532
2022-05-20,煤炭,8.114977e+10,4.0501434e+12,0.02003627,12.475114342144558
2022-05-20,电力及公用事业,1.3248245e+11,4.0501434e+12,0.032710556,12.03358282742125
2022-05-20,电力设备及新能源,3.6907408e+11,4.0501434e+12,0.091126174,14.06075941631735
2022-05-20,电子,2.9519285e+11,4.0501434e+12,0.072884545,10.940072005619742
2022-05-20,石油石化,5.401466e+10,4.0501434e+12,0.013336481,11.081720187955973
2022-05-20,纺织服装,3.771318e+10,4.0501434e+12,0.009311566,17.47488126779596
2022-05-20,综合,2.4201187e+10,4.0501434e+12,0.0059753903,15.028266562355888
2022-05-20,综合金融,8.668712e+09,4.0501434e+12,0.002140347,19.67271065711975
2022-05-20,计算机,1.4843e+11,4.0501434e+12,0.036648083,13.543960048027165
2022-05-20,轻工制造,4.796744e+10,4.0501434e+12,0.011843394,11.496305330567164
2022-05-20,通信,5.659665e+10,4.0501434e+12,0.013973987,10.416259588814583
2022-05-20,钢铁,3.658313e+10,4.0501434e+12,0.009032551,6.398193910121917
2022-05-20,银行,8.374615e+10,4.0501434e+12,0.02067733,5.03790956735611
2022-05-20,非银行金融,1.03844725e+11,4.0501434e+12,0.025639765,4.615934742317683
2022-05-20,食品饮料,1.672819e+11,4.0501434e+12,0.04130271,12.437938051091301
2022-05-27,交通运输,1.277301e+11,4.2242828e+12,0.030237108,13.468118651438568
2022-05-27,传媒,1.1650394e+11,4.2242828e+12,0.027579578,18.56643770440765
2022-05-27,农林牧渔,1.214324e+11,4.2242828e+12,0.028746277,19.484046464728326
2022-05-27,医药,4.3477628e+11,4.2242828e+12,0.1029231,14.339822464856972
2022-05-27,商贸零售,7.455525e+10,4.2242828e+12,0.01764921,17.05400105033602
2022-05-27,国防军工,1.0001302e+11,4.2242828e+12,0.02367574,11.367448925971985
2022-05-27,基础化工,3.513833e+11,4.2242828e+12,0.08318176,11.982128181695398
2022-05-27,家电,5.163469e+10,4.2242828e+12,0.012223303,12.989408864079728
2022-05-27,建材,6.1362962e+10,4.2242828e+12,0.014526244,15.132157952697188
2022-05-27,建筑,1.7205934e+11,4.2242828e+12,0.04073102,25.919944382098414
2022-05-27,房地产,1.18977855e+11,4.2242828e+12,0.028165221,14.556302750329358
2022-05-27,有色金属,2.6682011e+11,4.2242828e+12,0.06316341,12.898380361619543
2022-05-27,机械,2.2168905e+11,4.2242828e+12,0.05247969,13.706267448047461
2022-05-27,汽车,2.5493624e+11,4.2242828e+12,0.060350183,22.504859892124276
2022-05-27,消费者服务,4.369075e+10,4.2242828e+12,0.010342762,16.562870264053345
2022-05-27,煤炭,1.0140389e+11,4.2242828e+12,0.024004996,15.381865698950632
2022-05-27,电力及公用事业,1.3267441e+11,4.2242828e+12,0.03140756,12.074607358762512
2022-05-27,电力设备及新能源,3.807023e+11,4.2242828e+12,0.09012235,15.817966501267863
2022-05-27,电子,2.8661698e+11,4.2242828e+12,0.06784985,12.20581333209639
2022-05-27,石油石化,6.8260483e+10,4.2242828e+12,0.01615907,11.775310170893766
2022-05-27,纺织服装,3.1393268e+10,4.2242828e+12,0.0074316207,13.935565682748953
2022-05-27,综合,2.633863e+10,4.2242828e+12,0.0062350538,18.353385163678062
2022-05-27,综合金融,6.43758e+09,4.2242828e+12,0.0015239462,14.620780062675475
2022-05-27,计算机,1.5780428e+11,4.2242828e+12,0.037356466,14.010865151392002
2022-05-27,轻工制造,4.863153e+10,4.2242828e+12,0.011512375,11.380634961675291
2022-05-27,通信,6.346439e+10,4.2242828e+12,0.015023708,11.452574092149735
2022-05-27,钢铁,5.1736654e+10,4.2242828e+12,0.012247441,8.467970066070556
2022-05-27,银行,6.832701e+10,4.2242828e+12,0.01617482,4.751426244065875
2022-05-27,非银行金融,1.0640801e+11,4.2242828e+12,0.025189605,5.132431863226753
2022-05-27,食品饮料,1.7518518e+11,4.2242828e+12,0.04147099,17.39923887120353
2022-06-03,交通运输,,,,4.907520289580195
2022-06-03,传媒,,,,7.2102735740119135
2022-06-03,农林牧渔,,,,8.577713555345932
2022-06-03,医药,,,,4.728435392552763
2022-06-03,商贸零售,,,,5.996829505690506
2022-06-03,国防军工,,,,5.373514966964722
2022-06-03,基础化工,,,,5.148455206228762
2022-06-03,家电,,,,5.672951281919509
2022-06-03,建材,,,,6.006319760172455
2022-06-03,建筑,,,,9.024373603395878
2022-06-03,房地产,,,,5.1903055057339715
2022-06-03,有色金属,,,,4.29682912408817
2022-06-03,机械,,,,6.458728317102997
2022-06-03,汽车,,,,9.122025268222645
2022-06-03,消费者服务,,,,8.918635978510505
2022-06-03,煤炭,,,,4.662509970579829
2022-06-03,电力及公用事业,,,,4.810414102756315
2022-06-03,电力设备及新能源,,,,7.0024738614858775
2022-06-03,电子,,,,6.571644835376545
2022-06-03,石油石化,,,,6.314790863467723
2022-06-03,纺织服装,,,,5.39927864059185
2022-06-03,综合,,,,6.258925777618532
2022-06-03,综合金融,,,,4.990580004453659
2022-06-03,计算机,,,,6.176107384754639
2022-06-03,轻工制造,,,,4.748911644880698
2022-06-03,通信,,,,4.833272481399278
2022-06-03,钢铁,,,,3.143531024158001
2022-06-03,银行,,,,1.6824702475929545
2022-06-03,非银行金融,,,,1.7384181026423322
2022-06-03,食品饮料,,,,6.887288925193605
2022-06-10,交通运输,1.239306e+11,5.260695e+12,0.023557838,11.569943178003117
2022-06-10,传媒,1.0161218e+11,5.260695e+12,0.019315355,13.944610173287598
2022-06-10,农林牧渔,1.2237586e+11,5.260695e+12,0.0232623,17.273631188397605
2022-06-10,医药,4.5818416e+11,5.260695e+12,0.08709575,14.248987739994412
2022-06-10,商贸零售,7.1388774e+10,5.260695e+12,0.013570218,14.233030580338978
2022-06-10,国防军工,1.2105983e+11,5.260695e+12,0.023012137,13.407614842499838
2022-06-10,基础化工,5.082378e+11,5.260695e+12,0.0966104,16.627331250649192
2022-06-10,家电,5.6068428e+10,5.260695e+12,0.010657989,13.238150657856796
2022-06-10,建材,7.809077e+10,5.260695e+12,0.014844194,17.492142182809335
2022-06-10,建筑,1.6585025e+11,5.260695e+12,0.0315263,20.660896675048335
2022-06-10,房地产,1.0681422e+11,5.260695e+12,0.020304203,11.516219227685841
2022-06-10,有色金属,3.5165035e+11,5.260695e+12,0.06684485,15.737723707175645
2022-06-10,机械,2.7429044e+11,5.260695e+12,0.052139584,17.01568087907647
2022-06-10,汽车,3.038543e+11,5.260695e+12,0.057759345,24.22499681605357
2022-06-10,消费者服务,4.9106563e+10,5.260695e+12,0.009334615,16.557352501049376
2022-06-10,煤炭,1.1863483e+11,5.260695e+12,0.022551171,16.992539940561567
2022-06-10,电力及公用事业,1.7342949e+11,5.260695e+12,0.03296703,12.833242141814143
2022-06-10,电力设备及新能源,5.559825e+11,5.260695e+12,0.105686136,19.936636209906194
2022-06-10,电子,4.2136325e+11,5.260695e+12,0.080096506,16.918380575395517
2022-06-10,石油石化,8.542073e+10,5.260695e+12,0.016237538,18.34578778062548
2022-06-10,纺织服装,2.737067e+10,5.260695e+12,0.0052028624,11.68344891195496
2022-06-10,综合,3.5812815e+10,5.260695e+12,0.0068076206,19.727607104513382
2022-06-10,综合金融,7.916035e+09,5.260695e+12,0.0015047509,15.032659935951234
2022-06-10,计算机,2.2624682e+11,5.260695e+12,0.043007024,16.77973289366223
2022-06-10,轻工制造,5.474533e+10,5.260695e+12,0.010406483,11.937733621527887
2022-06-10,通信,7.114733e+10,5.260695e+12,0.013524322,11.764457479616006
2022-06-10,钢铁,6.922212e+10,5.260695e+12,0.013158361,16.132256893550647
2022-06-10,银行,1.01897265e+11,5.260695e+12,0.019369544,7.442916737425895
2022-06-10,非银行金融,2.0388605e+11,5.260695e+12,0.038756486,8.316407331953878
2022-06-10,食品饮料,2.1390775e+11,5.260695e+12,0.040661503,14.342588128551604
2022-06-17,交通运输,1.12963895e+11,5.632746e+12,0.020054854,9.928647425720246
2022-06-17,传媒,1.24447965e+11,5.632746e+12,0.02209366,15.806345522403717
2022-06-17,农林牧渔,1.3416379e+11,5.632746e+12,0.023818541,17.900553092360497
2022-06-17,医药,4.0960233e+11,5.632746e+12,0.072718054,11.965438067237265
2022-06-17,商贸零售,6.235091e+10,5.632746e+12,0.011069363,13.107700928052266
2022-06-17,国防军工,1.1437064e+11,5.632746e+12,0.020304598,11.266023789301958
2022-06-17,基础化工,5.8761354e+11,5.632746e+12,0.10432097,17.734094579141956
2022-06-17,家电,6.466703e+10,5.632746e+12,0.011480552,12.877526619766332
2022-06-17,建材,7.870992e+10,5.632746e+12,0.013973633,16.531539490193495
2022-06-17,建筑,1.3822684e+11,5.632746e+12,0.02453987,16.61423805375253
2022-06-17,房地产,1.0231835e+11,5.632746e+12,0.018164916,10.505967834673891
2022-06-17,有色金属,3.7930838e+11,5.632746e+12,0.067339875,18.19986396246269
2022-06-17,机械,2.8422524e+11,5.632746e+12,0.05045945,15.183121198382457
2022-06-17,汽车,3.7509713e+11,5.632746e+12,0.06659223,25.73855060338974
2022-06-17,消费者服务,6.1727453e+10,5.632746e+12,0.010958679,24.151115542963932
2022-06-17,煤炭,1.2586123e+11,5.632746e+12,0.022344561,18.62527139527457
2022-06-17,电力及公用事业,1.5989254e+11,5.632746e+12,0.028386252,11.265000921984514
2022-06-17,电力设备及新能源,5.65855e+11,5.632746e+12,0.10045811,18.832932906401783
2022-06-17,电子,4.195454e+11,5.632746e+12,0.07448328,14.83408708570374
2022-06-17,石油石化,1.0055133e+11,5.632746e+12,0.01785121,18.731112112804336
2022-06-17,纺织服装,2.9941582e+10,5.632746e+12,0.005315628,13.885406353821358
2022-06-17,综合,3.6359844e+10,5.632746e+12,0.0064550834,19.90605538641965
2022-06-17,综合金融,1.2896895e+10,5.632746e+12,0.0022896284,20.990300130844116
2022-06-17,计算机,2.294384e+11,5.632746e+12,0.04073296,17.004024556914313
2022-06-17,轻工制造,6.422124e+10,5.632746e+12,0.011401409,13.018749987425869
2022-06-17,通信,8.026021e+10,5.632746e+12,0.014248861,11.941963305572669
2022-06-17,钢铁,6.777713e+10,5.632746e+12,0.012032698,13.612098069751964
2022-06-17,银行,1.1539508e+11,5.632746e+12,0.02048647,11.734754844080834
2022-06-17,非银行金融,3.8602867e+11,5.632746e+12,0.068532944,15.113700014093649
2022-06-17,食品饮料,2.0740804e+11,5.632746e+12,0.036821835,13.816452421839275
2022-06-24,交通运输,9.691788e+10,5.456499e+12,0.017761916,8.529965221376742
2022-06-24,传媒,1.1391864e+11,5.456499e+12,0.020877607,14.806551575660706
2022-06-24,农林牧渔,1.0506519e+11,5.456499e+12,0.019255055,13.852539590249458
2022-06-24,医药,4.6310988e+11,5.456499e+12,0.08487308,13.736777532398024
2022-06-24,商贸零售,5.269501e+10,5.456499e+12,0.009657294,11.530217144035158
2022-06-24,国防军工,1.36445985e+11,5.456499e+12,0.025006142,14.777793192627406
2022-06-24,基础化工,5.174944e+11,5.456499e+12,0.094840005,17.13223644555285
2022-06-24,家电,9.198524e+10,5.456499e+12,0.016857922,17.69022157645631
2022-06-24,建材,8.0913916e+10,5.456499e+12,0.014828906,16.060055556120695
2022-06-24,建筑,1.16660494e+11,5.456499e+12,0.0213801,15.256842585917441
2022-06-24,房地产,1.00240376e+11,5.456499e+12,0.018370822,10.482598182258256
2022-06-24,有色金属,3.6694268e+11,5.456499e+12,0.06724874,18.33477219010963
2022-06-24,机械,3.4998164e+11,5.456499e+12,0.06414033,18.54708135307387
2022-06-24,汽车,3.6425964e+11,5.456499e+12,0.06675702,28.963155086234558
2022-06-24,消费者服务,6.3447757e+10,5.456499e+12,0.011627924,23.292517392258894
2022-06-24,煤炭,9.670074e+10,5.456499e+12,0.017722122,13.05939417566572
2022-06-24,电力及公用事业,1.4516742e+11,5.456499e+12,0.026604498,10.45293846891986
2022-06-24,电力设备及新能源,6.5680946e+11,5.456499e+12,0.12037195,23.436669633105083
2022-06-24,电子,4.7666286e+11,5.456499e+12,0.0873569,16.942207874458383
2022-06-24,石油石化,6.3880753e+10,5.456499e+12,0.011707278,10.270390025377274
2022-06-24,纺织服装,2.5254326e+10,5.456499e+12,0.004628302,11.560553140938282
2022-06-24,综合,3.1713532e+10,5.456499e+12,0.0058120657,16.837325833461904
2022-06-24,综合金融,7.689374e+09,5.456499e+12,0.0014092139,11.935520267486572
2022-06-24,计算机,2.2712754e+11,5.456499e+12,0.041625142,16.678941233290566
2022-06-24,轻工制造,5.79559e+10,5.456499e+12,0.010621444,12.768300700147135
2022-06-24,通信,7.946067e+10,5.456499e+12,0.014562574,12.098450882732868
2022-06-24,钢铁,7.2319975e+10,5.456499e+12,0.013253915,10.980205982339148
2022-06-24,银行,7.858782e+10,5.456499e+12,0.014402609,5.274959514538447
2022-06-24,非银行金融,2.1794721e+11,5.456499e+12,0.03994268,8.211925994658817
2022-06-24,食品饮料,1.967743e+11,5.456499e+12,0.03606237,12.526866687195641
2022-07-01,交通运输,1.1288591e+11,5.957395e+12,0.018948872,4.5534678146053675
2022-07-01,传媒,1.1521361e+11,5.957395e+12,0.019339595,7.335846384636302
2022-07-01,农林牧渔,1.14486936e+11,5.957395e+12,0.019217618,6.819978380671789
2022-07-01,医药,4.5063235e+11,5.957395e+12,0.07564252,6.618769003946452
2022-07-01,商贸零售,6.855862e+10,5.957395e+12,0.011508154,6.713977144871439
2022-07-01,国防军工,1.4069429e+11,5.957395e+12,0.023616748,7.993289768041634
2022-07-01,基础化工,5.82786e+11,5.957395e+12,0.09782565,9.401987648165125
2022-07-01,家电,8.679733e+10,5.957395e+12,0.014569678,10.03689170899878
2022-07-01,建材,9.386703e+10,5.957395e+12,0.01575639,8.939948708462863
2022-07-01,建筑,1.3675339e+11,5.957395e+12,0.022955233,9.261455155848976
2022-07-01,房地产,1.1862684e+11,5.957395e+12,0.019912535,5.978179835603324
2022-07-01,有色金属,3.8322117e+11,5.957395e+12,0.06432697,9.113706164611656
2022-07-01,机械,4.1104458e+11,5.957395e+12,0.06899737,10.576286626402357
2022-07-01,汽车,4.3067467e+11,5.957395e+12,0.07229245,13.735816951018087
2022-07-01,消费者服务,1.02226936e+11,5.957395e+12,0.01715967,16.84688767215662
2022-07-01,煤炭,9.6668025e+10,5.957395e+12,0.01622656,6.091378597702299
2022-07-01,电力及公用事业,1.5713296e+11,5.957395e+12,0.02637612,6.325999762380013
2022-07-01,电力设备及新能源,6.700791e+11,5.957395e+12,0.11247855,11.077584625358556
2022-07-01,电子,5.900748e+11,5.957395e+12,0.099049136,10.128486508380385
2022-07-01,石油石化,5.7804276e+10,5.957395e+12,0.009702945,6.309159941338002
2022-07-01,纺织服装,3.0971294e+10,5.957395e+12,0.005198798,6.583174959601213
2022-07-01,综合,2.846174e+10,5.957395e+12,0.004777548,8.855088887943161
2022-07-01,综合金融,6.2424166e+09,5.957395e+12,0.0010478434,5.277450087666511
2022-07-01,计算机,2.3023269e+11,5.957395e+12,0.038646538,7.936691642044952
2022-07-01,轻工制造,6.360652e+10,5.957395e+12,0.010676902,6.517680959015781
2022-07-01,通信,9.3568434e+10,5.957395e+12,0.015706267,7.152683367331822
2022-07-01,钢铁,5.9774042e+10,5.957395e+12,0.010033587,5.592416662941961
2022-07-01,银行,9.066183e+10,5.957395e+12,0.015218369,2.2828618766119084
2022-07-01,非银行金融,1.8302897e+11,5.957395e+12,0.030722989,3.5507383971488564
2022-07-01,食品饮料,2.488358e+11,5.957395e+12,0.04176923,9.564943658572341
2022-07-08,交通运输,9.6661545e+10,5.4608616e+12,0.017700786,7.450655097173432
2022-07-08,传媒,8.027933e+10,5.4608616e+12,0.014700854,10.41911812623342
2022-07-08,农林牧渔,1.4166883e+11,5.4608616e+12,0.025942577,15.249894876455523
2022-07-08,医药,4.9048515e+11,5.4608616e+12,0.08981827,14.045684070200533
2022-07-08,商贸零售,5.060204e+10,5.4608616e+12,0.00926631,10.045804827553885
2022-07-08,国防军工,1.3646631e+11,5.4608616e+12,0.024989886,14.795711532379817
2022-07-08,基础化工,6.0575855e+11,5.4608616e+12,0.110927284,15.925173706017183
2022-07-08,家电,6.453529e+10,5.4608616e+12,0.011817785,16.453330799555168
2022-07-08,建材,6.6222838e+10,5.4608616e+12,0.012126811,12.029681557490502
2022-07-08,建筑,1.071124e+11,5.4608616e+12,0.01961456,14.77766643858725
2022-07-08,房地产,7.487377e+10,5.4608616e+12,0.013710981,7.325754097295464
2022-07-08,有色金属,3.8564053e+11,5.4608616e+12,0.07061899,16.403740194977306
2022-07-08,机械,3.7713992e+11,5.4608616e+12,0.069062345,18.229448120219303
2022-07-08,汽车,3.268791e+11,5.4608616e+12,0.05985852,20.10010605537614
2022-07-08,消费者服务,5.8371547e+10,5.4608616e+12,0.010689072,18.643134890941152
2022-07-08,煤炭,9.259967e+10,5.4608616e+12,0.016956972,10.699708492415292
2022-07-08,电力及公用事业,2.059147e+11,5.4608616e+12,0.037707366,14.902476512342005
2022-07-08,电力设备及新能源,6.8687534e+11,5.4608616e+12,0.12578149,19.453857391239048
2022-07-08,电子,5.032241e+11,5.4608616e+12,0.092151046,17.107787364641826
2022-07-08,石油石化,5.1825795e+10,5.4608616e+12,0.009490406,10.434195994138717
2022-07-08,纺织服装,4.125594e+10,5.4608616e+12,0.0075548408,19.117883268743753
2022-07-08,综合,2.3902476e+10,5.4608616e+12,0.004377052,13.698740751655013
2022-07-08,综合金融,4.363796e+09,5.4608616e+12,0.00079910393,7.176509964466095
2022-07-08,计算机,1.9057913e+11,5.4608616e+12,0.034899097,13.46423027783341
2022-07-08,轻工制造,4.9807827e+10,5.4608616e+12,0.009120873,11.250411534694587
2022-07-08,通信,8.424873e+10,5.4608616e+12,0.015427736,12.76114298341688
2022-07-08,钢铁,6.9728395e+10,5.4608616e+12,0.012768753,10.822076472581601
2022-07-08,银行,7.293146e+10,5.4608616e+12,0.013355303,3.3675356996910915
2022-07-08,非银行金融,1.273339e+11,5.4608616e+12,0.023317548,4.421498551316883
2022-07-08,食品饮料,1.9250222e+11,5.4608616e+12,0.035251252,12.973116667024673
2022-07-15,交通运输,9.021479e+10,5.0247783e+12,0.017953984,9.057196629754568
2022-07-15,传媒,7.048567e+10,5.0247783e+12,0.014027618,9.42451667310535
2022-07-15,农林牧渔,1.0721352e+11,5.0247783e+12,0.021336965,12.057229928134642
2022-07-15,医药,4.3656413e+11,5.0247783e+12,0.08688227,13.726461341608776
2022-07-15,商贸零售,4.162172e+10,5.0247783e+12,0.008283295,8.708682816369192
2022-07-15,国防军工,1.0891914e+11,5.0247783e+12,0.021676406,11.379999954144932
2022-07-15,基础化工,4.469548e+11,5.0247783e+12,0.08895015,13.047223971029034
2022-07-15,家电,9.501629e+10,5.0247783e+12,0.018909547,20.686794789937828
2022-07-15,建材,7.548526e+10,5.0247783e+12,0.015022605,16.820980220665167
2022-07-15,建筑,1.5465321e+11,5.0247783e+12,0.030778117,20.047494925029817
2022-07-15,房地产,8.504716e+10,5.0247783e+12,0.016925555,8.619863338973545
2022-07-15,有色金属,3.2555765e+11,5.0247783e+12,0.06479045,13.701282780922828
2022-07-15,机械,3.661312e+11,5.0247783e+12,0.07286515,18.217482046851323
2022-07-15,汽车,3.0602232e+11,5.0247783e+12,0.06090265,17.74842923068723
2022-07-15,消费者服务,4.246574e+10,5.0247783e+12,0.008451266,14.31222975881476
2022-07-15,煤炭,6.6518176e+10,5.0247783e+12,0.013238032,7.989071491786412
2022-07-15,电力及公用事业,2.2944024e+11,5.0247783e+12,0.045661766,16.630872918378323
2022-07-15,电力设备及新能源,7.298993e+11,5.0247783e+12,0.14525999,25.581748580767048
2022-07-15,电子,3.9579042e+11,5.0247783e+12,0.07876774,16.54092716568328
2022-07-15,石油石化,4.032523e+10,5.0247783e+12,0.008025276,8.658899918794631
2022-07-15,纺织服装,2.7771537e+10,5.0247783e+12,0.005526918,11.611028164625168
2022-07-15,综合,2.1226125e+10,5.0247783e+12,0.004224291,13.538285145053157
2022-07-15,综合金融,6.2709007e+09,5.0247783e+12,0.0012479955,14.369890069961547
2022-07-15,计算机,1.612537e+11,5.0247783e+12,0.032091707,12.071644368893937
2022-07-15,轻工制造,5.156721e+10,5.0247783e+12,0.010262584,11.057928615889582
2022-07-15,通信,8.589054e+10,5.0247783e+12,0.0170934,14.027262885215855
2022-07-15,钢铁,6.821896e+10,5.0247783e+12,0.013576512,10.520966670092415
2022-07-15,银行,1.1586439e+11,5.0247783e+12,0.023058606,4.611138050754865
2022-07-15,非银行金融,1.14226315e+11,5.0247783e+12,0.022732608,4.387088403537653
2022-07-15,食品饮料,1.5538165e+11,5.0247783e+12,0.030923085,9.605753523627603
2022-07-22,交通运输,8.902375e+10,4.9101506e+12,0.018130554,8.467636424606129
2022-07-22,传媒,9.10954e+10,4.9101506e+12,0.018552465,11.780166619497797
2022-07-22,农林牧渔,8.077812e+10,4.9101506e+12,0.01645125,9.753285495890784
2022-07-22,医药,3.5964053e+11,4.9101506e+12,0.073244296,11.416488803839416
2022-07-22,商贸零售,4.023347e+10,4.9101506e+12,0.008193938,8.931438078766778
2022-07-22,国防军工,1.3792217e+11,4.9101506e+12,0.028089194,15.627832349141439
2022-07-22,基础化工,4.7335978e+11,4.9101506e+12,0.09640433,14.793795285675616
2022-07-22,家电,6.879346e+10,4.9101506e+12,0.014010458,18.83376396008027
2022-07-22,建材,7.602956e+10,4.9101506e+12,0.015484161,14.813361780143078
2022-07-22,建筑,1.053654e+11,4.9101506e+12,0.02145869,14.721797370141552
2022-07-22,房地产,6.906502e+10,4.9101506e+12,0.014065765,7.2468284133377425
2022-07-22,有色金属,3.022478e+11,4.9101506e+12,0.06155571,15.845808979429183
2022-07-22,机械,4.2405786e+11,4.9101506e+12,0.08636352,20.02593811063758
2022-07-22,汽车,3.1331592e+11,4.9101506e+12,0.06380984,24.12027818567531
2022-07-22,消费者服务,4.2033242e+10,4.9101506e+12,0.00856048,14.273035047347086
2022-07-22,煤炭,6.738984e+10,4.9101506e+12,0.013724598,7.92644283090319
2022-07-22,电力及公用事业,2.2119496e+11,4.9101506e+12,0.04504851,18.211467091916898
2022-07-22,电力设备及新能源,6.7588004e+11,4.9101506e+12,0.13764955,25.60256788921025
2022-07-22,电子,4.3130018e+11,4.9101506e+12,0.087838486,18.427891769149202
2022-07-22,石油石化,3.961546e+10,4.9101506e+12,0.0080680745,8.45458211839199
2022-07-22,纺织服装,3.0070256e+10,4.9101506e+12,0.0061241006,11.02086665170888
2022-07-22,综合,2.1792805e+10,4.9101506e+12,0.004438317,12.830355525016785
2022-07-22,综合金融,5.6298747e+09,4.9101506e+12,0.0011465788,9.446970200538635
2022-07-22,计算机,2.1561308e+11,4.9101506e+12,0.043911703,14.850110422904795
2022-07-22,轻工制造,5.454128e+10,4.9101506e+12,0.011107863,11.825703974078301
2022-07-22,通信,1.0468397e+11,4.9101506e+12,0.02131991,16.909934708155877
2022-07-22,钢铁,7.337591e+10,4.9101506e+12,0.014943719,11.09283730095508
2022-07-22,银行,6.805204e+10,4.9101506e+12,0.013859461,3.319992875059446
2022-07-22,非银行金融,8.752197e+10,4.9101506e+12,0.017824702,3.5308565164821735
2022-07-22,食品饮料,1.384081e+11,4.9101506e+12,0.028188158,9.197273236090743
2022-07-29,交通运输,8.104696e+10,4.5585416e+12,0.017779144,7.769121221819167
2022-07-29,传媒,7.221168e+10,4.5585416e+12,0.01584096,9.548385557057202
2022-07-29,农林牧渔,7.0193046e+10,4.5585416e+12,0.015398136,8.603643245918235
2022-07-29,医药,3.514709e+11,4.5585416e+12,0.07710161,12.120771572893897
2022-07-29,商贸零售,4.0891093e+10,4.5585416e+12,0.008970214,8.668207648254576
2022-07-29,国防军工,1.2698356e+11,4.5585416e+12,0.027856182,17.227276304420435
2022-07-29,基础化工,3.840746e+11,4.5585416e+12,0.08425383,13.042260139980572
2022-07-29,家电,7.387703e+10,4.5585416e+12,0.016206287,17.053942339542584
2022-07-29,建材,6.830421e+10,4.5585416e+12,0.014983786,13.858602386933786
2022-07-29,建筑,8.5311414e+10,4.5585416e+12,0.01871463,11.315168384390493
2022-07-29,房地产,9.187664e+10,4.5585416e+12,0.020154832,9.291371630966117
2022-07-29,有色金属,2.7728036e+11,4.5585416e+12,0.06082655,15.815853113033732
2022-07-29,机械,4.479654e+11,4.5585416e+12,0.098269455,20.789842170969088
2022-07-29,汽车,2.822996e+11,4.5585416e+12,0.061927613,23.169590798103147
2022-07-29,消费者服务,4.1720975e+10,4.5585416e+12,0.009152264,13.64993689353006
2022-07-29,煤炭,5.7654047e+10,4.5585416e+12,0.012647476,6.608639986174447
2022-07-29,电力及公用事业,1.7286414e+11,4.5585416e+12,0.037920933,15.54451285976253
2022-07-29,电力设备及新能源,6.4924975e+11,4.5585416e+12,0.14242488,23.702544114242
2022-07-29,电子,4.102093e+11,4.5585416e+12,0.08998696,17.92542406323734
2022-07-29,石油石化,3.866396e+10,4.5585416e+12,0.008481651,7.257904015183449
2022-07-29,纺织服装,2.7352338e+10,4.5585416e+12,0.006000239,10.11946877030035
2022-07-29,综合,2.3709022e+10,4.5585416e+12,0.0052010105,12.45935923523373
2022-07-29,综合金融,5.0824325e+09,4.5585416e+12,0.0011149251,11.440489864349365
2022-07-29,计算机,1.9749233e+11,4.5585416e+12,0.043323576,13.935443529060908
2022-07-29,轻工制造,5.216321e+10,4.5585416e+12,0.01144296,11.372480218710542
2022-07-29,通信,1.0225642e+11,4.5585416e+12,0.022431828,14.231032997616067
2022-07-29,钢铁,5.2087742e+10,4.5585416e+12,0.011426405,8.619425380931181
2022-07-29,银行,5.238503e+10,4.5585416e+12,0.011491621,2.527835734543346
2022-07-29,非银行金融,7.670541e+10,4.5585416e+12,0.016826743,2.9040101231008335
2022-07-29,食品饮料,1.4359123e+11,4.5585416e+12,0.03149938,9.19546217430295
2022-08-05,交通运输,8.263089e+10,5.157899e+12,0.01602026,8.088798260789806
2022-08-05,传媒,7.5788214e+10,5.157899e+12,0.014693621,10.64526521468508
2022-08-05,农林牧渔,8.136358e+10,5.157899e+12,0.01577456,11.171039188031068
2022-08-05,医药,3.2109357e+11,5.157899e+12,0.06225278,11.096667573154637
2022-08-05,商贸零售,3.6860015e+10,5.157899e+12,0.007146323,8.163071438812075
2022-08-05,国防军工,2.1473537e+11,5.157899e+12,0.041632332,27.240666180849075
2022-08-05,基础化工,4.5860546e+11,5.157899e+12,0.088913225,16.640191492018282
2022-08-05,家电,7.7734404e+10,5.157899e+12,0.015070943,17.655752468567627
2022-08-05,建材,7.375956e+10,5.157899e+12,0.014300311,13.906766666306389
2022-08-05,建筑,8.86509e+10,5.157899e+12,0.017187404,12.298382000384793
2022-08-05,房地产,6.925675e+10,5.157899e+12,0.013427317,6.666475226572894
2022-08-05,有色金属,3.1226656e+11,5.157899e+12,0.06054142,17.343906596547267
2022-08-05,机械,5.068975e+11,5.157899e+12,0.09827596,23.790592537526667
2022-08-05,汽车,3.5416723e+11,5.157899e+12,0.06866501,25.85469110806783
2022-08-05,消费者服务,3.3763336e+10,5.157899e+12,0.0065459474,10.46117005013583
2022-08-05,煤炭,5.718217e+10,5.157899e+12,0.01108633,6.452960019452231
2022-08-05,电力及公用事业,1.483152e+11,5.157899e+12,0.02875496,12.045931981578809
2022-08-05,电力设备及新能源,6.520579e+11,5.157899e+12,0.12641928,25.735036006848294
2022-08-05,电子,6.3495025e+11,5.157899e+12,0.12310249,25.383201885098234
2022-08-05,石油石化,4.931793e+10,5.157899e+12,0.009561631,11.069013854861259
2022-08-05,纺织服装,2.6572095e+10,5.157899e+12,0.005151728,11.312939563766122
2022-08-05,综合,2.2808345e+10,5.157899e+12,0.004422022,13.935452138936078
2022-08-05,综合金融,5.0328064e+09,5.157899e+12,0.00097574736,12.135460031032562
2022-08-05,计算机,2.5951207e+11,5.157899e+12,0.05031352,17.86981845055857
2022-08-05,轻工制造,4.713027e+10,5.157899e+12,0.009137494,10.725527204218364
2022-08-05,通信,1.14851135e+11,5.157899e+12,0.022267038,17.53071572416085
2022-08-05,钢铁,4.8594514e+10,5.157899e+12,0.009421377,8.43152354745304
2022-08-05,银行,6.3770423e+10,5.157899e+12,0.012363642,2.967259529800642
2022-08-05,非银行金融,9.362623e+10,5.157899e+12,0.018152008,3.6343642996890204
2022-08-05,食品饮料,1.451484e+11,5.157899e+12,0.028140992,10.323260712342
2022-08-12,交通运输,6.4312467e+10,4.913512e+12,0.013088901,6.365337294542183
2022-08-12,传媒,7.4553025e+10,4.913512e+12,0.015173063,10.49742390755294
2022-08-12,农林牧渔,6.298668e+10,4.913512e+12,0.012819075,8.478270117769537
2022-08-12,医药,2.869623e+11,4.913512e+12,0.058402687,9.707068886094623
2022-08-12,商贸零售,3.805299e+10,4.913512e+12,0.007744561,8.043031464871905
2022-08-12,国防军工,1.7384176e+11,4.913512e+12,0.03538035,20.641551126848977
2022-08-12,基础化工,4.758791e+11,4.913512e+12,0.09685112,16.83384636224516
2022-08-12,家电,6.9928755e+10,4.913512e+12,0.01423193,17.708800013248737
2022-08-12,建材,6.685504e+10,4.913512e+12,0.013606366,11.669539428051607
2022-08-12,建筑,7.820647e+10,4.913512e+12,0.015916614,11.549453554614898
2022-08-12,房地产,6.3372026e+10,4.913512e+12,0.012897502,6.134221143131956
2022-08-12,有色金属,2.8152037e+11,4.913512e+12,0.057295147,14.799740059942495
2022-08-12,机械,4.597685e+11,4.913512e+12,0.09357228,21.406664554212913
2022-08-12,汽车,2.7971633e+11,4.913512e+12,0.056927986,24.297213416220405
2022-08-12,消费者服务,2.9714012e+10,4.913512e+12,0.0060474086,8.51533685859881
2022-08-12,煤炭,6.2150275e+10,4.913512e+12,0.012648851,7.637999965463366
2022-08-12,电力及公用事业,1.25243064e+11,4.913512e+12,0.025489522,10.252983154499368
2022-08-12,电力设备及新能源,5.9621035e+11,4.913512e+12,0.12134098,23.47088788090081
2022-08-12,电子,7.4564744e+11,4.913512e+12,0.15175448,27.479092495205503
2022-08-12,石油石化,5.2310356e+10,4.913512e+12,0.010646226,10.300328028500081
2022-08-12,纺织服装,2.3292623e+10,4.913512e+12,0.0047405246,9.243119799842438
2022-08-12,综合,3.256493e+10,4.913512e+12,0.0066276286,13.524785015318129
2022-08-12,综合金融,5.0936084e+09,4.913512e+12,0.0010366533,10.935600078105926
2022-08-12,计算机,2.6329722e+11,4.913512e+12,0.05358636,17.976029161077278
2022-08-12,轻工制造,4.278131e+10,4.913512e+12,0.0087068705,10.244947243582558
2022-08-12,通信,1.222582e+11,4.913512e+12,0.02488204,20.380003236844892
2022-08-12,钢铁,3.887445e+10,4.913512e+12,0.0079117445,7.4810960877175425
2022-08-12,银行,4.886295e+10,4.913512e+12,0.009944608,2.659683288917655
2022-08-12,非银行金融,1.2502878e+11,4.913512e+12,0.02544591,4.8425256912197385
2022-08-12,食品饮料,1.2295816e+11,4.913512e+12,0.025024496,9.107541789220074
2022-08-19,交通运输,7.29152e+10,5.2149737e+12,0.013981892,6.864637332194943
2022-08-19,传媒,8.879434e+10,5.2149737e+12,0.017026804,11.212582898991448
2022-08-19,农林牧渔,8.794142e+10,5.2149737e+12,0.016863253,11.298921620108418
2022-08-19,医药,2.5779977e+11,5.2149737e+12,0.049434528,8.584626239736876
2022-08-19,商贸零售,4.2365026e+10,5.2149737e+12,0.0081237275,8.557293377603804
2022-08-19,国防军工,1.173981e+11,5.2149737e+12,0.022511734,13.619178280515492
2022-08-19,基础化工,5.0141564e+11,5.2149737e+12,0.09614921,16.826904882943285
2022-08-19,家电,7.2783356e+10,5.2149737e+12,0.01395661,17.706841747217542
2022-08-19,建材,7.1321076e+10,5.2149737e+12,0.01367621,13.26753208077984
2022-08-19,建筑,9.632648e+10,5.2149737e+12,0.018471135,13.08818137684176
2022-08-19,房地产,7.420401e+10,5.2149737e+12,0.014229029,7.41547706477139
2022-08-19,有色金属,2.7716485e+11,5.2149737e+12,0.05314789,15.143111500095149
2022-08-19,机械,5.162304e+11,5.2149737e+12,0.09899003,22.463258749409157
2022-08-19,汽车,2.8672056e+11,5.2149737e+12,0.05498025,23.823517040997608
2022-08-19,消费者服务,3.0228349e+10,5.2149737e+12,0.005796453,10.51022455985086
2022-08-19,煤炭,7.052982e+10,5.2149737e+12,0.013524482,8.77301722083773
2022-08-19,电力及公用事业,2.1028646e+11,5.2149737e+12,0.04032359,15.267632834171051
2022-08-19,电力设备及新能源,7.800226e+11,5.2149737e+12,0.14957364,27.18394973606899
2022-08-19,电子,6.945869e+11,5.2149737e+12,0.13319087,25.81486654049992
2022-08-19,石油石化,5.8813047e+10,5.2149737e+12,0.011277727,11.869885866045951
2022-08-19,纺织服装,2.7461149e+10,5.2149737e+12,0.005265827,10.181034355113903
2022-08-19,综合,3.093611e+10,5.2149737e+12,0.0059321695,14.026703861024645
2022-08-19,综合金融,4.566276e+09,5.2149737e+12,0.00087560865,9.705120182037353
2022-08-19,计算机,2.2554378e+11,5.2149737e+12,0.043249264,16.01227648840064
2022-08-19,轻工制造,5.0186973e+10,5.2149737e+12,0.009623629,12.376017449086145
2022-08-19,通信,1.1061897e+11,5.2149737e+12,0.021211797,17.88080405675974
2022-08-19,钢铁,4.7091155e+10,5.2149737e+12,0.009029989,8.558648946238499
2022-08-19,银行,5.4303977e+10,5.2149737e+12,0.010413088,2.6508738324046135
2022-08-19,非银行金融,1.20747475e+11,5.2149737e+12,0.023153994,5.386397185495921
2022-08-19,食品饮料,1.3422177e+11,5.2149737e+12,0.025737764,10.767728333632776
2022-08-26,交通运输,1.0430696e+11,5.0416604e+12,0.020689009,9.480168649453228
2022-08-26,传媒,1.0404011e+11,5.0416604e+12,0.020636082,14.5646701165608
2022-08-26,农林牧渔,1.2183774e+11,5.0416604e+12,0.024166193,16.688933966393325
2022-08-26,医药,2.882353e+11,5.0416604e+12,0.057170708,9.441185184416518
2022-08-26,商贸零售,4.483072e+10,5.0416604e+12,0.008892055,8.53991903066635
2022-08-26,国防军工,1.12296526e+11,5.0416604e+12,0.02227372,11.987673799568247
2022-08-26,基础化工,4.527276e+11,5.0416604e+12,0.089797325,15.806473646873394
2022-08-26,家电,6.252524e+10,5.0416604e+12,0.012401716,16.203516447091406
2022-08-26,建材,6.0903023e+10,5.0416604e+12,0.012079953,9.936954312854343
2022-08-26,建筑,9.426205e+10,5.0416604e+12,0.018696629,12.597071705710503
2022-08-26,房地产,6.5858204e+10,5.0416604e+12,0.0130628,6.9025733738864234
2022-08-26,有色金属,3.1150942e+11,5.0416604e+12,0.06178707,14.100004986661379
2022-08-26,机械,4.3154575e+11,5.0416604e+12,0.08559596,19.620654233787107
2022-08-26,汽车,2.4855834e+11,5.0416604e+12,0.04930089,19.793621237994888
2022-08-26,消费者服务,3.4481373e+10,5.0416604e+12,0.0068392893,12.969293021319205
2022-08-26,煤炭,1.18657384e+11,5.0416604e+12,0.023535378,13.708477129255023
2022-08-26,电力及公用事业,2.2871684e+11,5.0416604e+12,0.045365382,18.00243683809584
2022-08-26,电力设备及新能源,7.128481e+11,5.0416604e+12,0.14139155,24.340750280741986
2022-08-26,电子,5.5589405e+11,5.0416604e+12,0.110260114,23.292445861494418
2022-08-26,石油石化,8.523545e+10,5.0416604e+12,0.016906226,17.033270004987717
2022-08-26,纺织服装,2.6126252e+10,5.0416604e+12,0.005182073,10.101400009045998
2022-08-26,综合,2.8480397e+10,5.0416604e+12,0.0056490116,16.039110978444416
2022-08-26,综合金融,3.897276e+09,5.0416604e+12,0.0007730144,7.815959942340851
2022-08-26,计算机,1.9391468e+11,5.0416604e+12,0.038462464,14.100833724699323
2022-08-26,轻工制造,5.2448174e+10,5.0416604e+12,0.010402957,12.751454970980651
2022-08-26,通信,9.893293e+10,5.0416604e+12,0.019623086,16.27622701227665
2022-08-26,钢铁,4.0885563e+10,5.0416604e+12,0.0081095435,8.060747011035096
2022-08-26,银行,5.517485e+10,5.0416604e+12,0.010943785,2.719073830261117
2022-08-26,非银行金融,1.4554486e+11,5.0416604e+12,0.028868437,6.684081443718502
2022-08-26,食品饮料,1.5564443e+11,5.0416604e+12,0.030871661,11.30960792044955
2022-09-02,交通运输,1.0636821e+11,4.1961243e+12,0.025349157,4.369332623304957
2022-09-02,传媒,1.1889015e+11,4.1961243e+12,0.028333325,9.044667878108365
2022-09-02,农林牧渔,1.0365719e+11,4.1961243e+12,0.02470308,7.601491145091131
2022-09-02,医药,2.760467e+11,4.1961243e+12,0.065786116,4.514556562698465
2022-09-02,商贸零售,4.4294533e+10,4.1961243e+12,0.010556058,4.7587524053596315
2022-09-02,国防军工,1.03992615e+11,4.1961243e+12,0.024783015,5.318923344539705
2022-09-02,基础化工,3.470428e+11,4.1961243e+12,0.08270556,6.883047604014367
2022-09-02,家电,7.808673e+10,4.1961243e+12,0.018609252,7.276835606433451
2022-09-02,建材,5.0143756e+10,4.1961243e+12,0.011950017,4.962177793736811
2022-09-02,建筑,9.203909e+10,4.1961243e+12,0.021934308,6.6063487068929065
2022-09-02,房地产,7.456581e+10,4.1961243e+12,0.017770162,4.319421984597084
2022-09-02,有色金属,2.0320956e+11,4.1961243e+12,0.048427917,4.855437304519239
2022-09-02,机械,3.223675e+11,4.1961243e+12,0.07682506,7.291449546813965
2022-09-02,汽车,1.948878e+11,4.1961243e+12,0.046444714,7.329254733300072
2022-09-02,消费者服务,4.080306e+10,4.1961243e+12,0.009723987,7.890873662212439
2022-09-02,煤炭,9.532147e+10,4.1961243e+12,0.022716552,5.661735667501177
2022-09-02,电力及公用事业,1.5758893e+11,4.1961243e+12,0.03755583,6.615909314121712
2022-09-02,电力设备及新能源,5.411994e+11,4.1961243e+12,0.12897602,9.623977070224695
2022-09-02,电子,3.9932533e+11,4.1961243e+12,0.095165275,8.425703860695004
2022-09-02,石油石化,6.910434e+10,4.1961243e+12,0.01646861,7.882266017049551
2022-09-02,纺织服装,2.6613473e+10,4.1961243e+12,0.006342394,5.564653126522899
2022-09-02,综合,2.1355074e+10,4.1961243e+12,0.0050892374,6.510761207728474
2022-09-02,综合金融,4.2588984e+09,4.1961243e+12,0.00101496,4.3251250177621845
2022-09-02,计算机,1.524363e+11,4.1961243e+12,0.03632788,5.713515331912756
2022-09-02,轻工制造,5.764817e+10,4.1961243e+12,0.013738432,7.35004877378809
2022-09-02,通信,1.0047165e+11,4.1961243e+12,0.023943918,7.390178703260227
2022-09-02,钢铁,3.027487e+10,4.1961243e+12,0.00721496,3.0646499474258984
2022-09-02,银行,7.04894e+10,4.1961243e+12,0.016798692,1.5811071574155773
2022-09-02,非银行金融,1.21732145e+11,4.1961243e+12,0.029010614,4.992413564452103
2022-09-02,食品饮料,1.9088894e+11,4.1961243e+12,0.045491725,9.05270708608441
2022-09-09,交通运输,1.061871e+11,4.050784e+12,0.02621396,11.383869503009118
2022-09-09,传媒,9.007176e+10,4.050784e+12,0.022235636,14.694282972220833
2022-09-09,农林牧渔,8.2034794e+10,4.050784e+12,0.020251583,11.34621334874753
2022-09-09,医药,2.5543059e+11,4.050784e+12,0.06305707,8.607544206197446
2022-09-09,商贸零售,4.3086852e+10,4.050784e+12,0.01063667,9.166382962181455
2022-09-09,国防军工,1.1255655e+11,4.050784e+12,0.027786361,10.975331762962252
2022-09-09,基础化工,3.6092153e+11,4.050784e+12,0.089099176,13.810456981980487
2022-09-09,家电,6.4319717e+10,4.050784e+12,0.015878338,14.02906388118863
2022-09-09,建材,6.380257e+10,4.050784e+12,0.01575067,12.302066605032227
2022-09-09,建筑,1.0600183e+11,4.050784e+12,0.026168225,13.339444882499102
2022-09-09,房地产,1.0514628e+11,4.050784e+12,0.025957018,13.047570561050275
2022-09-09,有色金属,2.235138e+11,4.050784e+12,0.055177912,10.672663897275925
2022-09-09,机械,3.036529e+11,4.050784e+12,0.07496151,13.875223928051723
2022-09-09,汽车,1.8580824e+11,4.050784e+12,0.045869697,13.878184826685748
2022-09-09,消费者服务,3.2490654e+10,4.050784e+12,0.00802083,13.12691404944972
2022-09-09,煤炭,8.504853e+10,4.050784e+12,0.020995572,10.040377163887024
2022-09-09,电力及公用事业,1.8441539e+11,4.050784e+12,0.04552585,13.381376803192225
2022-09-09,电力设备及新能源,4.8293672e+11,4.050784e+12,0.119220555,16.130475579872982
2022-09-09,电子,3.681759e+11,4.050784e+12,0.090890035,15.153282133971944
2022-09-09,石油石化,7.581594e+10,4.050784e+12,0.018716361,20.422419903909457
2022-09-09,纺织服装,2.6632559e+10,4.050784e+12,0.0065746675,12.322953556001801
2022-09-09,综合,2.1752726e+10,4.050784e+12,0.0053700036,12.256463058568814
2022-09-09,综合金融,4.286347e+09,4.050784e+12,0.0010581524,8.528940069675446
2022-09-09,计算机,1.4882555e+11,4.050784e+12,0.036739938,11.429802821023658
2022-09-09,轻工制造,5.194173e+10,4.050784e+12,0.0128226355,12.752278676629066
2022-09-09,通信,1.0717936e+11,4.050784e+12,0.026458917,17.264180297734306
2022-09-09,钢铁,3.6004647e+10,4.050784e+12,0.008888315,9.211909835245095
2022-09-09,银行,6.4219017e+10,4.050784e+12,0.015853478,2.756897596376283
2022-09-09,非银行金融,1.0732928e+11,4.050784e+12,0.026495928,7.993038485731398
2022-09-09,食品饮料,1.5037986e+11,4.050784e+12,0.037123643,13.447024904191494
2022-09-16,交通运输,8.862575e+10,3.1906443e+12,0.027776757,9.144672105878087
2022-09-16,传媒,6.2734795e+10,3.1906443e+12,0.019662108,10.034952588960634
2022-09-16,农林牧渔,6.20411e+10,3.1906443e+12,0.019444693,8.983918546401348
2022-09-16,医药,2.2713072e+11,3.1906443e+12,0.071186475,7.081126614324339
2022-09-16,商贸零售,4.6281028e+10,3.1906443e+12,0.01450523,11.22287226659911
2022-09-16,国防军工,9.849646e+10,3.1906443e+12,0.030870399,10.3934242457987
2022-09-16,基础化工,2.5882862e+11,3.1906443e+12,0.08112112,10.43201074821123
2022-09-16,家电,4.8339018e+10,3.1906443e+12,0.015150237,9.863683778047562
2022-09-16,建材,5.947605e+10,3.1906443e+12,0.018640764,11.473532143934273
2022-09-16,建筑,7.5647345e+10,3.1906443e+12,0.023709113,10.513121181955704
2022-09-16,房地产,1.0509433e+11,3.1906443e+12,0.03293828,11.901758742988656
2022-09-16,有色金属,1.9831218e+11,3.1906443e+12,0.062154274,9.433662309998372
2022-09-16,机械,2.2007321e+11,3.1906443e+12,0.06897454,11.474776153215233
2022-09-16,汽车,1.3685813e+11,3.1906443e+12,0.042893574,10.632940329542947
2022-09-16,消费者服务,2.758874e+10,3.1906443e+12,0.008646761,11.358008821805319
2022-09-16,煤炭,6.369042e+10,3.1906443e+12,0.019961618,7.778728488513401
2022-09-16,电力及公用事业,1.1567976e+11,3.1906443e+12,0.036255922,8.393809120763432
2022-09-16,电力设备及新能源,3.4353336e+11,3.1906443e+12,0.10766896,11.398071845987
2022-09-16,电子,2.6715416e+11,3.1906443e+12,0.083730474,11.20157660752459
2022-09-16,石油石化,5.527942e+10,3.1906443e+12,0.017325472,20.69213108046382
2022-09-16,纺织服装,2.3178672e+10,3.1906443e+12,0.007264574,10.233975324434104
2022-09-16,综合,1.765181e+10,3.1906443e+12,0.0055323653,9.745403731310809
2022-09-16,综合金融,3.482545e+09,3.1906443e+12,0.0010914864,6.933060020208359
2022-09-16,计算机,1.4119984e+11,3.1906443e+12,0.044254333,10.063811016720045
2022-09-16,轻工制造,4.6330474e+10,3.1906443e+12,0.014520727,10.467700591484705
2022-09-16,通信,6.240738e+10,3.1906443e+12,0.019559491,9.653942700292243
2022-09-16,钢铁,3.0032384e+10,3.1906443e+12,0.00941264,8.694064829863754
2022-09-16,银行,6.854438e+10,3.1906443e+12,0.021482928,3.185450040513561
2022-09-16,非银行金融,1.2098155e+11,3.1906443e+12,0.037917595,8.580245601279396
2022-09-16,食品饮料,1.1539201e+11,3.1906443e+12,0.03616574,9.201009429991245
2022-09-23,交通运输,9.618281e+10,3.2429674e+12,0.02965889,9.05928727933916
2022-09-23,传媒,6.0031095e+10,3.2429674e+12,0.018511161,9.810521246693659
2022-09-23,农林牧渔,6.091783e+10,3.2429674e+12,0.018784596,11.150951476441216
2022-09-23,医药,2.0579926e+11,3.2429674e+12,0.06346017,7.100424953310442
2022-09-23,商贸零售,4.972829e+10,3.2429674e+12,0.015334194,12.8319991844041
2022-09-23,国防军工,1.0373166e+11,3.2429674e+12,0.03198665,11.06852685853287
2022-09-23,基础化工,2.7519602e+11,3.2429674e+12,0.08485932,11.492345099897824
2022-09-23,家电,5.4064554e+10,3.2429674e+12,0.016671322,13.634077577292919
2022-09-23,建材,4.707143e+10,3.2429674e+12,0.014514925,9.41520130487136
2022-09-23,建筑,7.1440695e+10,3.2429674e+12,0.02202942,11.513243548763104
2022-09-23,房地产,1.04450286e+11,3.2429674e+12,0.032208245,13.293440440379152
2022-09-23,有色金属,1.9246495e+11,3.2429674e+12,0.059348404,9.806527078151703
2022-09-23,机械,2.498477e+11,3.2429674e+12,0.07704292,15.009790057544228
2022-09-23,汽车,1.6039715e+11,3.2429674e+12,0.049459994,13.73245461763592
2022-09-23,消费者服务,3.695357e+10,3.2429674e+12,0.011394987,14.964328056887576
2022-09-23,煤炭,6.831851e+10,3.2429674e+12,0.021066666,8.742454395975386
2022-09-23,电力及公用事业,1.04526e+11,3.2429674e+12,0.03223159,8.70269448526881
2022-09-23,电力设备及新能源,3.5082142e+11,3.2429674e+12,0.10817914,13.237853068194978
2022-09-23,电子,2.8687198e+11,3.2429674e+12,0.088459715,12.871563648635691
2022-09-23,石油石化,5.5173243e+10,3.2429674e+12,0.017013196,21.16791371270722
2022-09-23,纺织服装,2.4514464e+10,3.2429674e+12,0.007559269,11.33117430480485
2022-09-23,综合,1.7167463e+10,3.2429674e+12,0.0052937516,10.524025868486476
2022-09-23,综合金融,3.2469478e+09,3.2429674e+12,0.0010012274,6.569480073451996
2022-09-23,计算机,1.5241998e+11,3.2429674e+12,0.047000155,11.570868971205805
2022-09-23,轻工制造,4.55871e+10,3.2429674e+12,0.014057218,11.293144996197809
2022-09-23,通信,6.875077e+10,3.2429674e+12,0.021199957,11.044857407202485
2022-09-23,钢铁,3.4097365e+10,3.2429674e+12,0.010514248,7.803225438968808
2022-09-23,银行,5.2539556e+10,3.2429674e+12,0.016201073,2.567157139380773
2022-09-23,非银行金融,8.876362e+10,3.2429674e+12,0.02737111,7.3606813532965525
2022-09-23,食品饮料,1.2143262e+11,3.2429674e+12,0.03744491,9.461459399899468
2022-09-30,交通运输,9.015909e+10,3.1523123e+12,0.028600939,7.835022033018581
2022-09-30,传媒,5.581641e+10,3.1523123e+12,0.017706497,8.515002096798403
2022-09-30,农林牧渔,5.4201373e+10,3.1523123e+12,0.017194163,9.073827724481367
2022-09-30,医药,2.7468698e+11,3.1523123e+12,0.08713825,9.507680353314075
2022-09-30,商贸零售,4.5557666e+10,3.1523123e+12,0.014452143,11.834697223277319
2022-09-30,国防军工,8.795597e+10,3.1523123e+12,0.02790205,9.918973139038792
2022-09-30,基础化工,2.5260314e+11,3.1523123e+12,0.08013265,10.491214502659382
2022-09-30,家电,6.322153e+10,3.1523123e+12,0.020055605,17.41546389758587
2022-09-30,建材,4.599012e+10,3.1523123e+12,0.014589329,11.354190212924307
2022-09-30,建筑,6.6631717e+10,3.1523123e+12,0.02113741,11.858706359679882
2022-09-30,房地产,8.423247e+10,3.1523123e+12,0.026720852,11.47400183032412
2022-09-30,有色金属,1.798448e+11,3.1523123e+12,0.057051707,8.948267246856064
2022-09-30,机械,2.4188577e+11,3.1523123e+12,0.07673281,13.670329522308169
2022-09-30,汽车,1.37243386e+11,3.1523123e+12,0.04353737,11.316603637069736
2022-09-30,消费者服务,4.5964427e+10,3.1523123e+12,0.014581178,15.788503548555207
2022-09-30,煤炭,6.4131207e+10,3.1523123e+12,0.02034418,8.440159954343523
2022-09-30,电力及公用事业,1.0090439e+11,3.1523123e+12,0.032009643,9.343831363997676
2022-09-30,电力设备及新能源,3.5542794e+11,3.1523123e+12,0.1127515,12.210710229734852
2022-09-30,电子,2.467217e+11,3.1523123e+12,0.0782669,12.626083761676588
2022-09-30,石油石化,5.277617e+10,3.1523123e+12,0.01674205,17.562242824072932
2022-09-30,纺织服装,2.5976234e+10,3.1523123e+12,0.008240375,13.564767935841354
2022-09-30,综合,1.4168425e+10,3.1523123e+12,0.0044946135,11.101629890777447
2022-09-30,综合金融,2.7765384e+09,3.1523123e+12,0.0008807942,6.183280092477799
2022-09-30,计算机,1.25369524e+11,3.1523123e+12,0.039770655,9.795075938105583
2022-09-30,轻工制造,5.204469e+10,3.1523123e+12,0.016510004,14.991812666915111
2022-09-30,通信,6.3111004e+10,3.1523123e+12,0.020020543,10.076549592783781
2022-09-30,钢铁,2.778464e+10,3.1523123e+12,0.008814051,6.417780415684569
2022-09-30,银行,5.7492644e+10,3.1523123e+12,0.018238245,2.9164571577594396
2022-09-30,非银行金融,7.739107e+10,3.1523123e+12,0.024550572,6.20643578852926
2022-09-30,食品饮料,1.5959795e+11,3.1523123e+12,0.050628852,11.653840311506922
2022-10-14,交通运输,7.672633e+10,3.47864e+12,0.022056416,6.251960990792614
2022-10-14,传媒,5.283957e+10,3.47864e+12,0.015189721,7.591215606699598
2022-10-14,农林牧渔,8.328544e+10,3.47864e+12,0.023941956,12.156092832997903
2022-10-14,医药,3.5359425e+11,3.47864e+12,0.10164727,12.411913309926572
2022-10-14,商贸零售,3.458628e+10,3.47864e+12,0.009942472,9.258019961629595
2022-10-14,国防军工,8.497954e+10,3.47864e+12,0.024428956,9.049916685731322
2022-10-14,基础化工,2.82002e+11,3.47864e+12,0.08106674,11.196544707273972
2022-10-14,家电,6.2001852e+10,3.47864e+12,0.01782359,15.807637359946966
2022-10-14,建材,4.240318e+10,3.47864e+12,0.012189587,9.017257382230062
2022-10-14,建筑,6.086545e+10,3.47864e+12,0.01749691,9.895926924852224
2022-10-14,房地产,7.946358e+10,3.47864e+12,0.02284329,10.13853764506655
2022-10-14,有色金属,1.732268e+11,3.47864e+12,0.04979728,8.844971313828328
2022-10-14,机械,2.4694848e+11,3.47864e+12,0.07098995,12.878937618082412
2022-10-14,汽车,1.36570675e+11,3.47864e+12,0.03925979,10.306603653168459
2022-10-14,消费者服务,2.9885794e+10,3.47864e+12,0.00859123,11.29795433345594
2022-10-14,煤炭,6.83384e+10,3.47864e+12,0.019645149,8.659439960547855
2022-10-14,电力及公用事业,1.1926726e+11,3.47864e+12,0.0342856,9.567792262543332
2022-10-14,电力设备及新能源,4.0264974e+11,3.47864e+12,0.11574919,12.930563212661612
2022-10-14,电子,3.1017383e+11,3.47864e+12,0.08916526,13.889589085916136
2022-10-14,石油石化,5.740343e+10,3.47864e+12,0.016501687,18.67693155302721
2022-10-14,纺织服装,2.2632772e+10,3.47864e+12,0.006506213,10.837893879290709
2022-10-14,综合,1.777373e+10,3.47864e+12,0.0051093907,12.95672229318707
2022-10-14,综合金融,3.7613284e+09,3.47864e+12,0.0010812641,7.041960084438324
2022-10-14,计算机,1.9949863e+11,3.47864e+12,0.057349607,15.413415843359777
2022-10-14,轻工制造,4.884308e+10,3.47864e+12,0.014040856,13.113464329613755
2022-10-14,通信,7.12e+10,3.47864e+12,0.02046777,10.91964468989915
2022-10-14,钢铁,2.6880813e+10,3.47864e+12,0.0077273916,5.844809803308225
2022-10-14,银行,7.1343055e+10,3.47864e+12,0.020508893,2.9560785612889697
2022-10-14,非银行金融,8.108969e+10,3.47864e+12,0.023310747,6.203631335071155
2022-10-14,食品饮料,1.7766982e+11,3.47864e+12,0.05107451,12.455513050851895
2022-10-21,交通运输,9.9698115e+10,3.8548086e+12,0.02586331,9.30837626679469
2022-10-21,传媒,5.2892918e+10,3.8548086e+12,0.013721283,8.615854621778988
2022-10-21,农林牧渔,6.868588e+10,3.8548086e+12,0.017818233,11.078771478059341
2022-10-21,医药,5.3623797e+11,3.8548086e+12,0.13910884,18.18795597889418
2022-10-21,商贸零售,3.6435055e+10,3.8548086e+12,0.009451846,10.189042910507746
2022-10-21,国防军工,1.01720285e+11,3.8548086e+12,0.026387895,10.723551853387445
2022-10-21,基础化工,2.9025134e+11,3.8548086e+12,0.07529592,11.977912551927464
2022-10-21,家电,5.6479216e+10,3.8548086e+12,0.014651626,13.395921484579015
2022-10-21,建材,3.917228e+10,3.8548086e+12,0.010161926,7.940218269824982
2022-10-21,建筑,6.750686e+10,3.8548086e+12,0.017512377,10.2363282984648
2022-10-21,房地产,7.1793975e+10,3.8548086e+12,0.018624524,9.860584382070314
2022-10-21,有色金属,1.6334897e+11,3.8548086e+12,0.04237538,8.470481985905131
2022-10-21,机械,2.9970884e+11,3.8548086e+12,0.07774934,16.113381338607375
2022-10-21,汽车,1.5168615e+11,3.8548086e+12,0.039349854,11.225904125686085
2022-10-21,消费者服务,4.701574e+10,3.8548086e+12,0.012196647,20.33783685533624
2022-10-21,煤炭,5.975495e+10,3.8548086e+12,0.015501405,7.9681370990616935
2022-10-21,电力及公用事业,1.17403664e+11,3.8548086e+12,0.030456418,9.780140929465944
2022-10-21,电力设备及新能源,4.2130037e+11,3.8548086e+12,0.109292164,14.733273340980347
2022-10-21,电子,3.491105e+11,3.8548086e+12,0.09056494,16.35634280062548
2022-10-21,石油石化,5.0187715e+10,3.8548086e+12,0.013019509,16.604292138534433
2022-10-21,纺织服装,2.436163e+10,3.8548086e+12,0.0063198027,10.966212347610709
2022-10-21,综合,1.8482688e+10,3.8548086e+12,0.0047947094,12.125403537794396
2022-10-21,综合金融,2.8798188e+09,3.8548086e+12,0.00074707175,5.297050094604492
2022-10-21,计算机,2.5806368e+11,3.8548086e+12,0.06694591,20.95427442378836
2022-10-21,轻工制造,5.421918e+10,3.8548086e+12,0.0140653355,14.247065845288729
2022-10-21,通信,9.217049e+10,3.8548086e+12,0.023910524,14.198984538151965
2022-10-21,钢铁,2.8850502e+10,3.8548086e+12,0.007484289,6.699435278481128
2022-10-21,银行,5.323969e+10,3.8548086e+12,0.013811241,2.3124357174549783
2022-10-21,非银行金融,8.681591e+10,3.8548086e+12,0.022521457,7.2005043617316655
2022-10-21,食品饮料,1.5436748e+11,3.8548086e+12,0.040045433,10.12763100700785
2022-10-28,交通运输,8.480056e+10,4.416894e+12,0.019199139,7.688266911749112
2022-10-28,传媒,6.1549048e+10,4.416894e+12,0.013934916,9.536414120214205
2022-10-28,农林牧渔,8.561862e+10,4.416894e+12,0.01938435,12.299725578755748
2022-10-28,医药,5.1341486e+11,4.416894e+12,0.116238885,16.428169299707267
2022-10-28,商贸零售,4.2383987e+10,4.416894e+12,0.00959588,11.39806664217086
2022-10-28,国防军工,1.4763465e+11,4.416894e+12,0.033424992,14.441510919619489
2022-10-28,基础化工,3.0870543e+11,4.416894e+12,0.06989197,12.929689604522348
2022-10-28,家电,5.42957e+10,4.416894e+12,0.0122927325,12.551474695718742
2022-10-28,建材,5.617576e+10,4.416894e+12,0.012718385,10.649924398195452
2022-10-28,建筑,7.444223e+10,4.416894e+12,0.016853975,11.610159698969278
2022-10-28,房地产,6.788258e+10,4.416894e+12,0.01536885,8.37175867754385
2022-10-28,有色金属,1.8859822e+11,4.416894e+12,0.042699285,10.100246655159308
2022-10-28,机械,3.6960276e+11,4.416894e+12,0.08367933,18.851746805012226
2022-10-28,汽车,1.8179446e+11,4.416894e+12,0.04115889,14.401062871132968
2022-10-28,消费者服务,4.5978034e+10,4.416894e+12,0.010409585,19.05664548539279
2022-10-28,煤炭,5.5734743e+10,4.416894e+12,0.012618537,6.709202815805162
2022-10-28,电力及公用事业,1.2009534e+11,4.416894e+12,0.027189998,9.361260457336902
2022-10-28,电力设备及新能源,4.7095936e+11,4.416894e+12,0.106626816,16.146560782051736
2022-10-28,电子,4.0649484e+11,4.416894e+12,0.09203183,17.813976626824864
2022-10-28,石油石化,5.301551e+10,4.416894e+12,0.012002894,16.921045004152784
2022-10-28,纺织服装,2.4802021e+10,4.416894e+12,0.005615263,11.478353107462125
2022-10-28,综合,1.6523608e+10,4.416894e+12,0.0037410017,12.92679981197472
2022-10-28,综合金融,3.1549059e+09,4.416894e+12,0.0007142815,6.476409995555878
2022-10-28,计算机,3.4769063e+11,4.416894e+12,0.07871835,23.181804002569272
2022-10-28,轻工制造,6.7978674e+10,4.416894e+12,0.015390606,19.102257706902243
2022-10-28,通信,1.1015228e+11,4.416894e+12,0.024938853,17.368999913094505
2022-10-28,钢铁,3.6116414e+10,4.416894e+12,0.00817688,9.174413622594347
2022-10-28,银行,7.777877e+10,4.416894e+12,0.01760938,3.3528928678660166
2022-10-28,非银行金融,1.21207456e+11,4.416894e+12,0.027441785,7.611812913843564
2022-10-28,食品饮料,2.2083151e+11,4.416894e+12,0.049997013,10.086884483348491
2022-11-04,交通运输,1.0511632e+11,4.8666855e+12,0.02159916,3.6805982952779632
2022-11-04,传媒,8.984978e+10,4.8666855e+12,0.018462213,6.949749334748333
2022-11-04,农林牧渔,7.811261e+10,4.8666855e+12,0.016050475,6.312154061198995
2022-11-04,医药,6.204315e+11,4.8666855e+12,0.12748542,9.700124806030523
2022-11-04,商贸零售,5.1110752e+10,4.8666855e+12,0.010502169,5.967165735647792
2022-11-04,国防军工,1.4615156e+11,4.8666855e+12,0.030031025,7.058844919868365
2022-11-04,基础化工,3.248372e+11,4.8666855e+12,0.066747114,6.499066693968909
2022-11-04,家电,5.905732e+10,4.8666855e+12,0.012135019,6.983831586622739
2022-11-04,建材,4.8889893e+10,4.8666855e+12,0.010045829,4.887470098439513
2022-11-04,建筑,7.5851686e+10,4.8666855e+12,0.015585902,5.480064441927541
2022-11-04,房地产,7.23006e+10,4.8666855e+12,0.0148562305,3.91118394624476
2022-11-04,有色金属,2.3651122e+11,4.8666855e+12,0.048598006,5.251117616830791
2022-11-04,机械,3.4825758e+11,4.8666855e+12,0.071559496,8.419597165619509
2022-11-04,汽车,2.0869453e+11,4.8666855e+12,0.04288227,7.191962601480271
2022-11-04,消费者服务,7.153142e+10,4.8666855e+12,0.01469818,11.511777084647564
2022-11-04,煤炭,6.2275682e+10,4.8666855e+12,0.012796324,3.225771450144904
2022-11-04,电力及公用事业,1.2326237e+11,4.8666855e+12,0.025327787,5.1256061034504645
2022-11-04,电力设备及新能源,4.9039786e+11,4.8666855e+12,0.10076629,7.780294710891035
2022-11-04,电子,4.8388925e+11,4.8666855e+12,0.099428914,10.092382070729714
2022-11-04,石油石化,5.2417257e+10,4.8666855e+12,0.010770627,6.884913706019813
2022-11-04,纺织服装,2.2740204e+10,4.8666855e+12,0.0046726265,4.591124000521947
2022-11-04,综合,1.5782108e+10,4.8666855e+12,0.0032428864,5.9978018630192516
2022-11-04,综合金融,6.564572e+09,4.8666855e+12,0.0013488794,6.756939984858036
2022-11-04,计算机,4.2464772e+11,4.8666855e+12,0.087256044,13.7466073599687
2022-11-04,轻工制造,5.5590605e+10,4.8666855e+12,0.011422683,7.82940452874868
2022-11-04,通信,1.35450804e+11,4.8666855e+12,0.02783225,9.174578172064596
2022-11-04,钢铁,3.3661202e+10,4.8666855e+12,0.0069166585,3.915936322919294
2022-11-04,银行,7.604386e+10,4.8666855e+12,0.015625391,1.811460707957546
2022-11-04,非银行金融,1.1530176e+11,4.8666855e+12,0.023692051,3.1209306696163757
2022-11-04,食品饮料,2.3081107e+11,4.8666855e+12,0.04742675,5.9367604506050435
2022-11-11,交通运输,9.163555e+10,4.667257e+12,0.019633707,6.489907623600152
2022-11-11,传媒,1.2348462e+11,4.667257e+12,0.026457643,18.424099261879075
2022-11-11,农林牧渔,7.75301e+10,4.667257e+12,0.016611492,13.008131752208788
2022-11-11,医药,6.3609445e+11,4.667257e+12,0.13628872,22.175600382461344
2022-11-11,商贸零售,5.5167123e+10,4.667257e+12,0.011820031,11.744193212191265
2022-11-11,国防军工,1.2147605e+11,4.667257e+12,0.02602729,12.113148160554745
2022-11-11,基础化工,3.3676008e+11,4.667257e+12,0.07215375,13.415059600372894
2022-11-11,家电,5.329003e+10,4.667257e+12,0.011417848,13.428905025313172
2022-11-11,建材,5.282514e+10,4.667257e+12,0.011318241,11.510007407607102
2022-11-11,建筑,8.170055e+10,4.667257e+12,0.017505048,12.289973060290018
2022-11-11,房地产,1.0021116e+11,4.667257e+12,0.021471106,11.46636061219994
2022-11-11,有色金属,2.7767842e+11,4.667257e+12,0.059494995,12.150913925444494
2022-11-11,机械,3.2905363e+11,4.667257e+12,0.07050258,16.903305272892037
2022-11-11,汽车,1.7406778e+11,4.667257e+12,0.03729552,11.902250958418627
2022-11-11,消费者服务,6.753304e+10,4.667257e+12,0.014469536,23.398333553682292
2022-11-11,煤炭,5.0638012e+10,4.667257e+12,0.01084963,5.8462428552763805
2022-11-11,电力及公用事业,1.2371824e+11,4.667257e+12,0.026507698,11.085068395100029
2022-11-11,电力设备及新能源,4.2699735e+11,4.667257e+12,0.09148786,13.963803778092066
2022-11-11,电子,4.340327e+11,4.667257e+12,0.09299525,18.941751145298888
2022-11-11,石油石化,4.8756666e+10,4.667257e+12,0.010446536,15.135866724392947
2022-11-11,纺织服装,2.6259763e+10,4.667257e+12,0.0056263804,10.478960257403704
2022-11-11,综合,2.0840606e+10,4.667257e+12,0.004465279,14.642692738109165
2022-11-11,综合金融,7.888044e+09,4.667257e+12,0.0016900814,15.500340044498444
2022-11-11,计算机,3.6739727e+11,4.667257e+12,0.07871803,25.924927010949403
2022-11-11,轻工制造,6.927346e+10,4.667257e+12,0.014842436,19.47508958910967
2022-11-11,通信,1.20229675e+11,4.667257e+12,0.025760245,17.593482242476554
2022-11-11,钢铁,4.8652214e+10,4.667257e+12,0.010424156,8.792993953414992
2022-11-11,银行,6.3896228e+10,4.667257e+12,0.013690317,3.192073852533386
2022-11-11,非银行金融,1.10522065e+11,4.667257e+12,0.023680305,6.290111420835768
2022-11-11,食品饮料,1.6865962e+11,4.667257e+12,0.036136776,9.508536421975425
2022-11-18,交通运输,9.402599e+10,4.935604e+12,0.019050553,6.7261779255281064
2022-11-18,传媒,1.5689317e+11,4.935604e+12,0.031788036,20.127514834945085
2022-11-18,农林牧渔,7.920326e+10,4.935604e+12,0.016047329,12.150919129150083
2022-11-18,医药,7.8338484e+11,4.935604e+12,0.15872116,26.233450056657258
2022-11-18,商贸零售,5.1287458e+10,4.935604e+12,0.010391323,10.654758133207048
2022-11-18,国防军工,1.1151816e+11,4.935604e+12,0.022594633,11.19855646457937
2022-11-18,基础化工,3.128145e+11,4.935604e+12,0.06337917,12.291931209427156
2022-11-18,家电,5.5991108e+10,4.935604e+12,0.011344327,13.927875013649464
2022-11-18,建材,6.4834843e+10,4.935604e+12,0.013136151,11.682864684157256
2022-11-18,建筑,7.8211604e+10,4.935604e+12,0.015846409,12.258101865458183
2022-11-18,房地产,1.4241994e+11,4.935604e+12,0.028855624,16.34550826374544
2022-11-18,有色金属,1.9965603e+11,4.935604e+12,0.040452197,9.235631951543152
2022-11-18,机械,3.1277797e+11,4.935604e+12,0.06337177,15.933574121209308
2022-11-18,汽车,1.586173e+11,4.935604e+12,0.032137364,11.823172044863394
2022-11-18,消费者服务,7.537743e+10,4.935604e+12,0.015272178,26.965857660561277
2022-11-18,煤炭,5.8862453e+10,4.935604e+12,0.0119260885,6.404651430674962
2022-11-18,电力及公用事业,1.10683144e+11,4.935604e+12,0.02242545,9.53328419082305
2022-11-18,电力设备及新能源,3.930008e+11,4.935604e+12,0.07962567,13.410163813346141
2022-11-18,电子,5.157685e+11,4.935604e+12,0.10449956,19.395622339497493
2022-11-18,石油石化,4.325625e+10,4.935604e+12,0.0087641245,12.735990310416502
2022-11-18,纺织服装,2.4767154e+10,4.935604e+12,0.005018059,10.544028236408426
2022-11-18,综合,2.021525e+10,4.935604e+12,0.0040958007,13.346085281283766
2022-11-18,综合金融,8.633307e+09,4.935604e+12,0.0017491895,15.72804034948349
2022-11-18,计算机,4.072127e+11,4.935604e+12,0.08250514,25.935404279389264
2022-11-18,轻工制造,7.148586e+10,4.935604e+12,0.01448371,17.779900063497898
2022-11-18,通信,1.3568195e+11,4.935604e+12,0.027490443,18.18146123761131
2022-11-18,钢铁,3.207545e+10,4.935604e+12,0.006498789,6.694778434201782
2022-11-18,银行,8.106227e+10,4.935604e+12,0.016423982,4.403630927205086
2022-11-18,非银行金融,1.869966e+11,4.935604e+12,0.037887275,10.79976001381874
2022-11-18,食品饮料,1.6808228e+11,4.935604e+12,0.034055054,10.885267412015635
2022-11-25,交通运输,7.645128e+10,4.035292e+12,0.018945664,7.5986906363297315
2022-11-25,传媒,1.1093661e+11,4.035292e+12,0.027491596,15.89324474926536
2022-11-25,农林牧渔,5.5319482e+10,4.035292e+12,0.013708917,9.345699970126152
2022-11-25,医药,6.390687e+11,4.035292e+12,0.15836987,21.08468393774053
2022-11-25,商贸零售,4.4259373e+10,4.035292e+12,0.010968072,9.137344821294148
2022-11-25,国防军工,8.6644244e+10,4.035292e+12,0.021471618,9.128848150372505
2022-11-25,基础化工,3.0535693e+11,4.035292e+12,0.07567158,12.128912378570218
2022-11-25,家电,3.763723e+10,4.035292e+12,0.009327016,9.946143737062812
2022-11-25,建材,5.0854842e+10,4.035292e+12,0.012602519,11.260683027709403
2022-11-25,建筑,1.3704566e+11,4.035292e+12,0.033961773,16.271815898312123
2022-11-25,房地产,1.0597466e+11,4.035292e+12,0.026261957,12.699089948190462
2022-11-25,有色金属,1.4004247e+11,4.035292e+12,0.03470442,7.3018475526668984
2022-11-25,机械,2.941779e+11,4.035292e+12,0.07290127,15.653696847406396
2022-11-25,汽车,1.3004611e+11,4.035292e+12,0.03222719,10.812314704880801
2022-11-25,消费者服务,5.0402877e+10,4.035292e+12,0.012490516,20.52485622230329
2022-11-25,煤炭,4.6496104e+10,4.035292e+12,0.011522365,5.3085828270230975
2022-11-25,电力及公用事业,1.10186226e+11,4.035292e+12,0.02730564,10.496545177779046
2022-11-25,电力设备及新能源,3.5984094e+11,4.035292e+12,0.08917346,13.910673312641478
2022-11-25,电子,3.3528798e+11,4.035292e+12,0.083088905,15.265590724435825
2022-11-25,石油石化,4.4586967e+10,4.035292e+12,0.011049255,14.375739558070313
2022-11-25,纺织服装,2.8132266e+10,4.035292e+12,0.0069715567,14.533449415606682
2022-11-25,综合,1.8475469e+10,4.035292e+12,0.0045784716,11.510063043347111
2022-11-25,综合金融,5.858133e+09,4.035292e+12,0.0014517247,11.150260174274445
2022-11-25,计算机,3.0001558e+11,4.035292e+12,0.07434793,19.499661232991322
2022-11-25,轻工制造,6.540016e+10,4.035292e+12,0.016207045,14.940508985366577
2022-11-25,通信,1.2420244e+11,4.035292e+12,0.030779049,16.70868951562912
2022-11-25,钢铁,3.178065e+10,4.035292e+12,0.007875676,6.898074429409177
2022-11-25,银行,7.546856e+10,4.035292e+12,0.018702133,4.016042864748409
2022-11-25,非银行金融,1.0554783e+11,4.035292e+12,0.026156183,6.029024258681706
2022-11-25,食品饮料,1.1919621e+11,4.035292e+12,0.029538436,8.684975211472475
2022-12-02,交通运输,1.03064855e+11,4.550354e+12,0.022649856,4.108045352338734
2022-12-02,传媒,1.1690138e+11,4.550354e+12,0.025690613,8.115967041423135
2022-12-02,农林牧渔,8.23641e+10,4.550354e+12,0.018100591,7.066544712638136
2022-12-02,医药,6.15977e+11,4.550354e+12,0.13536903,10.097372972111927
2022-12-02,商贸零售,6.8392944e+10,4.550354e+12,0.015030248,7.22891717411223
2022-12-02,国防军工,8.754348e+10,4.550354e+12,0.01923883,4.533535649241121
2022-12-02,基础化工,2.9029843e+11,4.550354e+12,0.06379689,5.309085176249732
2022-12-02,家电,5.0855207e+10,4.550354e+12,0.0111761,6.228186362463495
2022-12-02,建材,6.594712e+10,4.550354e+12,0.0144927455,7.066295723362667
2022-12-02,建筑,1.2600777e+11,4.550354e+12,0.027691863,7.897123910629066
2022-12-02,房地产,2.2109544e+11,4.550354e+12,0.048588626,12.334751828274596
2022-12-02,有色金属,1.6848986e+11,4.550354e+12,0.03702786,3.916015172102412
2022-12-02,机械,2.754096e+11,4.550354e+12,0.060524877,7.238435190011581
2022-12-02,汽车,1.8829818e+11,4.550354e+12,0.041380998,5.827688527011543
2022-12-02,消费者服务,9.104448e+10,4.550354e+12,0.02000822,15.111011382780577
2022-12-02,煤炭,5.946417e+10,4.550354e+12,0.013068032,3.6006585930074966
2022-12-02,电力及公用事业,1.405333e+11,4.550354e+12,0.030884039,6.547018829176868
2022-12-02,电力设备及新能源,3.5217696e+11,4.550354e+12,0.07739551,6.063912519983746
2022-12-02,电子,3.17924e+11,4.550354e+12,0.069867976,6.600363313069355
2022-12-02,石油石化,5.3787218e+10,4.550354e+12,0.011820448,8.072218549602171
2022-12-02,纺织服装,3.3412784e+10,4.550354e+12,0.0073428983,7.757071250165351
2022-12-02,综合,2.2966268e+10,4.550354e+12,0.005047139,8.229790766482
2022-12-02,综合金融,7.7830876e+09,4.550354e+12,0.0017104357,6.755759990215301
2022-12-02,计算机,2.7690566e+11,4.550354e+12,0.060853656,8.85217607596026
2022-12-02,轻工制造,6.7599688e+10,4.550354e+12,0.014855919,7.183375663386705
2022-12-02,通信,1.2517452e+11,4.550354e+12,0.027508745,7.310967369005084
2022-12-02,钢铁,3.2422394e+10,4.550354e+12,0.007125247,3.1645980465645884
2022-12-02,银行,1.1184304e+11,4.550354e+12,0.024578977,2.8511440494940397
2022-12-02,非银行金融,1.818129e+11,4.550354e+12,0.039955772,4.079767837694713
2022-12-02,食品饮料,2.1430213e+11,4.550354e+12,0.04709571,7.531273257940314
2022-12-09,交通运输,1.4595426e+11,4.854786e+12,0.030063996,12.061683114837198
2022-12-09,传媒,1.2556288e+11,4.854786e+12,0.025863733,16.647009949312142
2022-12-09,农林牧渔,1.0262359e+11,4.854786e+12,0.021138646,17.176093979477884
2022-12-09,医药,7.313061e+11,4.854786e+12,0.15063612,23.739913324472752
2022-12-09,商贸零售,1.0907759e+11,4.854786e+12,0.022468053,19.935452270507813
2022-12-09,国防军工,9.544307e+10,4.854786e+12,0.019659584,9.93908443472801
2022-12-09,基础化工,3.4675376e+11,4.854786e+12,0.07142514,12.26789375332094
2022-12-09,家电,5.842198e+10,4.854786e+12,0.012033895,13.389783908555538
2022-12-09,建材,6.583806e+10,4.854786e+12,0.013561476,12.76494998248612
2022-12-09,建筑,1.3395851e+11,4.854786e+12,0.027593084,14.403643899093009
2022-12-09,房地产,1.6309292e+11,4.854786e+12,0.033594258,18.461702728490216
2022-12-09,有色金属,1.9000327e+11,4.854786e+12,0.03913731,8.709949143597337
2022-12-09,机械,2.8214955e+11,4.854786e+12,0.058117818,13.373515336124793
2022-12-09,汽车,1.5806952e+11,4.854786e+12,0.032559525,10.12834813124543
2022-12-09,消费者服务,9.265884e+10,4.854786e+12,0.019086083,28.921847347627605
2022-12-09,煤炭,4.8120087e+10,4.854786e+12,0.009911886,5.520762853963035
2022-12-09,电力及公用事业,1.1539158e+11,4.854786e+12,0.023768624,9.685879590959031
2022-12-09,电力设备及新能源,3.8747865e+11,4.854786e+12,0.07981375,11.814766359650326
2022-12-09,电子,3.6269166e+11,4.854786e+12,0.07470807,13.635317905907481
2022-12-09,石油石化,5.355558e+10,4.854786e+12,0.011031503,13.80406475534626
2022-12-09,纺织服装,4.742041e+10,4.854786e+12,0.009767766,20.15362735468932
2022-12-09,综合,2.3440034e+10,4.854786e+12,0.0048282323,17.01052222373309
2022-12-09,综合金融,1.2020042e+10,4.854786e+12,0.002475916,15.624369645118714
2022-12-09,计算机,2.52195e+11,4.854786e+12,0.05194771,16.488628530574786
2022-12-09,轻工制造,6.8473987e+10,4.854786e+12,0.014104431,15.289927528836788
2022-12-09,通信,1.16246634e+11,4.854786e+12,0.02394475,12.721014438617614
2022-12-09,钢铁,3.902645e+10,4.854786e+12,0.008038758,7.043643137987922
2022-12-09,银行,8.673989e+10,4.854786e+12,0.017866882,3.945226175444467
2022-12-09,非银行金融,1.8726979e+11,4.854786e+12,0.038574263,8.332045713492802
2022-12-09,食品饮料,2.5318331e+11,4.854786e+12,0.052151285,21.46038144411043
2022-12-16,交通运输,1.2182778e+11,4.0452403e+12,0.030116327,13.550764090319474
2022-12-16,传媒,1.0173243e+11,4.0452403e+12,0.025148675,13.94790706144157
2022-12-16,农林牧渔,8.849957e+10,4.0452403e+12,0.021877456,15.500541036128999
2022-12-16,医药,7.325586e+11,4.0452403e+12,0.18109149,23.57507674567243
2022-12-16,商贸零售,9.571468e+10,4.0452403e+12,0.023661062,19.1848360765548
2022-12-16,国防军工,7.437592e+10,4.0452403e+12,0.018386032,9.485562722791325
2022-12-16,基础化工,2.6722222e+11,4.0452403e+12,0.06605843,10.661057729034209
2022-12-16,家电,5.0663363e+10,4.0452403e+12,0.012524191,12.691162918820794
2022-12-16,建材,5.2908855e+10,4.0452403e+12,0.013079287,11.028981634029527
2022-12-16,建筑,7.492921e+10,4.0452403e+12,0.018522808,9.721906314135357
2022-12-16,房地产,1.1428873e+11,4.0452403e+12,0.028252643,13.027250404751628
2022-12-16,有色金属,1.497299e+11,4.0452403e+12,0.037013847,8.038163030245265
2022-12-16,机械,2.3419462e+11,4.0452403e+12,0.057893872,12.33425393452247
2022-12-16,汽车,1.25370786e+11,4.0452403e+12,0.030992173,9.210330259977678
2022-12-16,消费者服务,8.569448e+10,4.0452403e+12,0.021184027,28.16701751215416
2022-12-16,煤炭,4.111811e+10,4.0452403e+12,0.010164565,4.716414271082197
2022-12-16,电力及公用事业,8.562884e+10,4.0452403e+12,0.0211678,7.683062610325512
2022-12-16,电力设备及新能源,2.7443189e+11,4.0452403e+12,0.06784069,8.813840724803784
2022-12-16,电子,3.7998805e+11,4.0452403e+12,0.0939346,15.187662326123403
2022-12-16,石油石化,3.9383798e+10,4.0452403e+12,0.009735837,11.290321444763856
2022-12-16,纺织服装,4.574334e+10,4.0452403e+12,0.011307942,19.5545767437328
2022-12-16,综合,1.5745155e+10,4.0452403e+12,0.003892267,11.809625982134431
2022-12-16,综合金融,8.562221e+09,4.0452403e+12,0.0021166161,12.968040060997009
2022-12-16,计算机,2.1544832e+11,4.0452403e+12,0.053259708,15.060235517048547
2022-12-16,轻工制造,6.4147354e+10,4.0452403e+12,0.01585749,14.057680881327125
2022-12-16,通信,8.029928e+10,4.0452403e+12,0.019850312,10.354038711517088
2022-12-16,钢铁,3.0972985e+10,4.0452403e+12,0.007656649,5.644652943985135
2022-12-16,银行,6.079552e+10,4.0452403e+12,0.015028901,2.542490492619219
2022-12-16,非银行金融,1.01469405e+11,4.0452403e+12,0.025083654,4.8879100031086375
2022-12-16,食品饮料,2.3140157e+11,4.0452403e+12,0.05720342,23.70727761387825
2022-12-23,交通运输,8.37416e+10,3.199767e+12,0.026171155,10.919964179644982
2022-12-23,传媒,9.226974e+10,3.199767e+12,0.028836394,12.626922647581033
2022-12-23,农林牧渔,7.988e+10,3.199767e+12,0.02496432,13.461630944013596
2022-12-23,医药,5.0378788e+11,3.199767e+12,0.15744518,15.573822795076573
2022-12-23,商贸零售,7.353773e+10,3.199767e+12,0.022982216,15.352530507814317
2022-12-23,国防军工,5.2043706e+10,3.199767e+12,0.016264843,5.606347276405855
2022-12-23,基础化工,2.178266e+11,3.199767e+12,0.068075776,9.312145923288204
2022-12-23,家电,3.82973e+10,3.199767e+12,0.011968778,9.994773000846674
2022-12-23,建材,4.0643387e+10,3.199767e+12,0.012701984,8.902885367957557
2022-12-23,建筑,5.5875863e+10,3.199767e+12,0.017462479,7.419093642644821
2022-12-23,房地产,1.1557459e+11,3.199767e+12,0.03611969,12.94695877810137
2022-12-23,有色金属,1.1099946e+11,3.199767e+12,0.03468986,5.686977074771631
2022-12-23,机械,1.8577588e+11,3.199767e+12,0.058059193,9.915362225587552
2022-12-23,汽车,1.2565805e+11,3.199767e+12,0.039271,9.41678309855668
2022-12-23,消费者服务,9.018257e+10,3.199767e+12,0.028184108,30.72584011261923
2022-12-23,煤炭,2.6808515e+10,3.199767e+12,0.008378271,3.5037399853978837
2022-12-23,电力及公用事业,7.311301e+10,3.199767e+12,0.02284948,6.8923919102898585
2022-12-23,电力设备及新能源,2.3518539e+11,3.199767e+12,0.07350079,7.623292601068413
2022-12-23,电子,2.643073e+11,3.199767e+12,0.08260205,11.792466972514594
2022-12-23,石油石化,3.2936024e+10,3.199767e+12,0.010293257,9.572005845168057
2022-12-23,纺织服装,3.8824534e+10,3.199767e+12,0.012133551,16.542322248521476
2022-12-23,综合,1.1896268e+10,3.199767e+12,0.0037178546,8.239948081749457
2022-12-23,综合金融,1.1714015e+10,3.199767e+12,0.0036608966,15.328710210323333
2022-12-23,计算机,1.6026547e+11,3.199767e+12,0.050086606,12.13378184826085
2022-12-23,轻工制造,5.6602354e+10,3.199767e+12,0.017689524,12.648977807805508
2022-12-23,通信,6.8103033e+10,3.199767e+12,0.021283748,8.583409710757193
2022-12-23,钢铁,1.9889818e+10,3.199767e+12,0.006216021,4.3323784102411835
2022-12-23,银行,4.7123546e+10,3.199767e+12,0.014727181,1.9787642877726328
2022-12-23,非银行金融,7.911054e+10,3.199767e+12,0.024723845,3.7932408586354325
2022-12-23,食品饮料,2.0735733e+11,3.199767e+12,0.06480388,20.331923937797548
2022-12-30,交通运输,8.609468e+10,3.1502754e+12,0.027329253,9.87128846187237
2022-12-30,传媒,1.14326135e+11,3.1502754e+12,0.03629084,15.374991541213177
2022-12-30,农林牧渔,8.579436e+10,3.1502754e+12,0.027233923,15.17753704726696
2022-12-30,医药,4.4055953e+11,3.1502754e+12,0.13984795,14.201656407029446
2022-12-30,商贸零售,8.615878e+10,3.1502754e+12,0.027349602,18.090685702505567
2022-12-30,国防军工,6.051863e+10,3.1502754e+12,0.019210584,7.412664559754458
2022-12-30,基础化工,2.0386516e+11,3.1502754e+12,0.06471344,8.811249016921149
2022-12-30,家电,3.6491702e+10,3.1502754e+12,0.011583654,9.205143264414351
2022-12-30,建材,3.435064e+10,3.1502754e+12,0.010904011,7.108178039876426
2022-12-30,建筑,5.68219e+10,3.1502754e+12,0.018037122,7.776384720187278
2022-12-30,房地产,9.5779275e+10,3.1502754e+12,0.030403461,10.496882600795239
2022-12-30,有色金属,1.1473662e+11,3.1502754e+12,0.03642114,6.4500499939332245
2022-12-30,机械,1.7482891e+11,3.1502754e+12,0.05549639,9.281103038878918
2022-12-30,汽车,1.06507444e+11,3.1502754e+12,0.03380893,7.610783660140904
2022-12-30,消费者服务,1.1780247e+11,3.1502754e+12,0.037394337,37.6040472273241
2022-12-30,煤炭,2.5503246e+10,3.1502754e+12,0.008095561,3.4760457124028887
2022-12-30,电力及公用事业,8.5289e+10,3.1502754e+12,0.027073506,6.431355388583364
2022-12-30,电力设备及新能源,2.74419e+11,3.1502754e+12,0.08710953,8.230756248789604
2022-12-30,电子,2.3652216e+11,3.1502754e+12,0.075079836,11.303336170477788
2022-12-30,石油石化,3.1542804e+10,3.1502754e+12,0.010012713,10.494525405706144
2022-12-30,纺织服装,3.581519e+10,3.1502754e+12,0.011368908,15.288294059038162
2022-12-30,综合,9.26564e+09,3.1502754e+12,0.002941216,8.013129558828142
2022-12-30,综合金融,1.0089968e+10,3.1502754e+12,0.0032028842,12.34261018037796
2022-12-30,计算机,1.563e+11,3.1502754e+12,0.04961471,11.524852624112386
2022-12-30,轻工制造,5.9023843e+10,3.1502754e+12,0.01873609,12.586847193023694
2022-12-30,通信,6.5606144e+10,3.1502754e+12,0.020825526,7.838154009393146
2022-12-30,钢铁,1.7802615e+10,3.1502754e+12,0.00565113,3.82024898482304
2022-12-30,银行,5.36218e+10,3.1502754e+12,0.017021306,2.0884690511794317
2022-12-30,非银行金融,8.319884e+10,3.1502754e+12,0.02641002,7.280260630056891
2022-12-30,食品饮料,1.9114325e+11,3.1502754e+12,0.060675092,22.023804715505012
2023-01-06,交通运输,7.330687e+10,3.2397056e+12,0.022627635,7.528143787186993
2023-01-06,传媒,1.3325814e+11,3.2397056e+12,0.041132793,16.80804822208188
2023-01-06,农林牧渔,6.1508256e+10,3.2397056e+12,0.018985756,10.396677988767625
2023-01-06,医药,3.5466874e+11,3.2397056e+12,0.10947561,10.839283296850217
2023-01-06,商贸零售,8.065236e+10,3.2397056e+12,0.024894966,16.933219205765496
2023-01-06,国防军工,5.5171183e+10,3.2397056e+12,0.01702969,6.247523642940955
2023-01-06,基础化工,2.2010431e+11,3.2397056e+12,0.0679396,8.796580409158521
2023-01-06,家电,4.28042e+10,3.2397056e+12,0.0132123735,9.59241110859094
2023-01-06,建材,3.600478e+10,3.2397056e+12,0.011113596,6.903280545662089
2023-01-06,建筑,5.5990055e+10,3.2397056e+12,0.017282452,7.618263046595321
2023-01-06,房地产,9.071815e+10,3.2397056e+12,0.028001973,9.336098200684294
2023-01-06,有色金属,1.2716077e+11,3.2397056e+12,0.039250717,6.2911286613003154
2023-01-06,机械,1.9309724e+11,3.2397056e+12,0.05960333,9.468127519929551
2023-01-06,汽车,1.1197017e+11,3.2397056e+12,0.034561835,7.605927286906676
2023-01-06,消费者服务,7.519974e+10,3.2397056e+12,0.023211906,24.260738330974913
2023-01-06,煤炭,2.7481788e+10,3.2397056e+12,0.0084828045,3.197940012386867
2023-01-06,电力及公用事业,9.038445e+10,3.2397056e+12,0.027898971,6.466567109162743
2023-01-06,电力设备及新能源,3.071782e+11,3.2397056e+12,0.09481671,9.248611767484684
2023-01-06,电子,2.7071095e+11,3.2397056e+12,0.083560355,11.340616100575625
2023-01-06,石油石化,2.921364e+10,3.2397056e+12,0.009017375,7.981360756883435
2023-01-06,纺织服装,2.9581191e+10,3.2397056e+12,0.009130827,12.802253902554511
2023-01-06,综合,1.1333983e+10,3.2397056e+12,0.0034984609,9.724811429778734
2023-01-06,综合金融,8.2045343e+09,3.2397056e+12,0.0025324938,9.848210334777832
2023-01-06,计算机,2.3095412e+11,3.2397056e+12,0.071288615,14.388982519012204
2023-01-06,轻工制造,6.2854373e+10,3.2397056e+12,0.019401262,12.191683056969312
2023-01-06,通信,8.750169e+10,3.2397056e+12,0.02700915,10.267303260103349
2023-01-06,钢铁,1.701555e+10,3.2397056e+12,0.0052521904,3.6585352689612147
2023-01-06,银行,6.4033305e+10,3.2397056e+12,0.019765161,2.272769039585477
2023-01-06,非银行金融,1.071228e+11,3.2397056e+12,0.0330656,6.9173562339913675
2023-01-06,食品饮料,1.8397756e+11,3.2397056e+12,0.05678836,16.915614657677136
2023-01-13,交通运输,7.957746e+10,3.6664396e+12,0.021704286,7.001276867695092
2023-01-13,传媒,1.1408863e+11,3.6664396e+12,0.031117009,14.169115578029173
2023-01-13,农林牧渔,6.96285e+10,3.6664396e+12,0.018990768,9.995423990488053
2023-01-13,医药,3.7416206e+11,3.6664396e+12,0.10205052,10.893921341691915
2023-01-13,商贸零售,6.3877374e+10,3.6664396e+12,0.01742218,12.987578162692841
2023-01-13,国防军工,8.232033e+10,3.6664396e+12,0.022452388,8.233563623103228
2023-01-13,基础化工,2.5609175e+11,3.6664396e+12,0.06984753,9.510323670373035
2023-01-13,家电,4.6567334e+10,3.6664396e+12,0.012700968,10.632799902080018
2023-01-13,建材,4.4811522e+10,3.6664396e+12,0.012222081,8.11578663347698
2023-01-13,建筑,6.419273e+10,3.6664396e+12,0.017508192,8.869366280687084
2023-01-13,房地产,7.452405e+10,3.6664396e+12,0.020326,7.900294500206589
2023-01-13,有色金属,1.6752298e+11,3.6664396e+12,0.045690913,8.285544233243973
2023-01-13,机械,2.3242577e+11,3.6664396e+12,0.06339277,10.721544253118967
2023-01-13,汽车,1.6748913e+11,3.6664396e+12,0.04568168,10.61525138142434
2023-01-13,消费者服务,7.506581e+10,3.6664396e+12,0.020473761,22.511796643859462
2023-01-13,煤炭,4.637475e+10,3.6664396e+12,0.012648442,5.694605682577405
2023-01-13,电力及公用事业,9.3040976e+10,3.6664396e+12,0.025376383,7.189397303370742
2023-01-13,电力设备及新能源,3.7143567e+11,3.6664396e+12,0.10130691,11.73175925056541
2023-01-13,电子,3.3688814e+11,3.6664396e+12,0.09188427,14.568371629602238
2023-01-13,石油石化,4.1279586e+10,3.6664396e+12,0.011258766,10.586358682782043
2023-01-13,纺织服装,3.147356e+10,3.6664396e+12,0.008584229,13.298266051411629
2023-01-13,综合,1.7060107e+10,3.6664396e+12,0.0046530445,12.896314873739525
2023-01-13,综合金融,7.109268e+09,3.6664396e+12,0.0019390114,8.973059952259064
2023-01-13,计算机,2.2508834e+11,3.6664396e+12,0.061391532,12.882055594076563
2023-01-13,轻工制造,6.23196e+10,3.6664396e+12,0.016997308,12.061145890246397
2023-01-13,通信,8.288115e+10,3.6664396e+12,0.02260535,9.977933030455343
2023-01-13,钢铁,2.0269427e+10,3.6664396e+12,0.005528368,4.104280377135558
2023-01-13,银行,5.505347e+10,3.6664396e+12,0.015015514,2.036869048717476
2023-01-13,非银行金融,1.5264773e+11,3.6664396e+12,0.041633777,8.543159183062299
2023-01-13,食品饮料,2.1068541e+11,3.6664396e+12,0.057463218,16.18626850293233
2023-01-20,交通运输,7.390581e+10,3.6830495e+12,0.020066472,6.33959083653186
2023-01-20,传媒,1.0747172e+11,3.6830495e+12,0.029180089,12.585407057975202
2023-01-20,农林牧渔,6.610174e+10,3.6830495e+12,0.017947556,10.272056442676204
2023-01-20,医药,3.793142e+11,3.6830495e+12,0.10298917,9.941365942201452
2023-01-20,商贸零售,5.965168e+10,3.6830495e+12,0.016196273,11.124092396100362
2023-01-20,国防军工,8.609538e+10,3.6830495e+12,0.023376113,9.317916344512593
2023-01-20,基础化工,2.2902597e+11,3.6830495e+12,0.06218379,8.140025809820273
2023-01-20,家电,4.42305e+10,3.6830495e+12,0.012009206,8.980793785533788
2023-01-20,建材,4.470805e+10,3.6830495e+12,0.012138867,7.649048806690589
2023-01-20,建筑,6.2643794e+10,3.6830495e+12,0.017008675,7.562778374192062
2023-01-20,房地产,6.1447463e+10,3.6830495e+12,0.016683854,6.7837523221969604
2023-01-20,有色金属,1.6651928e+11,3.6830495e+12,0.045212336,7.7199163759341
2023-01-20,机械,2.2274163e+11,3.6830495e+12,0.0604775,10.862056414621907
2023-01-20,汽车,1.3338261e+11,3.6830495e+12,0.036215264,9.087071388688955
2023-01-20,消费者服务,6.753475e+10,3.6830495e+12,0.018336639,18.340947323200997
2023-01-20,煤炭,4.0110694e+10,3.6830495e+12,0.010890621,4.964508535180773
2023-01-20,电力及公用事业,8.711199e+10,3.6830495e+12,0.023652136,6.039827468158962
2023-01-20,电力设备及新能源,3.2529485e+11,3.6830495e+12,0.08832215,11.504453685859707
2023-01-20,电子,3.8061444e+11,3.6830495e+12,0.1033422,14.61981796408094
2023-01-20,石油石化,3.588524e+10,3.6830495e+12,0.00974335,7.845443220115175
2023-01-20,纺织服装,3.4870116e+10,3.6830495e+12,0.009467729,14.810976012945176
2023-01-20,综合,1.1295841e+10,3.6830495e+12,0.0030669805,9.55160363625597
2023-01-20,综合金融,7.3926927e+09,3.6830495e+12,0.0020072206,11.106069993972778
2023-01-20,计算机,2.839218e+11,3.6830495e+12,0.07708878,16.057776789798076
2023-01-20,轻工制造,5.5434314e+10,3.6830495e+12,0.0150512,10.325960936786243
2023-01-20,通信,9.863416e+10,3.6830495e+12,0.026780568,11.932385509052585
2023-01-20,钢铁,2.2015236e+10,3.6830495e+12,0.0059774476,4.083413716624765
2023-01-20,银行,6.6989294e+10,3.6830495e+12,0.01818854,3.8076714397895906
2023-01-20,非银行金融,2.3117555e+11,3.6830495e+12,0.06276743,14.951236591372691
2023-01-20,食品饮料,1.964841e+11,3.6830495e+12,0.05334821,11.801565419252102
2023-02-03,交通运输,9.161736e+10,4.8906376e+12,0.018733215,3.8138636407280755
2023-02-03,传媒,1.598654e+11,4.8906376e+12,0.032688048,9.791790488341176
2023-02-03,农林牧渔,9.625288e+10,4.8906376e+12,0.01968105,7.858863378662874
2023-02-03,医药,3.903782e+11,4.8906376e+12,0.079821534,5.626903281907451
2023-02-03,商贸零售,6.86832e+10,4.8906376e+12,0.014043813,6.850285269107137
2023-02-03,国防军工,1.2934773e+11,4.8906376e+12,0.02644803,7.138975923169743
2023-02-03,基础化工,3.2994912e+11,4.8906376e+12,0.06746546,5.7801786184945
2023-02-03,家电,5.7293795e+10,4.8906376e+12,0.011714995,6.801488860337822
2023-02-03,建材,5.772314e+10,4.8906376e+12,0.011802783,5.344521953565319
2023-02-03,建筑,9.649376e+10,4.8906376e+12,0.019730302,6.497187239823828
2023-02-03,房地产,8.642848e+10,4.8906376e+12,0.017672231,4.635952752937964
2023-02-03,有色金属,2.7913594e+11,4.8906376e+12,0.05707557,7.395484000444412
2023-02-03,机械,3.4654608e+11,4.8906376e+12,0.07085908,8.503811191472195
2023-02-03,汽车,2.3535264e+11,4.8906376e+12,0.0481231,7.796403873102231
2023-02-03,消费者服务,8.055041e+10,4.8906376e+12,0.01647033,11.69626933545397
2023-02-03,煤炭,4.8957948e+10,4.8906376e+12,0.010010545,3.151387143986566
2023-02-03,电力及公用事业,1.1209463e+11,4.8906376e+12,0.022920249,4.308520720885681
2023-02-03,电力设备及新能源,4.3676402e+11,4.8906376e+12,0.08930615,8.091300006793892
2023-02-03,电子,4.6952248e+11,4.8906376e+12,0.09600435,8.928506617251582
2023-02-03,石油石化,4.8193483e+10,4.8906376e+12,0.009854233,5.363221541339276
2023-02-03,纺织服装,3.5332583e+10,4.8906376e+12,0.007224535,7.254704940617085
2023-02-03,综合,1.5378287e+10,4.8906376e+12,0.003144434,5.974516640658732
2023-02-03,综合金融,8.0301773e+09,4.8906376e+12,0.0016419489,5.393084996938706
2023-02-03,计算机,4.425885e+11,4.8906376e+12,0.09049709,13.315949514822428
2023-02-03,轻工制造,7.2045404e+10,4.8906376e+12,0.014731291,7.514436147591603
2023-02-03,通信,1.3873644e+11,4.8906376e+12,0.02836776,8.868871402836614
2023-02-03,钢铁,3.6497363e+10,4.8906376e+12,0.0074627004,3.164566663258216
2023-02-03,银行,7.772913e+10,4.8906376e+12,0.015893456,1.5260999979717391
2023-02-03,非银行金融,2.1649338e+11,4.8906376e+12,0.044266902,6.439621014820112
2023-02-03,食品饮料,2.2442118e+11,4.8906376e+12,0.045887917,7.247192726281411
2023-02-10,交通运输,6.8309697e+10,4.3055414e+12,0.01586553,5.96187105159129
2023-02-10,传媒,1.9349873e+11,4.3055414e+12,0.044941787,23.20414679270264
2023-02-10,农林牧渔,6.7633934e+10,4.3055414e+12,0.015708579,11.325964379133564
2023-02-10,医药,2.982491e+11,4.3055414e+12,0.06927098,9.398189626885618
2023-02-10,商贸零售,5.6533434e+10,4.3055414e+12,0.013130389,12.082018015498207
2023-02-10,国防军工,9.854652e+10,4.3055414e+12,0.0228883,11.080332676930862
2023-02-10,基础化工,2.8576206e+11,4.3055414e+12,0.06637076,11.730713148364575
2023-02-10,家电,5.2514976e+10,4.3055414e+12,0.012197067,11.899275292952856
2023-02-10,建材,4.3696255e+10,4.3055414e+12,0.010148841,9.197370692724135
2023-02-10,建筑,9.343572e+10,4.3055414e+12,0.021701273,12.648129369422888
2023-02-10,房地产,7.2631484e+10,4.3055414e+12,0.016869303,7.69624312864531
2023-02-10,有色金属,1.9962831e+11,4.3055414e+12,0.046365436,12.105868057637919
2023-02-10,机械,3.333105e+11,4.3055414e+12,0.077414304,15.917310527704581
2023-02-10,汽车,1.6464657e+11,4.3055414e+12,0.03824062,13.33677459359169
2023-02-10,消费者服务,6.0772614e+10,4.3055414e+12,0.014114976,19.56084566158161
2023-02-10,煤炭,3.0517236e+10,4.3055414e+12,0.0070878975,3.6776085751397267
2023-02-10,电力及公用事业,1.0797784e+11,4.3055414e+12,0.025078807,9.296827387382097
2023-02-10,电力设备及新能源,3.6544653e+11,4.3055414e+12,0.084878184,15.979335192852595
2023-02-10,电子,4.497833e+11,4.3055414e+12,0.10446614,18.727064380668246
2023-02-10,石油石化,3.2840385e+10,4.3055414e+12,0.007627469,9.376001995568181
2023-02-10,纺织服装,2.6959673e+10,4.3055414e+12,0.006261622,11.125196016430856
2023-02-10,综合,1.6029018e+10,4.3055414e+12,0.003722881,13.304766648897418
2023-02-10,综合金融,8.168821e+09,4.3055414e+12,0.0018972808,8.797230184078217
2023-02-10,计算机,5.4575517e+11,4.3055414e+12,0.12675646,32.21378255734243
2023-02-10,轻工制造,7.863863e+10,4.3055414e+12,0.018264515,14.097025887208915
2023-02-10,通信,1.6495704e+11,4.3055414e+12,0.03831273,22.819583067417145
2023-02-10,钢铁,2.669969e+10,4.3055414e+12,0.006201239,4.634723521915137
2023-02-10,银行,5.45301e+10,4.3055414e+12,0.012665098,2.647523833882241
2023-02-10,非银行金融,1.3225107e+11,4.3055414e+12,0.030716477,9.389356938915121
2023-02-10,食品饮料,1.739061e+11,4.3055414e+12,0.040391225,11.142654992696894
2023-02-17,交通运输,8.804549e+10,4.9262127e+12,0.017872855,6.617812408149735
2023-02-17,传媒,2.2240112e+11,4.9262127e+12,0.045146473,23.537312835666306
2023-02-17,农林牧渔,8.493238e+10,4.9262127e+12,0.017240908,13.75540702236761
2023-02-17,医药,4.1436722e+11,4.9262127e+12,0.08411477,13.50273413736106
2023-02-17,商贸零售,5.595022e+10,4.9262127e+12,0.011357655,10.913954252288455
2023-02-17,国防军工,1.3507351e+11,4.9262127e+12,0.027419344,13.069629993763836
2023-02-17,基础化工,3.3955624e+11,4.9262127e+12,0.06892846,13.311623295232401
2023-02-17,家电,5.2188738e+10,4.9262127e+12,0.0105940895,12.854858089376378
2023-02-17,建材,6.3266505e+10,4.9262127e+12,0.012842828,12.189613397528486
2023-02-17,建筑,9.9573236e+10,4.9262127e+12,0.020212939,12.63721021725114
2023-02-17,房地产,6.935105e+10,4.9262127e+12,0.014077964,7.061390800760426
2023-02-17,有色金属,1.8395649e+11,4.9262127e+12,0.037342377,10.759036027017187
2023-02-17,机械,3.6342782e+11,4.9262127e+12,0.073774286,16.527112466568497
2023-02-17,汽车,1.6652137e+11,4.9262127e+12,0.033803124,13.151816156801877
2023-02-17,消费者服务,7.0456615e+10,4.9262127e+12,0.01430239,19.00924580975583
2023-02-17,煤炭,4.286065e+10,4.9262127e+12,0.008700528,5.336228557995388
2023-02-17,电力及公用事业,1.1351713e+11,4.9262127e+12,0.023043491,9.681979768479351
2023-02-17,电力设备及新能源,4.0621795e+11,4.9262127e+12,0.0824605,17.53368994882673
2023-02-17,电子,5.0502494e+11,4.9262127e+12,0.102517895,20.050470134365224
2023-02-17,石油石化,4.2433724e+10,4.9262127e+12,0.008613864,10.175919638544906
2023-02-17,纺织服装,3.1229956e+10,4.9262127e+12,0.0063395468,12.455679225449515
2023-02-17,综合,1.3833675e+10,4.9262127e+12,0.0028081764,10.197474126462582
2023-02-17,综合金融,6.839626e+09,4.9262127e+12,0.0013884148,7.92354998588562
2023-02-17,计算机,5.9576536e+11,4.9262127e+12,0.12093781,29.998610473899955
2023-02-17,轻工制造,9.304466e+10,4.9262127e+12,0.018887667,16.575454037331934
2023-02-17,通信,1.8885865e+11,4.9262127e+12,0.038337495,24.160094465732573
2023-02-17,钢铁,3.4376876e+10,4.9262127e+12,0.006978358,5.6032608081312745
2023-02-17,银行,7.053939e+10,4.9262127e+12,0.014319193,2.9682666556466195
2023-02-17,非银行金融,1.3420794e+11,4.9262127e+12,0.027243635,8.552848428487778
2023-02-17,食品饮料,2.3726236e+11,4.9262127e+12,0.04816324,16.169158005987416
2023-02-24,交通运输,6.4045015e+10,4.1783355e+12,0.015327877,5.045318169288398
2023-02-24,传媒,1.7574357e+11,4.1783355e+12,0.042060666,18.921682188696895
2023-02-24,农林牧渔,7.391928e+10,4.1783355e+12,0.017691083,12.042192151733474
2023-02-24,医药,3.4290162e+11,4.1783355e+12,0.08206656,11.299144025005793
2023-02-24,商贸零售,4.7265186e+10,4.1783355e+12,0.011311965,8.712146705672854
2023-02-24,国防军工,1.4211277e+11,4.1783355e+12,0.034011815,14.30020895817063
2023-02-24,基础化工,2.7573505e+11,4.1783355e+12,0.0659916,9.614130293867566
2023-02-24,家电,5.855887e+10,4.1783355e+12,0.01401488,11.294285203203742
2023-02-24,建材,5.3613842e+10,4.1783355e+12,0.012831388,9.331296355259127
2023-02-24,建筑,8.4297966e+10,4.1783355e+12,0.020175012,9.705888557585942
2023-02-24,房地产,6.5842307e+10,4.1783355e+12,0.015758023,7.260993629967401
2023-02-24,有色金属,1.9071284e+11,4.1783355e+12,0.045643255,9.96181391790265
2023-02-24,机械,2.8456544e+11,4.1783355e+12,0.068104975,13.088343217120299
2023-02-24,汽车,1.8603391e+11,4.1783355e+12,0.04452345,15.942088757952055
2023-02-24,消费者服务,4.6216745e+10,4.1783355e+12,0.011061043,13.095157782236734
2023-02-24,煤炭,6.8824465e+10,4.1783355e+12,0.016471742,7.819331363269261
2023-02-24,电力及公用事业,8.041309e+10,4.1783355e+12,0.019245245,6.853236297855463
2023-02-24,电力设备及新能源,3.4457e+11,4.1783355e+12,0.08246586,12.671174542361678
2023-02-24,电子,3.5239867e+11,4.1783355e+12,0.084339485,14.943829597570957
2023-02-24,石油石化,3.7985006e+10,4.1783355e+12,0.009090942,6.877150882692898
2023-02-24,纺织服装,3.4836935e+10,4.1783355e+12,0.008337515,14.121479152452828
2023-02-24,综合,1.2217044e+10,4.1783355e+12,0.0029239021,9.575103929749242
2023-02-24,综合金融,5.99179e+09,4.1783355e+12,0.0014340136,7.7809598565101625
2023-02-24,计算机,4.6782844e+11,4.1783355e+12,0.11196526,21.531658172248356
2023-02-24,轻工制造,7.744354e+10,4.1783355e+12,0.018534543,13.258617561943126
2023-02-24,通信,1.537065e+11,4.1783355e+12,0.036786538,16.51395118379593
2023-02-24,钢铁,4.156074e+10,4.1783355e+12,0.009946722,7.175496055799372
2023-02-24,银行,6.460868e+10,4.1783355e+12,0.015462779,2.9801166376897266
2023-02-24,非银行金融,1.5879433e+11,4.1783355e+12,0.03800421,9.980554215610027
2023-02-24,食品饮料,1.8398793e+11,4.1783355e+12,0.044033784,12.41193357178273
2023-03-03,交通运输,7.167154e+10,4.2196171e+12,0.016985318,2.595337211285248
2023-03-03,传媒,1.7594053e+11,4.2196171e+12,0.04169585,8.87459897773063
2023-03-03,农林牧渔,5.6378003e+10,4.2196171e+12,0.013360929,4.742354926087108
2023-03-03,医药,3.2411982e+11,4.2196171e+12,0.07681262,5.501365922900655
2023-03-03,商贸零售,4.2170188e+10,4.2196171e+12,0.009993842,4.054696671451841
2023-03-03,国防军工,1.5575448e+11,4.2196171e+12,0.036911994,7.714618070632624
2023-03-03,基础化工,2.5121305e+11,4.2196171e+12,0.05953456,4.649875546163983
2023-03-03,家电,5.625892e+10,4.2196171e+12,0.013332707,5.015378388449734
2023-03-03,建材,4.909159e+10,4.2196171e+12,0.011634133,5.067143298867272
2023-03-03,建筑,1.2184657e+11,4.2196171e+12,0.028876215,6.165565938184596
2023-03-03,房地产,6.0608655e+10,4.2196171e+12,0.014363544,2.6725665192811863
2023-03-03,有色金属,1.5886624e+11,4.2196171e+12,0.037649445,4.427621608485981
2023-03-03,机械,2.8133615e+11,4.2196171e+12,0.06667338,6.309350427895335
2023-03-03,汽车,1.5664033e+11,4.2196171e+12,0.03712193,7.244518590848809
2023-03-03,消费者服务,5.4663016e+10,4.2196171e+12,0.012954497,8.518407074505824
2023-03-03,煤炭,4.0732017e+10,4.2196171e+12,0.009653012,2.3254742839506695
2023-03-03,电力及公用事业,9.1921244e+10,4.2196171e+12,0.02178426,3.3939531348612277
2023-03-03,电力设备及新能源,3.179425e+11,4.2196171e+12,0.07534866,6.399278984020154
2023-03-03,电子,4.0404717e+11,4.2196171e+12,0.09575446,7.714557286451665
2023-03-03,石油石化,3.965447e+10,4.2196171e+12,0.009397646,3.547858834851022
2023-03-03,纺织服装,5.1444957e+10,4.2196171e+12,0.012191854,11.198761926134035
2023-03-03,综合,1.1925981e+10,4.2196171e+12,0.0028263184,4.344751801617719
2023-03-03,综合金融,5.1334845e+09,4.2196171e+12,0.0012165759,3.9501850426197054
2023-03-03,计算机,5.725893e+11,4.2196171e+12,0.13569698,13.286054693633712
2023-03-03,轻工制造,6.900605e+10,4.2196171e+12,0.016353628,6.336449957118844
2023-03-03,通信,2.3773276e+11,4.2196171e+12,0.05633989,12.84892116010189
2023-03-03,钢铁,3.294799e+10,4.2196171e+12,0.007808289,3.185922561615121
2023-03-03,银行,6.2231953e+10,4.2196171e+12,0.014748246,1.2389999996161176
2023-03-03,非银行金融,1.1858211e+11,4.2196171e+12,0.028102575,3.578468062552727
2023-03-03,食品饮料,1.4555352e+11,4.2196171e+12,0.034494486,4.732901903452309
2023-03-10,交通运输,7.806577e+10,4.1545208e+12,0.01879056,5.795233891029988
2023-03-10,传媒,1.6078863e+11,4.1545208e+12,0.03870209,16.974819883387138
2023-03-10,农林牧渔,6.5515835e+10,4.1545208e+12,0.01576977,10.213302924216372
2023-03-10,医药,2.941567e+11,4.1545208e+12,0.070804,8.886424973700978
2023-03-10,商贸零售,5.1162075e+10,4.1545208e+12,0.0123147955,10.360700039636521
2023-03-10,国防军工,1.9241456e+11,4.1545208e+12,0.046314504,16.49165592456723
2023-03-10,基础化工,2.3709996e+11,4.1545208e+12,0.057070352,9.053693900914384
2023-03-10,家电,4.4640457e+10,4.1545208e+12,0.010745032,8.380613577954563
2023-03-10,建材,5.0447725e+10,4.1545208e+12,0.01214285,12.040398718380347
2023-03-10,建筑,1.3393972e+11,4.1545208e+12,0.03223951,17.020299906943254
2023-03-10,房地产,5.471881e+10,4.1545208e+12,0.013170907,5.165461474055544
2023-03-10,有色金属,1.4518965e+11,4.1545208e+12,0.034947388,8.187507378861186
2023-03-10,机械,2.7480982e+11,4.1545208e+12,0.06614718,12.739989494391793
2023-03-10,汽车,1.534712e+11,4.1545208e+12,0.036940772,12.41269996629821
2023-03-10,消费者服务,6.111505e+10,4.1545208e+12,0.014710493,17.524077210509986
2023-03-10,煤炭,4.029412e+10,4.1545208e+12,0.009698861,4.552022899900164
2023-03-10,电力及公用事业,1.0001738e+11,4.1545208e+12,0.02407435,8.546088786670445
2023-03-10,电力设备及新能源,3.356763e+11,4.1545208e+12,0.08079784,11.40446294883887
2023-03-10,电子,4.349319e+11,4.1545208e+12,0.10468882,17.55796531944774
2023-03-10,石油石化,5.4837092e+10,4.1545208e+12,0.013199379,9.290688178118538
2023-03-10,纺织服装,2.9798306e+10,4.1545208e+12,0.007172501,12.92908811333156
2023-03-10,综合,1.0297222e+10,4.1545208e+12,0.0024785583,8.981492590021205
2023-03-10,综合金融,5.4668447e+09,4.1545208e+12,0.0013158785,7.772879874706268
2023-03-10,计算机,4.7885582e+11,4.1545208e+12,0.11526138,23.333656674793534
2023-03-10,轻工制造,5.9600536e+10,4.1545208e+12,0.014345948,10.072962907125365
2023-03-10,通信,2.2020647e+11,4.1545208e+12,0.05300406,25.74331424379349
2023-03-10,钢铁,3.0718005e+10,4.1545208e+12,0.0073938747,5.413671135902405
2023-03-10,银行,9.575003e+10,4.1545208e+12,0.02304719,3.8936976322105954
2023-03-10,非银行金融,1.19701365e+11,4.1545208e+12,0.028812315,6.973187620441119
2023-03-10,食品饮料,1.3977254e+11,4.1545208e+12,0.03364348,8.231856434854842
2023-03-17,交通运输,8.713894e+10,4.3959819e+12,0.019822408,7.808624756730293
2023-03-17,传媒,2.0272715e+11,4.3959819e+12,0.046116464,20.54616391489692
2023-03-17,农林牧渔,7.743762e+10,4.3959819e+12,0.017615546,12.54701651936596
2023-03-17,医药,3.3584267e+11,4.3959819e+12,0.07639765,9.51359914208858
2023-03-17,商贸零售,5.0979095e+10,4.3959819e+12,0.011596749,11.875653345811935
2023-03-17,国防军工,1.6951538e+11,4.3959819e+12,0.038561437,14.422361152129131
2023-03-17,基础化工,2.390268e+11,4.3959819e+12,0.054373927,9.811163792453314
2023-03-17,家电,4.3658686e+10,4.3959819e+12,0.009931498,7.59462340157709
2023-03-17,建材,4.0997868e+10,4.3959819e+12,0.009326214,9.525015832447425
2023-03-17,建筑,1.5849107e+11,4.3959819e+12,0.03605362,16.469576652694798
2023-03-17,房地产,5.534223e+10,4.3959819e+12,0.012589277,5.0739586998563295
2023-03-17,有色金属,1.7211158e+11,4.3959819e+12,0.039152022,10.23922926720565
2023-03-17,机械,2.605659e+11,4.3959819e+12,0.05927365,13.242866165488959
2023-03-17,汽车,1.3991987e+11,4.3959819e+12,0.031829037,11.754484159492813
2023-03-17,消费者服务,4.887e+10,4.3959819e+12,0.01111697,15.015343795742904
2023-03-17,煤炭,3.714112e+10,4.3959819e+12,0.008448879,4.194322865349906
2023-03-17,电力及公用事业,9.649787e+10,4.3959819e+12,0.02195138,7.780442154193673
2023-03-17,电力设备及新能源,3.4378537e+11,4.3959819e+12,0.07820446,10.390528246809874
2023-03-17,电子,5.3106616e+11,4.3959819e+12,0.12080718,19.390268942181308
2023-03-17,石油石化,5.6380342e+10,4.3959819e+12,0.012825427,10.217280389047136
2023-03-17,纺织服装,2.3729893e+10,4.3959819e+12,0.005398087,10.140334653972399
2023-03-17,综合,9.685831e+09,4.3959819e+12,0.0022033371,7.127948182600516
2023-03-17,综合金融,5.594245e+09,4.3959819e+12,0.0012725815,6.836720037460327
2023-03-17,计算机,5.703838e+11,4.3959819e+12,0.12975118,27.244732459475685
2023-03-17,轻工制造,4.8641167e+10,4.3959819e+12,0.011064915,9.217338751908391
2023-03-17,通信,2.2678317e+11,4.3959819e+12,0.05158874,23.71531677007675
2023-03-17,钢铁,3.0326678e+10,4.3959819e+12,0.006898727,5.556359600562316
2023-03-17,银行,8.129697e+10,4.3959819e+12,0.018493474,2.902933330762954
2023-03-17,非银行金融,1.2015518e+11,4.3959819e+12,0.027332956,6.468241545061271
2023-03-17,食品饮料,1.3043138e+11,4.3959819e+12,0.02967059,7.5064694742665035
2023-03-24,交通运输,7.615442e+10,4.992895e+12,0.0152525585,6.293080977418206
2023-03-24,传媒,3.5204275e+11,4.992895e+12,0.07050875,33.12864248972413
2023-03-24,农林牧渔,5.280241e+10,4.992895e+12,0.01057551,9.908478666567108
2023-03-24,医药,3.114264e+11,4.992895e+12,0.062373914,9.049598516031288
2023-03-24,商贸零售,7.310385e+10,4.992895e+12,0.014641576,16.68378767740159
2023-03-24,国防军工,1.7361735e+11,4.992895e+12,0.034772884,15.736258571749335
2023-03-24,基础化工,2.2917351e+11,4.992895e+12,0.045899928,9.334958282125571
2023-03-24,家电,4.6900208e+10,4.992895e+12,0.00939339,9.701781416012917
2023-03-24,建材,4.8375644e+10,4.992895e+12,0.009688897,9.561590254306793
2023-03-24,建筑,1.822702e+11,4.992895e+12,0.036505915,19.060501865995754
2023-03-24,房地产,6.575936e+10,4.992895e+12,0.013170588,6.296819291530399
2023-03-24,有色金属,1.720358e+11,4.992895e+12,0.034456123,11.92137151714263
2023-03-24,机械,2.75111e+11,4.992895e+12,0.055100497,13.220157501026987
2023-03-24,汽车,1.3117074e+11,4.992895e+12,0.026271481,10.717449260178116
2023-03-24,消费者服务,5.8457317e+10,4.992895e+12,0.011708101,18.659193110047724
2023-03-24,煤炭,3.349376e+10,4.992895e+12,0.006708285,3.7013000045503888
2023-03-24,电力及公用事业,8.676209e+10,4.992895e+12,0.01737711,6.915608966831669
2023-03-24,电力设备及新能源,3.324829e+11,4.992895e+12,0.06659121,11.56900267822798
2023-03-24,电子,7.173342e+11,4.992895e+12,0.143671,22.747747085902088
2023-03-24,石油石化,5.1201524e+10,4.992895e+12,0.010254878,8.666303959547305
2023-03-24,纺织服装,2.5341913e+10,4.992895e+12,0.0050755953,10.552947475768551
2023-03-24,综合,9.003932e+09,4.992895e+12,0.001803349,7.021211036929378
2023-03-24,综合金融,6.2161413e+09,4.992895e+12,0.0012449975,6.774679934978485
2023-03-24,计算机,7.6197305e+11,4.992895e+12,0.15261148,33.08100173604524
2023-03-24,轻工制造,5.4541455e+10,4.992895e+12,0.010923814,10.634209406096488
2023-03-24,通信,2.9473384e+11,4.992895e+12,0.059030652,26.504118455648424
2023-03-24,钢铁,3.4060894e+10,4.992895e+12,0.006821873,8.89383657849752
2023-03-24,银行,7.109597e+10,4.992895e+12,0.014239429,2.4919738244442713
2023-03-24,非银行金融,1.2991528e+11,4.992895e+12,0.026020031,5.840909733954403
2023-03-24,食品饮料,1.34921265e+11,4.992895e+12,0.027022654,7.674093142720579
2023-03-31,交通运输,7.0916104e+10,5.009863e+12,0.0141552985,5.636836921582456
2023-03-31,传媒,3.4551795e+11,5.009863e+12,0.06896754,29.428070967079055
2023-03-31,农林牧渔,7.361076e+10,5.009863e+12,0.014693168,11.571619312161381
2023-03-31,医药,3.2262498e+11,5.009863e+12,0.06439797,9.224019448378096
2023-03-31,商贸零售,6.4775184e+10,5.009863e+12,0.012929533,12.599046718506585
2023-03-31,国防军工,1.4022874e+11,5.009863e+12,0.027990535,12.148091010145238
2023-03-31,基础化工,2.4745899e+11,5.009863e+12,0.049394365,9.195588041463989
2023-03-31,家电,6.688471e+10,5.009863e+12,0.013350607,10.847296307484308
2023-03-31,建材,4.1014137e+10,5.009863e+12,0.008186678,8.182132583066641
2023-03-31,建筑,1.2624701e+11,5.009863e+12,0.025199695,14.557008793987569
2023-03-31,房地产,6.2669607e+10,5.009863e+12,0.012509246,5.853405488740414
2023-03-31,有色金属,1.4783481e+11,5.009863e+12,0.029508755,9.55985368751898
2023-03-31,机械,2.7260107e+11,5.009863e+12,0.054412883,12.316092996475303
2023-03-31,汽车,1.3481785e+11,5.009863e+12,0.026910488,10.824397835634354
2023-03-31,消费者服务,6.620071e+10,5.009863e+12,0.013214077,20.92238964532551
2023-03-31,煤炭,5.0219524e+10,5.009863e+12,0.010024131,7.29599995083279
2023-03-31,电力及公用事业,8.964264e+10,5.009863e+12,0.017893232,6.774777662541185
2023-03-31,电力设备及新能源,3.2109832e+11,5.009863e+12,0.06409323,11.532957591363136
2023-03-31,电子,6.797151e+11,5.009863e+12,0.13567539,21.359469455176328
2023-03-31,石油石化,7.199194e+10,5.009863e+12,0.014370043,9.92036859778797
2023-03-31,纺织服装,2.2067229e+10,5.009863e+12,0.004404757,9.33614456181479
2023-03-31,综合,8.130767e+09,5.009863e+12,0.0016229519,6.321351847714848
2023-03-31,综合金融,5.6778317e+09,5.009863e+12,0.0011333307,6.879160106182098
2023-03-31,计算机,8.934206e+11,5.009863e+12,0.17833234,33.19202668215343
2023-03-31,轻工制造,6.006171e+10,5.009863e+12,0.011988693,10.18761688573286
2023-03-31,通信,2.7864416e+11,5.009863e+12,0.05561912,27.189287228345872
2023-03-31,钢铁,2.7703577e+10,5.009863e+12,0.0055298074,6.396253859767547
2023-03-31,银行,6.3301247e+10,5.009863e+12,0.012635325,2.464621443833624
2023-03-31,非银行金融,1.1922181e+11,5.009863e+12,0.02379742,5.630079137782256
2023-03-31,食品饮料,1.328204e+11,5.009863e+12,0.026511785,7.84273204935416
2023-04-07,交通运输,7.355113e+10,4.8119976e+12,0.015284947,5.065552418593501
2023-04-07,传媒,3.165074e+11,4.8119976e+12,0.065774634,23.56292541990889
2023-04-07,农林牧渔,7.5456184e+10,4.8119976e+12,0.015680844,11.15530573048638
2023-04-07,医药,3.0953315e+11,4.8119976e+12,0.06432529,8.3745290706846
2023-04-07,商贸零售,4.8178758e+10,4.8119976e+12,0.010012216,9.29698669740132
2023-04-07,国防军工,1.2668435e+11,4.8119976e+12,0.026326768,11.225902664231825
2023-04-07,基础化工,2.1151454e+11,4.8119976e+12,0.04395566,7.5734047951122205
2023-04-07,家电,5.451006e+10,4.8119976e+12,0.011327948,8.670141972877362
2023-04-07,建材,3.4768445e+10,4.8119976e+12,0.0072253663,7.194940927516983
2023-04-07,建筑,1.0523274e+11,4.8119976e+12,0.021868825,10.852092526243917
2023-04-07,房地产,6.161728e+10,4.8119976e+12,0.012804927,5.5026651314639174
2023-04-07,有色金属,1.465696e+11,4.8119976e+12,0.0304592,9.111130135815317
2023-04-07,机械,2.4426406e+11,4.8119976e+12,0.05076147,10.86840796532524
2023-04-07,汽车,1.0491891e+11,4.8119976e+12,0.021803608,8.632496472300412
2023-04-07,消费者服务,6.010567e+10,4.8119976e+12,0.012490794,16.91413344416702
2023-04-07,煤炭,3.0374937e+10,4.8119976e+12,0.006312334,5.033705613679356
2023-04-07,电力及公用事业,6.6294694e+10,4.8119976e+12,0.013776959,5.796140198196683
2023-04-07,电力设备及新能源,2.6560519e+11,4.8119976e+12,0.05519645,9.232055976000053
2023-04-07,电子,8.746753e+11,4.8119976e+12,0.18176968,23.576886608129836
2023-04-07,石油石化,5.1623473e+10,4.8119976e+12,0.010728075,6.595482311996759
2023-04-07,纺织服装,1.8166047e+10,4.8119976e+12,0.003775157,7.1573940674857335
2023-04-07,综合,7.1250156e+09,4.8119976e+12,0.0014806773,5.154814826393569
2023-04-07,综合金融,6.134426e+09,4.8119976e+12,0.001274819,7.537439846992493
2023-04-07,计算机,8.365868e+11,4.8119976e+12,0.17385438,29.261986262406875
2023-04-07,轻工制造,4.5992903e+10,4.8119976e+12,0.009557964,8.296582465898245
2023-04-07,通信,2.8866642e+11,4.8119976e+12,0.059988894,23.49317516040802
2023-04-07,钢铁,2.0984965e+10,4.8119976e+12,0.0043609673,5.395407776419933
2023-04-07,银行,4.694731e+10,4.8119976e+12,0.009756304,1.7715881026926494
2023-04-07,非银行金融,1.6662628e+11,4.8119976e+12,0.03462726,6.305501468893555
2023-04-07,食品饮料,1.1130122e+11,4.8119976e+12,0.023129942,6.561232848476817
2023-04-14,交通运输,7.156599e+10,5.617223e+12,0.012740457,5.310696704465835
2023-04-14,传媒,4.8892487e+11,5.617223e+12,0.08704031,38.037304864707565
2023-04-14,农林牧渔,6.523872e+10,5.617223e+12,0.011614052,10.80036798408888
2023-04-14,医药,3.713367e+11,5.617223e+12,0.06610681,10.384568001248846
2023-04-14,商贸零售,6.580229e+10,5.617223e+12,0.01171438,11.679286566802434
2023-04-14,国防军工,1.1315358e+11,5.617223e+12,0.020144042,10.488697333915814
2023-04-14,基础化工,2.5255367e+11,5.617223e+12,0.044960592,8.292916316242897
2023-04-14,家电,5.48871e+10,5.617223e+12,0.009771216,8.980488915502288
2023-04-14,建材,4.0093893e+10,5.617223e+12,0.007137671,7.920155529875353
2023-04-14,建筑,1.3387326e+11,5.617223e+12,0.023832642,14.2932585102957
2023-04-14,房地产,7.080387e+10,5.617223e+12,0.012604782,6.903865122467006
2023-04-14,有色金属,2.1848179e+11,5.617223e+12,0.03889498,12.100767546068361
2023-04-14,机械,2.9447212e+11,5.617223e+12,0.052423075,12.683382593453622
2023-04-14,汽车,1.1703154e+11,5.617223e+12,0.020834412,8.816037944628803
2023-04-14,消费者服务,9.415188e+10,5.617223e+12,0.016761284,30.545715942717436
2023-04-14,煤炭,3.2296223e+10,5.617223e+12,0.0057494994,4.55271950032976
2023-04-14,电力及公用事业,9.302222e+10,5.617223e+12,0.016560178,7.191330393776298
2023-04-14,电力设备及新能源,3.3627695e+11,5.617223e+12,0.059865333,11.299715551319501
2023-04-14,电子,9.3086135e+11,5.617223e+12,0.16571558,27.42952168359492
2023-04-14,石油石化,6.428845e+10,5.617223e+12,0.011444881,7.26406081868153
2023-04-14,纺织服装,2.261103e+10,5.617223e+12,0.0040253038,8.439004941742018
2023-04-14,综合,7.042946e+09,5.617223e+12,0.0012538127,5.252070370647642
2023-04-14,综合金融,8.202892e+09,5.617223e+12,0.0014603108,8.294010138511657
2023-04-14,计算机,8.901131e+11,5.617223e+12,0.1584614,33.32330985469605
2023-04-14,轻工制造,5.519e+10,5.617223e+12,0.009825139,10.433942817012715
2023-04-14,通信,3.0531705e+11,5.617223e+12,0.054353733,26.241688729047777
2023-04-14,钢铁,2.7253615e+10,5.617223e+12,0.004851795,5.965388503212195
2023-04-14,银行,6.954649e+10,5.617223e+12,0.012380938,2.6577047606309256
2023-04-14,非银行金融,1.5607769e+11,5.617223e+12,0.027785558,6.159450017122759
2023-04-14,食品饮料,1.6522989e+11,5.617223e+12,0.02941487,8.08184271140863
2023-04-21,交通运输,8.369227e+10,5.5791976e+12,0.015000773,5.8486737433027045
2023-04-21,传媒,4.049017e+11,5.5791976e+12,0.07257346,31.508588663229705
2023-04-21,农林牧渔,6.74789e+10,5.5791976e+12,0.012094732,11.447102029346725
2023-04-21,医药,3.505656e+11,5.5791976e+12,0.06283441,9.69172278713731
2023-04-21,商贸零售,6.490261e+10,5.5791976e+12,0.011632965,9.80238666193826
2023-04-21,国防军工,1.3776767e+11,5.5791976e+12,0.024693096,12.661899960255838
2023-04-21,基础化工,2.67923e+11,5.5791976e+12,0.04802178,9.044929055925692
2023-04-21,家电,8.2384e+10,5.5791976e+12,0.0147662815,13.207418560245891
2023-04-21,建材,4.8150036e+10,5.5791976e+12,0.008630279,8.139402442667858
2023-04-21,建筑,1.6972564e+11,5.5791976e+12,0.030421156,15.528065076097846
2023-04-21,房地产,6.2766514e+10,5.5791976e+12,0.011250097,5.778220187633409
2023-04-21,有色金属,2.2901421e+11,5.5791976e+12,0.041047875,12.984173107922562
2023-04-21,机械,3.0464436e+11,5.5791976e+12,0.054603614,13.690987935834679
2023-04-21,汽车,1.15218145e+11,5.5791976e+12,0.020651383,8.619055267488747
2023-04-21,消费者服务,8.266597e+10,5.5791976e+12,0.014816821,25.243280515336153
2023-04-21,煤炭,4.85604e+10,5.5791976e+12,0.008703832,5.8888944784800215
2023-04-21,电力及公用事业,9.366296e+10,5.5791976e+12,0.01678789,6.911051347851753
2023-04-21,电力设备及新能源,3.5624157e+11,5.5791976e+12,0.06385176,11.463518843153455
2023-04-21,电子,8.5910304e+11,5.5791976e+12,0.15398327,25.759817116219423
2023-04-21,石油石化,6.5875816e+10,5.5791976e+12,0.0118074,7.731829425867866
2023-04-21,纺织服装,2.0512725e+10,5.5791976e+12,0.0036766443,7.700151470628115
2023-04-21,综合,8.292599e+09,5.5791976e+12,0.0014863425,6.466929601850333
2023-04-21,综合金融,9.480333e+09,5.5791976e+12,0.0016992288,19.228219747543335
2023-04-21,计算机,7.9741826e+11,5.5791976e+12,0.14292705,28.529273530202254
2023-04-21,轻工制造,5.3089403e+10,5.5791976e+12,0.009515598,9.909196927495625
2023-04-21,通信,3.188517e+11,5.5791976e+12,0.057150103,26.728699225902556
2023-04-21,钢铁,3.0306994e+10,5.5791976e+12,0.005432142,7.579771151909461
2023-04-21,银行,1.0422422e+11,5.5791976e+12,0.018680861,3.8795761920156933
2023-04-21,非银行金融,2.0541132e+11,5.5791976e+12,0.036817357,8.980131905939844
2023-04-21,食品饮料,1.3515137e+11,5.5791976e+12,0.024224158,10.308746480759774
2023-04-28,交通运输,7.680468e+10,5.478636e+12,0.014018942,5.3251524562718435
2023-04-28,传媒,5.466671e+11,5.478636e+12,0.0997816,40.27841198698003
2023-04-28,农林牧渔,6.0293812e+10,5.478636e+12,0.01100526,10.517064033781441
2023-04-28,医药,4.38188e+11,5.478636e+12,0.07998122,13.281654372499577
2023-04-28,商贸零售,6.7933155e+10,5.478636e+12,0.012399647,10.786916224161784
2023-04-28,国防军工,1.3307361e+11,5.478636e+12,0.02428955,13.389989259006741
2023-04-28,基础化工,2.4911972e+11,5.478636e+12,0.04547112,9.15166661927247
2023-04-28,家电,7.030458e+10,5.478636e+12,0.012832496,12.813035767755391
2023-04-28,建材,3.9388463e+10,5.478636e+12,0.007189465,7.8116192674062335
2023-04-28,建筑,1.5051896e+11,5.478636e+12,0.027473802,13.8681675106287
2023-04-28,房地产,4.9615356e+10,5.478636e+12,0.009056151,5.411084409700621
2023-04-28,有色金属,1.8473193e+11,5.478636e+12,0.033718597,10.827274810007918
2023-04-28,机械,3.403929e+11,5.478636e+12,0.062130958,14.753486548607196
2023-04-28,汽车,1.3026999e+11,5.478636e+12,0.023777813,9.182310990597072
2023-04-28,消费者服务,7.662655e+10,5.478636e+12,0.013986428,23.615208780556394
2023-04-28,煤炭,3.9557374e+10,5.478636e+12,0.007220296,4.889847218990326
2023-04-28,电力及公用事业,1.0348309e+11,5.478636e+12,0.018888477,7.164169629769666
2023-04-28,电力设备及新能源,3.92634e+11,5.478636e+12,0.07166638,12.481008933869418
2023-04-28,电子,6.792919e+11,5.478636e+12,0.12398924,21.32166192660091
2023-04-28,石油石化,5.6078053e+10,5.478636e+12,0.010235769,6.427174484028535
2023-04-28,纺织服装,2.4284051e+10,5.478636e+12,0.0044324994,8.874442528970171
2023-04-28,综合,6.75057e+09,5.478636e+12,0.0012321625,5.727662989386806
2023-04-28,综合金融,7.4891684e+09,5.478636e+12,0.0013669768,14.088209462165832
2023-04-28,计算机,7.1329854e+11,5.478636e+12,0.13019638,25.000177075199428
2023-04-28,轻工制造,6.1617103e+10,5.478636e+12,0.011246796,11.468583870633148
2023-04-28,通信,2.934842e+11,5.478636e+12,0.053568844,25.54386568546295
2023-04-28,钢铁,3.1052042e+10,5.478636e+12,0.0056678415,7.238021108966607
2023-04-28,银行,1.1270745e+11,5.478636e+12,0.020572174,4.3595119161265234
2023-04-28,非银行金融,1.8044643e+11,5.478636e+12,0.03293638,6.396183365748988
2023-04-28,食品饮料,1.5999505e+11,5.478636e+12,0.029203447,10.928231332138294
2023-05-05,交通运输,5.1657925e+10,2.2392524e+12,0.023069274,3.0957303351310435
2023-05-05,传媒,2.6575643e+11,2.2392524e+12,0.11868087,18.40001835590823
2023-05-05,农林牧渔,2.3997932e+10,2.2392524e+12,0.010716939,3.7836203831202777
2023-05-05,医药,1.6250883e+11,2.2392524e+12,0.072572805,4.89872565996174
2023-05-05,商贸零售,3.8077723e+10,2.2392524e+12,0.01700466,5.032115262179148
2023-05-05,国防军工,4.3514188e+10,2.2392524e+12,0.019432463,4.525830602860665
2023-05-05,基础化工,8.4895646e+10,2.2392524e+12,0.037912495,3.287489774285005
2023-05-05,家电,3.3791218e+10,2.2392524e+12,0.015090401,4.2324987355573676
2023-05-05,建材,1.761139e+10,2.2392524e+12,0.007864853,3.815243344978396
2023-05-05,建筑,8.287774e+10,2.2392524e+12,0.037011344,7.118531853891909
2023-05-05,房地产,3.3654438e+10,2.2392524e+12,0.015029319,3.4702229586284643
2023-05-05,有色金属,6.8385882e+10,2.2392524e+12,0.030539604,4.304677248727985
2023-05-05,机械,1.377283e+11,2.2392524e+12,0.061506372,5.54906555924939
2023-05-05,汽车,4.9488806e+10,2.2392524e+12,0.022100594,3.6071934181085803
2023-05-05,消费者服务,3.7974315e+10,2.2392524e+12,0.016958479,11.439884261603941
2023-05-05,煤炭,1.663897e+10,2.2392524e+12,0.0074305916,2.148119439681371
2023-05-05,电力及公用事业,5.1941024e+10,2.2392524e+12,0.023195699,3.246357590625329
2023-05-05,电力设备及新能源,1.3654072e+11,2.2392524e+12,0.06097603,4.6695198660457375
2023-05-05,电子,2.0933647e+11,2.2392524e+12,0.09348498,7.069561553594722
2023-05-05,石油石化,2.2560119e+10,2.2392524e+12,0.010074844,2.5281411740271484
2023-05-05,纺织服装,1.5325854e+10,2.2392524e+12,0.0068441834,5.329471326626764
2023-05-05,综合,2.8655672e+09,2.2392524e+12,0.0012796982,2.324970365674407
2023-05-05,综合金融,4.394179e+09,2.2392524e+12,0.001962342,6.400630080699921
2023-05-05,计算机,2.5056264e+11,2.2392524e+12,0.111895666,9.82823901135652
2023-05-05,轻工制造,2.3414006e+10,2.2392524e+12,0.010456171,4.181682719216671
2023-05-05,通信,9.533309e+10,2.2392524e+12,0.042573623,8.633280776500701
2023-05-05,钢铁,1.3821559e+10,2.2392524e+12,0.0061723986,2.8444422781467438
2023-05-05,银行,7.915467e+10,2.2392524e+12,0.035348702,2.736538079522905
2023-05-05,非银行金融,1.1500557e+11,2.2392524e+12,0.051358912,3.668784704266323
2023-05-05,食品饮料,6.945004e+10,2.2392524e+12,0.031014834,4.2597946332383705
2023-05-12,交通运输,1.2312416e+11,5.0989724e+12,0.024146859,7.876136925376829
2023-05-12,传媒,5.589745e+11,5.0989724e+12,0.10962493,41.54842489492809
2023-05-12,农林牧渔,4.4301677e+10,5.0989724e+12,0.008688354,7.031284477525545
2023-05-12,医药,3.198773e+11,5.0989724e+12,0.06273368,9.781827369662068
2023-05-12,商贸零售,8.4733985e+10,5.0989724e+12,0.016617855,12.685347471918378
2023-05-12,国防军工,1.1284896e+11,5.0989724e+12,0.022131708,10.109070266689265
2023-05-12,基础化工,1.8519782e+11,5.0989724e+12,0.036320616,7.467935619316995
2023-05-12,家电,5.1763044e+10,5.0989724e+12,0.010151662,8.46241369880276
2023-05-12,建材,4.0953106e+10,5.0989724e+12,0.008031639,8.077360214957272
2023-05-12,建筑,1.9405858e+11,5.0989724e+12,0.03805837,18.593875738404552
2023-05-12,房地产,6.9534335e+10,5.0989724e+12,0.013636931,7.060466990011547
2023-05-12,有色金属,1.5550913e+11,5.0989724e+12,0.030498132,8.38291867574056
2023-05-12,机械,3.005986e+11,5.0989724e+12,0.05895278,12.552890650390601
2023-05-12,汽车,1.4351843e+11,5.0989724e+12,0.02814654,9.475157433434537
2023-05-12,消费者服务,8.58147e+10,5.0989724e+12,0.016829802,27.753340127175314
2023-05-12,煤炭,4.994405e+10,5.0989724e+12,0.009794925,5.668627702527576
2023-05-12,电力及公用事业,1.3253264e+11,5.0989724e+12,0.02599203,8.199544662609696
2023-05-12,电力设备及新能源,3.2108603e+11,5.0989724e+12,0.062970735,11.590868851009583
2023-05-12,电子,4.651534e+11,5.0989724e+12,0.09122493,14.986418524833574
2023-05-12,石油石化,5.8168955e+10,5.0989724e+12,0.011407976,6.352111740439546
2023-05-12,纺织服装,3.2100645e+10,5.0989724e+12,0.0062955124,12.405996978873073
2023-05-12,综合,7.559456e+09,5.0989724e+12,0.0014825449,5.9161815290097834
2023-05-12,综合金融,1.3131518e+10,5.0989724e+12,0.0025753262,13.936259961128235
2023-05-12,计算机,5.836877e+11,5.0989724e+12,0.11447163,22.766269380331746
2023-05-12,轻工制造,5.1430203e+10,5.0989724e+12,0.0100863855,8.913621010235799
2023-05-12,通信,1.934277e+11,5.0989724e+12,0.037934642,17.374884746551512
2023-05-12,钢铁,3.4376573e+10,5.0989724e+12,0.0067418627,7.2741499566114864
2023-05-12,银行,2.0619597e+11,5.0989724e+12,0.04043873,7.741973771935418
2023-05-12,非银行金融,3.5785474e+11,5.0989724e+12,0.070181735,13.565350030859312
2023-05-12,食品饮料,1.1857794e+11,5.0989724e+12,0.023255263,6.97873131441706
2023-05-19,交通运输,7.2228e+10,4.2955018e+12,0.0168148,5.976056525941755
2023-05-19,传媒,4.0163217e+11,4.2955018e+12,0.09350064,33.27024820679468
2023-05-19,农林牧渔,4.296098e+10,4.2955018e+12,0.010001388,6.195899021278307
2023-05-19,医药,2.941234e+11,4.2955018e+12,0.06847242,9.591449169286838
2023-05-19,商贸零售,5.9653722e+10,4.2955018e+12,0.013887486,11.992193384397597
2023-05-19,国防军工,1.0906625e+11,4.2955018e+12,0.025390806,13.265362872486621
2023-05-19,基础化工,1.785788e+11,4.2955018e+12,0.041573443,7.496143970141808
2023-05-19,家电,5.2565795e+10,4.2955018e+12,0.0122374045,10.706197503136426
2023-05-19,建材,2.8505836e+10,4.2955018e+12,0.006636206,6.178953048694565
2023-05-19,建筑,1.16076446e+11,4.2955018e+12,0.02702279,12.422944118147312
2023-05-19,房地产,4.4801987e+10,4.2955018e+12,0.010429977,5.111985326360125
2023-05-19,有色金属,1.4090948e+11,4.2955018e+12,0.03280396,6.646135813337032
2023-05-19,机械,3.2364066e+11,4.2955018e+12,0.075344086,14.55606206441862
2023-05-19,汽车,9.7404305e+10,4.2955018e+12,0.022675885,8.15632489323616
2023-05-19,消费者服务,6.557027e+10,4.2955018e+12,0.015264869,21.654836980920088
2023-05-19,煤炭,3.1491934e+10,4.2955018e+12,0.007331375,3.652347253428565
2023-05-19,电力及公用事业,1.2655708e+11,4.2955018e+12,0.029462699,9.1601129233438
2023-05-19,电力设备及新能源,3.73922e+11,4.2955018e+12,0.08704967,17.71841823738932
2023-05-19,电子,5.0490766e+11,4.2955018e+12,0.11754335,18.533424017307432
2023-05-19,石油石化,3.6093567e+10,4.2955018e+12,0.008402643,4.826886261210722
2023-05-19,纺织服装,2.9998758e+10,4.2955018e+12,0.0069837607,12.986640627431397
2023-05-19,综合,5.973245e+09,4.2955018e+12,0.0013905814,5.341851852558277
2023-05-19,综合金融,8.759571e+09,4.2955018e+12,0.0020392428,9.198649859428405
2023-05-19,计算机,4.8061114e+11,4.2955018e+12,0.111887075,20.09339087955368
2023-05-19,轻工制造,5.060235e+10,4.2955018e+12,0.011780311,9.073004911711186
2023-05-19,通信,2.0716174e+11,4.2955018e+12,0.048227597,19.05732395029068
2023-05-19,钢铁,2.1219869e+10,4.2955018e+12,0.004940021,4.5012999922037125
2023-05-19,银行,1.028498e+11,4.2955018e+12,0.023943605,3.7496166825294495
2023-05-19,非银行金融,1.7755793e+11,4.2955018e+12,0.041335784,6.2621763696273165
2023-05-19,食品饮料,1.0688766e+11,4.2955018e+12,0.024883626,6.524237400930346
2023-05-26,交通运输,6.31321e+10,4.0252104e+12,0.015684174,5.717868843039528
2023-05-26,传媒,2.8425444e+11,4.0252104e+12,0.07061853,23.012077211488222
2023-05-26,农林牧渔,4.394866e+10,4.0252104e+12,0.010918351,7.781083507445252
2023-05-26,医药,3.0922247e+11,4.0252104e+12,0.07682145,10.095150867290794
2023-05-26,商贸零售,4.818812e+10,4.0252104e+12,0.011971578,10.402888551212492
2023-05-26,国防军工,8.594809e+10,4.0252104e+12,0.021352446,11.428083262612335
2023-05-26,基础化工,1.9057276e+11,4.0252104e+12,0.047344793,8.807322855055208
2023-05-26,家电,4.8869257e+10,4.0252104e+12,0.012140796,12.832276735363937
2023-05-26,建材,3.0350148e+10,4.0252104e+12,0.007540015,9.52917616849854
2023-05-26,建筑,9.976255e+10,4.0252104e+12,0.024784433,12.746715568237423
2023-05-26,房地产,4.716833e+10,4.0252104e+12,0.0117182275,5.737396294370703
2023-05-26,有色金属,1.0155539e+11,4.0252104e+12,0.025229834,5.9137715154547035
2023-05-26,机械,3.4953688e+11,4.0252104e+12,0.08683692,18.66618552304052
2023-05-26,汽车,1.1295844e+11,4.0252104e+12,0.028062742,11.515914340641187
2023-05-26,消费者服务,4.834866e+10,4.0252104e+12,0.012011462,16.172245441821584
2023-05-26,煤炭,3.2725053e+10,4.0252104e+12,0.008130023,3.6020610945092306
2023-05-26,电力及公用事业,1.4261104e+11,4.0252104e+12,0.035429463,12.70242619143592
2023-05-26,电力设备及新能源,3.683922e+11,4.0252104e+12,0.09152123,18.66362226759361
2023-05-26,电子,4.8022317e+11,4.0252104e+12,0.11930387,19.596323150457167
2023-05-26,石油石化,3.443517e+10,4.0252104e+12,0.008554875,5.578082320736904
2023-05-26,纺织服装,2.4568228e+10,4.0252104e+12,0.0061035887,10.798492085225512
2023-05-26,综合,5.3720904e+09,4.0252104e+12,0.0013346111,4.869111076549247
2023-05-26,综合金融,6.522153e+09,4.0252104e+12,0.001620326,13.490050256252289
2023-05-26,计算机,4.4741296e+11,4.0252104e+12,0.11115269,20.33521531771355
2023-05-26,轻工制造,4.864333e+10,4.0252104e+12,0.012084668,8.970601877772514
2023-05-26,通信,2.163079e+11,4.0252104e+12,0.05373828,19.297346423149108
2023-05-26,钢铁,1.9360629e+10,4.0252104e+12,0.004809843,4.417257656844763
2023-05-26,银行,8.288692e+10,4.0252104e+12,0.020591946,2.757309538977487
2023-05-26,非银行金融,1.2315556e+11,4.0252104e+12,0.030596057,5.780770803491275
2023-05-26,食品饮料,1.2658719e+11,4.0252104e+12,0.03144859,7.166868694865976
2023-06-02,交通运输,6.5121956e+10,4.700376e+12,0.013854627,2.26543894349063
2023-06-02,传媒,4.3843866e+11,4.700376e+12,0.09327736,16.601496776790484
2023-06-02,农林牧渔,4.165914e+10,4.700376e+12,0.008862937,3.4311834743011347
2023-06-02,医药,3.1781706e+11,4.700376e+12,0.06761524,4.973110610026704
2023-06-02,商贸零售,5.0534113e+10,4.700376e+12,0.010751079,5.289921897791681
2023-06-02,国防军工,1.0886199e+11,4.700376e+12,0.023160271,6.232341406366373
2023-06-02,基础化工,1.9208284e+11,4.700376e+12,0.040865418,4.108454884972865
2023-06-02,家电,5.7081328e+10,4.700376e+12,0.012143992,5.275945110473691
2023-06-02,建材,3.3642086e+10,4.700376e+12,0.007157318,4.628929793923383
2023-06-02,建筑,1.10540366e+11,4.700376e+12,0.023517344,6.52497697127578
2023-06-02,房地产,5.478932e+10,4.700376e+12,0.011656369,3.240308717098258
2023-06-02,有色金属,1.26978564e+11,4.700376e+12,0.027014554,3.648519934677496
2023-06-02,机械,3.3929432e+11,4.700376e+12,0.0721845,8.258780734578735
2023-06-02,汽车,1.2600398e+11,4.700376e+12,0.026807211,6.0532717188577285
2023-06-02,消费者服务,6.6285793e+10,4.700376e+12,0.014102232,11.025785094813296
2023-06-02,煤炭,3.5159912e+10,4.700376e+12,0.007480234,2.0409514034787812
2023-06-02,电力及公用事业,1.6043629e+11,4.700376e+12,0.03413265,7.019536850551765
2023-06-02,电力设备及新能源,3.2499614e+11,4.700376e+12,0.06914258,7.036197355808305
2023-06-02,电子,6.298929e+11,4.700376e+12,0.13400905,11.998360542765907
2023-06-02,石油石化,3.8877487e+10,4.700376e+12,0.008271144,3.9554371781208935
2023-06-02,纺织服装,2.4481999e+10,4.700376e+12,0.0052085193,4.815083169110931
2023-06-02,综合,8.809218e+09,4.700376e+12,0.0018741518,3.6523518841023797
2023-06-02,综合金融,6.541135e+09,4.700376e+12,0.0013916194,5.658640053868294
2023-06-02,计算机,6.719833e+11,4.700376e+12,0.14296372,13.12872510783571
2023-06-02,轻工制造,6.2673134e+10,4.700376e+12,0.013333642,4.618758956085385
2023-06-02,通信,2.6256453e+11,4.700376e+12,0.055860322,11.53609598392248
2023-06-02,钢铁,2.0708977e+10,4.700376e+12,0.004405813,2.2077884522195044
2023-06-02,银行,7.0585565e+10,4.700376e+12,0.015017004,1.2504273731084097
2023-06-02,非银行金融,1.2800766e+11,4.700376e+12,0.027233493,2.783477782892684
2023-06-02,食品饮料,1.230771e+11,4.700376e+12,0.026184522,3.2373774998629368
2023-06-09,交通运输,6.5612997e+10,4.4542177e+12,0.014730532,5.262820503262223
2023-06-09,传媒,4.5054257e+11,4.4542177e+12,0.10114965,34.712024157774366
2023-06-09,农林牧渔,4.815423e+10,4.4542177e+12,0.010810929,8.882181482696996
2023-06-09,医药,3.1730926e+11,4.4542177e+12,0.07123793,9.765852501453576
2023-06-09,商贸零售,6.2407827e+10,4.4542177e+12,0.014010952,13.058745817911058
2023-06-09,国防军工,9.359657e+10,4.4542177e+12,0.021013021,11.281712360549392
2023-06-09,基础化工,1.7531624e+11,4.4542177e+12,0.039359603,7.8387582969245075
2023-06-09,家电,5.9833377e+10,4.4542177e+12,0.013432971,10.839721952269716
2023-06-09,建材,4.1372623e+10,4.4542177e+12,0.009288415,10.399292804300785
2023-06-09,建筑,1.1698765e+11,4.4542177e+12,0.026264466,18.46740446623808
2023-06-09,房地产,7.82211e+10,4.4542177e+12,0.01756113,10.667002003127282
2023-06-09,有色金属,1.1775773e+11,4.4542177e+12,0.026437355,7.283637451447122
2023-06-09,机械,2.9216876e+11,4.4542177e+12,0.065593734,15.034430548620918
2023-06-09,汽车,1.14757935e+11,4.4542177e+12,0.02576388,10.746602171427243
2023-06-09,消费者服务,7.1443825e+10,4.4542177e+12,0.01603959,23.284959738714655
2023-06-09,煤炭,2.7732648e+10,4.4542177e+12,0.0062261545,3.7590694543388157
2023-06-09,电力及公用事业,1.1918786e+11,4.4542177e+12,0.026758427,10.921752038796743
2023-06-09,电力设备及新能源,3.119007e+11,4.4542177e+12,0.07002368,13.573629008900179
2023-06-09,电子,5.770616e+11,4.4542177e+12,0.12955397,22.961745056281757
2023-06-09,石油石化,3.1807371e+10,4.4542177e+12,0.007140956,5.275241176871693
2023-06-09,纺织服装,2.6557747e+10,4.4542177e+12,0.005962382,9.942529697229366
2023-06-09,综合,6.236255e+09,4.4542177e+12,0.0014000786,5.939570396034806
2023-06-09,综合金融,4.3607245e+09,4.4542177e+12,0.0009790101,6.78080992102623
2023-06-09,计算机,6.030566e+11,4.4542177e+12,0.13539001,25.279602723736918
2023-06-09,轻工制造,7.012001e+10,4.4542177e+12,0.015742386,10.104858623196682
2023-06-09,通信,2.5336e+11,4.4542177e+12,0.05688092,24.843497512340544
2023-06-09,钢铁,1.795105e+10,4.4542177e+12,0.004030124,3.941953889452494
2023-06-09,银行,7.26652e+10,4.4542177e+12,0.016313797,2.7056023946830203
2023-06-09,非银行金融,1.1322232e+11,4.4542177e+12,0.025419125,6.308308298389117
2023-06-09,食品饮料,1.1118745e+11,4.4542177e+12,0.024962286,7.080638146582451
2023-06-16,交通运输,6.6639786e+10,5.028976e+12,0.013251165,5.572153256564844
2023-06-16,传媒,4.7705086e+11,5.028976e+12,0.09486044,32.45818786249093
2023-06-16,农林牧渔,5.5737606e+10,5.028976e+12,0.011083292,10.777277703424103
2023-06-16,医药,2.8450216e+11,5.028976e+12,0.056572586,8.213904790240205
2023-06-16,商贸零售,6.860706e+10,5.028976e+12,0.013642353,14.238256359668005
2023-06-16,国防军工,9.452974e+10,5.028976e+12,0.018797016,10.867064896382784
2023-06-16,基础化工,1.8836744e+11,5.028976e+12,0.037456423,7.9605307575330695
2023-06-16,家电,7.401606e+10,5.028976e+12,0.01471792,11.657912134397321
2023-06-16,建材,3.787481e+10,5.028976e+12,0.007531317,8.597086930558795
2023-06-16,建筑,1.0554983e+11,5.028976e+12,0.020988336,14.981582631975968
2023-06-16,房地产,6.3249166e+10,5.028976e+12,0.012576948,8.098036756209277
2023-06-16,有色金属,1.2928511e+11,5.028976e+12,0.02570804,7.404291028898906
2023-06-16,机械,3.694597e+11,5.028976e+12,0.07346619,17.70472195571469
2023-06-16,汽车,2.1460851e+11,5.028976e+12,0.042674396,21.115115837547286
2023-06-16,消费者服务,8.013027e+10,5.028976e+12,0.015933715,22.01361952329937
2023-06-16,煤炭,2.8285874e+10,5.028976e+12,0.0056245797,3.9442888961897955
2023-06-16,电力及公用事业,1.069407e+11,5.028976e+12,0.021264907,9.113697318500943
2023-06-16,电力设备及新能源,3.680055e+11,5.028976e+12,0.07317703,15.877970365121177
2023-06-16,电子,6.1453e+11,5.028976e+12,0.12219785,22.355292484348823
2023-06-16,石油石化,3.5444175e+10,5.028976e+12,0.007047991,5.628233352712557
2023-06-16,纺织服装,2.4735744e+10,5.028976e+12,0.0049186447,9.37507431105812
2023-06-16,综合,9.123427e+09,5.028976e+12,0.001814172,7.134677783758552
2023-06-16,综合金融,5.079175e+09,5.028976e+12,0.0010099821,9.371759974956513
2023-06-16,计算机,7.313842e+11,5.028976e+12,0.14543402,25.923292936642497
2023-06-16,轻工制造,7.265478e+10,5.028976e+12,0.014447233,12.379448805640383
2023-06-16,通信,3.4134013e+11,5.028976e+12,0.067874685,31.479755877017976
2023-06-16,钢铁,1.7868229e+10,5.028976e+12,0.0035530552,3.866001922923785
2023-06-16,银行,6.96406e+10,5.028976e+12,0.01384787,2.2938047541039333
2023-06-16,非银行金融,1.271131e+11,5.028976e+12,0.025276141,6.169168081341518
2023-06-16,食品饮料,1.6534692e+11,5.028976e+12,0.032878846,9.71161987399327
2023-06-23,交通运输,,,,2.6240983449044775
2023-06-23,传媒,,,,20.073309131911103
2023-06-23,农林牧渔,,,,5.212854351522853
2023-06-23,医药,,,,4.965383635482926
2023-06-23,商贸零售,,,,7.038435221286047
2023-06-23,国防军工,,,,9.849661682999653
2023-06-23,基础化工,,,,4.99258549234741
2023-06-23,家电,,,,6.7763548660569075
2023-06-23,建材,,,,5.231305917104085
2023-06-23,建筑,,,,7.7001559379400675
2023-06-23,房地产,,,,4.369831213983921
2023-06-23,有色金属,,,,4.679213010683292
2023-06-23,机械,,,,13.4957415900682
2023-06-23,汽车,,,,11.638966367066164
2023-06-23,消费者服务,,,,9.547015855186864
2023-06-23,煤炭,,,,2.09442221870025
2023-06-23,电力及公用事业,,,,5.493504454957114
2023-06-23,电力设备及新能源,,,,9.766223374558123
2023-06-23,电子,,,,14.825221188936952
2023-06-23,石油石化,,,,3.3966313892719793
2023-06-23,纺织服装,,,,5.8983822267244355
2023-06-23,综合,,,,3.686085163443177
2023-06-23,综合金融,,,,4.690819954872131
2023-06-23,计算机,,,,17.35336240010652
2023-06-23,轻工制造,,,,6.629221239324772
2023-06-23,通信,,,,19.088789652347565
2023-06-23,钢铁,,,,2.482176894178757
2023-06-23,银行,,,,1.368314300264631
2023-06-23,非银行金融,,,,2.8726263700260057
2023-06-23,食品饮料,,,,4.312490853644509
2023-06-30,交通运输,5.777408e+10,4.4782835e+12,0.012900943,4.147181956005878
2023-06-30,传媒,3.092917e+11,4.4782835e+12,0.06906479,22.898066122766952
2023-06-30,农林牧渔,4.0050274e+10,4.4782835e+12,0.00894322,6.99916793536214
2023-06-30,医药,2.370807e+11,4.4782835e+12,0.052940086,7.448636630183668
2023-06-30,商贸零售,4.2344923e+10,4.4782835e+12,0.009455615,8.467188585939862
2023-06-30,国防军工,1.408891e+11,4.4782835e+12,0.031460512,15.111393972065137
2023-06-30,基础化工,2.1048946e+11,4.4782835e+12,0.047002263,8.933359643563968
2023-06-30,家电,7.248556e+10,4.4782835e+12,0.016186014,13.04848419202537
2023-06-30,建材,3.0858478e+10,4.4782835e+12,0.006890693,8.106745228880929
2023-06-30,建筑,8.3199975e+10,4.4782835e+12,0.01857854,10.892002460213355
2023-06-30,房地产,5.3617086e+10,4.4782835e+12,0.011972687,7.169843097892376
2023-06-30,有色金属,1.14021e+11,4.4782835e+12,0.025460871,7.931243908114549
2023-06-30,机械,4.794319e+11,4.4782835e+12,0.107057065,21.6522394491794
2023-06-30,汽车,2.2777453e+11,4.4782835e+12,0.050862014,23.91343123688657
2023-06-30,消费者服务,4.9477382e+10,4.4782835e+12,0.011048292,14.697985987914237
2023-06-30,煤炭,3.3528553e+10,4.4782835e+12,0.007486921,5.885311105185085
2023-06-30,电力及公用事业,1.5638258e+11,4.4782835e+12,0.034920204,13.76465860552258
2023-06-30,电力设备及新能源,3.670255e+11,4.4782835e+12,0.08195673,16.817431794662102
2023-06-30,电子,5.1691222e+11,4.4782835e+12,0.11542641,20.709472884284438
2023-06-30,石油石化,3.1166511e+10,4.4782835e+12,0.006959477,5.6230803669667715
2023-06-30,纺织服装,2.33511e+10,4.4782835e+12,0.0052142967,10.2618326444437
2023-06-30,综合,7.0414597e+09,4.4782835e+12,0.0015723568,5.878159196288498
2023-06-30,综合金融,4.1506348e+09,4.4782835e+12,0.0009268361,8.859170079231262
2023-06-30,计算机,5.486381e+11,4.4782835e+12,0.1225108,20.37491247935476
2023-06-30,轻工制造,6.942297e+10,4.4782835e+12,0.015502139,11.916521187623342
2023-06-30,通信,3.0056835e+11,4.4782835e+12,0.067116864,25.040307940006254
2023-06-30,钢铁,1.7177453e+10,4.4782835e+12,0.0038357223,3.9590538694308353
2023-06-30,银行,5.2919095e+10,4.4782835e+12,0.011816826,1.8622857218696958
2023-06-30,非银行金融,8.59203e+10,4.4782835e+12,0.01918599,3.9634917022453413
2023-06-30,食品饮料,1.1286305e+11,4.4782835e+12,0.025202302,6.50218092075741
2023-07-07,交通运输,6.098495e+10,4.430556e+12,0.013764627,3.8244106686506116
2023-07-07,传媒,2.3921687e+11,4.430556e+12,0.053992517,18.290614734233266
2023-07-07,农林牧渔,4.9282773e+10,4.430556e+12,0.011123383,8.517096167918547
2023-07-07,医药,2.4848448e+11,4.430556e+12,0.056084264,7.461703728784192
2023-07-07,商贸零售,3.9157637e+10,4.430556e+12,0.008838086,7.89262858345395
2023-07-07,国防军工,1.1868323e+11,4.430556e+12,0.026787434,12.757349550205728
2023-07-07,基础化工,2.1119145e+11,4.430556e+12,0.04766703,9.440174848148503
2023-07-07,家电,6.4829653e+10,4.430556e+12,0.014632396,13.485502427671014
2023-07-07,建材,3.1183284e+10,4.430556e+12,0.007038233,7.665109512351808
2023-07-07,建筑,7.543528e+10,4.430556e+12,0.017026143,9.560225345470288
2023-07-07,房地产,6.1070815e+10,4.430556e+12,0.013784007,8.279576177990764
2023-07-07,有色金属,1.8838674e+11,4.430556e+12,0.042519886,12.822483055475281
2023-07-07,机械,4.309765e+11,4.430556e+12,0.097273685,19.63278213929997
2023-07-07,汽车,3.2887564e+11,4.430556e+12,0.07422898,32.80157400306235
2023-07-07,消费者服务,4.6534373e+10,4.430556e+12,0.010503055,13.341915866784882
2023-07-07,煤炭,3.118026e+10,4.430556e+12,0.0070375497,5.054913946323925
2023-07-07,电力及公用事业,1.1660222e+11,4.430556e+12,0.026317738,10.651226241323682
2023-07-07,电力设备及新能源,3.4752253e+11,4.430556e+12,0.07843768,15.69380292763897
2023-07-07,电子,5.741005e+11,4.430556e+12,0.12957752,20.824319107258425
2023-07-07,石油石化,2.8151923e+10,4.430556e+12,0.006354038,5.168931396568523
2023-07-07,纺织服装,1.9113392e+10,4.430556e+12,0.004313994,8.163061414024618
2023-07-07,综合,7.369849e+09,4.430556e+12,0.001663414,5.875251823001438
2023-07-07,综合金融,5.181141e+09,4.430556e+12,0.001169411,9.909939706325531
2023-07-07,计算机,4.9398002e+11,4.430556e+12,0.111493915,19.464689021366972
2023-07-07,轻工制造,6.5734988e+10,4.430556e+12,0.014836735,10.75305698911349
2023-07-07,通信,2.7104146e+11,4.430556e+12,0.061175495,21.848265590667726
2023-07-07,钢铁,2.3226317e+10,4.430556e+12,0.005242303,4.292892291568792
2023-07-07,银行,5.296837e+10,4.430556e+12,0.011955242,1.7807785669962566
2023-07-07,非银行金融,8.933037e+10,4.430556e+12,0.020162338,3.9337986210982003
2023-07-07,食品饮料,1.08694905e+11,4.430556e+12,0.024533017,6.555844302395828
2023-07-14,交通运输,5.390831e+10,4.2771444e+12,0.012603808,3.5769524639014336
2023-07-14,传媒,2.4046867e+11,4.2771444e+12,0.05622178,19.538566884020685
2023-07-14,农林牧渔,5.247257e+10,4.2771444e+12,0.012268132,9.039534907317856
2023-07-14,医药,2.1196967e+11,4.2771444e+12,0.049558688,6.917728454627327
2023-07-14,商贸零售,4.4183437e+10,4.2771444e+12,0.010330126,11.37261244542194
2023-07-14,国防军工,9.918246e+10,4.2771444e+12,0.023188943,11.94171039228854
2023-07-14,基础化工,2.2835785e+11,4.2771444e+12,0.05339026,9.780082894634807
2023-07-14,家电,5.978025e+10,4.2771444e+12,0.013976674,13.225095056542536
2023-07-14,建材,2.8930193e+10,4.2771444e+12,0.006763904,8.330854056161993
2023-07-14,建筑,6.767507e+10,4.2771444e+12,0.015822489,9.22237966246443
2023-07-14,房地产,5.418571e+10,4.2771444e+12,0.0126686655,7.288031243676439
2023-07-14,有色金属,1.6087954e+11,4.2771444e+12,0.037613776,10.745356074435923
2023-07-14,机械,3.6538388e+11,4.2771444e+12,0.08542706,18.606866084216325
2023-07-14,汽车,3.1401958e+11,4.2771444e+12,0.07341804,31.684549941407873
2023-07-14,消费者服务,5.3232378e+10,4.2771444e+12,0.012445775,13.031773583930836
2023-07-14,煤炭,2.620465e+10,4.2771444e+12,0.0061266692,3.656847228606542
2023-07-14,电力及公用事业,1.3125414e+11,4.2771444e+12,0.03068733,11.945451545582877
2023-07-14,电力设备及新能源,3.818174e+11,4.2771444e+12,0.08926923,18.06284254146557
2023-07-14,电子,5.7367514e+11,4.2771444e+12,0.13412574,22.899063408707402
2023-07-14,石油石化,3.0692798e+10,4.2771444e+12,0.0071760025,4.933245089124231
2023-07-14,纺织服装,1.812282e+10,4.2771444e+12,0.0042371307,7.494075327226431
2023-07-14,综合,5.408292e+09,4.2771444e+12,0.0012644633,4.9179666781866995
2023-07-14,综合金融,5.5636925e+09,4.2771444e+12,0.001300796,11.526499664783477
2023-07-14,计算机,4.8264266e+11,4.2771444e+12,0.11284226,19.2895866118718
2023-07-14,轻工制造,5.25126e+10,4.2771444e+12,0.01227749,9.017971431938085
2023-07-14,通信,2.581687e+11,4.2771444e+12,0.060360063,19.924427302837373
2023-07-14,钢铁,1.5910389e+10,4.2771444e+12,0.0037198626,3.929796163279277
2023-07-14,银行,5.506262e+10,4.2771444e+12,0.012873687,1.7172785649696987
2023-07-14,非银行金融,9.1628945e+10,4.2771444e+12,0.021422926,3.655331953532166
2023-07-14,食品饮料,1.1148903e+11,4.2771444e+12,0.02606623,6.154795413936368
2023-07-21,交通运输,5.2099744e+10,3.7690102e+12,0.01382319,3.700900018093039
2023-07-21,传媒,2.213863e+11,3.7690102e+12,0.058738574,17.19710712701502
2023-07-21,农林牧渔,5.383095e+10,3.7690102e+12,0.014282516,9.053969900729587
2023-07-21,医药,1.935054e+11,3.7690102e+12,0.05134117,6.517835608419077
2023-07-21,商贸零售,6.1288927e+10,3.7690102e+12,0.01626128,15.600923652356526
2023-07-21,国防军工,8.149827e+10,3.7690102e+12,0.021623254,10.472222329727535
2023-07-21,基础化工,2.1822556e+11,3.7690102e+12,0.057899963,9.47892056711523
2023-07-21,家电,4.959072e+10,3.7690102e+12,0.013157491,11.428441515782984
2023-07-21,建材,3.4542764e+10,3.7690102e+12,0.009164943,8.980527033525355
2023-07-21,建筑,6.4483807e+10,3.7690102e+12,0.01710895,12.213925170569333
2023-07-21,房地产,7.070407e+10,3.7690102e+12,0.01875932,9.781578869994627
2023-07-21,有色金属,1.2856354e+11,3.7690102e+12,0.03411069,9.049150392776582
2023-07-21,机械,3.4111216e+11,3.7690102e+12,0.09050444,18.166130734166888
2023-07-21,汽车,2.3533032e+11,3.7690102e+12,0.062438227,21.089766847127574
2023-07-21,消费者服务,4.0232423e+10,3.7690102e+12,0.0106745325,12.577721028997187
2023-07-21,煤炭,2.1423553e+10,3.7690102e+12,0.005684132,3.055488897694482
2023-07-21,电力及公用事业,9.510813e+10,3.7690102e+12,0.025234245,10.813017381032308
2023-07-21,电力设备及新能源,2.7952526e+11,3.7690102e+12,0.0741641,15.495309833997215
2023-07-21,电子,5.4335855e+11,3.7690102e+12,0.14416479,24.397130744007235
2023-07-21,石油石化,2.6297782e+10,3.7690102e+12,0.006977371,4.80130391991606
2023-07-21,纺织服装,2.1614436e+10,3.7690102e+12,0.005734778,10.407908853327873
2023-07-21,综合,5.219634e+09,3.7690102e+12,0.0013848819,5.165766587963811
2023-07-21,综合金融,6.140832e+09,3.7690102e+12,0.0016292956,15.978659862279892
2023-07-21,计算机,4.0871202e+11,3.7690102e+12,0.108440146,19.053644339913042
2023-07-21,轻工制造,5.2721144e+10,3.7690102e+12,0.013988061,11.231760001905037
2023-07-21,通信,2.1019746e+11,3.7690102e+12,0.055769935,15.197905509471893
2023-07-21,钢铁,1.5824373e+10,3.7690102e+12,0.004198549,3.728523014829709
2023-07-21,银行,4.564745e+10,3.7690102e+12,0.012111257,1.4989214347941535
2023-07-21,非银行金融,7.635094e+10,3.7690102e+12,0.020257557,4.0086388637622195
2023-07-21,食品饮料,1.1217605e+11,3.7690102e+12,0.029762734,8.208755777992366
2023-07-28,交通运输,6.004448e+10,4.116084e+12,0.014587769,4.4150401776442765
2023-07-28,传媒,2.0211763e+11,4.116084e+12,0.04910435,16.91767472784284
2023-07-28,农林牧渔,4.9486205e+10,4.116084e+12,0.012022642,8.070069915750652
2023-07-28,医药,2.3729398e+11,4.116084e+12,0.057650425,7.900200636847063
2023-07-28,商贸零售,7.081198e+10,4.116084e+12,0.017203728,18.629828336103905
2023-07-28,国防军工,8.311441e+10,4.116084e+12,0.020192593,9.001553404947806
2023-07-28,基础化工,2.0900808e+11,4.116084e+12,0.05077838,8.891875345848915
2023-07-28,家电,5.2534964e+10,4.116084e+12,0.012763336,10.009892658489507
2023-07-28,建材,6.1655687e+10,4.116084e+12,0.014979211,14.199670477474436
2023-07-28,建筑,1.4336952e+11,4.116084e+12,0.034831535,30.73926453283228
2023-07-28,房地产,1.8271463e+11,4.116084e+12,0.044390406,24.38862757835913
2023-07-28,有色金属,1.2973219e+11,4.116084e+12,0.031518355,8.06396017181195
2023-07-28,机械,2.8539997e+11,4.116084e+12,0.06933775,14.795451881349367
2023-07-28,汽车,2.4957264e+11,4.116084e+12,0.060633514,21.616245356151612
2023-07-28,消费者服务,5.2890837e+10,4.116084e+12,0.012849796,13.121873604623895
2023-07-28,煤炭,2.348716e+10,4.116084e+12,0.005706191,3.75429441448715
2023-07-28,电力及公用事业,9.913945e+10,4.116084e+12,0.024085868,11.507155813210833
2023-07-28,电力设备及新能源,2.4195994e+11,4.116084e+12,0.058784015,11.161542020908009
2023-07-28,电子,3.9692747e+11,4.116084e+12,0.09643328,16.62861331311073
2023-07-28,石油石化,2.962142e+10,4.116084e+12,0.0071965056,4.582731374922921
2023-07-28,纺织服装,2.847554e+10,4.116084e+12,0.0069181146,12.840173327096618
2023-07-28,综合,9.396639e+09,4.116084e+12,0.0022829075,11.070121902006644
2023-07-28,综合金融,9.993189e+09,4.116084e+12,0.002427839,26.17691013813019
2023-07-28,计算机,3.830943e+11,4.116084e+12,0.09307252,17.64961065514677
2023-07-28,轻工制造,6.3799878e+10,4.116084e+12,0.01550014,12.777280675642418
2023-07-28,通信,1.6270864e+11,4.116084e+12,0.03952996,12.658526415586472
2023-07-28,钢铁,3.8638744e+10,4.116084e+12,0.009387258,7.376017302274704
2023-07-28,银行,8.312315e+10,4.116084e+12,0.020194717,3.884102384249369
2023-07-28,非银行金融,2.914562e+11,4.116084e+12,0.070809096,12.686476346519258
2023-07-28,食品饮料,1.8232517e+11,4.116084e+12,0.044295784,12.383216823785359
2023-08-04,交通运输,7.0756655e+10,4.76708e+12,0.014842765,2.378662283700265
2023-08-04,传媒,1.8103214e+11,4.76708e+12,0.037975475,7.688711275726977
2023-08-04,农林牧渔,6.744191e+10,4.76708e+12,0.014147425,5.6720737458288095
2023-08-04,医药,3.3091594e+11,4.76708e+12,0.0694169,4.76556882880055
2023-08-04,商贸零售,8.918603e+10,4.76708e+12,0.018708734,8.322699940499833
2023-08-04,国防军工,8.6146834e+10,4.76708e+12,0.018071195,3.8736901053323827
2023-08-04,基础化工,2.0055109e+11,4.76708e+12,0.042070005,4.94351312682628
2023-08-04,家电,4.8269226e+10,4.76708e+12,0.010125533,4.674557331404308
2023-08-04,建材,5.832514e+10,4.76708e+12,0.012234982,7.563163447905989
2023-08-04,建筑,1.2912081e+11,4.76708e+12,0.027085932,11.169138641445183
2023-08-04,房地产,2.2120133e+11,4.76708e+12,0.046401847,13.525628914253428
2023-08-04,有色金属,1.5517296e+11,4.76708e+12,0.032550942,5.5637142312962835
2023-08-04,机械,2.8734872e+11,4.76708e+12,0.06027772,7.280162569305024
2023-08-04,汽车,2.664021e+11,4.76708e+12,0.055883706,10.667616691605737
2023-08-04,消费者服务,5.9534295e+10,4.76708e+12,0.012488629,7.782355335459375
2023-08-04,煤炭,2.9624496e+10,4.76708e+12,0.00621439,2.444670826610592
2023-08-04,电力及公用事业,1.0955374e+11,4.76708e+12,0.022981308,5.76286570216834
2023-08-04,电力设备及新能源,2.8697058e+11,4.76708e+12,0.060198393,5.785533391909995
2023-08-04,电子,3.7916085e+11,4.76708e+12,0.07953733,6.963874418661823
2023-08-04,石油石化,4.098643e+10,4.76708e+12,0.008597806,3.1365862720299003
2023-08-04,纺织服装,3.4825015e+10,4.76708e+12,0.0073053134,7.236550477692987
2023-08-04,综合,1.1640307e+10,4.76708e+12,0.0024418104,5.364887088537216
2023-08-04,综合金融,1.4030257e+10,4.76708e+12,0.0029431551,12.472749687731266
2023-08-04,计算机,4.397915e+11,4.76708e+12,0.09225594,9.787028867451625
2023-08-04,轻工制造,6.515935e+10,4.76708e+12,0.013668607,5.594192098295598
2023-08-04,通信,1.8058345e+11,4.76708e+12,0.037881352,6.830859592318535
2023-08-04,钢铁,4.5775184e+10,4.76708e+12,0.009602352,4.888785586190911
2023-08-04,银行,1.10891295e+11,4.76708e+12,0.02326189,3.43138331361115
2023-08-04,非银行金融,5.865312e+11,4.76708e+12,0.12303783,13.655520847274197
2023-08-04,食品饮料,1.7743656e+11,4.76708e+12,0.037221223,7.22064507400034
2023-08-11,交通运输,5.4444577e+10,3.8681395e+12,0.014075133,4.182972931226746
2023-08-11,传媒,2.1562458e+11,3.8681395e+12,0.055743746,20.022081046876774
2023-08-11,农林牧渔,6.510627e+10,3.8681395e+12,0.016831417,12.764576622583334
2023-08-11,医药,3.705146e+11,3.8681395e+12,0.09578626,14.812848334231216
2023-08-11,商贸零售,4.512428e+10,3.8681395e+12,0.011665629,8.578697151732895
2023-08-11,国防军工,5.630685e+10,3.8681395e+12,0.014556573,6.092042254733628
2023-08-11,基础化工,1.7721901e+11,3.8681395e+12,0.04581505,9.241809393982498
2023-08-11,家电,3.910099e+10,3.8681395e+12,0.010108475,9.363551821335253
2023-08-11,建材,3.5379835e+10,3.8681395e+12,0.009146473,9.977369417863734
2023-08-11,建筑,9.050811e+10,3.8681395e+12,0.023398357,16.950168678365603
2023-08-11,房地产,1.2503742e+11,3.8681395e+12,0.03232495,16.66990647731571
2023-08-11,有色金属,1.0599737e+11,3.8681395e+12,0.027402675,7.389060948922382
2023-08-11,机械,2.3235897e+11,3.8681395e+12,0.060069956,13.168425237637328
2023-08-11,汽车,1.6845988e+11,3.8681395e+12,0.04355062,16.27399197483764
2023-08-11,消费者服务,3.5977708e+10,3.8681395e+12,0.009301037,10.180259579106382
2023-08-11,煤炭,2.5661661e+10,3.8681395e+12,0.0066341097,3.572572264406416
2023-08-11,电力及公用事业,8.619702e+10,3.8681395e+12,0.022283845,10.017780151529985
2023-08-11,电力设备及新能源,2.2552483e+11,3.8681395e+12,0.058303177,10.144407082494203
2023-08-11,电子,3.2236516e+11,3.8681395e+12,0.08333856,14.1694134416161
2023-08-11,石油石化,3.361553e+10,3.8681395e+12,0.008690362,7.097523676998475
2023-08-11,纺织服装,1.8756932e+10,3.8681395e+12,0.0048490837,7.535123798516717
2023-08-11,综合,6.8555576e+09,3.8681395e+12,0.001772314,6.5392925496454595
2023-08-11,综合金融,1.0910444e+10,3.8681395e+12,0.0028205921,17.61091023683548
2023-08-11,计算机,4.4611948e+11,3.8681395e+12,0.1153318,23.659946652750175
2023-08-11,轻工制造,5.4654288e+10,3.8681395e+12,0.014129348,10.679176270645677
2023-08-11,通信,1.7958561e+11,3.8681395e+12,0.04642687,13.800415212392807
2023-08-11,钢铁,2.2355192e+10,3.8681395e+12,0.005779314,5.278207731934694
2023-08-11,银行,5.9764474e+10,3.8681395e+12,0.015450444,3.3703738294896626
2023-08-11,非银行金融,4.3433735e+11,3.8681395e+12,0.11228585,21.29761390801933
2023-08-11,食品饮料,1.2188279e+11,3.8681395e+12,0.03150941,11.589787877697981
2023-08-18,交通运输,5.875494e+10,3.6179136e+12,0.016240006,5.851000022204196
2023-08-18,传媒,1.7497265e+11,3.6179136e+12,0.048362862,14.93466347707829
2023-08-18,农林牧渔,4.3932316e+10,3.6179136e+12,0.012142997,10.08164622176152
2023-08-18,医药,3.4650813e+11,3.6179136e+12,0.09577568,17.718020421077625
2023-08-18,商贸零售,5.0596143e+10,3.6179136e+12,0.013984895,11.01305096048229
2023-08-18,国防军工,7.1397384e+10,3.6179136e+12,0.019734409,9.412167187394767
2023-08-18,基础化工,1.6988905e+11,3.6179136e+12,0.046957742,10.277257054831734
2023-08-18,家电,3.4239506e+10,3.6179136e+12,0.009463882,8.108895127672747
2023-08-18,建材,3.4127915e+10,3.6179136e+12,0.009433038,10.023105801554287
2023-08-18,建筑,8.041803e+10,3.6179136e+12,0.022227736,15.195001819382416
2023-08-18,房地产,1.0911065e+11,3.6179136e+12,0.030158445,15.068331140443819
2023-08-18,有色金属,8.641426e+10,3.6179136e+12,0.02388511,5.529008946040782
2023-08-18,机械,2.5818895e+11,3.6179136e+12,0.071364045,16.302035560322906
2023-08-18,汽车,1.6177504e+11,3.6179136e+12,0.04471501,15.520173084961266
2023-08-18,消费者服务,4.0586772e+10,3.6179136e+12,0.011218281,11.995912221440097
2023-08-18,煤炭,1.7895637e+10,3.6179136e+12,0.004946397,2.7639722211493387
2023-08-18,电力及公用事业,8.6732505e+10,3.6179136e+12,0.023973072,11.213641410488389
2023-08-18,电力设备及新能源,2.2000632e+11,3.6179136e+12,0.060810275,10.524251361365442
2023-08-18,电子,3.0345596e+11,3.6179136e+12,0.083875954,13.468668738848793
2023-08-18,石油石化,2.8806578e+10,3.6179136e+12,0.007962207,7.469347128681108
2023-08-18,纺织服装,2.5591902e+10,3.6179136e+12,0.007073663,11.437675293129269
2023-08-18,综合,5.4679946e+09,3.6179136e+12,0.0015113668,5.255622144098635
2023-08-18,综合金融,7.10402e+09,3.6179136e+12,0.0019635682,12.31077013015747
2023-08-18,计算机,4.1814422e+11,3.6179136e+12,0.115576066,24.7391990874934
2023-08-18,轻工制造,7.131684e+10,3.6179136e+12,0.019712146,15.503810316593531
2023-08-18,通信,1.5179709e+11,3.6179136e+12,0.04195708,16.180583350478656
2023-08-18,钢铁,2.096722e+10,3.6179136e+12,0.00579539,4.92108463954467
2023-08-18,银行,6.7873415e+10,3.6179136e+12,0.018760376,3.019807151385716
2023-08-18,非银行金融,3.544357e+11,3.6179136e+12,0.09796688,18.609631774740087
2023-08-18,食品饮料,1.1489179e+11,3.6179136e+12,0.031756368,9.30514568727435
2023-08-25,交通运输,7.511644e+10,3.7218164e+12,0.020182736,9.516894286773244
2023-08-25,传媒,2.113266e+11,3.7218164e+12,0.0567805,17.7612606266015
2023-08-25,农林牧渔,6.3614247e+10,3.7218164e+12,0.017092258,14.134043329037153
2023-08-25,医药,2.5919622e+11,3.7218164e+12,0.069642395,11.462783468357747
2023-08-25,商贸零售,4.0983286e+10,3.7218164e+12,0.011011636,9.238885911005848
2023-08-25,国防军工,7.5892785e+10,3.7218164e+12,0.02039133,11.221565507609268
2023-08-25,基础化工,1.9312619e+11,3.7218164e+12,0.051890302,10.985721790742
2023-08-25,家电,3.506316e+10,3.7218164e+12,0.009420981,7.464674681066031
2023-08-25,建材,3.675995e+10,3.7218164e+12,0.009876884,11.561434306817896
2023-08-25,建筑,1.0860102e+11,3.7218164e+12,0.029179573,20.371025284923657
2023-08-25,房地产,8.288464e+10,3.7218164e+12,0.022269944,11.568219231356174
2023-08-25,有色金属,9.935812e+10,3.7218164e+12,0.026696136,6.672787037806782
2023-08-25,机械,2.6979933e+11,3.7218164e+12,0.0724913,17.60036927005988
2023-08-25,汽车,1.4822064e+11,3.7218164e+12,0.039824814,14.714908847413144
2023-08-25,消费者服务,3.4224122e+10,3.7218164e+12,0.009195543,9.229917538793464
2023-08-25,煤炭,2.500963e+10,3.7218164e+12,0.0067197373,3.9803694585959115
2023-08-25,电力及公用事业,1.4276695e+11,3.7218164e+12,0.03835948,22.04395242173241
2023-08-25,电力设备及新能源,2.2381696e+11,3.7218164e+12,0.060136486,10.855056364366538
2023-08-25,电子,3.0443435e+11,3.7218164e+12,0.08179725,13.690985750423248
2023-08-25,石油石化,2.8948963e+10,3.7218164e+12,0.007778181,7.211015725252675
2023-08-25,纺织服装,2.3459512e+10,3.7218164e+12,0.006303243,11.121403066238555
2023-08-25,综合,5.9822817e+09,3.7218164e+12,0.0016073554,6.2185888980273845
2023-08-25,综合金融,6.899364e+09,3.7218164e+12,0.0018537625,15.184509754180908
2023-08-25,计算机,5.056907e+11,3.7218164e+12,0.135872,30.998522064345224
2023-08-25,轻工制造,7.5177525e+10,3.7218164e+12,0.02019915,15.704634136603978
2023-08-25,通信,1.7185374e+11,3.7218164e+12,0.046174698,18.57161263885006
2023-08-25,钢铁,2.1941088e+10,3.7218164e+12,0.0058952635,5.378884557348031
2023-08-25,银行,6.7011834e+10,3.7218164e+12,0.018005142,3.009226211479732
2023-08-25,非银行金融,2.6607644e+11,3.7218164e+12,0.07149102,14.269294502834478
2023-08-25,食品饮料,1.1686183e+11,3.7218164e+12,0.03139914,8.757235083871215
2023-09-01,交通运输,7.730799e+10,4.6838e+12,0.016505398,3.8061708852221243
2023-09-01,传媒,2.5646283e+11,4.6838e+12,0.05475529,10.57591551636726
2023-09-01,农林牧渔,7.658754e+10,4.6838e+12,0.01635158,8.492988422262268
2023-09-01,医药,3.0015006e+11,4.6838e+12,0.06408259,6.211498164268999
2023-09-01,商贸零售,5.1323834e+10,4.6838e+12,0.010957734,5.529341476494974
2023-09-01,国防军工,9.678096e+10,4.6838e+12,0.020662913,6.568779372321121
2023-09-01,基础化工,2.2574737e+11,4.6838e+12,0.04819748,5.895963356433751
2023-09-01,家电,5.579083e+10,4.6838e+12,0.011911445,5.456123470250203
2023-09-01,建材,4.9293054e+10,4.6838e+12,0.010524158,6.967451186653446
2023-09-01,建筑,1.2224504e+11,4.6838e+12,0.026099542,11.591337060041589
2023-09-01,房地产,1.6914283e+11,4.6838e+12,0.036112305,10.865320574731454
2023-09-01,有色金属,1.30268226e+11,4.6838e+12,0.027812507,4.196390615125012
2023-09-01,机械,3.6437423e+11,4.6838e+12,0.077794574,10.636770817807593
2023-09-01,汽车,2.0431158e+11,4.6838e+12,0.0436209,8.702567438821958
2023-09-01,消费者服务,4.338488e+10,4.6838e+12,0.009262752,6.251722821018152
2023-09-01,煤炭,4.5793477e+10,4.6838e+12,0.009776992,3.3217110987752676
2023-09-01,电力及公用事业,1.4864405e+11,4.6838e+12,0.03173578,9.565892991359604
2023-09-01,电力设备及新能源,2.5328599e+11,4.6838e+12,0.054077026,5.945053857482946
2023-09-01,电子,4.774771e+11,4.6838e+12,0.10194224,10.501653871699078
2023-09-01,石油石化,3.491097e+10,4.6838e+12,0.0074535566,3.5400804030690707
2023-09-01,纺织服装,2.6290862e+10,4.6838e+12,0.0056131477,6.309530685738761
2023-09-01,综合,8.2350756e+09,4.6838e+12,0.0017582038,4.025861172488442
2023-09-01,综合金融,8.3344097e+09,4.6838e+12,0.0017794119,7.149674835801124
2023-09-01,计算机,5.3718113e+11,4.6838e+12,0.114689164,15.611742767228613
2023-09-01,轻工制造,8.047777e+10,4.6838e+12,0.017182153,8.452254843569088
2023-09-01,通信,1.6943738e+11,4.6838e+12,0.036175195,9.645498842710541
2023-09-01,钢铁,2.9835282e+10,4.6838e+12,0.006369888,3.350215382587451
2023-09-01,银行,9.9542974e+10,4.6838e+12,0.021252608,2.4014297511783385
2023-09-01,非银行金融,3.818935e+11,4.6838e+12,0.08153497,8.498581963177356
2023-09-01,食品饮料,1.574522e+11,4.6838e+12,0.033616338,5.224845038115523
2023-09-08,交通运输,6.056893e+10,3.8780184e+12,0.015618525,5.568889338217798
2023-09-08,传媒,1.7993022e+11,3.8780184e+12,0.046397466,16.492971049228185
2023-09-08,农林牧渔,5.1123163e+10,3.8780184e+12,0.013182806,10.942962433856268
2023-09-08,医药,1.9887804e+11,3.8780184e+12,0.05128342,7.298816556030987
2023-09-08,商贸零售,5.280377e+10,3.8780184e+12,0.013616173,10.76108592748642
2023-09-08,国防军工,1.2660106e+11,3.8780184e+12,0.032645814,14.325106046323118
2023-09-08,基础化工,2.263331e+11,3.8780184e+12,0.05836308,11.225438420668366
2023-09-08,家电,4.8382018e+10,3.8780184e+12,0.012475964,10.919074625854032
2023-09-08,建材,4.020897e+10,3.8780184e+12,0.010368432,11.668948278707617
2023-09-08,建筑,8.373879e+10,3.8780184e+12,0.02159319,15.056656974956303
2023-09-08,房地产,1.1237632e+11,3.8780184e+12,0.028977768,14.895180777125402
2023-09-08,有色金属,1.22520805e+11,3.8780184e+12,0.03159366,8.20903004960316
2023-09-08,机械,3.1770978e+11,3.8780184e+12,0.08192581,17.283294382032203
2023-09-08,汽车,1.6276511e+11,3.8780184e+12,0.041971207,14.0634042362706
2023-09-08,消费者服务,4.237693e+10,3.8780184e+12,0.01092747,13.47418949478551
2023-09-08,煤炭,5.5955665e+10,3.8780184e+12,0.014428932,8.698624991708332
2023-09-08,电力及公用事业,1.07375526e+11,3.8780184e+12,0.027688246,11.697232599825586
2023-09-08,电力设备及新能源,2.1865996e+11,3.8780184e+12,0.05638446,9.618102893088627
2023-09-08,电子,5.352773e+11,3.8780184e+12,0.13802856,23.73934468698088
2023-09-08,石油石化,4.0657154e+10,3.8780184e+12,0.0104840025,8.271490205736722
2023-09-08,纺织服装,2.175005e+10,3.8780184e+12,0.0056085475,9.249440596245304
2023-09-08,综合,5.3945006e+09,3.8780184e+12,0.0013910456,5.22529258551421
2023-09-08,综合金融,4.937169e+09,3.8780184e+12,0.0012731164,8.873729681968689
2023-09-08,计算机,4.4052244e+11,3.8780184e+12,0.113594726,23.548651337623596
2023-09-08,轻工制造,7.177096e+10,3.8780184e+12,0.018507123,16.1562970298493
2023-09-08,通信,1.5428796e+11,3.8780184e+12,0.03978526,20.33585567417599
2023-09-08,钢铁,3.0408548e+10,3.8780184e+12,0.007841259,7.378386529592367
2023-09-08,银行,6.6258215e+10,3.8780184e+12,0.017085586,2.8474262349662327
2023-09-08,非银行金融,1.6748136e+11,3.8780184e+12,0.043187357,9.0548776773115
2023-09-08,食品饮料,1.2996495e+11,3.8780184e+12,0.033513237,8.84120608331593
2023-09-15,交通运输,5.7524924e+10,3.6134514e+12,0.015919661,5.720452505545538
2023-09-15,传媒,1.3461771e+11,3.6134514e+12,0.037254605,12.629607046154183
2023-09-15,农林牧渔,4.483424e+10,3.6134514e+12,0.012407594,8.8019384472416
2023-09-15,医药,2.8821252e+11,3.6134514e+12,0.079761006,10.379279371389094
2023-09-15,商贸零售,4.4820492e+10,3.6134514e+12,0.01240379,8.754397197714392
2023-09-15,国防军工,1.2241491e+11,3.6134514e+12,0.03387756,12.07443107818735
2023-09-15,基础化工,2.1012926e+11,3.6134514e+12,0.058151953,10.667573192479885
2023-09-15,家电,4.779545e+10,3.6134514e+12,0.013227091,10.317050581595984
2023-09-15,建材,3.006173e+10,3.6134514e+12,0.008319396,8.001624697096208
2023-09-15,建筑,7.335727e+10,3.6134514e+12,0.020301165,12.265619564641472
2023-09-15,房地产,9.790503e+10,3.6134514e+12,0.027094604,9.593050536759403
2023-09-15,有色金属,1.2019568e+11,3.6134514e+12,0.0332634,8.08860963922206
2023-09-15,机械,2.6386194e+11,3.6134514e+12,0.073022135,14.386047770548757
2023-09-15,汽车,1.9372522e+11,3.6134514e+12,0.05361224,16.51061409090956
2023-09-15,消费者服务,3.8974243e+10,3.6134514e+12,0.010785878,12.204333177784033
2023-09-15,煤炭,5.467536e+10,3.6134514e+12,0.015131064,8.974563916524252
2023-09-15,电力及公用事业,9.934944e+10,3.6134514e+12,0.027494334,9.855832207964381
2023-09-15,电力设备及新能源,1.846925e+11,3.6134514e+12,0.05111249,7.739444655507899
2023-09-15,电子,4.4586828e+11,3.6134514e+12,0.12339125,20.10402198193909
2023-09-15,石油石化,3.93731e+10,3.6134514e+12,0.010896258,7.723351032710543
2023-09-15,纺织服装,1.8646809e+10,3.6134514e+12,0.005160387,7.545240603166051
2023-09-15,综合,5.5968087e+09,3.6134514e+12,0.0015488818,5.588344507747227
2023-09-15,综合金融,4.192467e+09,3.6134514e+12,0.001160239,6.799660003185272
2023-09-15,计算机,3.877632e+11,3.6134514e+12,0.10731103,19.969333954623767
2023-09-15,轻工制造,5.53524e+10,3.6134514e+12,0.01531843,11.05611498332666
2023-09-15,通信,2.1368139e+11,3.6134514e+12,0.059134986,26.36384992372422
2023-09-15,钢铁,2.414986e+10,3.6134514e+12,0.0066833226,4.948717267467425
2023-09-15,银行,6.2995063e+10,3.6134514e+12,0.017433489,2.531866681717691
2023-09-15,非银行金融,1.4214465e+11,3.6134514e+12,0.039337642,7.150759626800816
2023-09-15,食品饮料,1.058205e+11,3.6134514e+12,0.02928516,7.158938906461228
2023-09-22,交通运输,6.3268348e+10,3.2347896e+12,0.019558722,6.234692635594821
2023-09-22,传媒,1.2488432e+11,3.2347896e+12,0.03860663,11.31546551408902
2023-09-22,农林牧渔,4.083833e+10,3.2347896e+12,0.012624725,7.6213105613222485
2023-09-22,医药,2.9496833e+11,3.2347896e+12,0.09118625,10.564067703174667
2023-09-22,商贸零售,4.514584e+10,3.2347896e+12,0.013956346,9.13368485221323
2023-09-22,国防军工,8.592231e+10,3.2347896e+12,0.026561946,7.9589456196489
2023-09-22,基础化工,1.6979352e+11,3.2347896e+12,0.052489817,8.984897971002743
2023-09-22,家电,4.287794e+10,3.2347896e+12,0.013255249,8.645734876753336
2023-09-22,建材,3.0550266e+10,3.2347896e+12,0.009444282,9.223163577388314
2023-09-22,建筑,6.6395365e+10,3.2347896e+12,0.020525405,10.411430097613598
2023-09-22,房地产,7.566971e+10,3.2347896e+12,0.023392467,8.236022997886762
2023-09-22,有色金属,1.0619285e+11,3.2347896e+12,0.032828365,7.447047171069355
2023-09-22,机械,2.4464805e+11,3.2347896e+12,0.075630285,13.55396162084541
2023-09-22,汽车,1.8052476e+11,3.2347896e+12,0.055807266,17.195320389295617
2023-09-22,消费者服务,4.4550566e+10,3.2347896e+12,0.013772323,13.401727944089656
2023-09-22,煤炭,4.8316817e+10,3.2347896e+12,0.0149366185,8.507163933581776
2023-09-22,电力及公用事业,7.394705e+10,3.2347896e+12,0.022859927,7.503581134765818
2023-09-22,电力设备及新能源,1.7611537e+11,3.2347896e+12,0.05444415,7.8229576346364995
2023-09-22,电子,3.639817e+11,3.2347896e+12,0.112520985,15.347634616868321
2023-09-22,石油石化,3.8152565e+10,3.2347896e+12,0.01179445,7.660903921314314
2023-09-22,纺织服装,2.3337296e+10,3.2347896e+12,0.007214471,9.110224761585197
2023-09-22,综合,5.396354e+09,3.2347896e+12,0.0016682241,5.8883888439999685
2023-09-22,综合金融,3.6338117e+09,3.2347896e+12,0.0011233534,6.026970040798187
2023-09-22,计算机,3.168625e+11,3.2347896e+12,0.09795459,15.14897882574371
2023-09-22,轻工制造,5.2701147e+10,3.2347896e+12,0.016291985,9.84380959808648
2023-09-22,通信,1.8730516e+11,3.2347896e+12,0.057903353,23.484231728646492
2023-09-22,钢铁,2.2313873e+10,3.2347896e+12,0.006898091,4.245055800447097
2023-09-22,银行,6.981248e+10,3.2347896e+12,0.021581767,3.276985669419879
2023-09-22,非银行金融,1.2773167e+11,3.2347896e+12,0.039486855,7.048772183557351
2023-09-22,食品饮料,1.08241175e+11,3.2347896e+12,0.033461582,7.306330545485475
2023-09-29,交通运输,,,,4.204981973425287
2023-09-29,传媒,,,,9.664949311966627
2023-09-29,农林牧渔,,,,5.284082733381253
2023-09-29,医药,,,,9.7416618044127
2023-09-29,商贸零售,,,,7.61709806128083
2023-09-29,国防军工,,,,6.218593832233856
2023-09-29,基础化工,,,,7.181498387449944
2023-09-29,家电,,,,6.277790350547756
2023-09-29,建材,,,,7.271176491064184
2023-09-29,建筑,,,,7.719258877762988
2023-09-29,房地产,,,,6.087731188590373
2023-09-29,有色金属,,,,5.131495934676349
2023-09-29,机械,,,,13.694607582058966
2023-09-29,汽车,,,,13.292438884864705
2023-09-29,消费者服务,,,,7.672652669120253
2023-09-29,煤炭,,,,4.582388930850559
2023-09-29,电力及公用事业,,,,5.350895209205255
2023-09-29,电力设备及新能源,,,,7.928520042665543
2023-09-29,电子,,,,12.947372110955643
2023-09-29,石油石化,,,,7.2257215760502165
2023-09-29,纺织服装,,,,5.808014861280375
2023-09-29,综合,,,,4.270555553474912
2023-09-29,综合金融,,,,11.584329748153687
2023-09-29,计算机,,,,14.003020025747164
2023-09-29,轻工制造,,,,7.073298775641147
2023-09-29,通信,,,,21.96583657510697
2023-09-29,钢铁,,,,3.0339615505475264
2023-09-29,银行,,,,2.0618214174395515
2023-09-29,非银行金融,,,,4.907798589103752
2023-09-29,食品饮料,,,,4.418667160827695
2023-10-13,交通运输,5.495522e+10,4.0082025e+12,0.01371069,5.972962255116369
2023-10-13,传媒,1.3675002e+11,4.0082025e+12,0.034117542,11.9837866333169
2023-10-13,农林牧渔,3.919143e+10,4.0082025e+12,0.009777807,7.0749086026961985
2023-10-13,医药,4.0481653e+11,4.0082025e+12,0.10099702,12.79991754302565
2023-10-13,商贸零售,3.9243067e+10,4.0082025e+12,0.00979069,9.83975043697892
2023-10-13,国防军工,1.20515e+11,4.0082025e+12,0.030067094,10.868215466367788
2023-10-13,基础化工,1.806131e+11,4.0082025e+12,0.045060873,8.546444866034227
2023-10-13,家电,5.333798e+10,4.0082025e+12,0.013307207,9.084555431302771
2023-10-13,建材,2.9941993e+10,4.0082025e+12,0.00747018,7.982685859063093
2023-10-13,建筑,8.037499e+10,4.0082025e+12,0.020052627,10.119804265217548
2023-10-13,房地产,6.8601123e+10,4.0082025e+12,0.017115183,6.879209135103663
2023-10-13,有色金属,1.1648504e+11,4.0082025e+12,0.029061666,7.440336602974713
2023-10-13,机械,3.1705786e+11,4.0082025e+12,0.079102255,15.950675371658894
2023-10-13,汽车,2.6052307e+11,4.0082025e+12,0.06499748,21.378694947329794
2023-10-13,消费者服务,4.209583e+10,4.0082025e+12,0.01050242,12.549463106874834
2023-10-13,煤炭,2.9436232e+10,4.0082025e+12,0.007343998,4.7175389130910235
2023-10-13,电力及公用事业,7.0648996e+10,4.0082025e+12,0.017626105,6.633428092327034
2023-10-13,电力设备及新能源,2.3973059e+11,4.0082025e+12,0.05981,10.854882930171105
2023-10-13,电子,5.703324e+11,4.0082025e+12,0.14229132,20.44454675867702
2023-10-13,石油石化,4.3158098e+10,4.0082025e+12,0.010767445,11.332084558758082
2023-10-13,纺织服装,2.019953e+10,4.0082025e+12,0.0050395485,8.116127679548642
2023-10-13,综合,5.9952594e+09,4.0082025e+12,0.0014957476,6.603814749806015
2023-10-13,综合金融,1.2754237e+10,4.0082025e+12,0.0031820342,16.01511993408203
2023-10-13,计算机,4.5110837e+11,4.0082025e+12,0.1125463,20.65741621484274
2023-10-13,轻工制造,5.044962e+10,4.0082025e+12,0.012586595,9.026914361752793
2023-10-13,通信,2.5443657e+11,4.0082025e+12,0.06347897,30.68101587465831
2023-10-13,钢铁,1.9912116e+10,4.0082025e+12,0.004967842,4.137451899739412
2023-10-13,银行,7.9342395e+10,4.0082025e+12,0.019795006,3.27230713339079
2023-10-13,非银行金融,1.0419432e+11,4.0082025e+12,0.025995273,4.924600039091375
2023-10-13,食品饮料,1.09530145e+11,4.0082025e+12,0.0273265,6.50876897483161
2023-10-20,交通运输,5.1925447e+10,3.8469446e+12,0.013497841,5.763925414349212
2023-10-20,传媒,1.093979e+11,3.8469446e+12,0.028437607,10.559938074837268
2023-10-20,农林牧渔,5.080772e+10,3.8469446e+12,0.013207292,7.525785620825795
2023-10-20,医药,3.7185883e+11,3.8469446e+12,0.09666342,11.670392621688697
2023-10-20,商贸零售,3.531473e+10,3.8469446e+12,0.009179942,8.906791532151052
2023-10-20,国防军工,1.1097763e+11,3.8469446e+12,0.028848253,14.045213473148834
2023-10-20,基础化工,1.7730557e+11,3.8469446e+12,0.046089973,8.651465270653308
2023-10-20,家电,7.427891e+10,3.8469446e+12,0.019308547,10.964522823152771
2023-10-20,建材,3.1874677e+10,3.8469446e+12,0.008285712,8.689938987002654
2023-10-20,建筑,5.853226e+10,3.8469446e+12,0.01521526,8.979052133538241
2023-10-20,房地产,6.805843e+10,3.8469446e+12,0.017691555,6.562740374595747
2023-10-20,有色金属,1.08966445e+11,3.8469446e+12,0.028325452,8.086556124493358
2023-10-20,机械,2.6512525e+11,3.8469446e+12,0.06891839,13.162823509321123
2023-10-20,汽车,2.7649553e+11,3.8469446e+12,0.07187406,20.618283001219087
2023-10-20,消费者服务,2.831044e+10,3.8469446e+12,0.0073592016,9.247443832849202
2023-10-20,煤炭,2.8874766e+10,3.8469446e+12,0.007505896,4.73759996973806
2023-10-20,电力及公用事业,6.890724e+10,3.8469446e+12,0.0179122,6.092353877529764
2023-10-20,电力设备及新能源,2.2379264e+11,3.8469446e+12,0.058174126,9.853215479081676
2023-10-20,电子,5.3869825e+11,3.8469446e+12,0.14003275,18.21722379107496
2023-10-20,石油石化,4.786921e+10,3.8469446e+12,0.012443436,14.4480801820755
2023-10-20,纺织服装,2.7875977e+10,3.8469446e+12,0.0072462643,11.68981194525662
2023-10-20,综合,7.172488e+09,3.8469446e+12,0.0018644636,8.135870349627954
2023-10-20,综合金融,1.3687826e+10,3.8469446e+12,0.0035581035,24.85424064397812
2023-10-20,计算机,4.5974723e+11,3.8469446e+12,0.11950971,21.18686587620325
2023-10-20,轻工制造,4.5949534e+10,3.8469446e+12,0.011944423,7.817399995412655
2023-10-20,通信,2.1469934e+11,3.8469446e+12,0.055810355,25.269660255265613
2023-10-20,钢铁,2.072935e+10,3.8469446e+12,0.005388523,3.684873090340541
2023-10-20,银行,6.743671e+10,3.8469446e+12,0.01752994,2.773716680350758
2023-10-20,非银行金融,1.4726154e+11,3.8469446e+12,0.03828013,8.43675961676571
2023-10-20,食品饮料,1.1300329e+11,3.8469446e+12,0.029374816,5.846693192467545
2023-10-27,交通运输,5.4691983e+10,4.1926279e+12,0.013044798,5.6801287038404435
2023-10-27,传媒,1.2818568e+11,4.1926279e+12,0.030574067,12.743054888617824
2023-10-27,农林牧渔,4.9373856e+10,4.1926279e+12,0.01177635,7.848752860266429
2023-10-27,医药,3.493672e+11,4.1926279e+12,0.08332893,10.87249430381522
2023-10-27,商贸零售,4.0257225e+10,4.1926279e+12,0.009601908,10.426046676724871
2023-10-27,国防军工,1.3669602e+11,4.1926279e+12,0.0326039,16.293150261936024
2023-10-27,基础化工,2.2121654e+11,4.1926279e+12,0.05276322,10.855222462710127
2023-10-27,家电,8.95929e+10,4.1926279e+12,0.021369152,15.261169934129141
2023-10-27,建材,4.5535695e+10,4.1926279e+12,0.010860896,11.718729395024917
2023-10-27,建筑,8.1710236e+10,4.1926279e+12,0.019489026,14.47817058294463
2023-10-27,房地产,7.6803056e+10,4.1926279e+12,0.018318595,9.391156833653056
2023-10-27,有色金属,1.2590942e+11,4.1926279e+12,0.030031146,9.011385325493851
2023-10-27,机械,2.9244332e+11,4.1926279e+12,0.0697518,14.535374098629863
2023-10-27,汽车,2.9955677e+11,4.1926279e+12,0.07144845,25.519492178784365
2023-10-27,消费者服务,3.3031795e+10,4.1926279e+12,0.007878542,10.611824625416807
2023-10-27,煤炭,3.2234445e+10,4.1926279e+12,0.007688363,5.287600040435791
2023-10-27,电力及公用事业,9.152514e+10,4.1926279e+12,0.021830017,9.38882802962734
2023-10-27,电力设备及新能源,2.6866835e+11,4.1926279e+12,0.06408113,11.537280257863383
2023-10-27,电子,5.3697665e+11,4.1926279e+12,0.12807639,18.718558292924456
2023-10-27,石油石化,3.9550587e+10,4.1926279e+12,0.0094333645,9.718354950932895
2023-10-27,纺织服装,3.120754e+10,4.1926279e+12,0.007443432,12.838793088303934
2023-10-27,综合,8.3409065e+09,4.1926279e+12,0.0019894221,8.03511842864531
2023-10-27,综合金融,1.4694135e+10,4.1926279e+12,0.0035047552,30.619820761680604
2023-10-27,计算机,4.458043e+11,4.1926279e+12,0.10633052,21.30042648663548
2023-10-27,轻工制造,4.9470767e+10,4.1926279e+12,0.011799465,9.675873045346695
2023-10-27,通信,2.462316e+11,4.1926279e+12,0.058729656,26.421450022194122
2023-10-27,钢铁,2.8856295e+10,4.1926279e+12,0.0068826275,5.751205811133752
2023-10-27,银行,6.9815075e+10,4.1926279e+12,0.016651865,2.6611214124021076
2023-10-27,非银行金融,1.76597e+11,4.1926279e+12,0.042120837,9.940830658707354
2023-10-27,食品饮料,1.2571549e+11,4.1926279e+12,0.029984891,7.742204520512711
2023-11-03,交通运输,5.9884737e+10,4.331315e+12,0.013825995,3.2737577967956417
2023-11-03,传媒,2.16858e+11,4.331315e+12,0.050067477,11.29743280261755
2023-11-03,农林牧渔,5.2186972e+10,4.331315e+12,0.0120487595,4.381222574971616
2023-11-03,医药,4.306354e+11,4.331315e+12,0.09942371,6.632022941884186
2023-11-03,商贸零售,4.825027e+10,4.331315e+12,0.011139867,5.828007064481205
2023-11-03,国防军工,1.260878e+11,4.331315e+12,0.029110745,7.686868817378313
2023-11-03,基础化工,2.2932439e+11,4.331315e+12,0.052945673,5.607687294926494
2023-11-03,家电,7.6543e+10,4.331315e+12,0.017672,8.143654144537377
2023-11-03,建材,4.210209e+10,4.331315e+12,0.009720395,6.046863572299481
2023-11-03,建筑,7.821256e+10,4.331315e+12,0.018057464,6.072179460120988
2023-11-03,房地产,8.751248e+10,4.331315e+12,0.0202046,5.379916067790548
2023-11-03,有色金属,1.1467194e+11,4.331315e+12,0.026475089,4.195958522519445
2023-11-03,机械,3.2090092e+11,4.331315e+12,0.074088566,7.78739784664279
2023-11-03,汽车,3.2341554e+11,4.331315e+12,0.07466914,12.598643650858051
2023-11-03,消费者服务,2.7345656e+10,4.331315e+12,0.0063134767,4.556945623013011
2023-11-03,煤炭,2.8114452e+10,4.331315e+12,0.006490974,2.5015319573382535
2023-11-03,电力及公用事业,8.406127e+10,4.331315e+12,0.019407794,4.281935677959439
2023-11-03,电力设备及新能源,2.4475034e+11,4.331315e+12,0.056507166,5.512016461861711
2023-11-03,电子,6.1395173e+11,4.331315e+12,0.14174719,10.219465332898285
2023-11-03,石油石化,3.573401e+10,4.331315e+12,0.008250154,4.481464700371611
2023-11-03,纺织服装,3.075754e+10,4.331315e+12,0.0071012015,6.147936160169025
2023-11-03,综合,1.1836256e+10,4.331315e+12,0.0027327167,5.71317046397814
2023-11-03,综合金融,9.420564e+09,4.331315e+12,0.0021749896,9.72075522840023
2023-11-03,计算机,3.9461326e+11,4.331315e+12,0.09110703,9.83138027149946
2023-11-03,轻工制造,5.6901304e+10,4.331315e+12,0.01313719,6.043453873687251
2023-11-03,通信,1.9882076e+11,4.331315e+12,0.045903094,11.011970270247687
2023-11-03,钢铁,2.2995878e+10,4.331315e+12,0.005309214,2.3551163401168127
2023-11-03,银行,7.580654e+10,4.331315e+12,0.017501969,1.5393726165805544
2023-11-03,非银行金融,1.33550514e+11,4.331315e+12,0.030833712,3.3143486127050386
2023-11-03,食品饮料,1.5391649e+11,4.331315e+12,0.03553574,4.064709446703394
2023-11-10,交通运输,6.0248134e+10,4.8714985e+12,0.012367475,7.171564759289632
2023-11-10,传媒,3.273316e+11,4.8714985e+12,0.06719321,32.48285913635308
2023-11-10,农林牧渔,4.179971e+10,4.8714985e+12,0.008580462,7.076218290397754
2023-11-10,医药,4.0184378e+11,4.8714985e+12,0.082488745,12.656804098036824
2023-11-10,商贸零售,4.8161608e+10,4.8714985e+12,0.009886405,10.473212120131912
2023-11-10,国防军工,1.1665431e+11,4.8714985e+12,0.023946289,12.765230726991962
2023-11-10,基础化工,2.4423526e+11,4.8714985e+12,0.05013555,11.666590580564296
2023-11-10,家电,8.525969e+10,4.8714985e+12,0.017501738,17.259064981736334
2023-11-10,建材,3.6581274e+10,4.8714985e+12,0.0075092446,9.524109341116512
2023-11-10,建筑,9.2817105e+10,4.8714985e+12,0.01905309,14.180965042918737
2023-11-10,房地产,9.377461e+10,4.8714985e+12,0.019249644,10.701124767097857
2023-11-10,有色金属,1.275138e+11,4.8714985e+12,0.026175477,8.840682962076452
2023-11-10,机械,3.7506823e+11,4.8714985e+12,0.07699237,17.716375359709446
2023-11-10,汽车,3.4926002e+11,4.8714985e+12,0.071694575,24.947818690095065
2023-11-10,消费者服务,3.1452731e+10,4.8714985e+12,0.00645648,11.170487642288208
2023-11-10,煤炭,3.9391977e+10,4.8714985e+12,0.008086214,6.817361053493288
2023-11-10,电力及公用事业,9.339155e+10,4.8714985e+12,0.01917101,9.72645728504814
2023-11-10,电力设备及新能源,2.7158094e+11,4.8714985e+12,0.05574895,11.99435265160376
2023-11-10,电子,6.991574e+11,4.8714985e+12,0.14351998,23.80545602687474
2023-11-10,石油石化,3.692774e+10,4.8714985e+12,0.007580366,8.42909224243725
2023-11-10,纺织服装,3.3006772e+10,4.8714985e+12,0.0067754863,11.775969363675259
2023-11-10,综合,1.1853033e+10,4.8714985e+12,0.0024331391,10.936129616366493
2023-11-10,综合金融,8.060611e+09,4.8714985e+12,0.0016546472,14.633959817886353
2023-11-10,计算机,5.1144733e+11,4.8714985e+12,0.10498768,23.937253647755632
2023-11-10,轻工制造,6.266244e+10,4.8714985e+12,0.012863073,11.392293466422371
2023-11-10,通信,2.4166852e+11,4.8714985e+12,0.049608663,25.2018054439908
2023-11-10,钢铁,2.2422018e+10,4.8714985e+12,0.0046026944,4.674705817149236
2023-11-10,银行,6.367606e+10,4.8714985e+12,0.013071144,2.7133143019108545
2023-11-10,非银行金融,2.4176904e+11,4.8714985e+12,0.049629297,10.940463855448696
2023-11-10,食品饮料,1.0055358e+11,4.8714985e+12,0.020641202,6.514432594180107
2023-11-17,交通运输,6.1977317e+10,4.426067e+12,0.014002796,8.702530268762933
2023-11-17,传媒,2.5380831e+11,4.426067e+12,0.057343982,24.78827459375623
2023-11-17,农林牧渔,3.579996e+10,4.426067e+12,0.008088436,6.738877885616743
2023-11-17,医药,3.0066016e+11,4.426067e+12,0.06792942,9.199441026911444
2023-11-17,商贸零售,4.812773e+10,4.426067e+12,0.0108737005,11.235413021016344
2023-11-17,国防军工,1.3184506e+11,4.426067e+12,0.029788312,14.383054014963982
2023-11-17,基础化工,2.3916962e+11,4.426067e+12,0.0540366,11.61886525585385
2023-11-17,家电,7.352637e+10,4.426067e+12,0.016612124,14.514175897621246
2023-11-17,建材,3.9482155e+10,4.426067e+12,0.00892037,8.868324636010563
2023-11-17,建筑,8.759543e+10,4.426067e+12,0.019790806,13.204595091884121
2023-11-17,房地产,7.921684e+10,4.426067e+12,0.017897794,9.570536764389878
2023-11-17,有色金属,1.1433485e+11,4.426067e+12,0.025832156,8.336599160016068
2023-11-17,机械,3.5323465e+11,4.426067e+12,0.079807796,17.352561609577073
2023-11-17,汽车,3.0539825e+11,4.426067e+12,0.06899992,25.877129038503348
2023-11-17,消费者服务,3.3761827e+10,4.426067e+12,0.007627952,12.021135167071694
2023-11-17,煤炭,3.4116495e+10,4.426067e+12,0.007708084,7.571738853222794
2023-11-17,电力及公用事业,8.8851915e+10,4.426067e+12,0.020074688,8.211759858776908
2023-11-17,电力设备及新能源,2.390181e+11,4.426067e+12,0.054002367,11.723877094637963
2023-11-17,电子,5.883997e+11,4.426067e+12,0.13293962,22.17144006606071
2023-11-17,石油石化,3.1129354e+10,4.426067e+12,0.0070331865,9.630413701136908
2023-11-17,纺织服装,2.681378e+10,4.426067e+12,0.0060581504,10.381548491444919
2023-11-17,综合,1.0590417e+10,4.426067e+12,0.0023927377,9.909185188787955
2023-11-17,综合金融,7.2812375e+09,4.426067e+12,0.0016450807,14.294569849967957
2023-11-17,计算机,5.814437e+11,4.426067e+12,0.13136803,26.121842782659503
2023-11-17,轻工制造,6.0234195e+10,4.426067e+12,0.013608966,15.088179786467837
2023-11-17,通信,2.3708649e+11,4.426067e+12,0.05356595,24.978121468945155
2023-11-17,钢铁,2.906335e+10,4.426067e+12,0.0065664053,5.883415387226985
2023-11-17,银行,5.4255956e+10,4.426067e+12,0.012258277,2.0063023950372423
2023-11-17,非银行金融,1.9001624e+11,4.426067e+12,0.04293117,8.824861035578781
2023-11-17,食品饮料,8.8016224e+10,4.426067e+12,0.019885877,6.238117416248177
2023-11-24,交通运输,6.0725584e+10,4.4790626e+12,0.013557655,8.237872081701873
2023-11-24,传媒,3.263153e+11,4.4790626e+12,0.07285348,33.11852765083313
2023-11-24,农林牧渔,5.24944e+10,4.4790626e+12,0.011719952,11.16872690159541
2023-11-24,医药,3.9416588e+11,4.4790626e+12,0.08800187,14.514749945913042
2023-11-24,商贸零售,6.90205e+10,4.4790626e+12,0.015409586,14.840814113616943
2023-11-24,国防军工,9.961536e+10,4.4790626e+12,0.022240225,12.315324799627321
2023-11-24,基础化工,2.3901115e+11,4.4790626e+12,0.05336187,13.516656259219804
2023-11-24,家电,5.8046947e+10,4.4790626e+12,0.012959619,15.523675958076156
2023-11-24,建材,4.2595545e+10,4.4790626e+12,0.009509924,11.975894093513489
2023-11-24,建筑,9.90564e+10,4.4790626e+12,0.022115432,17.186506759169642
2023-11-24,房地产,1.17409686e+11,4.4790626e+12,0.026213003,15.127906332869049
2023-11-24,有色金属,1.0299999e+11,4.4790626e+12,0.02299588,8.63961460726048
2023-11-24,机械,3.7758645e+11,4.4790626e+12,0.08430033,21.689945491082078
2023-11-24,汽车,3.3763813e+11,4.4790626e+12,0.07538143,32.36115278980949
2023-11-24,消费者服务,4.3131666e+10,4.4790626e+12,0.009629619,16.64150180732995
2023-11-24,煤炭,3.512214e+10,4.4790626e+12,0.007841404,7.131458328829871
2023-11-24,电力及公用事业,7.980116e+10,4.4790626e+12,0.017816488,8.607799617484147
2023-11-24,电力设备及新能源,2.0973561e+11,4.4790626e+12,0.04682578,12.673400016561631
2023-11-24,电子,5.60747e+11,4.4790626e+12,0.12519293,23.12040793177902
2023-11-24,石油石化,3.1808248e+10,4.4790626e+12,0.0071015414,10.354188209655238
2023-11-24,纺织服装,3.2373043e+10,4.4790626e+12,0.007227638,13.327781117788636
2023-11-24,综合,1.0498094e+10,4.4790626e+12,0.002343815,9.966055534504077
2023-11-24,综合金融,8.1667517e+09,4.4790626e+12,0.0018233171,15.253930079936982
2023-11-24,计算机,4.9642688e+11,4.4790626e+12,0.11083276,26.7239563973362
2023-11-24,轻工制造,7.1578165e+10,4.4790626e+12,0.015980612,20.13308576707329
2023-11-24,通信,2.1364972e+11,4.4790626e+12,0.04769965,23.17671747813149
2023-11-24,钢铁,2.2182326e+10,4.4790626e+12,0.0049524484,4.223225007836636
2023-11-24,银行,4.8416006e+10,4.4790626e+12,0.010809406,2.0936404778843833
2023-11-24,非银行金融,1.383808e+11,4.4790626e+12,0.030895036,6.652050012929572
2023-11-24,食品饮料,9.906332e+10,4.4790626e+12,0.022116976,9.417281033414783
2023-12-01,交通运输,6.310084e+10,4.0624789e+12,0.015532596,3.936773329057166
2023-12-01,传媒,2.1940665e+11,4.0624789e+12,0.05400807,11.17024368205121
2023-12-01,农林牧渔,6.092188e+10,4.0624789e+12,0.014996233,7.105731720749575
2023-12-01,医药,4.0666336e+11,4.0624789e+12,0.100102276,7.410624816542377
2023-12-01,商贸零售,6.5718567e+10,4.0624789e+12,0.016176961,7.004503732181598
2023-12-01,国防军工,7.218882e+10,4.0624789e+12,0.017769648,4.729143991875342
2023-12-01,基础化工,1.9234929e+11,4.0624789e+12,0.047347765,5.861263095826922
2023-12-01,家电,4.8705327e+10,4.0624789e+12,0.011989066,6.99837466015155
2023-12-01,建材,3.0429454e+10,4.0624789e+12,0.007490366,4.723998814733589
2023-12-01,建筑,8.052936e+10,4.0624789e+12,0.019822715,6.771294161631651
2023-12-01,房地产,8.74742e+10,4.0624789e+12,0.021532223,5.514499533545534
2023-12-01,有色金属,9.949289e+10,4.0624789e+12,0.024490684,4.367789414597721
2023-12-01,机械,3.490405e+11,4.0624789e+12,0.08591811,11.094519593962167
2023-12-01,汽车,3.9897317e+11,4.0624789e+12,0.09820929,18.229452670236263
2023-12-01,消费者服务,4.287664e+10,4.0624789e+12,0.010554305,8.068393822040473
2023-12-01,煤炭,4.8055198e+10,4.0624789e+12,0.0118290335,3.8372750011169248
2023-12-01,电力及公用事业,8.204338e+10,4.0624789e+12,0.020195398,4.260078617888117
2023-12-01,电力设备及新能源,2.1940534e+11,4.0624789e+12,0.05400775,6.987313709720489
2023-12-01,电子,4.999481e+11,4.0624789e+12,0.123064786,11.121572652184145
2023-12-01,石油石化,3.1302576e+10,4.0624789e+12,0.0077052894,4.5702058785028905
2023-12-01,纺织服装,2.6307645e+10,4.0624789e+12,0.006475762,5.657250513903575
2023-12-01,综合,7.452022e+09,4.0624789e+12,0.0018343533,3.7810962866577835
2023-12-01,综合金融,7.4860406e+09,4.0624789e+12,0.0018427273,7.68060008212924
2023-12-01,计算机,3.711055e+11,4.0624789e+12,0.09134952,11.252775041180698
2023-12-01,轻工制造,5.5150223e+10,4.0624789e+12,0.01357551,8.261591115323384
2023-12-01,通信,1.848583e+11,4.0624789e+12,0.045503817,10.193928212755257
2023-12-01,钢铁,1.8910994e+10,4.0624789e+12,0.004655038,1.838454808968191
2023-12-01,银行,6.496531e+10,4.0624789e+12,0.015991544,1.1553095272254377
2023-12-01,非银行金融,1.1284562e+11,4.0624789e+12,0.027777528,2.770845832173816
2023-12-01,食品饮料,1.1299267e+11,4.0624789e+12,0.027813725,7.09991780860406
2023-12-08,交通运输,7.819651e+10,4.3251778e+12,0.018079374,9.503541480234968
2023-12-08,传媒,3.6523632e+11,4.3251778e+12,0.08444423,34.85215292850011
2023-12-08,农林牧渔,7.6072624e+10,4.3251778e+12,0.017588323,16.0452539817645
2023-12-08,医药,4.168757e+11,4.3251778e+12,0.09638348,12.746676962959523
2023-12-08,商贸零售,7.285393e+10,4.3251778e+12,0.016844146,16.683077573776245
2023-12-08,国防军工,7.940379e+10,4.3251778e+12,0.018358503,9.49471027830727
2023-12-08,基础化工,1.9297092e+11,4.3251778e+12,0.04461572,10.756320553387473
2023-12-08,家电,4.429878e+10,4.3251778e+12,0.010242072,11.454318068113672
2023-12-08,建材,3.572948e+10,4.3251778e+12,0.008260813,10.25903643019059
2023-12-08,建筑,8.236412e+10,4.3251778e+12,0.019042945,13.357201938614523
2023-12-08,房地产,7.554896e+10,4.3251778e+12,0.01746725,10.354758708302034
2023-12-08,有色金属,1.5453331e+11,4.3251778e+12,0.03572878,10.216750429897774
2023-12-08,机械,3.0642484e+11,4.3251778e+12,0.07084676,18.579897944325733
2023-12-08,汽车,2.9873707e+11,4.3251778e+12,0.06906932,28.140250421260014
2023-12-08,消费者服务,4.9485156e+10,4.3251778e+12,0.011441184,19.85120697607074
2023-12-08,煤炭,3.913603e+10,4.3251778e+12,0.009048421,6.627377753456433
2023-12-08,电力及公用事业,8.832267e+10,4.3251778e+12,0.020420587,8.420795223077832
2023-12-08,电力设备及新能源,2.2638859e+11,4.3251778e+12,0.05234203,12.735650472702321
2023-12-08,电子,4.5993732e+11,4.3251778e+12,0.106339514,19.1388408717813
2023-12-08,石油石化,4.1208234e+10,4.3251778e+12,0.009527524,10.756617637825947
2023-12-08,纺织服装,3.5345277e+10,4.3251778e+12,0.008171982,15.706853617535959
2023-12-08,综合,1.2171819e+10,4.3251778e+12,0.0028141777,13.34059981946592
2023-12-08,综合金融,8.106679e+09,4.3251778e+12,0.0018742995,18.795899426937105
2023-12-08,计算机,4.5608432e+11,4.3251778e+12,0.105448686,24.06713033634272
2023-12-08,轻工制造,6.2501716e+10,4.3251778e+12,0.014450669,17.039160561348712
2023-12-08,通信,2.1260973e+11,4.3251778e+12,0.049156297,20.9350356175786
2023-12-08,钢铁,2.1773021e+10,4.3251778e+12,0.0050340174,4.040355756878853
2023-12-08,银行,6.676189e+10,4.3251778e+12,0.015435641,2.288114280927749
2023-12-08,非银行金融,1.18747726e+11,4.3251778e+12,0.027454993,6.7125222562915745
2023-12-08,食品饮料,1.4545014e+11,4.3251778e+12,0.033628706,20.607387007185906
2023-12-15,交通运输,7.002484e+10,3.9994033e+12,0.017508822,9.30689917734968
2023-12-15,传媒,3.7223783e+11,3.9994033e+12,0.09307334,36.116485201137166
2023-12-15,农林牧渔,4.995783e+10,3.9994033e+12,0.012491321,11.202467587448302
2023-12-15,医药,3.6766627e+11,3.9994033e+12,0.09193028,12.352384332726784
2023-12-15,商贸零售,6.6148553e+10,3.9994033e+12,0.016539605,15.237410342581919
2023-12-15,国防军工,7.375445e+10,3.9994033e+12,0.018441364,8.799580321352707
2023-12-15,基础化工,1.7168617e+11,3.9994033e+12,0.042927943,9.782031944292987
2023-12-15,家电,4.1954894e+10,3.9994033e+12,0.010490288,10.419456685163889
2023-12-15,建材,3.9629713e+10,3.9994033e+12,0.009908906,11.694528153363397
2023-12-15,建筑,7.814751e+10,3.9994033e+12,0.019539792,14.466239952967943
2023-12-15,房地产,8.197156e+10,3.9994033e+12,0.020495947,11.409674227237701
2023-12-15,有色金属,1.05290146e+11,3.9994033e+12,0.026326463,7.293626058392409
2023-12-15,机械,3.0950287e+11,3.9994033e+12,0.07738726,18.189144164549923
2023-12-15,汽车,2.2654142e+11,3.9994033e+12,0.056643803,21.4518476351789
2023-12-15,消费者服务,5.6129143e+10,3.9994033e+12,0.014034379,22.49542092440421
2023-12-15,煤炭,3.5720626e+10,3.9994033e+12,0.008931489,6.995563820004463
2023-12-15,电力及公用事业,1.0494343e+11,3.9994033e+12,0.026239771,10.737990785504012
2023-12-15,电力设备及新能源,2.0186666e+11,3.9994033e+12,0.050474193,12.613025603959194
2023-12-15,电子,4.075436e+11,3.9994033e+12,0.10190111,17.806571282334705
2023-12-15,石油石化,3.572527e+10,3.9994033e+12,0.00893265,10.146099989320717
2023-12-15,纺织服装,3.2733567e+10,3.9994033e+12,0.008184613,14.61298912350494
2023-12-15,综合,1.3968809e+10,3.9994033e+12,0.0034927232,15.883403678735098
2023-12-15,综合金融,7.522867e+09,3.9994033e+12,0.0018809973,17.674749779701234
2023-12-15,计算机,4.3688133e+11,3.9994033e+12,0.10923663,24.44885075649526
2023-12-15,轻工制造,5.925797e+10,3.9994033e+12,0.014816702,15.978836212839399
2023-12-15,通信,1.9239132e+11,3.9994033e+12,0.048105005,18.432213447396716
2023-12-15,钢铁,2.1932798e+10,3.9994033e+12,0.0054840175,3.8381750093629727
2023-12-15,银行,6.393403e+10,3.9994033e+12,0.015985891,2.179842846024604
2023-12-15,非银行金融,1.23879604e+11,3.9994033e+12,0.030974522,6.5275278430846
2023-12-15,食品饮料,1.4847816e+11,3.9994033e+12,0.03712508,13.940229548649354
2023-12-22,交通运输,9.297753e+10,3.5862838e+12,0.025925871,16.38734307158284
2023-12-22,传媒,3.317022e+11,3.5862838e+12,0.0924919,34.88680428518376
2023-12-22,农林牧渔,4.4513542e+10,3.5862838e+12,0.012412163,12.258798098564148
2023-12-22,医药,2.641178e+11,3.5862838e+12,0.07364665,9.252340972544948
2023-12-22,商贸零售,5.765464e+10,3.5862838e+12,0.01607643,13.53988312115179
2023-12-22,国防军工,6.9524505e+10,3.5862838e+12,0.019386224,8.690440170785301
2023-12-22,基础化工,1.9251187e+11,3.5862838e+12,0.053680044,13.744477273221035
2023-12-22,家电,4.6237106e+10,3.5862838e+12,0.012892763,11.089231419276041
2023-12-22,建材,3.559825e+10,3.5862838e+12,0.009926222,11.601345888306113
2023-12-22,建筑,7.386383e+10,3.5862838e+12,0.020596204,14.529561336055124
2023-12-22,房地产,6.789178e+10,3.5862838e+12,0.018930957,10.042625697380906
2023-12-22,有色金属,9.406434e+10,3.5862838e+12,0.026228916,6.6671601999096755
2023-12-22,机械,3.113279e+11,3.5862838e+12,0.08681073,20.62319376344407
2023-12-22,汽车,1.9570495e+11,3.5862838e+12,0.054570403,19.597902043366137
2023-12-22,消费者服务,5.215133e+10,3.5862838e+12,0.014541886,22.372973888084807
2023-12-22,煤炭,3.811931e+10,3.5862838e+12,0.010629195,7.677108296089703
2023-12-22,电力及公用事业,9.9238035e+10,3.5862838e+12,0.027671551,9.829054988888153
2023-12-22,电力设备及新能源,2.3304657e+11,3.5862838e+12,0.06498275,12.88639393401222
2023-12-22,电子,3.454933e+11,3.5862838e+12,0.096337415,16.553473591804504
2023-12-22,石油石化,2.8073005e+10,3.5862838e+12,0.007827882,7.88992166577601
2023-12-22,纺织服装,3.675001e+10,3.5862838e+12,0.010247379,14.867401989379731
2023-12-22,综合,1.4246307e+10,3.5862838e+12,0.003972443,16.314581482498735
2023-12-22,综合金融,5.8286986e+09,3.5862838e+12,0.0016252754,14.952069854736328
2023-12-22,计算机,3.477303e+11,3.5862838e+12,0.09696118,20.796254422779462
2023-12-22,轻工制造,6.5697726e+10,3.5862838e+12,0.018319165,18.039086804503487
2023-12-22,通信,1.4429816e+11,3.5862838e+12,0.040236127,14.830022983607792
2023-12-22,钢铁,1.7874846e+10,3.5862838e+12,0.004984225,3.3604403997843084
2023-12-22,银行,5.6813744e+10,3.5862838e+12,0.015841953,2.167028565491949
2023-12-22,非银行金融,1.149263e+11,3.5862838e+12,0.03204607,6.01339861874779
2023-12-22,食品饮料,1.0657465e+11,3.5862838e+12,0.029717294,10.973718963789217
2023-12-29,交通运输,7.0305776e+10,3.6381605e+12,0.01932454,11.841209047693548
2023-12-29,传媒,2.396081e+11,3.6381605e+12,0.06585968,24.7947641921715
2023-12-29,农林牧渔,4.597812e+10,3.6381605e+12,0.012637738,12.530278129804701
2023-12-29,医药,2.6177642e+11,3.6381605e+12,0.07195296,8.79519654412862
2023-12-29,商贸零售,4.134668e+10,3.6381605e+12,0.011364721,9.735290594786301
2023-12-29,国防军工,8.685694e+10,3.6381605e+12,0.023873862,10.40198636564434
2023-12-29,基础化工,2.4473877e+11,3.6381605e+12,0.06726992,15.874283527996147
2023-12-29,家电,4.387515e+10,3.6381605e+12,0.012059707,13.217987823199076
2023-12-29,建材,4.9365398e+10,3.6381605e+12,0.013568779,15.171148795028065
2023-12-29,建筑,6.692482e+10,3.6381605e+12,0.018395236,13.425539993069654
2023-12-29,房地产,5.0502234e+10,3.6381605e+12,0.013881255,7.233015527418994
2023-12-29,有色金属,1.1737585e+11,3.6381605e+12,0.03226242,7.741421160174579
2023-12-29,机械,3.2971656e+11,3.6381605e+12,0.090627275,20.783627757659325
2023-12-29,汽车,1.9003908e+11,3.6381605e+12,0.052234937,18.533874178374255
2023-12-29,消费者服务,3.974537e+10,3.6381605e+12,0.010924578,17.170748248182495
2023-12-29,煤炭,4.5044756e+10,3.6381605e+12,0.0123811895,6.31593881547451
2023-12-29,电力及公用事业,9.198611e+10,3.6381605e+12,0.025283687,8.665573388728513
2023-12-29,电力设备及新能源,2.7835924e+11,3.6381605e+12,0.07651099,15.291674038472648
2023-12-29,电子,4.2853312e+11,3.6381605e+12,0.117788404,19.625644291260603
2023-12-29,石油石化,3.220834e+10,3.6381605e+12,0.00885292,7.415186301750295
2023-12-29,纺织服装,3.9388836e+10,3.6381605e+12,0.01082658,14.325734674340428
2023-12-29,综合,1.4989007e+10,3.6381605e+12,0.004119941,14.484007155453718
2023-12-29,综合金融,4.2586276e+09,3.6381605e+12,0.0011705442,8.966270053386689
2023-12-29,计算机,3.154584e+11,3.6381605e+12,0.08670821,18.786744178861127
2023-12-29,轻工制造,6.090939e+10,3.6381605e+12,0.01674181,16.97595103155999
2023-12-29,通信,1.3970806e+11,3.6381605e+12,0.03840074,13.873932447698381
2023-12-29,钢铁,1.799531e+10,3.6381605e+12,0.004946266,3.302467328997759
2023-12-29,银行,5.8671653e+10,3.6381605e+12,0.016126735,2.1241452488161268
2023-12-29,非银行金融,1.07301626e+11,3.6381605e+12,0.029493373,5.363126362363498
2023-12-29,食品饮料,1.224139e+11,3.6381605e+12,0.033647195,12.253765856226286
2024-01-05,交通运输,6.5389523e+10,3.0041915e+12,0.021766096,9.22024143565961
2024-01-05,传媒,1.6564319e+11,3.0041915e+12,0.055137362,17.14956328482695
2024-01-05,农林牧渔,3.3211173e+10,3.0041915e+12,0.011054945,8.848973360515776
2024-01-05,医药,2.3893782e+11,3.0041915e+12,0.079534814,8.281630366372966
2024-01-05,商贸零售,3.0899229e+10,3.0041915e+12,0.010285373,7.029147577062946
2024-01-05,国防军工,7.268112e+10,3.0041915e+12,0.024193238,9.717641037753504
2024-01-05,基础化工,2.0711483e+11,3.0041915e+12,0.06894195,12.871543121444539
2024-01-05,家电,4.1501794e+10,3.0041915e+12,0.01381463,11.135953057961292
2024-01-05,建材,3.9208485e+10,3.0041915e+12,0.01305126,12.077361625294353
2024-01-05,建筑,5.7395196e+10,3.0041915e+12,0.01910504,10.649179161691958
2024-01-05,房地产,4.5944488e+10,3.0041915e+12,0.015293462,5.948788992308695
2024-01-05,有色金属,8.9132335e+10,3.0041915e+12,0.029669326,6.545071571823058
2024-01-05,机械,2.6160216e+11,3.0041915e+12,0.087079056,16.330260878324868
2024-01-05,汽车,1.4404831e+11,3.0041915e+12,0.04794911,14.441854513082347
2024-01-05,消费者服务,3.958314e+10,3.0041915e+12,0.013175972,17.12754989800782
2024-01-05,煤炭,4.923717e+10,3.0041915e+12,0.016389491,7.598083284166124
2024-01-05,电力及公用事业,9.763103e+10,3.0041915e+12,0.03249827,9.13848207507071
2024-01-05,电力设备及新能源,2.1999665e+11,3.0041915e+12,0.0732299,13.331398055431949
2024-01-05,电子,3.5931357e+11,3.0041915e+12,0.11960409,16.674814894890734
2024-01-05,石油石化,3.3042082e+10,3.0041915e+12,0.010998661,7.70489601761687
2024-01-05,纺织服装,2.760891e+10,3.0041915e+12,0.00919013,10.72887131365219
2024-01-05,综合,1.1357319e+10,3.0041915e+12,0.0037804912,10.86091457914423
2024-01-05,综合金融,3.067247e+09,3.0041915e+12,0.0010209893,6.146600091457367
2024-01-05,计算机,2.5792884e+11,3.0041915e+12,0.085856326,16.00767424322728
2024-01-05,轻工制造,4.8720253e+10,3.0041915e+12,0.016217425,13.79777738097168
2024-01-05,通信,1.04734155e+11,3.0041915e+12,0.034862675,10.918987338505094
2024-01-05,钢铁,1.9032525e+10,3.0041915e+12,0.0063353237,3.666465395918259
2024-01-05,银行,6.6907873e+10,3.0041915e+12,0.022271508,2.8030261674097607
2024-01-05,非银行金融,7.4969104e+10,3.0041915e+12,0.024954835,3.250443071126938
2024-01-05,食品饮料,9.605902e+10,3.0041915e+12,0.031975,8.661740141836079
2024-01-12,交通运输,6.7518145e+10,3.4185457e+12,0.019750547,8.526808987303477
2024-01-12,传媒,1.4884266e+11,3.4185457e+12,0.04353976,15.507130197236236
2024-01-12,农林牧渔,4.4532863e+10,3.4185457e+12,0.013026845,9.807032409452257
2024-01-12,医药,2.5921226e+11,3.4185457e+12,0.075825304,8.540680254549699
2024-01-12,商贸零售,5.5924187e+10,3.4185457e+12,0.016359057,12.462113951968256
2024-01-12,国防军工,6.8449673e+10,3.4185457e+12,0.020023039,9.362680319028023
2024-01-12,基础化工,2.2631123e+11,3.4185457e+12,0.066201024,13.401271577383842
2024-01-12,家电,5.1830985e+10,3.4185457e+12,0.015161706,15.255839384737468
2024-01-12,建材,4.704452e+10,3.4185457e+12,0.01376156,13.276377863662187
2024-01-12,建筑,8.068465e+10,3.4185457e+12,0.023602039,16.907800024638146
2024-01-12,房地产,5.1417956e+10,3.4185457e+12,0.015040886,7.63963579530016
2024-01-12,有色金属,1.1994147e+11,3.4185457e+12,0.035085525,7.336990255650466
2024-01-12,机械,3.1672002e+11,3.4185457e+12,0.09264759,18.75770622769693
2024-01-12,汽车,1.5569966e+11,3.4185457e+12,0.04554558,14.958879478397916
2024-01-12,消费者服务,6.0793033e+10,3.4185457e+12,0.017783303,21.741217251481682
2024-01-12,煤炭,4.3881714e+10,3.4185457e+12,0.012836369,6.574550025992924
2024-01-12,电力及公用事业,1.00968415e+11,3.4185457e+12,0.029535487,9.43560475475403
2024-01-12,电力设备及新能源,3.2519854e+11,3.4185457e+12,0.09512775,16.1109685905396
2024-01-12,电子,3.5491103e+11,3.4185457e+12,0.1038193,17.133652468607117
2024-01-12,石油石化,3.685086e+10,3.4185457e+12,0.010779689,9.108533444942212
2024-01-12,纺织服装,3.7200314e+10,3.4185457e+12,0.010881912,14.043292078051236
2024-01-12,综合,1.1036595e+10,3.4185457e+12,0.0032284474,11.136081554271557
2024-01-12,综合金融,4.0187663e+09,3.4185457e+12,0.0011755778,8.397990000247955
2024-01-12,计算机,2.9320652e+11,3.4185457e+12,0.08576937,18.729050708728877
2024-01-12,轻工制造,5.6473354e+10,3.4185457e+12,0.016519701,16.94370724934907
2024-01-12,通信,1.0956625e+11,3.4185457e+12,0.032050543,11.59082938186706
2024-01-12,钢铁,1.7626124e+10,3.4185457e+12,0.00515603,3.5355711430311203
2024-01-12,银行,7.244306e+10,3.4185457e+12,0.021191193,3.4833357000634786
2024-01-12,非银行金融,8.976345e+10,3.4185457e+12,0.026257787,4.0480250302288265
2024-01-12,食品饮料,1.0881755e+11,3.4185457e+12,0.031831533,10.682485584959839
2024-01-19,交通运输,7.760342e+10,3.5164185e+12,0.02206888,10.405148874938003
2024-01-19,传媒,1.433493e+11,3.5164185e+12,0.04076571,14.791131652576823
2024-01-19,农林牧渔,4.2837406e+10,3.5164185e+12,0.012182113,11.012121739252558
2024-01-19,医药,2.4383765e+11,3.5164185e+12,0.06934261,8.289868238865722
2024-01-19,商贸零售,6.5095946e+10,3.5164185e+12,0.018512001,14.74247659255411
2024-01-19,国防军工,7.193807e+10,3.5164185e+12,0.020457767,10.069468399398348
2024-01-19,基础化工,2.1924135e+11,3.5164185e+12,0.06234791,13.252897045721353
2024-01-19,家电,5.789194e+10,3.5164185e+12,0.016463324,18.67200099996158
2024-01-19,建材,6.148041e+10,3.5164185e+12,0.017483816,16.95717212211254
2024-01-19,建筑,8.800532e+10,3.5164185e+12,0.025026975,15.561141143912918
2024-01-19,房地产,5.0869993e+10,3.5164185e+12,0.014466422,7.5047045497719305
2024-01-19,有色金属,1.0815939e+11,3.5164185e+12,0.030758396,7.022412186715661
2024-01-19,机械,2.8036995e+11,3.5164185e+12,0.07973168,17.414253401058215
2024-01-19,汽车,1.6062572e+11,3.5164185e+12,0.045678783,15.709705707723977
2024-01-19,消费者服务,7.358873e+10,3.5164185e+12,0.020927181,25.07682740688324
2024-01-19,煤炭,4.1655603e+10,3.5164185e+12,0.011846031,5.6276944345898094
2024-01-19,电力及公用事业,1.051848e+11,3.5164185e+12,0.02991248,9.789131749453752
2024-01-19,电力设备及新能源,3.3823565e+11,3.5164185e+12,0.09618754,17.29705301769196
2024-01-19,电子,3.4383472e+11,3.5164185e+12,0.09777981,15.690444506990149
2024-01-19,石油石化,3.650312e+10,3.5164185e+12,0.010380767,9.797007776358548
2024-01-19,纺织服装,4.69865e+10,3.5164185e+12,0.013362032,17.456886197080706
2024-01-19,综合,1.2795907e+10,3.5164185e+12,0.0036389034,13.920392610408642
2024-01-19,综合金融,1.0294221e+10,3.5164185e+12,0.0029274733,21.690949988365173
2024-01-19,计算机,2.790238e+11,3.5164185e+12,0.07934886,17.516904517881592
2024-01-19,轻工制造,6.370139e+10,3.5164185e+12,0.018115418,18.490939934338844
2024-01-19,通信,1.2061119e+11,3.5164185e+12,0.03429944,12.300994400940244
2024-01-19,钢铁,2.1878395e+10,3.5164185e+12,0.006221784,4.230063469364093
2024-01-19,银行,9.88809e+10,3.5164185e+12,0.028119775,3.9341666343666257
2024-01-19,非银行金融,1.170613e+11,3.5164185e+12,0.03328992,5.796619470334715
2024-01-19,食品饮料,1.3274074e+11,3.5164185e+12,0.037748847,10.480152979944691
2024-01-26,交通运输,8.999512e+10,4.0302637e+12,0.022329833,11.651976289787912
2024-01-26,传媒,1.977868e+11,4.0302637e+12,0.0490754,19.91789994273387
2024-01-26,农林牧渔,4.6864703e+10,4.0302637e+12,0.0116281975,11.532027361527929
2024-01-26,医药,2.7437338e+11,4.0302637e+12,0.06807827,9.705247060465958
2024-01-26,商贸零售,6.4700187e+10,4.0302637e+12,0.016053587,15.611269153724207
2024-01-26,国防军工,7.4472374e+10,4.0302637e+12,0.018478287,9.98107860638545
2024-01-26,基础化工,2.237289e+11,4.0302637e+12,0.055512223,13.363766002726129
2024-01-26,家电,6.0876255e+10,4.0302637e+12,0.015104782,17.94004876982598
2024-01-26,建材,5.2976976e+10,4.0302637e+12,0.013144791,15.859934891379156
2024-01-26,建筑,1.24081316e+11,4.0302637e+12,0.030787393,18.225703724688547
2024-01-26,房地产,8.524724e+10,4.0302637e+12,0.021151777,11.40153663420896
2024-01-26,有色金属,1.1801705e+11,4.0302637e+12,0.029282711,8.202549555437352
2024-01-26,机械,2.9335578e+11,4.0302637e+12,0.07278824,18.48579063734135
2024-01-26,汽车,1.6573755e+11,4.0302637e+12,0.041123252,15.45842663479633
2024-01-26,消费者服务,5.9217007e+10,4.0302637e+12,0.014693085,19.145174018267927
2024-01-26,煤炭,4.576525e+10,4.0302637e+12,0.011355398,6.611149963405397
2024-01-26,电力及公用事业,1.1470955e+11,4.0302637e+12,0.028462047,11.17135177332422
2024-01-26,电力设备及新能源,3.2402974e+11,4.0302637e+12,0.08039914,16.201802548351168
2024-01-26,电子,3.907232e+11,4.0302637e+12,0.096947305,18.24570337493541
2024-01-26,石油石化,4.7958655e+10,4.0302637e+12,0.011899632,9.89230976151485
2024-01-26,纺织服装,5.4019908e+10,4.0302637e+12,0.013403567,20.30343950266885
2024-01-26,综合,1.3071617e+10,4.0302637e+12,0.003243365,13.998966821917781
2024-01-26,综合金融,1.9365063e+10,4.0302637e+12,0.004804912,35.14637968540192
2024-01-26,计算机,3.329194e+11,4.0302637e+12,0.08260487,20.3705387966491
2024-01-26,轻工制造,7.986215e+10,4.0302637e+12,0.019815614,21.89712088235787
2024-01-26,通信,1.7798812e+11,4.0302637e+12,0.0441629,16.289936438439383
2024-01-26,钢铁,2.6464651e+10,4.0302637e+12,0.006566481,5.278338438616349
2024-01-26,银行,1.1788344e+11,4.0302637e+12,0.029249558,4.986971419482004
2024-01-26,非银行金融,2.1711882e+11,4.0302637e+12,0.053872112,11.003199997875425
2024-01-26,食品饮料,1.3354762e+11,4.0302637e+12,0.0331362,9.905061388557607
2024-02-02,交通运输,9.531858e+10,3.7669545e+12,0.025303885,5.477448800230414
2024-02-02,传媒,1.8167695e+11,3.7669545e+12,0.04822913,9.908220455155407
2024-02-02,农林牧渔,4.8791683e+10,3.7669545e+12,0.012952554,6.088402877719897
2024-02-02,医药,2.9486796e+11,3.7669545e+12,0.07827755,5.321818094545197
2024-02-02,商贸零售,5.5638614e+10,3.7669545e+12,0.014770185,6.960536931441209
2024-02-02,国防军工,6.875151e+10,3.7669545e+12,0.018251218,5.0313611183411036
2024-02-02,基础化工,1.9252083e+11,3.7669545e+12,0.05110782,6.0996488204474
2024-02-02,家电,5.824417e+10,3.7669545e+12,0.015461872,7.131863631662869
2024-02-02,建材,5.1844604e+10,3.7669545e+12,0.013763002,7.9211766757937365
2024-02-02,建筑,1.4413429e+11,3.7669545e+12,0.038262818,9.682350613222532
2024-02-02,房地产,1.0015967e+11,3.7669545e+12,0.02658903,7.159335803274715
2024-02-02,有色金属,1.0852405e+11,3.7669545e+12,0.028809493,3.939554890966028
2024-02-02,机械,2.7793552e+11,3.7669545e+12,0.073782556,9.105260152026508
2024-02-02,汽车,1.5006584e+11,3.7669545e+12,0.039837446,7.460873983922552
2024-02-02,消费者服务,5.20429e+10,3.7669545e+12,0.013815643,8.899178545536666
2024-02-02,煤炭,4.4679913e+10,3.7669545e+12,0.011861018,3.173770854042636
2024-02-02,电力及公用事业,1.32070646e+11,3.7669545e+12,0.035060324,6.488591270796631
2024-02-02,电力设备及新能源,2.7293968e+11,3.7669545e+12,0.07245632,7.5996354565118684
2024-02-02,电子,3.536976e+11,3.7669545e+12,0.09389484,9.073265167300478
2024-02-02,石油石化,5.4128804e+10,3.7669545e+12,0.014369381,4.738468645250096
2024-02-02,纺织服装,4.098183e+10,3.7669545e+12,0.010879301,7.758669801572762
2024-02-02,综合,1.2314098e+10,3.7669545e+12,0.0032689797,6.356157426480894
2024-02-02,综合金融,2.0653871e+10,3.7669545e+12,0.0054829097,16.262015056610107
2024-02-02,计算机,2.8586413e+11,3.7669545e+12,0.07588734,9.141616722447507
2024-02-02,轻工制造,6.160394e+10,3.7669545e+12,0.016353779,8.718487505934068
2024-02-02,通信,1.5328998e+11,3.7669545e+12,0.040693346,7.949948425094287
2024-02-02,钢铁,2.7259062e+10,3.7669545e+12,0.007236366,2.7842845988388243
2024-02-02,银行,1.1437939e+11,3.7669545e+12,0.03036389,2.5631857074442363
2024-02-02,非银行金融,1.804386e+11,3.7669545e+12,0.047900394,4.636342394890057
2024-02-02,食品饮料,1.2909389e+11,3.7669545e+12,0.034270093,5.0907000201669605
2024-02-09,交通运输,,,,10.747683778041747
2024-02-09,传媒,,,,20.96069097518921
2024-02-09,农林牧渔,,,,14.10323779762916
2024-02-09,医药,,,,14.004783142630647
2024-02-09,商贸零售,,,,14.90588516776807
2024-02-09,国防军工,,,,13.343617123416346
2024-02-09,基础化工,,,,15.150048545056261
2024-02-09,家电,,,,15.439053576617013
2024-02-09,建材,,,,16.58058022343835
2024-02-09,建筑,,,,18.341496237947897
2024-02-09,房地产,,,,12.49905143309077
2024-02-09,有色金属,,,,10.44468448414066
2024-02-09,机械,,,,21.32865226643528
2024-02-09,汽车,,,,20.3707134806719
2024-02-09,消费者服务,,,,17.82734655100724
2024-02-09,煤炭,,,,7.036225030819575
2024-02-09,电力及公用事业,,,,13.549259182681208
2024-02-09,电力设备及新能源,,,,16.35521299891834
2024-02-09,电子,,,,20.939214557535035
2024-02-09,石油石化,,,,10.263311792822446
2024-02-09,纺织服装,,,,16.684073323070415
2024-02-09,综合,,,,13.332366775583338
2024-02-09,综合金融,,,,23.05738010406494
2024-02-09,计算机,,,,21.55045118405994
2024-02-09,轻工制造,,,,18.234782275699434
2024-02-09,通信,,,,18.971907108549086
2024-02-09,钢铁,,,,7.157767277497512
2024-02-09,银行,,,,5.405690482684544
2024-02-09,非银行金融,,,,7.962204170309835
2024-02-09,食品饮料,,,,11.895890134753603
2024-02-23,交通运输,9.143693e+10,4.4988765e+12,0.020324392,10.132372436000079
2024-02-23,传媒,2.7552085e+11,4.4988765e+12,0.061242145,30.427407864113928
2024-02-23,农林牧渔,4.8662348e+10,4.4988765e+12,0.0108165555,12.875313138062099
2024-02-23,医药,3.4648002e+11,4.4988765e+12,0.07701479,13.341942056165479
2024-02-23,商贸零售,5.5225934e+10,4.4988765e+12,0.012275495,15.044931730934392
2024-02-23,国防军工,8.839773e+10,4.4988765e+12,0.019648846,13.391769238007374
2024-02-23,基础化工,2.280908e+11,4.4988765e+12,0.050699502,14.622074730590608
2024-02-23,家电,6.807627e+10,4.4988765e+12,0.015131838,15.265354701450892
2024-02-23,建材,4.8002466e+10,4.4988765e+12,0.010669879,16.598460355470348
2024-02-23,建筑,1.1234714e+11,4.4988765e+12,0.024972266,21.17357246056656
2024-02-23,房地产,8.223863e+10,4.4988765e+12,0.018279815,13.110437543020335
2024-02-23,有色金属,1.3344464e+11,4.4988765e+12,0.029661769,9.545564240556422
2024-02-23,机械,3.3645484e+11,4.4988765e+12,0.07478642,22.92858109823958
2024-02-23,汽车,2.0940775e+11,4.4988765e+12,0.04654668,21.54245652649246
2024-02-23,消费者服务,5.586111e+10,4.4988765e+12,0.012416679,23.57498962714754
2024-02-23,煤炭,6.9024604e+10,4.4988765e+12,0.015342631,8.467894434928894
2024-02-23,电力及公用事业,1.1659229e+11,4.4988765e+12,0.025915867,12.538254302480947
2024-02-23,电力设备及新能源,2.6064054e+11,4.4988765e+12,0.057934582,16.24519025147716
2024-02-23,电子,4.8443218e+11,4.4988765e+12,0.10767848,24.626921498574283
2024-02-23,石油石化,5.35818e+10,4.4988765e+12,0.01191004,10.411321483406367
2024-02-23,纺织服装,3.8193713e+10,4.4988765e+12,0.008489612,15.898067372860295
2024-02-23,综合,1.0333723e+10,4.4988765e+12,0.0022969563,14.880692455503675
2024-02-23,综合金融,1.5676993e+10,4.4988765e+12,0.003484646,30.483900380134582
2024-02-23,计算机,4.574352e+11,4.4988765e+12,0.10167765,28.468272017893817
2024-02-23,轻工制造,6.6637255e+10,4.4988765e+12,0.014811977,18.316008904860134
2024-02-23,通信,2.3733856e+11,4.4988765e+12,0.052755073,24.40665240514846
2024-02-23,钢铁,2.749644e+10,4.4988765e+12,0.006111846,5.694071108332047
2024-02-23,银行,1.297563e+11,4.4988765e+12,0.028841933,5.082709550857544
2024-02-23,非银行金融,1.9856792e+11,4.4988765e+12,0.044137225,9.578977823671368
2024-02-23,食品饮料,1.5139974e+11,4.4988765e+12,0.03365279,10.759629515987454
2024-03-01,交通运输,9.448757e+10,5.48198e+12,0.01723603,5.992534567821559
2024-03-01,传媒,3.2066395e+11,5.48198e+12,0.058494184,16.585781299522225
2024-03-01,农林牧渔,6.157082e+10,5.48198e+12,0.011231492,7.885207126092799
2024-03-01,医药,3.5937455e+11,5.48198e+12,0.06555561,6.693161165001007
2024-03-01,商贸零售,6.112051e+10,5.48198e+12,0.01114935,7.9821518699978
2024-03-01,国防军工,1.2535506e+11,5.48198e+12,0.022866748,8.816451735730864
2024-03-01,基础化工,2.7511675e+11,5.48198e+12,0.050185654,8.278610427443597
2024-03-01,家电,8.0463045e+10,5.48198e+12,0.014677734,9.746757799138626
2024-03-01,建材,5.3442683e+10,5.48198e+12,0.009748792,8.73262730725976
2024-03-01,建筑,1.2455201e+11,5.48198e+12,0.02272026,10.505902115552704
2024-03-01,房地产,7.868473e+10,5.48198e+12,0.014353342,6.300170152285777
2024-03-01,有色金属,1.4910952e+11,5.48198e+12,0.027199939,5.206930069540574
2024-03-01,机械,5.2918423e+11,5.48198e+12,0.096531585,16.24770356670178
2024-03-01,汽车,2.9230226e+11,5.48198e+12,0.053320564,13.287222964841812
2024-03-01,消费者服务,5.8167288e+10,5.48198e+12,0.010610634,11.966632751041445
2024-03-01,煤炭,6.3721177e+10,5.48198e+12,0.011623752,3.925083343974418
2024-03-01,电力及公用事业,1.2716353e+11,5.48198e+12,0.023196643,6.76903891597429
2024-03-01,电力设备及新能源,3.457212e+11,5.48198e+12,0.06306502,10.259826424366594
2024-03-01,电子,6.496863e+11,5.48198e+12,0.11851307,14.351994118399062
2024-03-01,石油石化,4.7650877e+10,5.48198e+12,0.008692275,5.32071861821939
2024-03-01,纺织服装,3.888551e+10,5.48198e+12,0.007093333,8.218205945621623
2024-03-01,综合,1.2160124e+10,5.48198e+12,0.0022181992,8.245281558345866
2024-03-01,综合金融,2.0641206e+10,5.48198e+12,0.0037652832,20.6632000207901
2024-03-01,计算机,6.440401e+11,5.48198e+12,0.11748312,16.799216133810706
2024-03-01,轻工制造,8.074135e+10,5.48198e+12,0.014728501,9.771508626107659
2024-03-01,通信,3.0643267e+11,5.48198e+12,0.055898175,14.573730596474238
2024-03-01,钢铁,2.9828882e+10,5.48198e+12,0.0054412605,3.197265417673267
2024-03-01,银行,9.862577e+10,5.48198e+12,0.017990904,2.0741916639464244
2024-03-01,非银行金融,2.2201623e+11,5.48198e+12,0.040499277,5.247822931812455
2024-03-01,食品饮料,1.281395e+11,5.48198e+12,0.023374675,5.352790522304448
2024-03-08,交通运输,7.690724e+10,4.9407517e+12,0.015565899,7.661502456519662
2024-03-08,传媒,2.6352624e+11,4.9407517e+12,0.053337276,25.41722115664415
2024-03-08,农林牧渔,4.5875302e+10,4.9407517e+12,0.009285086,10.776971607838037
2024-03-08,医药,3.2014126e+11,4.9407517e+12,0.06479606,10.223008113542223
2024-03-08,商贸零售,4.963476e+10,4.9407517e+12,0.010045993,11.744530862179872
2024-03-08,国防军工,1.0958899e+11,4.9407517e+12,0.02218063,14.872094879802475
2024-03-08,基础化工,2.2280988e+11,4.9407517e+12,0.045096353,12.733289668147654
2024-03-08,家电,8.024604e+10,4.9407517e+12,0.016241666,16.328051281117258
2024-03-08,建材,4.521254e+10,4.9407517e+12,0.009150944,14.780895169391188
2024-03-08,建筑,1.07507335e+11,4.9407517e+12,0.021759307,16.518035531044006
2024-03-08,房地产,7.344029e+10,4.9407517e+12,0.014864193,9.687191733526527
2024-03-08,有色金属,1.7320013e+11,4.9407517e+12,0.03505542,10.83621056680757
2024-03-08,机械,4.910909e+11,4.9407517e+12,0.09939599,27.006689268439562
2024-03-08,汽车,2.3270618e+11,4.9407517e+12,0.04709935,18.196435647421197
2024-03-08,消费者服务,5.1432608e+10,4.9407517e+12,0.010409875,20.507370648712946
2024-03-08,煤炭,6.3905374e+10,4.9407517e+12,0.012934342,6.959708329704073
2024-03-08,电力及公用事业,1.18575776e+11,4.9407517e+12,0.023999542,11.089064310426297
2024-03-08,电力设备及新能源,3.29535e+11,4.9407517e+12,0.06669734,18.413771166077144
2024-03-08,电子,6.5617055e+11,4.9407517e+12,0.13280784,26.090074363256754
2024-03-08,石油石化,5.2519805e+10,4.9407517e+12,0.010629922,10.188427389836779
2024-03-08,纺织服装,3.3739264e+10,4.9407517e+12,0.0068287714,13.299292101718411
2024-03-08,综合,7.5768366e+09,4.9407517e+12,0.0015335393,9.817329627496225
2024-03-08,综合金融,1.1383871e+10,4.9407517e+12,0.002304077,21.78817001581192
2024-03-08,计算机,5.897305e+11,4.9407517e+12,0.11936048,26.23771576625479
2024-03-08,轻工制造,6.0257436e+10,4.9407517e+12,0.012196005,13.271428581859384
2024-03-08,通信,3.0120912e+11,4.9407517e+12,0.06096423,26.665438887618837
2024-03-08,钢铁,2.891807e+10,4.9407517e+12,0.0058529694,6.2415826721833305
2024-03-08,银行,8.707185e+10,4.9407517e+12,0.0176232,3.18278574517795
2024-03-08,非银行金融,1.4631174e+11,4.9407517e+12,0.029613255,6.5199582978255215
2024-03-08,食品饮料,1.0774028e+11,4.9407517e+12,0.021806456,7.505415922313025
2024-03-15,交通运输,8.545853e+10,5.175749e+12,0.016511334,8.404534152125924
2024-03-15,传媒,2.6133692e+11,5.175749e+12,0.05049258,26.18437949956303
2024-03-15,农林牧渔,4.5430723e+10,5.175749e+12,0.008777613,10.738627262835232
2024-03-15,医药,3.909873e+11,5.175749e+12,0.07554217,12.366532533634
2024-03-15,商贸零售,4.5581115e+10,5.175749e+12,0.00880667,10.915418637690143
2024-03-15,国防军工,1.3309566e+11,5.175749e+12,0.025715247,17.95981289178897
2024-03-15,基础化工,2.582197e+11,5.175749e+12,0.049890306,13.783815722105281
2024-03-15,家电,7.8929035e+10,5.175749e+12,0.01524978,14.69747013137454
2024-03-15,建材,4.88652e+10,5.175749e+12,0.009441184,14.372863902602084
2024-03-15,建筑,1.095382e+11,5.175749e+12,0.021163737,17.16425581066155
2024-03-15,房地产,8.341067e+10,5.175749e+12,0.016115671,10.905457768965205
2024-03-15,有色金属,1.9905416e+11,5.175749e+12,0.038459007,12.181711376197939
2024-03-15,机械,4.709457e+11,5.175749e+12,0.09099083,24.473306572971058
2024-03-15,汽车,3.0673863e+11,5.175749e+12,0.059264585,21.866713505543647
2024-03-15,消费者服务,5.6494985e+10,5.175749e+12,0.010915325,19.246982796438807
2024-03-15,煤炭,6.876117e+10,5.175749e+12,0.013285261,6.8141277730464935
2024-03-15,电力及公用事业,1.3139277e+11,5.175749e+12,0.025386231,12.373399105538493
2024-03-15,电力设备及新能源,3.8816137e+11,5.175749e+12,0.07499617,19.524534881492205
2024-03-15,电子,5.870892e+11,5.175749e+12,0.11343077,22.747983762841475
2024-03-15,石油石化,5.3327376e+10,5.175749e+12,0.010303316,9.514349059731353
2024-03-15,纺织服装,3.5918873e+10,5.175749e+12,0.0069398405,13.569540639915088
2024-03-15,综合,8.3350134e+09,5.175749e+12,0.0016103975,10.425092670652601
2024-03-15,综合金融,1.0007362e+10,5.175749e+12,0.0019335098,19.716840291023253
2024-03-15,计算机,5.5596686e+11,5.175749e+12,0.10741766,26.22478303607081
2024-03-15,轻工制造,7.296104e+10,5.175749e+12,0.014096711,15.777635065056163
2024-03-15,通信,2.79295e+11,5.175749e+12,0.053962238,24.55711184986054
2024-03-15,钢铁,3.2916197e+10,5.175749e+12,0.0063596973,6.417796165897296
2024-03-15,银行,8.444668e+10,5.175749e+12,0.016315838,2.8220928602275395
2024-03-15,非银行金融,1.4243946e+11,5.175749e+12,0.02752055,6.251320842239592
2024-03-15,食品饮料,1.4768552e+11,5.175749e+12,0.028534135,9.483653047319615
2024-03-22,交通运输,7.711353e+10,5.391531e+12,0.014302716,8.318117879755128
2024-03-22,传媒,3.8609863e+11,5.391531e+12,0.07161206,35.90865924492688
2024-03-22,农林牧渔,7.933044e+10,5.391531e+12,0.014713899,16.30305184676962
2024-03-22,医药,3.7862828e+11,5.391531e+12,0.07022649,12.855106254660987
2024-03-22,商贸零售,5.3823996e+10,5.391531e+12,0.009983064,12.898662606689417
2024-03-22,国防军工,1.4954924e+11,5.391531e+12,0.027737806,20.78382375709012
2024-03-22,基础化工,2.7004656e+11,5.391531e+12,0.050087176,15.058267178284245
2024-03-22,家电,7.9962505e+10,5.391531e+12,0.014831132,15.625564084166573
2024-03-22,建材,4.276164e+10,5.391531e+12,0.007931261,13.886504535065141
2024-03-22,建筑,1.1443901e+11,5.391531e+12,0.0212257,17.859611624588997
2024-03-22,房地产,6.5691046e+10,5.391531e+12,0.012184118,9.167521091229325
2024-03-22,有色金属,2.0116624e+11,5.391531e+12,0.037311524,13.238384568594336
2024-03-22,机械,4.6898613e+11,5.391531e+12,0.08698571,23.868028334361405
2024-03-22,汽车,3.0745982e+11,5.391531e+12,0.057026442,21.09060369578541
2024-03-22,消费者服务,5.7801753e+10,5.391531e+12,0.0107208425,23.882679622748803
2024-03-22,煤炭,6.1846495e+10,5.391531e+12,0.011471045,8.353991488615671
2024-03-22,电力及公用事业,1.16839e+11,5.391531e+12,0.021670839,13.017261345490166
2024-03-22,电力设备及新能源,3.290146e+11,5.391531e+12,0.061024338,17.11880316707907
2024-03-22,电子,6.671809e+11,5.391531e+12,0.123746105,26.661588164379722
2024-03-22,石油石化,4.6895145e+10,5.391531e+12,0.008697928,10.190700036637923
2024-03-22,纺织服装,3.511791e+10,5.391531e+12,0.006513532,13.042461339790043
2024-03-22,综合,1.0453775e+10,5.391531e+12,0.0019389252,12.839929563027841
2024-03-22,综合金融,9.583134e+09,5.391531e+12,0.001777442,19.108940279483797
2024-03-22,计算机,6.2868534e+11,5.391531e+12,0.116606094,30.570704517565982
2024-03-22,轻工制造,7.153338e+10,5.391531e+12,0.01326773,16.794727254901414
2024-03-22,通信,2.8278142e+11,5.391531e+12,0.05244919,26.69866654134932
2024-03-22,钢铁,3.4342826e+10,5.391531e+12,0.006369773,6.836048103295839
2024-03-22,银行,7.13005e+10,5.391531e+12,0.013224537,2.5717047715470907
2024-03-22,非银行金融,1.6545158e+11,5.391531e+12,0.03068731,7.0803986510468855
2024-03-22,食品饮料,1.2548625e+11,5.391531e+12,0.023274697,9.323308369878566
2024-03-29,交通运输,7.192284e+10,4.6866896e+12,0.015346193,7.425006479994068
2024-03-29,传媒,3.0357245e+11,4.6866896e+12,0.06477332,30.678157721606777
2024-03-29,农林牧渔,6.0067766e+10,4.6866896e+12,0.012816672,13.964292461017394
2024-03-29,医药,2.940722e+11,4.6866896e+12,0.06274625,9.74129877451474
2024-03-29,商贸零售,4.4042904e+10,4.6866896e+12,0.009397444,10.445150401547691
2024-03-29,国防军工,1.3827506e+11,4.6866896e+12,0.029503781,18.866085493666493
2024-03-29,基础化工,2.6324843e+11,4.6866896e+12,0.056169376,14.181737085301725
2024-03-29,家电,7.176423e+10,4.6866896e+12,0.015312349,14.86787394185861
2024-03-29,建材,4.011981e+10,4.6866896e+12,0.0085603725,11.590439441592194
2024-03-29,建筑,1.06693304e+11,4.6866896e+12,0.022765175,16.320487815178247
2024-03-29,房地产,7.692123e+10,4.6866896e+12,0.016412701,11.527604567895242
2024-03-29,有色金属,1.7051093e+11,4.6866896e+12,0.036381952,10.83795779022744
2024-03-29,机械,3.9830864e+11,4.6866896e+12,0.0849872,20.232700453765357
2024-03-29,汽车,2.7354436e+11,4.6866896e+12,0.05836622,19.753509430856003
2024-03-29,消费者服务,4.771672e+10,4.6866896e+12,0.010181327,20.675574010816113
2024-03-29,煤炭,5.1337605e+10,4.6866896e+12,0.010953916,6.08578046825197
2024-03-29,电力及公用事业,1.1135728e+11,4.6866896e+12,0.023760328,11.774162194780681
2024-03-29,电力设备及新能源,2.6799589e+11,4.6866896e+12,0.05718234,14.177107531813126
2024-03-29,电子,5.8010455e+11,4.6866896e+12,0.12377704,22.75804352785359
2024-03-29,石油石化,4.9630777e+10,4.6866896e+12,0.01058973,10.910335269628787
2024-03-29,纺织服装,2.9879865e+10,4.6866896e+12,0.0063754735,11.701269303217973
2024-03-29,综合,1.0711552e+10,4.6866896e+12,0.0022855261,13.109170410368177
2024-03-29,综合金融,6.6961065e+09,4.6866896e+12,0.0014287498,14.113740062713623
2024-03-29,计算机,5.4353268e+11,4.6866896e+12,0.11597369,25.817555655895823
2024-03-29,轻工制造,7.5205984e+10,4.6866896e+12,0.016046718,18.745629061608625
2024-03-29,通信,2.4512628e+11,4.6866896e+12,0.05230265,24.497125403275565
2024-03-29,钢铁,2.6545826e+10,4.6866896e+12,0.0056640888,5.794519220407192
2024-03-29,银行,9.474256e+10,4.6866896e+12,0.020215241,3.3055190174352553
2024-03-29,非银行金融,1.2194343e+11,4.6866896e+12,0.026019098,5.235304225650099
2024-03-29,食品饮料,1.0991048e+11,4.6866896e+12,0.023451624,9.866006059176994
2024-04-05,交通运输,,,,6.234995892498551
2024-04-05,传媒,,,,13.272108528815524
2024-04-05,农林牧渔,,,,8.489826424504226
2024-04-05,医药,,,,5.457108126968388
2024-04-05,商贸零售,,,,7.497533699619436
2024-04-05,国防军工,,,,10.799478753000242
2024-04-05,基础化工,,,,11.069199804512282
2024-04-05,家电,,,,8.51699051402864
2024-04-05,建材,,,,7.0420779114545775
2024-04-05,建筑,,,,10.9355264178083
2024-04-05,房地产,,,,5.732921079211279
2024-04-05,有色金属,,,,13.21794308685675
2024-04-05,机械,,,,11.571826391950694
2024-04-05,汽车,,,,12.154259434366812
2024-04-05,消费者服务,,,,10.923929267916186
2024-04-05,煤炭,,,,4.566686163345973
2024-04-05,电力及公用事业,,,,8.978124350179797
2024-04-05,电力设备及新能源,,,,9.254919629496865
2024-04-05,电子,,,,12.434937150914129
2024-04-05,石油石化,,,,9.028645085353478
2024-04-05,纺织服装,,,,8.258791102631257
2024-04-05,综合,,,,8.487296219225284
2024-04-05,综合金融,,,,5.183539950847626
2024-04-05,计算机,,,,11.915339769108195
2024-04-05,轻工制造,,,,10.713001764032262
2024-04-05,通信,,,,13.151219101179214
2024-04-05,钢铁,,,,4.778498089084258
2024-04-05,银行,,,,1.8945356948035104
2024-04-05,非银行金融,,,,3.019126375516256
2024-04-05,食品饮料,,,,6.386245427483862
2024-04-12,交通运输,9.027201e+10,4.1787214e+12,0.021602781,9.669338293676454
2024-04-12,传媒,1.5426817e+11,4.1787214e+12,0.036917552,16.529966124346558
2024-04-12,农林牧渔,6.4118133e+10,4.1787214e+12,0.015343959,13.856675360562667
2024-04-12,医药,2.6413788e+11,4.1787214e+12,0.06321022,8.20817885020884
2024-04-12,商贸零售,6.3173534e+10,4.1787214e+12,0.01511791,15.4538251908026
2024-04-12,国防军工,8.973551e+10,4.1787214e+12,0.021474395,12.267056468205574
2024-04-12,基础化工,3.3584638e+11,4.1787214e+12,0.080370605,17.08557128977208
2024-04-12,家电,5.862701e+10,4.1787214e+12,0.014029892,12.41227490561349
2024-04-12,建材,3.566224e+10,4.1787214e+12,0.008534247,10.504194172315819
2024-04-12,建筑,8.7339385e+10,4.1787214e+12,0.020900983,13.338108607596414
2024-04-12,房地产,5.3666976e+10,4.1787214e+12,0.012842918,7.386213744999072
2024-04-12,有色金属,3.795748e+11,4.1787214e+12,0.090835154,25.394058590012836
2024-04-12,机械,3.4605544e+11,4.1787214e+12,0.08281372,18.45841849063441
2024-04-12,汽车,2.2366618e+11,4.1787214e+12,0.053525027,17.280621313657917
2024-04-12,消费者服务,6.4596312e+10,4.1787214e+12,0.015458392,22.939115409193366
2024-04-12,煤炭,5.6219415e+10,4.1787214e+12,0.013453736,7.836716678407457
2024-04-12,电力及公用事业,1.657475e+11,4.1787214e+12,0.03966465,16.910825606014416
2024-04-12,电力设备及新能源,2.6862836e+11,4.1787214e+12,0.064284824,13.960917415498178
2024-04-12,电子,4.0996064e+11,4.1787214e+12,0.09810672,17.138931473970914
2024-04-12,石油石化,5.656517e+10,4.1787214e+12,0.013536478,13.591603796856075
2024-04-12,纺织服装,2.8796176e+10,4.1787214e+12,0.0068911454,11.521677180091933
2024-04-12,综合,1.2193605e+10,4.1787214e+12,0.002918023,13.685359257238883
2024-04-12,综合金融,4.429239e+09,4.1787214e+12,0.0010599507,7.886090087890625
2024-04-12,计算机,3.0163137e+11,4.1787214e+12,0.07218269,15.770072958838771
2024-04-12,轻工制造,6.3441424e+10,4.1787214e+12,0.015182018,15.177911914664612
2024-04-12,通信,1.5673668e+11,4.1787214e+12,0.037508287,15.654884831299858
2024-04-12,钢铁,3.9895523e+10,4.1787214e+12,0.009547304,7.925813436508179
2024-04-12,银行,7.7448405e+10,4.1787214e+12,0.018533995,2.7222119030498324
2024-04-12,非银行金融,9.895613e+10,4.1787214e+12,0.023680959,3.9014235854976707
2024-04-12,食品饮料,1.2633172e+11,4.1787214e+12,0.030232148,11.492552291263234
2024-04-19,交通运输,1.20848695e+11,4.6730335e+12,0.025860867,12.383538129368448
2024-04-19,传媒,1.5847023e+11,4.6730335e+12,0.033911638,17.71986905327985
2024-04-19,农林牧渔,5.4398644e+10,4.6730335e+12,0.011640971,12.438047189757508
2024-04-19,医药,3.1275988e+11,4.6730335e+12,0.06692866,10.081515653225464
2024-04-19,商贸零售,5.7103675e+10,4.6730335e+12,0.01221983,15.220968205238057
2024-04-19,国防军工,1.23830125e+11,4.6730335e+12,0.026498875,16.66593844156999
2024-04-19,基础化工,3.3839304e+11,4.6730335e+12,0.072413996,17.26831409388355
2024-04-19,家电,9.340982e+10,4.6730335e+12,0.019989118,22.790463114068622
2024-04-19,建材,5.2503155e+10,4.6730335e+12,0.011235347,14.866437207127726
2024-04-19,建筑,1.465108e+11,4.6730335e+12,0.031352397,19.921455277255706
2024-04-19,房地产,5.512274e+10,4.6730335e+12,0.011795922,8.2644752526502
2024-04-19,有色金属,2.9402048e+11,4.6730335e+12,0.06291855,20.1097763631402
2024-04-19,机械,4.0530546e+11,4.6730335e+12,0.08673284,21.881611761144306
2024-04-19,汽车,2.4533233e+11,4.6730335e+12,0.05249959,18.984541604470234
2024-04-19,消费者服务,6.4536904e+10,4.6730335e+12,0.013810495,23.366717116586095
2024-04-19,煤炭,6.4018452e+10,4.6730335e+12,0.013699549,8.721641679604849
2024-04-19,电力及公用事业,1.5984692e+11,4.6730335e+12,0.034206245,15.402435206848642
2024-04-19,电力设备及新能源,3.0781512e+11,4.6730335e+12,0.065870516,16.65892313892328
2024-04-19,电子,4.689663e+11,4.6730335e+12,0.10035586,19.34497153509088
2024-04-19,石油石化,7.608943e+10,4.6730335e+12,0.016282663,15.128899889833788
2024-04-19,纺织服装,3.1865827e+10,4.6730335e+12,0.006819088,14.32642670787207
2024-04-19,综合,9.777206e+09,4.6730335e+12,0.002092261,12.566066715452406
2024-04-19,综合金融,8.1733606e+09,4.6730335e+12,0.0017490481,12.67740993499756
2024-04-19,计算机,3.3213107e+11,4.6730335e+12,0.07107398,18.77622167493256
2024-04-19,轻工制造,6.4508908e+10,4.6730335e+12,0.013804504,16.657115916528646
2024-04-19,通信,1.876384e+11,4.6730335e+12,0.040153448,18.394876967346857
2024-04-19,钢铁,4.1049223e+10,4.6730335e+12,0.008784277,8.247146115853237
2024-04-19,银行,1.2209602e+11,4.6730335e+12,0.026127785,4.445588094847543
2024-04-19,非银行金融,1.5427319e+11,4.6730335e+12,0.0330135,6.75514027227958
2024-04-19,食品饮料,1.2107021e+11,4.6730335e+12,0.025908269,10.168470432360968
2024-04-26,交通运输,1.1398527e+11,4.2519117e+12,0.026808007,10.052012138734987
2024-04-26,传媒,1.4765256e+11,4.2519117e+12,0.034726158,15.553468372200577
2024-04-26,农林牧渔,4.7169106e+10,4.2519117e+12,0.011093623,9.634385887181983
2024-04-26,医药,3.114906e+11,4.2519117e+12,0.07325895,9.065434548186094
2024-04-26,商贸零售,3.9533384e+10,4.2519117e+12,0.00929779,10.21972438581636
2024-04-26,国防军工,1.6412598e+11,4.2519117e+12,0.038600516,23.05799159840641
2024-04-26,基础化工,3.0734356e+11,4.2519117e+12,0.07228362,15.076291276112435
2024-04-26,家电,8.262494e+10,4.2519117e+12,0.019432422,20.28208111013685
2024-04-26,建材,4.574337e+10,4.2519117e+12,0.010758307,12.042732571446619
2024-04-26,建筑,1.2787576e+11,4.2519117e+12,0.030074885,22.33567428296329
2024-04-26,房地产,5.0688963e+10,4.2519117e+12,0.011921452,6.9150312187474805
2024-04-26,有色金属,2.5786347e+11,4.2519117e+12,0.060646478,15.922957664582787
2024-04-26,机械,3.5714492e+11,4.2519117e+12,0.08399632,17.423063336026296
2024-04-26,汽车,2.2676439e+11,4.2519117e+12,0.053332336,16.255648250725805
2024-04-26,消费者服务,5.2977406e+10,4.2519117e+12,0.012459667,20.604761962232917
2024-04-26,煤炭,5.572042e+10,4.2519117e+12,0.013104792,6.700544426838557
2024-04-26,电力及公用事业,1.1512955e+11,4.2519117e+12,0.027077125,10.77113824668138
2024-04-26,电力设备及新能源,2.6286791e+11,4.2519117e+12,0.061823465,13.581903811497025
2024-04-26,电子,4.1978413e+11,4.2519117e+12,0.09872833,16.027320956284147
2024-04-26,石油石化,6.2899216e+10,4.2519117e+12,0.014793161,12.245307783285776
2024-04-26,纺织服装,2.4375472e+10,4.2519117e+12,0.0057328264,10.750535656910131
2024-04-26,综合,7.06576e+09,4.2519117e+12,0.0016617842,10.111181434657839
2024-04-26,综合金融,6.661479e+09,4.2519117e+12,0.001566702,10.586659836769105
2024-04-26,计算机,3.2491766e+11,4.2519117e+12,0.07641684,18.91348955194715
2024-04-26,轻工制造,5.3782192e+10,4.2519117e+12,0.012648944,12.766958562932777
2024-04-26,通信,1.9388498e+11,4.2519117e+12,0.045599483,18.892758726127564
2024-04-26,钢铁,3.1690949e+10,4.2519117e+12,0.007453341,6.611526921391487
2024-04-26,银行,1.076783e+11,4.2519117e+12,0.02532468,3.815088104634058
2024-04-26,非银行金融,1.3993915e+11,4.2519117e+12,0.032912053,6.264497202717596
2024-04-26,食品饮料,1.11504196e+11,4.2519117e+12,0.026224485,7.593981816010042
2024-05-03,交通运输,,,,4.339775591119518
2024-05-03,传媒,,,,7.903577482406522
2024-05-03,农林牧渔,,,,4.7507452565544055
2024-05-03,医药,,,,4.858418499157438
2024-05-03,商贸零售,,,,4.856750480552143
2024-05-03,国防军工,,,,8.140665834785526
2024-05-03,基础化工,,,,7.253282748754063
2024-05-03,家电,,,,8.338676219894772
2024-05-03,建材,,,,5.455176767221717
2024-05-03,建筑,,,,8.475858309963272
2024-05-03,房地产,,,,6.188084427369844
2024-05-03,有色金属,,,,6.25575856367747
2024-05-03,机械,,,,8.068203289356033
2024-05-03,汽车,,,,8.090446570211528
2024-05-03,消费者服务,,,,8.374168992042542
2024-05-03,煤炭,,,,2.8184583112597466
2024-05-03,电力及公用事业,,,,5.184322172921637
2024-05-03,电力设备及新能源,,,,6.418292071021905
2024-05-03,电子,,,,7.368666497791338
2024-05-03,石油石化,,,,5.070960782906589
2024-05-03,纺织服装,,,,5.2646088839167415
2024-05-03,综合,,,,3.8572185318227166
2024-05-03,综合金融,,,,6.953289914131164
2024-05-03,计算机,,,,9.461324518163439
2024-05-03,轻工制造,,,,6.120183410729177
2024-05-03,通信,,,,9.782830948867495
2024-05-03,钢铁,,,,2.809438481926918
2024-05-03,银行,,,,2.203723798195521
2024-05-03,非银行金融,,,,4.719655477338367
2024-05-03,食品饮料,,,,4.097656797222568
2024-05-10,交通运输,1.2043368e+11,4.749501e+12,0.025357123,9.81458454548828
2024-05-10,传媒,1.5472366e+11,4.749501e+12,0.032576825,16.145052857801947
2024-05-10,农林牧渔,7.035944e+10,4.749501e+12,0.01481407,14.983726355264771
2024-05-10,医药,4.480758e+11,4.749501e+12,0.09434166,16.08661646853254
2024-05-10,商贸零售,4.3629064e+10,4.749501e+12,0.009186031,10.71490755760781
2024-05-10,国防军工,1.7079948e+11,4.749501e+12,0.035961565,22.04474175078237
2024-05-10,基础化工,4.2509923e+11,4.749501e+12,0.08950398,20.69954958549213
2024-05-10,家电,8.7630586e+10,4.749501e+12,0.018450484,17.093302408854168
2024-05-10,建材,4.7336587e+10,4.749501e+12,0.009966644,12.710786007171453
2024-05-10,建筑,1.04027275e+11,4.749501e+12,0.021902781,16.153571782119435
2024-05-10,房地产,1.07307e+11,4.749501e+12,0.022593321,14.15875873584813
2024-05-10,有色金属,2.367026e+11,4.749501e+12,0.049837362,14.688563450807479
2024-05-10,机械,3.704766e+11,4.749501e+12,0.07800327,17.03700846549118
2024-05-10,汽车,2.4621054e+11,4.749501e+12,0.051839247,15.282275938501163
2024-05-10,消费者服务,4.22767e+10,4.749501e+12,0.008901293,15.09060501230174
2024-05-10,煤炭,5.0373165e+10,4.749501e+12,0.010605991,5.921436084641351
2024-05-10,电力及公用事业,1.5117432e+11,4.749501e+12,0.031829517,14.104231785173
2024-05-10,电力设备及新能源,3.0047673e+11,4.749501e+12,0.06326491,15.344982017821904
2024-05-10,电子,4.418804e+11,4.749501e+12,0.09303723,14.830067377849229
2024-05-10,石油石化,6.1263114e+10,4.749501e+12,0.012898853,12.804992204787684
2024-05-10,纺织服装,2.6816774e+10,4.749501e+12,0.00564623,10.33954260431894
2024-05-10,综合,1.0134628e+10,4.749501e+12,0.0021338302,9.424451857253358
2024-05-10,综合金融,6.2679316e+09,4.749501e+12,0.0013197032,12.442990064620972
2024-05-10,计算机,3.340214e+11,4.749501e+12,0.070327684,17.78809909954877
2024-05-10,轻工制造,5.639163e+10,4.749501e+12,0.01187317,12.46414961793719
2024-05-10,通信,1.8546028e+11,4.749501e+12,0.039048374,18.30427456694463
2024-05-10,钢铁,3.432019e+10,4.749501e+12,0.0072260625,6.598474990863067
2024-05-10,银行,1.0409535e+11,4.749501e+12,0.021917114,3.6951190446104323
2024-05-10,非银行金融,1.5932101e+11,4.749501e+12,0.03354479,6.839405509332816
2024-05-10,食品饮料,1.5085527e+11,4.749501e+12,0.031762343,9.393778777935289
2024-05-17,交通运输,1.1883613e+11,4.2229744e+12,0.028140387,9.842546328054212
2024-05-17,传媒,1.457351e+11,4.2229744e+12,0.03451006,15.902735987179716
2024-05-17,农林牧渔,6.8337512e+10,4.2229744e+12,0.016182316,15.161728179117418
2024-05-17,医药,3.5797205e+11,4.2229744e+12,0.08476775,11.440489835007403
2024-05-17,商贸零售,4.214197e+10,4.2229744e+12,0.009979215,10.806163472549938
2024-05-17,国防军工,1.1695952e+11,4.2229744e+12,0.027696004,15.340147963955872
2024-05-17,基础化工,3.1611506e+11,4.2229744e+12,0.07485602,15.258060539584784
2024-05-17,家电,8.546998e+10,4.2229744e+12,0.020239284,15.936575063637324
2024-05-17,建材,5.1633484e+10,4.2229744e+12,0.012226805,12.67992574669594
2024-05-17,建筑,1.1399475e+11,4.2229744e+12,0.026993947,18.40970852806524
2024-05-17,房地产,1.5244503e+11,4.2229744e+12,0.03609897,19.16478071081529
2024-05-17,有色金属,1.978924e+11,4.2229744e+12,0.046860907,11.857329213522315
2024-05-17,机械,3.1036e+11,4.2229744e+12,0.07349323,14.051377076861044
2024-05-17,汽车,1.96863e+11,4.2229744e+12,0.046617143,12.392436736457203
2024-05-17,消费者服务,3.8759297e+10,4.2229744e+12,0.009178198,14.146477588291827
2024-05-17,煤炭,4.224479e+10,4.2229744e+12,0.010003562,5.021905574533674
2024-05-17,电力及公用事业,1.7295288e+11,4.2229744e+12,0.040955227,14.119767368358115
2024-05-17,电力设备及新能源,2.9044058e+11,4.2229744e+12,0.0687763,16.376620838159248
2024-05-17,电子,3.8599554e+11,4.2229744e+12,0.091403715,14.468031589549705
2024-05-17,石油石化,4.8592323e+10,4.2229744e+12,0.011506658,11.137533309997297
2024-05-17,纺织服装,2.8496755e+10,4.2229744e+12,0.006748029,10.563914837223468
2024-05-17,综合,8.0011674e+09,4.2229744e+12,0.0018946758,8.34895560918031
2024-05-17,综合金融,4.8928087e+09,4.2229744e+12,0.0011586167,9.235980010032653
2024-05-17,计算机,2.7130051e+11,4.2229744e+12,0.064243935,14.597314123032799
2024-05-17,轻工制造,6.0097864e+10,4.2229744e+12,0.01423117,13.587887584810426
2024-05-17,通信,1.6405122e+11,4.2229744e+12,0.038847316,16.010109665611434
2024-05-17,钢铁,2.9035176e+10,4.2229744e+12,0.006875527,5.561242337410267
2024-05-17,银行,1.06303545e+11,4.2229744e+12,0.025172671,4.2242166591542105
2024-05-17,非银行金融,1.7104749e+11,4.2229744e+12,0.04050403,6.937615295665132
2024-05-17,食品饮料,1.2475087e+11,4.2229744e+12,0.029540997,7.687990182276928
2024-05-24,交通运输,9.811031e+10,4.2317002e+12,0.023184609,7.713810599431759
2024-05-24,传媒,1.2402427e+11,4.2317002e+12,0.029308379,14.530923187732697
2024-05-24,农林牧渔,7.392706e+10,4.2317002e+12,0.017469823,14.934344506488657
2024-05-24,医药,2.6208176e+11,4.2317002e+12,0.06193297,8.723284955250055
2024-05-24,商贸零售,4.208186e+10,4.2317002e+12,0.009944433,11.183172942321992
2024-05-24,国防军工,1.2840832e+11,4.2317002e+12,0.030344382,17.169477801547092
2024-05-24,基础化工,3.103405e+11,4.2317002e+12,0.07333707,15.378549384455832
2024-05-24,家电,6.8915266e+10,4.2317002e+12,0.01628548,12.67785360841524
2024-05-24,建材,5.214946e+10,4.2317002e+12,0.012323525,13.347560516623563
2024-05-24,建筑,1.2739937e+11,4.2317002e+12,0.030105954,21.787094607126495
2024-05-24,房地产,2.0089124e+11,4.2317002e+12,0.04747294,23.258172376440207
2024-05-24,有色金属,2.5374543e+11,4.2317002e+12,0.059963,15.63983328846412
2024-05-24,机械,3.1663017e+11,4.2317002e+12,0.074823394,15.5145609355719
2024-05-24,汽车,1.9529923e+11,4.2317002e+12,0.04615148,12.592207443470858
2024-05-24,消费者服务,5.0523845e+10,4.2317002e+12,0.011939373,17.550177374790454
2024-05-24,煤炭,4.4251226e+10,4.2317002e+12,0.01045708,5.256883313258489
2024-05-24,电力及公用事业,1.4706011e+11,4.2317002e+12,0.034752015,11.5890535455683
2024-05-24,电力设备及新能源,3.063749e+11,4.2317002e+12,0.07239996,15.14979843927335
2024-05-24,电子,4.4850784e+11,4.2317002e+12,0.10598762,19.48035606074782
2024-05-24,石油石化,5.0181226e+10,4.2317002e+12,0.011858408,11.671998144364824
2024-05-24,纺织服装,2.4966955e+10,4.2317002e+12,0.005899982,9.683870229980734
2024-05-24,综合,6.6953723e+09,4.2317002e+12,0.0015821944,9.209829604184186
2024-05-24,综合金融,4.275525e+09,4.2317002e+12,0.0010103564,8.22164011001587
2024-05-24,计算机,2.8135e+11,4.2317002e+12,0.066486284,14.50742341951585
2024-05-24,轻工制造,5.8952274e+10,4.2317002e+12,0.013931109,13.993233720931782
2024-05-24,通信,1.6500415e+11,4.2317002e+12,0.0389924,16.931121482735588
2024-05-24,钢铁,2.8456993e+10,4.2317002e+12,0.0067247185,5.957498135475012
2024-05-24,银行,1.0932407e+11,4.2317002e+12,0.02583455,4.451021442810695
2024-05-24,非银行金融,1.296423e+11,4.2317002e+12,0.030635985,4.543177813705471
2024-05-24,食品饮料,1.2105069e+11,4.2317002e+12,0.028605688,8.31752198663625
2024-05-31,交通运输,8.512263e+10,3.6551443e+12,0.023288446,6.043004852000291
2024-05-31,传媒,8.901224e+10,3.6551443e+12,0.024352593,8.763641553865352
2024-05-31,农林牧渔,5.9116913e+10,3.6551443e+12,0.01617362,9.335822636788746
2024-05-31,医药,2.0801649e+11,3.6551443e+12,0.056910608,5.4024638163486145
2024-05-31,商贸零售,3.7182345e+10,3.6551443e+12,0.010172606,8.51446268714477
2024-05-31,国防军工,1.090173e+11,3.6551443e+12,0.029825717,14.0196068154441
2024-05-31,基础化工,2.9017014e+11,3.6551443e+12,0.07938678,11.639953789966446
2024-05-31,家电,5.8237075e+10,3.6551443e+12,0.015932906,8.353613080013366
2024-05-31,建材,3.4579796e+10,3.6551443e+12,0.009460583,7.248111611881922
2024-05-31,建筑,8.2167824e+10,3.6551443e+12,0.02248005,11.366007330593156
2024-05-31,房地产,1.0984761e+11,3.6551443e+12,0.03005288,10.546384428072413
2024-05-31,有色金属,2.153945e+11,3.6551443e+12,0.058929138,11.99761788341088
2024-05-31,机械,2.7406696e+11,3.6551443e+12,0.07498116,11.990154748427726
2024-05-31,汽车,1.7188951e+11,3.6551443e+12,0.047026735,9.886086558809085
2024-05-31,消费者服务,2.9156104e+10,3.6551443e+12,0.007976731,8.538165485679075
2024-05-31,煤炭,4.2639147e+10,3.6551443e+12,0.0116655165,4.07390000919501
2024-05-31,电力及公用事业,1.8503347e+11,3.6551443e+12,0.050622754,11.671238220515459
2024-05-31,电力设备及新能源,3.2477515e+11,3.6551443e+12,0.08885426,16.20099587587616
2024-05-31,电子,4.8005536e+11,3.6551443e+12,0.13133691,17.234302107946146
2024-05-31,石油石化,4.4762e+10,3.6551443e+12,0.012246302,6.9511470613526365
2024-05-31,纺织服装,1.9499915e+10,3.6551443e+12,0.0053349235,6.007169281197067
2024-05-31,综合,6.271127e+09,3.6551443e+12,0.0017156989,7.988277790723024
2024-05-31,综合金融,2.8350605e+09,3.6551443e+12,0.0007756357,4.471039938926697
2024-05-31,计算机,2.3148657e+11,3.6551443e+12,0.063331716,10.982455744122115
2024-05-31,轻工制造,3.9526957e+10,3.6551443e+12,0.010814062,7.957165757932606
2024-05-31,通信,1.3076409e+11,3.6551443e+12,0.035775356,11.750819053678285
2024-05-31,钢铁,2.5187633e+10,3.6551443e+12,0.0068910094,4.392475055387387
2024-05-31,银行,8.954538e+10,3.6551443e+12,0.024498453,2.7429833319925128
2024-05-31,非银行金融,8.529457e+10,3.6551443e+12,0.023335487,2.5978444371786384
2024-05-31,食品饮料,9.332403e+10,3.6551443e+12,0.025532244,4.673237109726125
2024-06-07,交通运输,9.615991e+10,3.8107658e+12,0.02523375,7.802082096839824
2024-06-07,传媒,1.04778105e+11,3.8107658e+12,0.027495287,13.542997887436773
2024-06-07,农林牧渔,5.7704255e+10,3.8107658e+12,0.015142431,11.683580184882542
2024-06-07,医药,2.4313433e+11,3.8107658e+12,0.06380196,7.685366864308594
2024-06-07,商贸零售,4.221324e+10,3.8107658e+12,0.011077364,9.776455201278223
2024-06-07,国防军工,1.3284365e+11,3.8107658e+12,0.034860093,18.868211952030148
2024-06-07,基础化工,2.4740289e+11,3.8107658e+12,0.064922094,12.784873838817317
2024-06-07,家电,7.29228e+10,3.8107658e+12,0.019135997,13.850851128498713
2024-06-07,建材,3.31903e+10,3.8107658e+12,0.008709614,10.660695393418157
2024-06-07,建筑,7.78459e+10,3.8107658e+12,0.020427888,14.657451450093392
2024-06-07,房地产,8.644673e+10,3.8107658e+12,0.02268487,10.91647058014476
2024-06-07,有色金属,1.7781642e+11,3.8107658e+12,0.046661597,11.411644719480499
2024-06-07,机械,2.9621895e+11,3.8107658e+12,0.07773213,16.577907370492106
2024-06-07,汽车,1.9588699e+11,3.8107658e+12,0.051403575,14.694242574000846
2024-06-07,消费者服务,3.3250998e+10,3.8107658e+12,0.008725543,11.986996576703827
2024-06-07,煤炭,4.096626e+10,3.8107658e+12,0.010750138,4.907211096750365
2024-06-07,电力及公用事业,1.5853378e+11,3.8107658e+12,0.041601554,12.133840845201327
2024-06-07,电力设备及新能源,2.9209392e+11,3.8107658e+12,0.076649666,16.540739057892107
2024-06-07,电子,5.5385935e+11,3.8107658e+12,0.1453407,23.51240368355767
2024-06-07,石油石化,4.5142606e+10,3.8107658e+12,0.011846072,7.834374494412366
2024-06-07,纺织服装,2.4195678e+10,3.8107658e+12,0.0063492954,10.419146529149891
2024-06-07,综合,6.577801e+09,3.8107658e+12,0.00172611,12.109948175924796
2024-06-07,综合金融,5.586348e+09,3.8107658e+12,0.0014659384,12.330619823932647
2024-06-07,计算机,2.7392929e+11,3.8107658e+12,0.071883,16.2831329504369
2024-06-07,轻工制造,4.027854e+10,3.8107658e+12,0.010569671,10.795769313030695
2024-06-07,通信,1.4318838e+11,3.8107658e+12,0.037574697,15.695144406150257
2024-06-07,钢铁,2.6329795e+10,3.8107658e+12,0.0069093183,5.235899942425581
2024-06-07,银行,9.563333e+10,3.8107658e+12,0.025095565,3.6700690381583714
2024-06-07,非银行金融,1.0263826e+11,3.8107658e+12,0.026933761,4.665709690087372
2024-06-07,食品饮料,1.0290337e+11,3.8107658e+12,0.027003331,6.556609825654463
2024-06-14,交通运输,8.027861e+10,2.9804415e+12,0.02693514,5.550515438967604
2024-06-14,传媒,7.75191e+10,2.9804415e+12,0.026009269,9.839509939893762
2024-06-14,农林牧渔,4.5153526e+10,2.9804415e+12,0.015149945,7.4429452852258144
2024-06-14,医药,2.0770823e+11,2.9804415e+12,0.06969042,5.6452325047031655
2024-06-14,商贸零售,2.8421482e+10,2.9804415e+12,0.009535997,6.611847656909551
2024-06-14,国防军工,8.632673e+10,2.9804415e+12,0.02896441,11.14152731294306
2024-06-14,基础化工,1.9730285e+11,2.9804415e+12,0.0661992,9.710593257868101
2024-06-14,家电,4.710592e+10,2.9804415e+12,0.015805015,7.768710716849282
2024-06-14,建材,2.1609527e+10,2.9804415e+12,0.007250445,6.315223268298215
2024-06-14,建筑,4.9945203e+10,2.9804415e+12,0.016757652,8.275796360764767
2024-06-14,房地产,6.0690334e+10,2.9804415e+12,0.020362867,7.478267924501262
2024-06-14,有色金属,1.18101836e+11,2.9804415e+12,0.03962562,6.978515518390067
2024-06-14,机械,2.176209e+11,2.9804415e+12,0.07301633,11.138555488416127
2024-06-14,汽车,1.2950205e+11,2.9804415e+12,0.043450627,8.373694764351358
2024-06-14,消费者服务,2.229911e+10,2.9804415e+12,0.0074818144,7.933767269269146
2024-06-14,煤炭,3.3837124e+10,2.9804415e+12,0.011353058,3.9269944379727044
2024-06-14,电力及公用事业,1.1989254e+11,2.9804415e+12,0.040226437,7.709306552358296
2024-06-14,电力设备及新能源,1.94993e+11,2.9804415e+12,0.0654242,10.510472181005568
2024-06-14,电子,5.3285382e+11,2.9804415e+12,0.17878352,20.76963214604301
2024-06-14,石油石化,3.4986873e+10,2.9804415e+12,0.011738822,5.414272566636403
2024-06-14,纺织服装,1.4349499e+10,2.9804415e+12,0.004814555,5.809220762536077
2024-06-14,综合,3.292144e+09,2.9804415e+12,0.0011045827,5.868888859395628
2024-06-14,综合金融,4.956802e+09,2.9804415e+12,0.00166311,11.569100141525269
2024-06-14,计算机,2.2200508e+11,2.9804415e+12,0.07448731,12.11842391966434
2024-06-14,轻工制造,2.7916558e+10,2.9804415e+12,0.009366585,7.184269847072793
2024-06-14,通信,1.09029335e+11,2.9804415e+12,0.036581606,10.598557944453898
2024-06-14,钢铁,1.6061485e+10,2.9804415e+12,0.0053889616,2.9766884853060427
2024-06-14,银行,8.513721e+10,2.9804415e+12,0.028565302,2.6887357256242206
2024-06-14,非银行金融,9.014973e+10,2.9804415e+12,0.030247107,4.096629572376399
2024-06-14,食品饮料,1.0073374e+11,2.9804415e+12,0.033798262,4.170918905373775
2024-06-21,交通运输,7.7146595e+10,3.525041e+12,0.021885306,5.907352071952045
2024-06-21,传媒,7.9679594e+10,3.525041e+12,0.022603877,9.944877315920296
2024-06-21,农林牧渔,3.9751283e+10,3.525041e+12,0.011276829,7.8896254885871455
2024-06-21,医药,2.1884586e+11,3.525041e+12,0.06208321,7.026471965393521
2024-06-21,商贸零售,3.0460856e+10,3.525041e+12,0.008641277,6.978262653696203
2024-06-21,国防军工,9.316245e+10,3.525041e+12,0.026428755,13.761423911803808
2024-06-21,基础化工,2.2514906e+11,3.525041e+12,0.06387133,11.56701507768224
2024-06-21,家电,5.2134437e+10,3.525041e+12,0.01478974,10.695297792553902
2024-06-21,建材,2.4459307e+10,3.525041e+12,0.00693873,7.724819768306821
2024-06-21,建筑,7.670223e+10,3.525041e+12,0.021759246,14.531043598988305
2024-06-21,房地产,6.0025065e+10,3.525041e+12,0.01702819,7.553827785231449
2024-06-21,有色金属,1.3832867e+11,3.525041e+12,0.03924172,9.240342250684412
2024-06-21,机械,2.6712026e+11,3.525041e+12,0.07577792,14.507804025762848
2024-06-21,汽车,1.9262996e+11,3.525041e+12,0.054646164,11.966961616642621
2024-06-21,消费者服务,2.599941e+10,3.525041e+12,0.0073756333,9.724686236217105
2024-06-21,煤炭,3.3055971e+10,3.525041e+12,0.009377471,3.909427824947569
2024-06-21,电力及公用事业,1.11172395e+11,3.525041e+12,0.0315379,8.151036953148635
2024-06-21,电力设备及新能源,2.2707305e+11,3.525041e+12,0.06441714,12.867642123582243
2024-06-21,电子,6.746422e+11,3.525041e+12,0.19138564,28.513974099603157
2024-06-21,石油石化,3.9035806e+10,3.525041e+12,0.0110738585,5.866956859242682
2024-06-21,纺织服装,1.5113168e+10,3.525041e+12,0.0042873737,6.06862475730405
2024-06-21,综合,4.4677294e+09,3.525041e+12,0.0012674263,7.913588815265232
2024-06-21,综合金融,5.1509074e+09,3.525041e+12,0.0014612334,12.158770084381104
2024-06-21,计算机,3.1894746e+11,3.525041e+12,0.0904805,19.811284712526234
2024-06-21,轻工制造,3.2827855e+10,3.525041e+12,0.009312758,8.357115987842604
2024-06-21,通信,1.6325385e+11,3.525041e+12,0.04631261,16.831747519828024
2024-06-21,钢铁,1.8121216e+10,3.525041e+12,0.0051407106,5.063302061305596
2024-06-21,银行,7.6987654e+10,3.525041e+12,0.021840217,2.586288113679205
2024-06-21,非银行金融,9.495711e+10,3.525041e+12,0.026937874,4.046346463367972
2024-06-21,食品饮料,1.0780462e+11,3.525041e+12,0.030582517,4.887880322156531
2024-06-28,交通运输,6.808522e+10,3.3026872e+12,0.020615097,5.21729103506096
2024-06-28,传媒,1.0931809e+11,3.3026872e+12,0.03309974,14.871769499271474
2024-06-28,农林牧渔,3.7037683e+10,3.3026872e+12,0.011214408,7.552532030726379
2024-06-28,医药,2.1250716e+11,3.3026872e+12,0.06434371,7.394624801731206
2024-06-28,商贸零售,3.0224022e+10,3.3026872e+12,0.009151342,8.336669155927462
2024-06-28,国防军工,8.303326e+10,3.3026872e+12,0.025141122,11.603823023983557
2024-06-28,基础化工,1.9171974e+11,3.3026872e+12,0.05804962,9.82570992043567
2024-06-28,家电,5.4104474e+10,3.3026872e+12,0.016381955,11.754008361271449
2024-06-28,建材,2.750542e+10,3.3026872e+12,0.008328194,9.240177843459817
2024-06-28,建筑,7.731824e+10,3.3026872e+12,0.023410706,16.40460242577857
2024-06-28,房地产,5.9736175e+10,3.3026872e+12,0.018087143,8.29074999027782
2024-06-28,有色金属,1.2466357e+11,3.3026872e+12,0.0377461,9.202043033227689
2024-06-28,机械,2.5745016e+11,3.3026872e+12,0.07795172,15.280152956999483
2024-06-28,汽车,1.8521173e+11,3.3026872e+12,0.0560791,14.147133443306904
2024-06-28,消费者服务,2.856918e+10,3.3026872e+12,0.008650283,12.59442754038449
2024-06-28,煤炭,3.173135e+10,3.3026872e+12,0.009607737,3.8923250403669147
2024-06-28,电力及公用事业,1.0788283e+11,3.3026872e+12,0.032665167,8.59720780538476
2024-06-28,电力设备及新能源,1.920473e+11,3.3026872e+12,0.0581488,11.79153952059112
2024-06-28,电子,5.741188e+11,3.3026872e+12,0.17383385,23.690045534566856
2024-06-28,石油石化,4.0202224e+10,3.3026872e+12,0.01217258,5.5232940783687665
2024-06-28,纺织服装,1.6488238e+10,3.3026872e+12,0.0049923705,6.721652490667777
2024-06-28,综合,4.163503e+09,3.3026872e+12,0.001260641,7.404018503648263
2024-06-28,综合金融,4.5980923e+09,3.3026872e+12,0.0013922276,10.702850127220154
2024-06-28,计算机,3.027298e+11,3.3026872e+12,0.09166166,20.168866609422007
2024-06-28,轻工制造,3.2357032e+10,3.3026872e+12,0.009797183,8.784281084523398
2024-06-28,通信,1.4236874e+11,3.3026872e+12,0.04310694,14.93632293882824
2024-06-28,钢铁,1.9042478e+10,3.3026872e+12,0.005765753,6.402324873954058
2024-06-28,银行,8.799346e+10,3.3026872e+12,0.02664299,2.9457809733492986
2024-06-28,非银行金融,9.479037e+10,3.3026872e+12,0.028700983,4.183730971015675
2024-06-28,食品饮料,1.0492639e+11,3.3026872e+12,0.031770006,5.100952278032447
2024-07-05,交通运输,6.6158916e+10,3.025882e+12,0.02186434,5.014744725169205
2024-07-05,传媒,8.455426e+10,3.025882e+12,0.027943674,12.249383006535524
2024-07-05,农林牧渔,3.6126888e+10,3.025882e+12,0.011939292,7.921965115475205
2024-07-05,医药,2.0823338e+11,3.025882e+12,0.068817414,7.11471584730032
2024-07-05,商贸零售,3.449736e+10,3.025882e+12,0.011400762,9.491855623024815
2024-07-05,国防军工,6.915829e+10,3.025882e+12,0.02285558,9.241681201845152
2024-07-05,基础化工,1.6956342e+11,3.025882e+12,0.056037683,8.589317655693444
2024-07-05,家电,5.080898e+10,3.025882e+12,0.016791461,8.29886314698628
2024-07-05,建材,2.3443075e+10,3.025882e+12,0.007747518,7.578411828770357
2024-07-05,建筑,6.697877e+10,3.025882e+12,0.022135288,14.482061999707135
2024-07-05,房地产,6.8300268e+10,3.025882e+12,0.022572018,10.27831858506909
2024-07-05,有色金属,1.3726488e+11,3.025882e+12,0.045363594,9.591804864929944
2024-07-05,机械,2.2974184e+11,3.025882e+12,0.07592557,13.14952635889252
2024-07-05,汽车,1.7133068e+11,3.025882e+12,0.05662173,13.154673773978578
2024-07-05,消费者服务,3.5798077e+10,3.025882e+12,0.011830625,13.25103969409548
2024-07-05,煤炭,2.9385961e+10,3.025882e+12,0.009711536,3.3439833323160806
2024-07-05,电力及公用事业,1.0436024e+11,3.025882e+12,0.034489196,7.65010433793068
2024-07-05,电力设备及新能源,1.943696e+11,3.025882e+12,0.06423568,13.290124361462231
2024-07-05,电子,4.5158833e+11,3.025882e+12,0.14924188,18.948753814816975
2024-07-05,石油石化,3.919686e+10,3.025882e+12,0.012953863,5.157274498659022
2024-07-05,纺织服装,1.5408568e+10,3.025882e+12,0.0050922567,6.02065301001072
2024-07-05,综合,4.2411802e+09,3.025882e+12,0.0014016343,6.595133331086901
2024-07-05,综合金融,4.418607e+09,3.025882e+12,0.0014602707,10.228470003604889
2024-07-05,计算机,2.7554044e+11,3.025882e+12,0.0910612,19.822670944955913
2024-07-05,轻工制造,3.129432e+10,3.025882e+12,0.010342214,8.503592917905051
2024-07-05,通信,1.2796577e+11,3.025882e+12,0.042290404,13.484579392841884
2024-07-05,钢铁,1.751769e+10,3.025882e+12,0.005789284,4.887559697031975
2024-07-05,银行,9.87395e+10,3.025882e+12,0.032631643,3.041916657771383
2024-07-05,非银行金融,8.179052e+10,3.025882e+12,0.027030306,3.444845053931357
2024-07-05,食品饮料,9.746169e+10,3.025882e+12,0.032209348,5.558890920696837
2024-07-12,交通运输,7.420948e+10,3.4412408e+12,0.021564744,5.838108121864194
2024-07-12,传媒,8.7283e+10,3.4412408e+12,0.025363816,12.239453868346011
2024-07-12,农林牧渔,3.97239e+10,3.4412408e+12,0.011543482,7.796479245401779
2024-07-12,医药,2.2755815e+11,3.4412408e+12,0.06612677,7.677968191092951
2024-07-12,商贸零售,3.3499845e+10,3.4412408e+12,0.009734816,9.578415079780346
2024-07-12,国防军工,7.128343e+10,3.4412408e+12,0.020714456,8.981895732064533
2024-07-12,基础化工,2.0384802e+11,3.4412408e+12,0.05923678,10.343979498678836
2024-07-12,家电,4.899357e+10,3.4412408e+12,0.014237181,9.794567848954882
2024-07-12,建材,2.6085472e+10,3.4412408e+12,0.007580252,7.826365886015051
2024-07-12,建筑,6.2111666e+10,3.4412408e+12,0.018049207,12.12518472722703
2024-07-12,房地产,5.6771244e+10,3.4412408e+12,0.016497318,8.472000893619326
2024-07-12,有色金属,1.873046e+11,3.4412408e+12,0.054429382,12.052189451892202
2024-07-12,机械,2.3988684e+11,3.4412408e+12,0.069709405,13.766988045846423
2024-07-12,汽车,2.3194082e+11,3.4412408e+12,0.06740034,14.8253451319503
2024-07-12,消费者服务,3.2474534e+10,3.4412408e+12,0.009436867,11.926905225063193
2024-07-12,煤炭,3.8888464e+10,3.4412408e+12,0.01130071,4.394491664237446
2024-07-12,电力及公用事业,1.19034634e+11,3.4412408e+12,0.034590613,7.864518686092418
2024-07-12,电力设备及新能源,2.2376954e+11,3.4412408e+12,0.06502583,12.675948099245
2024-07-12,电子,6.033929e+11,3.4412408e+12,0.17534167,21.60544810338125
2024-07-12,石油石化,3.7924807e+10,3.4412408e+12,0.011020678,5.201533358471067
2024-07-12,纺织服装,1.6639215e+10,3.4412408e+12,0.004835237,6.919440944194793
2024-07-12,综合,4.458408e+09,3.4412408e+12,0.0012955815,7.400436062812805
2024-07-12,综合金融,3.7912632e+09,3.4412408e+12,0.001101714,9.145659911632539
2024-07-12,计算机,2.7685218e+11,3.4412408e+12,0.080451265,19.144145777940835
2024-07-12,轻工制造,3.2575916e+10,3.4412408e+12,0.009466329,8.829512463166164
2024-07-12,通信,1.58049e+11,3.4412408e+12,0.04592791,15.480788824104128
2024-07-12,钢铁,2.1074786e+10,3.4412408e+12,0.006124182,5.523500011517451
2024-07-12,银行,9.3438796e+10,3.4412408e+12,0.027152646,2.8666738073031106
2024-07-12,非银行金融,8.444916e+10,3.4412408e+12,0.024540322,3.726085934630582
2024-07-12,食品饮料,1.0326862e+11,3.4412408e+12,0.030009124,6.050693183234244
2024-07-19,交通运输,7.489596e+10,3.275244e+12,0.022867292,7.712261854390788
2024-07-19,传媒,8.5168325e+10,3.275244e+12,0.026003659,12.326575801304891
2024-07-19,农林牧渔,3.9933334e+10,3.275244e+12,0.012192477,8.543600988837907
2024-07-19,医药,2.0553674e+11,3.275244e+12,0.06275464,6.921642985217683
2024-07-19,商贸零售,3.263918e+10,3.275244e+12,0.00996542,9.25395198700563
2024-07-19,国防军工,7.823795e+10,3.275244e+12,0.023887672,10.408246941036648
2024-07-19,基础化工,1.7197102e+11,3.275244e+12,0.052506324,9.44021591004984
2024-07-19,家电,4.5229474e+10,3.275244e+12,0.0138094975,11.031611974750247
2024-07-19,建材,1.9336784e+10,3.275244e+12,0.0059039216,6.550752971452825
2024-07-19,建筑,5.5530545e+10,3.275244e+12,0.016954629,11.98620546924556
2024-07-19,房地产,5.6317866e+10,3.275244e+12,0.017195014,7.994985055700641
2024-07-19,有色金属,1.7839523e+11,3.275244e+12,0.05446777,11.077764268813095
2024-07-19,机械,2.2480137e+11,3.275244e+12,0.06863653,14.467027053680448
2024-07-19,汽车,2.3431009e+11,3.275244e+12,0.07153974,16.93591268043049
2024-07-19,消费者服务,3.14943e+10,3.275244e+12,0.009615864,10.904155149542053
2024-07-19,煤炭,2.7079557e+10,3.275244e+12,0.008267951,3.1246639026535883
2024-07-19,电力及公用事业,9.8818015e+10,3.275244e+12,0.030171193,7.164881324606097
2024-07-19,电力设备及新能源,2.1042885e+11,3.275244e+12,0.0642483,12.532507269631457
2024-07-19,电子,6.282733e+11,3.275244e+12,0.1918249,20.812818197307475
2024-07-19,石油石化,3.7886673e+10,3.275244e+12,0.011567588,4.949874463034611
2024-07-19,纺织服装,1.6956023e+10,3.275244e+12,0.005177026,7.120942393336633
2024-07-19,综合,5.026953e+09,3.275244e+12,0.0015348332,8.559027981758117
2024-07-19,综合金融,2.9251412e+09,3.275244e+12,0.0008931064,6.3968600869178776
2024-07-19,计算机,2.5680008e+11,3.275244e+12,0.0784064,17.61606347457286
2024-07-19,轻工制造,2.8494617e+10,3.275244e+12,0.008699998,8.798701216067586
2024-07-19,通信,1.3804875e+11,3.275244e+12,0.042149153,13.546897633208168
2024-07-19,钢铁,1.6784038e+10,3.275244e+12,0.0051245154,4.016817286610603
2024-07-19,银行,9.261718e+10,3.275244e+12,0.028277948,2.7670976320902505
2024-07-19,非银行金融,8.564713e+10,3.275244e+12,0.026149848,3.076771831428501
2024-07-19,食品饮料,9.496268e+10,3.275244e+12,0.028994078,5.491981833270102
2024-07-26,交通运输,8.946468e+10,3.142612e+12,0.028468255,10.297140674862435
2024-07-26,传媒,7.605087e+10,3.142612e+12,0.024199892,11.322497086322054
2024-07-26,农林牧渔,3.2895779e+10,3.142612e+12,0.010467656,6.963417986091578
2024-07-26,医药,2.006605e+11,3.142612e+12,0.063851506,6.861404044565019
2024-07-26,商贸零售,2.6936285e+10,3.142612e+12,0.008571305,7.536743377739528
2024-07-26,国防军工,9.1550106e+10,3.142612e+12,0.029131852,13.909456376336578
2024-07-26,基础化工,1.5801613e+11,3.142612e+12,0.05028178,8.555775317834668
2024-07-26,家电,5.3493543e+10,3.142612e+12,0.017022,10.919177283133779
2024-07-26,建材,1.9450487e+10,3.142612e+12,0.006189274,7.114317639435039
2024-07-26,建筑,6.194999e+10,3.142612e+12,0.019712899,11.320833136698951
2024-07-26,房地产,4.263274e+10,3.142612e+12,0.013566022,6.414724267531779
2024-07-26,有色金属,1.429573e+11,3.142612e+12,0.045489963,8.688499947873558
2024-07-26,机械,2.4962895e+11,3.142612e+12,0.07943359,15.555443908132258
2024-07-26,汽车,2.1808413e+11,3.142612e+12,0.06939582,15.674187209380507
2024-07-26,消费者服务,2.5308475e+10,3.142612e+12,0.008053325,9.575647473335266
2024-07-26,煤炭,2.7157977e+10,3.142612e+12,0.008641849,3.3879944152302213
2024-07-26,电力及公用事业,1.0737276e+11,3.142612e+12,0.034166723,7.372973505439965
2024-07-26,电力设备及新能源,2.1963035e+11,3.142612e+12,0.06988784,13.122993304948263
2024-07-26,电子,5.105229e+11,3.142612e+12,0.16245177,17.116579702104556
2024-07-26,石油石化,3.913604e+10,3.142612e+12,0.012453347,5.468137192959879
2024-07-26,纺织服装,1.4823351e+10,3.142612e+12,0.004716889,6.675197953527624
2024-07-26,综合,5.880954e+09,3.142612e+12,0.0018713586,10.20636411190033
2024-07-26,综合金融,3.543123e+09,3.142612e+12,0.0011274453,8.283590316772461
2024-07-26,计算机,2.6350487e+11,3.142612e+12,0.083849005,18.202300631598142
2024-07-26,轻工制造,2.6432303e+10,3.142612e+12,0.008410934,7.469152387054193
2024-07-26,通信,1.2169089e+11,3.142612e+12,0.03872285,13.232019023289757
2024-07-26,钢铁,1.6093948e+10,3.142612e+12,0.0051212013,3.7861557408021045
2024-07-26,银行,1.0047797e+11,3.142612e+12,0.03197276,2.9409857449077426
2024-07-26,非银行金融,1.0762255e+11,3.142612e+12,0.03424621,4.643045052466258
2024-07-26,食品饮料,8.802365e+10,3.142612e+12,0.028009709,4.792350003213594
2024-08-02,交通运输,1.19452e+11,3.5903704e+12,0.033270106,5.823062171538671
2024-08-02,传媒,9.131563e+10,3.5903704e+12,0.025433484,6.824891825094291
2024-08-02,农林牧渔,3.6965708e+10,3.5903704e+12,0.0102957925,4.184608986214647
2024-08-02,医药,2.6243337e+11,3.5903704e+12,0.073093675,4.7115145735215025
2024-08-02,商贸零售,3.2211782e+10,3.5903704e+12,0.008971715,4.28709528461661
2024-08-02,国防军工,1.4881784e+11,3.5903704e+12,0.04144916,10.706244480915558
2024-08-02,基础化工,1.6683423e+11,3.5903704e+12,0.046467137,4.601862346464063
2024-08-02,家电,7.110955e+10,3.5903704e+12,0.01980563,7.648941661098173
2024-08-02,建材,2.416663e+10,3.5903704e+12,0.0067309574,4.426496428251267
2024-08-02,建筑,7.74639e+10,3.5903704e+12,0.02157546,7.342146630576051
2024-08-02,房地产,5.815207e+10,3.5903704e+12,0.016196677,4.524170099714092
2024-08-02,有色金属,1.2269557e+11,3.5903704e+12,0.034173515,4.057862599206165
2024-08-02,机械,3.180348e+11,3.5903704e+12,0.088579945,9.094888309888642
2024-08-02,汽车,2.7230677e+11,3.5903704e+12,0.07584364,8.86316582069966
2024-08-02,消费者服务,3.6334223e+10,3.5903704e+12,0.010119909,7.087277157264843
2024-08-02,煤炭,2.4022004e+10,3.5903704e+12,0.006690676,1.5638930590616331
2024-08-02,电力及公用事业,1.1615757e+11,3.5903704e+12,0.032352533,4.341735217979421
2024-08-02,电力设备及新能源,2.0708172e+11,3.5903704e+12,0.05767698,6.392702374382624
2024-08-02,电子,5.209006e+11,3.5903704e+12,0.1450827,9.418611808553617
2024-08-02,石油石化,3.6565578e+10,3.5903704e+12,0.010184347,3.8433225265904967
2024-08-02,纺织服装,1.6319272e+10,3.5903704e+12,0.004545289,3.5870631146009524
2024-08-02,综合,7.935879e+09,3.5903704e+12,0.0022103232,6.30029397726059
2024-08-02,综合金融,6.3008005e+09,3.5903704e+12,0.0017549166,7.023609936237335
2024-08-02,计算机,2.8782245e+11,3.5903704e+12,0.08016511,10.069383677588382
2024-08-02,轻工制造,3.253063e+10,3.5903704e+12,0.009060523,4.520753875374794
2024-08-02,通信,1.5013734e+11,3.5903704e+12,0.04181667,8.950744611096097
2024-08-02,钢铁,1.894434e+10,3.5903704e+12,0.0052764304,2.278328845134148
2024-08-02,银行,8.269998e+10,3.5903704e+12,0.02303383,1.2772440426051617
2024-08-02,非银行金融,1.4264607e+11,3.5903704e+12,0.03973018,3.794511272086644
2024-08-02,食品饮料,1.0046925e+11,3.5903704e+12,0.027982978,2.8385416705048447
2024-08-09,交通运输,9.674669e+10,3.2101688e+12,0.030137572,8.564945407272354
2024-08-09,传媒,1.03218586e+11,3.2101688e+12,0.032153632,14.862987997684073
2024-08-09,农林牧渔,4.2941235e+10,3.2101688e+12,0.013376629,11.02884435541225
2024-08-09,医药,2.954909e+11,3.2101688e+12,0.09204841,12.439326039399731
2024-08-09,商贸零售,5.0740855e+10,3.2101688e+12,0.01580629,13.396914144731918
2024-08-09,国防军工,1.442641e+11,3.2101688e+12,0.044939727,19.32126154655065
2024-08-09,基础化工,1.4985809e+11,3.2101688e+12,0.04668231,8.496677654880688
2024-08-09,家电,5.5078633e+10,3.2101688e+12,0.01715755,10.56560230964706
2024-08-09,建材,2.4142045e+10,3.2101688e+12,0.007520491,8.437312973948085
2024-08-09,建筑,6.7374694e+10,3.2101688e+12,0.020987898,13.810539941846228
2024-08-09,房地产,6.970088e+10,3.2101688e+12,0.021712529,10.575754224139953
2024-08-09,有色金属,1.1425277e+11,3.2101688e+12,0.03559089,8.309092655414489
2024-08-09,机械,2.5128724e+11,3.2101688e+12,0.07827851,14.408948745716911
2024-08-09,汽车,2.0681023e+11,3.2101688e+12,0.06442348,12.30157950581837
2024-08-09,消费者服务,6.4982077e+10,3.2101688e+12,0.020242574,27.928589378084457
2024-08-09,煤炭,2.5633909e+10,3.2101688e+12,0.007985221,4.032452745570077
2024-08-09,电力及公用事业,9.469933e+10,3.2101688e+12,0.029499799,7.331390878169433
2024-08-09,电力设备及新能源,1.9622912e+11,3.2101688e+12,0.061127353,11.892967280130538
2024-08-09,电子,4.0871775e+11,3.2101688e+12,0.12731971,14.588350596961876
2024-08-09,石油石化,3.2503767e+10,3.2101688e+12,0.0101252515,7.718962735989514
2024-08-09,纺织服装,1.8581963e+10,3.2101688e+12,0.005788469,8.306902066023662
2024-08-09,综合,5.8713697e+09,3.2101688e+12,0.001828991,9.940352056026459
2024-08-09,综合金融,3.6211256e+09,3.2101688e+12,0.0011280172,8.077309894561768
2024-08-09,计算机,2.1905778e+11,3.2101688e+12,0.06823871,14.67081294345184
2024-08-09,轻工制造,3.263829e+10,3.2101688e+12,0.010167157,8.824557742192631
2024-08-09,通信,1.3404305e+11,3.2101688e+12,0.041755766,18.50590872196924
2024-08-09,钢铁,1.5728299e+10,3.2101688e+12,0.004899524,3.5365769198307624
2024-08-09,银行,7.033476e+10,3.2101688e+12,0.021909988,2.3842666560695287
2024-08-09,非银行金融,1.0777434e+11,3.2101688e+12,0.033572793,5.9931845379547335
2024-08-09,食品饮料,1.0684454e+11,3.2101688e+12,0.03328315,8.306037053917393
2024-08-16,交通运输,6.8397974e+10,2.630884e+12,0.025998095,6.471765940024601
2024-08-16,传媒,9.301101e+10,2.630884e+12,0.03535352,14.226934686620185
2024-08-16,农林牧渔,3.458114e+10,2.630884e+12,0.013144304,8.278685832923314
2024-08-16,医药,2.6892313e+11,2.630884e+12,0.10221778,11.724373682149801
2024-08-16,商贸零售,3.0131407e+10,2.630884e+12,0.011452959,8.359176415879771
2024-08-16,国防军工,7.197951e+10,2.630884e+12,0.027359437,11.245920485920376
2024-08-16,基础化工,1.34446735e+11,2.630884e+12,0.051103257,7.718326002537138
2024-08-16,家电,3.9749964e+10,2.630884e+12,0.0151089765,8.605022567723479
2024-08-16,建材,2.1613621e+10,2.630884e+12,0.008215345,8.175990653038024
2024-08-16,建筑,6.662734e+10,2.630884e+12,0.025325077,15.536995681151291
2024-08-16,房地产,5.0100445e+10,2.630884e+12,0.019043198,7.941764146089554
2024-08-16,有色金属,8.996405e+10,2.630884e+12,0.03419537,7.471953686659898
2024-08-16,机械,2.1096941e+11,2.630884e+12,0.080189556,13.392570435735127
2024-08-16,汽车,1.5798279e+11,2.630884e+12,0.060049318,9.962987249034914
2024-08-16,消费者服务,2.9088074e+10,2.630884e+12,0.011056388,12.418269732168742
2024-08-16,煤炭,2.2875527e+10,2.630884e+12,0.008694996,3.101708331041866
2024-08-16,电力及公用事业,9.3087375e+10,2.630884e+12,0.035382546,10.413822647022164
2024-08-16,电力设备及新能源,1.6407845e+11,2.630884e+12,0.06236628,9.927857505246854
2024-08-16,电子,3.7769524e+11,2.630884e+12,0.14356211,16.882607090250122
2024-08-16,石油石化,2.6945214e+10,2.630884e+12,0.010241887,7.343423498027465
2024-08-16,纺织服装,1.4956191e+10,2.630884e+12,0.0056848535,6.531659611547836
2024-08-16,综合,3.4117315e+09,2.630884e+12,0.0012968004,6.08050808429718
2024-08-16,综合金融,3.5892055e+09,2.630884e+12,0.0013642584,10.001789677143098
2024-08-16,计算机,1.7543053e+11,2.630884e+12,0.06668121,11.836884803671232
2024-08-16,轻工制造,2.7115876e+10,2.630884e+12,0.010306755,7.192182154882522
2024-08-16,通信,1.1488846e+11,2.630884e+12,0.043669146,17.738682275772096
2024-08-16,钢铁,1.5913941e+10,2.630884e+12,0.006048895,3.4947999784579644
2024-08-16,银行,6.6738065e+10,2.630884e+12,0.025367163,2.135183354218801
2024-08-16,非银行金融,8.88327e+10,2.630884e+12,0.033765342,5.191138027419506
2024-08-16,食品饮料,6.6870264e+10,2.630884e+12,0.025417412,5.3863530244791145
2024-08-23,交通运输,,,,6.774597635840982
2024-08-23,传媒,,,,18.402183717024243
2024-08-23,农林牧渔,,,,7.91564245999984
2024-08-23,医药,,,,9.004531822277576
2024-08-23,商贸零售,,,,8.95579137262844
2024-08-23,国防军工,,,,11.918288941100492
2024-08-23,基础化工,,,,8.063116866503917
2024-08-23,家电,,,,9.6814118946592
2024-08-23,建材,,,,6.605797661052031
2024-08-23,建筑,,,,11.269228413885022
2024-08-23,房地产,,,,6.276533954548386
2024-08-23,有色金属,,,,8.282793530603735
2024-08-23,机械,,,,13.441430001698135
2024-08-23,汽车,,,,10.297158463378993
2024-08-23,消费者服务,,,,11.486005297728948
2024-08-23,煤炭,,,,3.5416416923205056
2024-08-23,电力及公用事业,,,,7.312481648797031
2024-08-23,电力设备及新能源,,,,9.693114753717031
2024-08-23,电子,,,,18.962037014961243
2024-08-23,石油石化,,,,4.7527117448694565
2024-08-23,纺织服装,,,,8.231075708312218
2024-08-23,综合,,,,5.232007954120636
2024-08-23,综合金融,,,,9.134370279312133
2024-08-23,计算机,,,,15.181332667528743
2024-08-23,轻工制造,,,,7.323576800879978
2024-08-23,通信,,,,18.573415281295777
2024-08-23,钢铁,,,,3.096274982851285
2024-08-23,银行,,,,2.9787404913277853
2024-08-23,非银行金融,,,,4.8383916318416595
2024-08-23,食品饮料,,,,5.095039386640895
2024-08-30,交通运输,8.4951155e+10,3.0135975e+12,0.028189285,6.977812997209347
2024-08-30,传媒,9.6230244e+10,3.0135975e+12,0.031932015,13.58159075476599
2024-08-30,农林牧渔,3.5339375e+10,3.0135975e+12,0.011726641,8.533990420260519
2024-08-30,医药,2.2957602e+11,3.0135975e+12,0.076180056,9.287245861199626
2024-08-30,商贸零售,3.3459894e+10,3.0135975e+12,0.011102974,8.81615336508978
2024-08-30,国防军工,7.304016e+10,3.0135975e+12,0.024236867,14.920456771055857
2024-08-30,基础化工,1.675747e+11,3.0135975e+12,0.055606198,9.135296400984524
2024-08-30,家电,6.221094e+10,3.0135975e+12,0.020643415,9.79473805569467
2024-08-30,建材,3.0766082e+10,3.0135975e+12,0.010209088,9.386889373554903
2024-08-30,建筑,7.830532e+10,3.0135975e+12,0.025984002,16.854514247105445
2024-08-30,房地产,5.6243376e+10,3.0135975e+12,0.018663201,7.000654727782843
2024-08-30,有色金属,1.2504221e+11,3.0135975e+12,0.04149267,9.594942331314087
2024-08-30,机械,2.3670715e+11,3.0135975e+12,0.078546375,13.096511095275142
2024-08-30,汽车,1.5209965e+11,3.0135975e+12,0.050471123,9.779290547586763
2024-08-30,消费者服务,3.0277362e+10,3.0135975e+12,0.010046916,12.5839321911335
2024-08-30,煤炭,2.5341592e+10,3.0135975e+12,0.008409083,3.337416695223914
2024-08-30,电力及公用事业,8.8505385e+10,3.0135975e+12,0.029368682,6.8849890976493535
2024-08-30,电力设备及新能源,1.920608e+11,3.0135975e+12,0.0637314,10.300855942477751
2024-08-30,电子,4.3096192e+11,3.0135975e+12,0.1430058,18.882839614649615
2024-08-30,石油石化,3.5029926e+10,3.0135975e+12,0.011623956,6.38904312545178
2024-08-30,纺织服装,1.9233653e+10,3.0135975e+12,0.00638229,9.06873937628486
2024-08-30,综合,3.8216497e+09,3.0135975e+12,0.0012681354,6.200584058761597
2024-08-30,综合金融,3.229297e+09,3.0135975e+12,0.0010715754,7.704299962520599
2024-08-30,计算机,2.3519792e+11,3.0135975e+12,0.07804557,16.17746200846954
2024-08-30,轻工制造,3.3668567e+10,3.0135975e+12,0.011172217,8.702195253045787
2024-08-30,通信,1.3376959e+11,3.0135975e+12,0.044388674,18.753675968170167
2024-08-30,钢铁,1.4970682e+10,3.0135975e+12,0.0049677114,3.2375480440946727
2024-08-30,银行,1.11076655e+11,3.0135975e+12,0.03685849,3.2641666616712297
2024-08-30,非银行金融,9.384143e+10,3.0135975e+12,0.031139338,4.624169047869427
2024-08-30,食品饮料,9.996988e+10,3.0135975e+12,0.033172935,6.299428068327181
2024-09-06,交通运输,7.440363e+10,2.9176664e+12,0.025501074,6.216017037387786
2024-09-06,传媒,9.055762e+10,2.9176664e+12,0.031037688,12.909953163447955
2024-09-06,农林牧渔,3.1308782e+10,2.9176664e+12,0.010730761,7.73301421772866
2024-09-06,医药,2.1252968e+11,2.9176664e+12,0.07284235,9.038419102205008
2024-09-06,商贸零售,3.3064036e+10,2.9176664e+12,0.011332356,9.52836956410181
2024-09-06,国防军工,5.9980513e+10,2.9176664e+12,0.020557702,12.571517375608286
2024-09-06,基础化工,1.8136446e+11,2.9176664e+12,0.062160794,9.556240779090354
2024-09-06,家电,5.5609692e+10,2.9176664e+12,0.019059647,8.977903693204834
2024-09-06,建材,2.4809034e+10,2.9176664e+12,0.00850304,8.154417775216556
2024-09-06,建筑,6.2418055e+10,2.9176664e+12,0.021393143,11.617088251459746
2024-09-06,房地产,7.006497e+10,2.9176664e+12,0.024014045,8.076910410287246
2024-09-06,有色金属,1.1275068e+11,2.9176664e+12,0.03864413,8.631612974453748
2024-09-06,机械,2.2147577e+11,2.9176664e+12,0.07590853,12.22114890552559
2024-09-06,汽车,1.629203e+11,2.9176664e+12,0.055839248,11.156411150516558
2024-09-06,消费者服务,3.1041757e+10,2.9176664e+12,0.010639242,13.902075001171657
2024-09-06,煤炭,2.6853587e+10,2.9176664e+12,0.00920379,3.3096944391727448
2024-09-06,电力及公用事业,8.206821e+10,2.9176664e+12,0.02812803,6.095373347336548
2024-09-06,电力设备及新能源,1.9648548e+11,2.9176664e+12,0.06734337,10.875430422715652
2024-09-06,电子,4.4748305e+11,2.9176664e+12,0.15337019,18.67316522821784
2024-09-06,石油石化,3.2210991e+10,2.9176664e+12,0.011039984,5.268472534768722
2024-09-06,纺织服装,1.8794887e+10,2.9176664e+12,0.0064417534,8.595435324943427
2024-09-06,综合,4.4069775e+09,2.9176664e+12,0.001510446,6.8175319647789
2024-09-06,综合金融,3.764127e+09,2.9176664e+12,0.0012901156,8.458510041236877
2024-09-06,计算机,2.3749448e+11,2.9176664e+12,0.08139878,16.52554810567641
2024-09-06,轻工制造,3.262049e+10,2.9176664e+12,0.011180336,8.421620831957885
2024-09-06,通信,1.14539766e+11,2.9176664e+12,0.03925732,17.740531966686248
2024-09-06,钢铁,1.4926704e+10,2.9176664e+12,0.0051159733,3.6092403737398295
2024-09-06,银行,9.8440675e+10,2.9176664e+12,0.033739526,2.932285745938619
2024-09-06,非银行金融,1.08497895e+11,2.9176664e+12,0.037186533,5.474961967955173
2024-09-06,食品饮料,7.391675e+10,2.9176664e+12,0.025334204,5.728124975255041
2024-09-13,交通运输,6.36186e+10,2.5841524e+12,0.02461875,5.454344734912965
2024-09-13,传媒,7.712197e+10,2.5841524e+12,0.029844204,10.848482854025704
2024-09-13,农林牧渔,2.627625e+10,2.5841524e+12,0.010168227,6.465524821054368
2024-09-13,医药,2.2235569e+11,2.5841524e+12,0.08604589,9.12296323702345
2024-09-13,商贸零售,3.34938e+10,2.5841524e+12,0.012961233,10.668438996019818
2024-09-13,国防军工,4.8269206e+10,2.5841524e+12,0.018678932,8.80269411355257
2024-09-13,基础化工,1.551068e+11,2.5841524e+12,0.060022313,8.381051194454942
2024-09-13,家电,4.8664576e+10,2.5841524e+12,0.01883193,8.12013807467052
2024-09-13,建材,2.1334331e+10,2.5841524e+12,0.008255834,7.526343978586651
2024-09-13,建筑,5.167956e+10,2.5841524e+12,0.019998651,10.031985844910881
2024-09-13,房地产,6.0361957e+10,2.5841524e+12,0.023358513,6.941867952076894
2024-09-13,有色金属,1.073796e+11,2.5841524e+12,0.04155312,7.43739676572443
2024-09-13,机械,1.834626e+11,2.5841524e+12,0.07099527,10.071602674951171
2024-09-13,汽车,1.325205e+11,2.5841524e+12,0.051282,9.500939510486743
2024-09-13,消费者服务,2.9403613e+10,2.5841524e+12,0.011378436,14.158241067613874
2024-09-13,煤炭,2.412482e+10,2.5841524e+12,0.00933568,3.174738865759638
2024-09-13,电力及公用事业,7.930917e+10,2.5841524e+12,0.030690594,5.439445412445276
2024-09-13,电力设备及新能源,1.93186e+11,2.5841524e+12,0.07475798,11.422207941038486
2024-09-13,电子,3.2935343e+11,2.5841524e+12,0.12745124,13.111931834494074
2024-09-13,石油石化,2.8570718e+10,2.5841524e+12,0.011056128,4.848080378537085
2024-09-13,纺织服装,1.5957266e+10,2.5841524e+12,0.0061750486,7.534168739511509
2024-09-13,综合,5.784484e+09,2.5841524e+12,0.0022384454,9.900296106338502
2024-09-13,综合金融,4.725312e+09,2.5841524e+12,0.0018285733,10.449420237541199
2024-09-13,计算机,2.2449558e+11,2.5841524e+12,0.08687397,15.845933167867258
2024-09-13,轻工制造,2.4524626e+10,2.5841524e+12,0.009490395,6.422136326453516
2024-09-13,通信,1.15039764e+11,2.5841524e+12,0.04451741,15.706768012046814
2024-09-13,钢铁,1.5032645e+10,2.5841524e+12,0.005817244,3.0298730708085575
2024-09-13,银行,8.155359e+10,2.5841524e+12,0.031559125,2.440911887657075
2024-09-13,非银行金融,9.9597935e+10,2.5841524e+12,0.03854182,6.238636718669408
2024-09-13,食品饮料,8.1055785e+10,2.5841524e+12,0.03136649,4.75278635165005
2024-09-20,交通运输,4.0267305e+10,1.67988e+12,0.023970347,3.3874959696114546
2024-09-20,传媒,4.821167e+10,1.67988e+12,0.028699473,7.191115049565477
2024-09-20,农林牧渔,2.2651011e+10,1.67988e+12,0.013483708,5.072436209235873
2024-09-20,医药,1.22248585e+11,1.67988e+12,0.07277221,4.758599356604301
2024-09-20,商贸零售,2.13388e+10,1.67988e+12,0.012702574,6.261851892448389
2024-09-20,国防军工,3.5454337e+10,1.67988e+12,0.02110528,5.716172487040361
2024-09-20,基础化工,9.003591e+10,1.67988e+12,0.053596634,5.107719836194837
2024-09-20,家电,3.653804e+10,1.67988e+12,0.021750387,4.978330980099383
2024-09-20,建材,1.5483836e+10,1.67988e+12,0.009217228,5.113249968914759
2024-09-20,建筑,3.6200595e+10,1.67988e+12,0.021549514,7.470075277266679
2024-09-20,房地产,6.475536e+10,1.67988e+12,0.038547613,8.479488705126744
2024-09-20,有色金属,7.6014354e+10,1.67988e+12,0.045249872,5.11334962670396
2024-09-20,机械,1.2932474e+11,1.67988e+12,0.07698451,6.300519910025207
2024-09-20,汽车,7.821675e+10,1.67988e+12,0.046560917,5.539400845520781
2024-09-20,消费者服务,1.6946756e+10,1.67988e+12,0.010088075,7.092878522617476
2024-09-20,煤炭,1.4165393e+10,1.67988e+12,0.008432385,2.074441666404406
2024-09-20,电力及公用事业,4.913664e+10,1.67988e+12,0.02925009,4.021393012662121
2024-09-20,电力设备及新能源,1.1139005e+11,1.67988e+12,0.066308334,6.334561862338048
2024-09-20,电子,1.933123e+11,1.67988e+12,0.11507507,7.754659987986088
2024-09-20,石油石化,1.6192436e+10,1.67988e+12,0.009639043,3.3817646845298657
2024-09-20,纺织服装,1.0457879e+10,1.67988e+12,0.0062253727,4.819668726788627
2024-09-20,综合,3.3726984e+09,1.67988e+12,0.002007702,6.295867948532105
2024-09-20,综合金融,4.5896264e+09,1.67988e+12,0.0027321156,9.685370087623596
2024-09-20,计算机,1.6888242e+11,1.67988e+12,0.100532435,11.170179119076527
2024-09-20,轻工制造,1.9070593e+10,1.67988e+12,0.011352355,5.052802360886653
2024-09-20,通信,6.416164e+10,1.67988e+12,0.038194183,9.512257580757142
2024-09-20,钢铁,1.0089523e+10,1.67988e+12,0.006006098,2.1870307824932613
2024-09-20,银行,4.2543575e+10,1.67988e+12,0.025325365,1.2755476144098101
2024-09-20,非银行金融,7.181176e+10,1.67988e+12,0.04274815,4.615381744126199
2024-09-20,食品饮料,6.6290606e+10,1.67988e+12,0.039461512,4.420156063681299
2024-09-27,交通运输,,,,8.890080470379775
2024-09-27,传媒,,,,23.195970022086556
2024-09-27,农林牧渔,,,,11.598178134645735
2024-09-27,医药,,,,12.549094292933379
2024-09-27,商贸零售,,,,17.12902702849645
2024-09-27,国防军工,,,,16.056847451130547
2024-09-27,基础化工,,,,13.303903028132423
2024-09-27,家电,,,,14.443984548250834
2024-09-27,建材,,,,13.581768907251812
2024-09-27,建筑,,,,16.973900623203065
2024-09-27,房地产,,,,19.845311331299115
2024-09-27,有色金属,,,,13.002173140766175
2024-09-27,机械,,,,16.88852206358924
2024-09-27,汽车,,,,16.19223091484588
2024-09-27,消费者服务,,,,24.56619996683938
2024-09-27,煤炭,,,,6.278455532259411
2024-09-27,电力及公用事业,,,,10.304347169451319
2024-09-27,电力设备及新能源,,,,16.3584371644717
2024-09-27,电子,,,,20.853777082512774
2024-09-27,石油石化,,,,8.130880355834961
2024-09-27,纺织服装,,,,12.695415091032933
2024-09-27,综合,,,,14.295908126831055
2024-09-27,综合金融,,,,32.81383991241455
2024-09-27,计算机,,,,31.603083361400646
2024-09-27,轻工制造,,,,14.255172147553347
2024-09-27,通信,,,,29.41898318862915
2024-09-27,钢铁,,,,9.223955794022633
2024-09-27,银行,,,,5.461009459836142
2024-09-27,非银行金融,,,,16.317408542397995
2024-09-27,食品饮料,,,,12.283559833512161
2024-10-04,交通运输,,,,4.404378062583567
2024-10-04,传媒,,,,9.14011630183416
2024-10-04,农林牧渔,,,,6.199023832593645
2024-10-04,医药,,,,5.959534347541934
2024-10-04,商贸零售,,,,6.573594219409502
2024-10-04,国防军工,,,,7.460993336637815
2024-10-04,基础化工,,,,6.665771886853888
2024-10-04,家电,,,,6.524559519475415
2024-10-04,建材,,,,6.325719055675325
2024-10-04,建筑,,,,7.500645932943924
2024-10-04,房地产,,,,6.7603726728626015
2024-10-04,有色金属,,,,5.947008931539892
2024-10-04,机械,,,,8.684177139657894
2024-10-04,汽车,,,,7.520831283473184
2024-10-04,消费者服务,,,,10.643457151417222
2024-10-04,煤炭,,,,3.066866659455829
2024-10-04,电力及公用事业,,,,5.349754594559232
2024-10-04,电力设备及新能源,,,,7.680594869149037
2024-10-04,电子,,,,9.171511448174716
2024-10-04,石油石化,,,,4.205429374002943
2024-10-04,纺织服装,,,,6.075351509783003
2024-10-04,综合,,,,5.708152054548264
2024-10-04,综合金融,,,,11.820820027589798
2024-10-04,计算机,,,,11.594735741951096
2024-10-04,轻工制造,,,,6.985478108098521
2024-10-04,通信,,,,10.619314383506774
2024-10-04,钢铁,,,,4.225399984763219
2024-10-04,银行,,,,2.555871436993281
2024-10-04,非银行金融,,,,5.459266206748049
2024-10-04,食品饮料,,,,5.2462984917290285
2024-10-11,交通运输,1.9924078e+11,1.0159311e+13,0.019611642,13.760746312335256
2024-10-11,传媒,2.9163104e+11,1.0159311e+13,0.028705789,28.125178736152378
2024-10-11,农林牧渔,1.20799715e+11,1.0159311e+13,0.011890542,19.84080100740705
2024-10-11,医药,7.241156e+11,1.0159311e+13,0.071276054,19.379841103786376
2024-10-11,商贸零售,1.0811932e+11,1.0159311e+13,0.010642387,20.610295206308365
2024-10-11,国防军工,2.6908708e+11,1.0159311e+13,0.026486745,28.55666667620341
2024-10-11,基础化工,5.3607776e+11,1.0159311e+13,0.05276714,21.40357384728913
2024-10-11,家电,1.4458708e+11,1.0159311e+13,0.014231977,20.736809510560263
2024-10-11,建材,8.240177e+10,1.0159311e+13,0.008110961,20.882395363989332
2024-10-11,建筑,2.1607865e+11,1.0159311e+13,0.021269025,26.09164691854406
2024-10-11,房地产,2.1488422e+11,1.0159311e+13,0.021151457,20.892385694215882
2024-10-11,有色金属,3.439624e+11,1.0159311e+13,0.03385686,18.721465847356534
2024-10-11,机械,6.8731915e+11,1.0159311e+13,0.06765411,28.732530701408045
2024-10-11,汽车,3.9990814e+11,1.0159311e+13,0.03936371,24.24977654782833
2024-10-11,消费者服务,1.0035451e+11,1.0159311e+13,0.009878082,30.43551993370056
2024-10-11,煤炭,8.762926e+10,1.0159311e+13,0.008625512,11.171852903233635
2024-10-11,电力及公用事业,2.7235267e+11,1.0159311e+13,0.026808184,17.845297308988446
2024-10-11,电力设备及新能源,6.3481905e+11,1.0159311e+13,0.06248643,24.791893211694862
2024-10-11,电子,1.4081378e+12,1.0159311e+13,0.13860564,34.61887087076902
2024-10-11,石油石化,8.395834e+10,1.0159311e+13,0.008264177,13.707196132809509
2024-10-11,纺织服装,5.2514546e+10,1.0159311e+13,0.0051691053,17.863706037251635
2024-10-11,综合,1.7339746e+10,1.0159311e+13,0.0017067837,18.921695976257325
2024-10-11,综合金融,4.007155e+10,1.0159311e+13,0.0039443173,35.86147031784058
2024-10-11,计算机,1.1044196e+12,1.0159311e+13,0.10871009,42.73573290327905
2024-10-11,轻工制造,9.879199e+10,1.0159311e+13,0.009724281,21.202308800641227
2024-10-11,通信,3.7068823e+11,1.0159311e+13,0.036487535,33.466588172912594
2024-10-11,钢铁,7.055178e+10,1.0159311e+13,0.0069445437,13.275380744383884
2024-10-11,银行,2.5506408e+11,1.0159311e+13,0.025106436,7.903116722901662
2024-10-11,非银行金融,8.756761e+11,1.0159311e+13,0.08619444,21.63339565652357
2024-10-11,食品饮料,3.435141e+11,1.0159311e+13,0.033812735,16.716648466659315
2024-10-18,交通运输,1.4483361e+11,8.310093e+12,0.017428638,11.919920358231398
2024-10-18,传媒,2.5459052e+11,8.310093e+12,0.030636301,27.051736173900306
2024-10-18,农林牧渔,7.4173e+10,8.310093e+12,0.008925651,15.161101795378185
2024-10-18,医药,4.541696e+11,8.310093e+12,0.054652765,13.642384362172304
2024-10-18,商贸零售,9.4775484e+10,8.310093e+12,0.0114048645,17.605115364377316
2024-10-18,国防军工,2.807877e+11,8.310093e+12,0.033788756,32.003498268127444
2024-10-18,基础化工,4.1098763e+11,8.310093e+12,0.04945644,17.943717184397254
2024-10-18,家电,1.2499606e+11,8.310093e+12,0.015041475,18.98283805307888
2024-10-18,建材,8.23739e+10,8.310093e+12,0.009912512,21.692752449285415
2024-10-18,建筑,2.257878e+11,8.310093e+12,0.02717031,30.602145142025417
2024-10-18,房地产,2.123722e+11,8.310093e+12,0.025555935,20.94450560043443
2024-10-18,有色金属,2.443871e+11,8.310093e+12,0.029408466,15.472056100038978
2024-10-18,机械,5.3706e+11,8.310093e+12,0.06462744,24.31737847334809
2024-10-18,汽车,2.8868703e+11,8.310093e+12,0.034739327,18.246862489500163
2024-10-18,消费者服务,6.3282205e+10,8.310093e+12,0.0076151015,21.092573285102844
2024-10-18,煤炭,4.6751064e+10,8.310093e+12,0.005625817,7.085077827175458
2024-10-18,电力及公用事业,2.0196924e+11,8.310093e+12,0.024304088,15.402701708427163
2024-10-18,电力设备及新能源,4.4558952e+11,8.310093e+12,0.05362028,19.935688434120937
2024-10-18,电子,1.2261748e+12,8.310093e+12,0.14755246,32.846608709816145
2024-10-18,石油石化,5.0480083e+10,8.310093e+12,0.0060745506,9.27892163103702
2024-10-18,纺织服装,3.5113628e+10,8.310093e+12,0.0042254194,13.624621268474694
2024-10-18,综合,1.610487e+10,8.310093e+12,0.001937989,16.6497239112854
2024-10-18,综合金融,4.9835237e+10,8.310093e+12,0.0059969528,35.52239933013916
2024-10-18,计算机,1.2277091e+12,8.310093e+12,0.1477371,43.5157761861769
2024-10-18,轻工制造,7.8532755e+10,8.310093e+12,0.009450286,17.695422874478734
2024-10-18,通信,3.1944897e+11,8.310093e+12,0.03844108,30.690241512298584
2024-10-18,钢铁,4.9303523e+10,8.310093e+12,0.0059329686,9.238115443633152
2024-10-18,银行,1.9840082e+11,8.310093e+12,0.02387468,6.760302354892095
2024-10-18,非银行金融,6.775789e+11,8.310093e+12,0.08153686,17.381993038133835
2024-10-18,食品饮料,1.8866725e+11,8.310093e+12,0.022703385,11.267519708384167
2024-10-25,交通运输,1.4409258e+11,9.511217e+12,0.015149753,13.240264969628031
2024-10-25,传媒,3.494373e+11,9.511217e+12,0.036739495,33.16616021656821
2024-10-25,农林牧渔,9.31825e+10,9.511217e+12,0.009797117,20.96076749165853
2024-10-25,医药,5.6353456e+11,9.511217e+12,0.059249472,18.6316174605513
2024-10-25,商贸零售,9.799559e+10,9.511217e+12,0.01030316,18.418957740068436
2024-10-25,国防军工,3.5634394e+11,9.511217e+12,0.037465654,36.19783345858256
2024-10-25,基础化工,5.2321167e+11,9.511217e+12,0.05500996,22.68491508488608
2024-10-25,家电,1.5608262e+11,9.511217e+12,0.016410373,24.599202195803326
2024-10-25,建材,8.630563e+10,9.511217e+12,0.009074089,23.94726189829054
2024-10-25,建筑,2.030074e+11,9.511217e+12,0.021343999,28.573858992553053
2024-10-25,房地产,1.6001578e+11,9.511217e+12,0.016823903,16.528587697811847
2024-10-25,有色金属,2.7803658e+11,9.511217e+12,0.029232493,17.79084816647739
2024-10-25,机械,7.2369557e+11,9.511217e+12,0.076088645,33.39469087728747
2024-10-25,汽车,3.7945573e+11,9.511217e+12,0.039895605,26.603467625845607
2024-10-25,消费者服务,8.180888e+10,9.511217e+12,0.008601306,28.245478332042694
2024-10-25,煤炭,4.5294563e+10,9.511217e+12,0.0047622263,7.515669425328572
2024-10-25,电力及公用事业,2.0540912e+11,9.511217e+12,0.021596514,15.794368871434807
2024-10-25,电力设备及新能源,7.175396e+11,9.511217e+12,0.075441405,29.40473354703341
2024-10-25,电子,1.5948644e+12,9.511217e+12,0.16768248,39.95503148213029
2024-10-25,石油石化,5.0730607e+10,9.511217e+12,0.0053337663,11.409980343837365
2024-10-25,纺织服装,4.2590605e+10,9.511217e+12,0.0044779344,16.137777870351616
2024-10-25,综合,1.7892317e+10,9.511217e+12,0.0018811807,18.631036195755005
2024-10-25,综合金融,3.769057e+10,9.511217e+12,0.0039627496,34.04899077415466
2024-10-25,计算机,1.1535664e+12,9.511217e+12,0.12128484,43.0163646345379
2024-10-25,轻工制造,9.724014e+10,9.511217e+12,0.010223733,22.61104068265242
2024-10-25,通信,4.437889e+11,9.511217e+12,0.04665953,38.703089645385745
2024-10-25,钢铁,4.320631e+10,9.511217e+12,0.0045426693,8.705953824978609
2024-10-25,银行,1.16736205e+11,9.511217e+12,0.0122735305,3.8588023966266993
2024-10-25,非银行金融,5.5713124e+11,9.511217e+12,0.058576234,15.843766124735415
2024-10-25,食品饮料,1.8459789e+11,9.511217e+12,0.019408442,15.232808340227965
2024-11-01,交通运输,,,,7.6044633290389685
2024-11-01,传媒,,,,16.343494339192166
2024-11-01,农林牧渔,,,,12.88948997358481
2024-11-01,医药,,,,9.666138020366795
2024-11-01,商贸零售,,,,12.00235965131567
2024-11-01,国防军工,,,,14.161348754167557
2024-11-01,基础化工,,,,11.97079671557124
2024-11-01,家电,,,,12.90242848882363
2024-11-01,建材,,,,12.959085069241977
2024-11-01,建筑,,,,16.641354939083993
2024-11-01,房地产,,,,12.568602336184034
2024-11-01,有色金属,,,,10.86982600863387
2024-11-01,机械,,,,16.924493374600566
2024-11-01,汽车,,,,14.748026322680737
2024-11-01,消费者服务,,,,17.51503042823502
2024-11-01,煤炭,,,,5.050929157891208
2024-11-01,电力及公用事业,,,,9.525586046213407
2024-11-01,电力设备及新能源,,,,14.44737576535688
2024-11-01,电子,,,,19.391178683499785
2024-11-01,石油石化,,,,10.19792883685575
2024-11-01,纺织服装,,,,11.020038407973267
2024-11-01,综合,,,,14.780608186721802
2024-11-01,综合金融,,,,19.821224975585938
2024-11-01,计算机,,,,21.52637701747673
2024-11-01,轻工制造,,,,13.029974737938712
2024-11-01,通信,,,,19.260413937807083
2024-11-01,钢铁,,,,6.924446146075542
2024-11-01,银行,,,,2.341666696238376
2024-11-01,非银行金融,,,,8.826466879059732
2024-11-01,食品饮料,,,,9.33488333936442
2024-11-08,交通运输,2.1686759e+11,1.1950093e+13,0.018147774,15.614878858008035
2024-11-08,传媒,3.2157195e+11,1.1950093e+13,0.026909577,29.012609904539502
2024-11-08,农林牧渔,1.4795986e+11,1.1950093e+13,0.012381481,29.87599131266276
2024-11-08,医药,6.331973e+11,1.1950093e+13,0.052986808,20.060028072303012
2024-11-08,商贸零售,1.6305571e+11,1.1950093e+13,0.013644723,23.908303921039288
2024-11-08,国防军工,3.922751e+11,1.1950093e+13,0.03282611,32.17975339492162
2024-11-08,基础化工,6.445063e+11,1.1950093e+13,0.053933162,24.530923844326153
2024-11-08,家电,2.2409082e+11,1.1950093e+13,0.018752223,26.70884763768741
2024-11-08,建材,9.5536505e+10,1.1950093e+13,0.007994624,24.63715965691067
2024-11-08,建筑,2.78344e+11,1.1950093e+13,0.023292204,32.84586105964802
2024-11-08,房地产,2.8103072e+11,1.1950093e+13,0.023517031,26.431938731445456
2024-11-08,有色金属,5.0164725e+11,1.1950093e+13,0.041978523,28.503395072812957
2024-11-08,机械,9.137249e+11,1.1950093e+13,0.07646174,35.71538259115445
2024-11-08,汽车,5.9317604e+11,1.1950093e+13,0.049637776,35.08530387073878
2024-11-08,消费者服务,1.1976672e+11,1.1950093e+13,0.010022242,34.28321247441428
2024-11-08,煤炭,7.7151035e+10,1.1950093e+13,0.006456103,12.201961144804955
2024-11-08,电力及公用事业,2.5572472e+11,1.1950093e+13,0.02139939,18.070760190226625
2024-11-08,电力设备及新能源,7.266572e+11,1.1950093e+13,0.06080766,28.46173743177683
2024-11-08,电子,1.6977814e+12,1.1950093e+13,0.14207265,36.41243009953885
2024-11-08,石油石化,7.0391456e+10,1.1950093e+13,0.0058904523,18.899269194557117
2024-11-08,纺织服装,6.097768e+10,1.1950093e+13,0.005102695,21.043440351582536
2024-11-08,综合,2.4932655e+10,1.1950093e+13,0.0020863984,23.6176159286499
2024-11-08,综合金融,5.0886152e+10,1.1950093e+13,0.0042582224,41.88864116668701
2024-11-08,计算机,1.3624789e+12,1.1950093e+13,0.11401408,40.58392605426924
2024-11-08,轻工制造,1.1335069e+11,1.1950093e+13,0.009485339,24.2956670571776
2024-11-08,通信,4.3322986e+11,1.1950093e+13,0.036253262,34.552767055511474
2024-11-08,钢铁,8.548888e+10,1.1950093e+13,0.0071538254,13.398102051936663
2024-11-08,银行,1.3156975e+11,1.1950093e+13,0.011009934,5.471461892127991
2024-11-08,非银行金融,1.0151334e+12,1.1950093e+13,0.084947735,24.931360327022176
2024-11-08,食品饮料,3.1157705e+11,1.1950093e+13,0.02607319,25.634559909051116
2024-11-15,交通运输,1.8943813e+11,1.0874423e+13,0.017420523,13.836087889787628
2024-11-15,传媒,4.2274082e+11,1.0874423e+13,0.038874783,35.69112060256038
2024-11-15,农林牧渔,9.820466e+10,1.0874423e+13,0.009030793,19.06625801949274
2024-11-15,医药,6.4883255e+11,1.0874423e+13,0.05966593,20.38274667519343
2024-11-15,商贸零售,1.5222902e+11,1.0874423e+13,0.013998813,21.95848649740219
2024-11-15,国防军工,3.272989e+11,1.0874423e+13,0.030098047,24.60489733616511
2024-11-15,基础化工,6.1564564e+11,1.0874423e+13,0.056614097,23.145100993719026
2024-11-15,家电,1.8560981e+11,1.0874423e+13,0.017068475,24.04701321039881
2024-11-15,建材,6.799091e+10,1.0874423e+13,0.0062523694,18.522806005818502
2024-11-15,建筑,2.0140388e+11,1.0874423e+13,0.018520879,25.51076681967135
2024-11-15,房地产,1.9748082e+11,1.0874423e+13,0.01816012,19.49591516998579
2024-11-15,有色金属,3.8108427e+11,1.0874423e+13,0.035044093,21.261027528018488
2024-11-15,机械,8.148036e+11,1.0874423e+13,0.07492844,30.28875539200546
2024-11-15,汽车,5.458188e+11,1.0874423e+13,0.050192896,28.106203168507957
2024-11-15,消费者服务,9.902603e+10,1.0874423e+13,0.009106325,28.692114536251342
2024-11-15,煤炭,6.225366e+10,1.0874423e+13,0.005724778,9.135533332824707
2024-11-15,电力及公用事业,2.3721235e+11,1.0874423e+13,0.021813788,16.637361211677828
2024-11-15,电力设备及新能源,6.8108124e+11,1.0874423e+13,0.06263148,26.663100609764122
2024-11-15,电子,1.7382476e+12,1.0874423e+13,0.15984735,36.63025819437419
2024-11-15,石油石化,6.6635678e+10,1.0874423e+13,0.0061277435,17.705607738632423
2024-11-15,纺织服装,4.9069613e+10,1.0874423e+13,0.004512388,16.202106061005832
2024-11-15,综合,2.1236558e+10,1.0874423e+13,0.0019528905,22.27282781600952
2024-11-15,综合金融,2.649062e+10,1.0874423e+13,0.0024360484,26.13887987136841
2024-11-15,计算机,1.4385853e+12,1.0874423e+13,0.13229072,42.04534560354562
2024-11-15,轻工制造,1.2219786e+11,1.0874423e+13,0.011237181,22.124008163985085
2024-11-15,通信,4.809709e+11,1.0874423e+13,0.044229556,36.11326345062256
2024-11-15,钢铁,5.620626e+10,1.0874423e+13,0.0051686657,9.822721247489635
2024-11-15,银行,1.2983981e+11,1.0874423e+13,0.011939926,5.173292841939699
2024-11-15,非银行金融,5.928291e+11,1.0874423e+13,0.054515913,15.356887390076274
2024-11-15,食品饮料,2.1861363e+11,1.0874423e+13,0.02010347,16.76548641287919
2024-11-22,交通运输,1.8084348e+11,8.509358e+12,0.021252306,14.201544721921286
2024-11-22,传媒,3.9969882e+11,8.509358e+12,0.04697168,35.09680430601674
2024-11-22,农林牧渔,6.6565726e+10,8.509358e+12,0.00782265,14.490739056042262
2024-11-22,医药,4.4719073e+11,8.509358e+12,0.05255282,15.101077486970604
2024-11-22,商贸零售,1.4116522e+11,8.509358e+12,0.016589409,22.053171955622158
2024-11-22,国防军工,2.0574259e+11,8.509358e+12,0.024178391,17.778194123506545
2024-11-22,基础化工,5.2804826e+11,8.509358e+12,0.062055007,22.721827719051376
2024-11-22,家电,1.5663068e+11,8.509358e+12,0.018406874,22.408937946671532
2024-11-22,建材,5.7468207e+10,8.509358e+12,0.0067535304,16.773094063713437
2024-11-22,建筑,2.227041e+11,8.509358e+12,0.026171671,25.487783902957116
2024-11-22,房地产,1.4386928e+11,8.509358e+12,0.016907183,16.206446987278056
2024-11-22,有色金属,2.859428e+11,8.509358e+12,0.033603337,18.99672253477958
2024-11-22,机械,7.0919566e+11,8.509358e+12,0.08334303,29.485483319978037
2024-11-22,汽车,4.2122677e+11,8.509358e+12,0.049501594,25.30004316740075
2024-11-22,消费者服务,7.297309e+10,8.509358e+12,0.0085756285,23.420260603938782
2024-11-22,煤炭,6.371157e+10,8.509358e+12,0.007487236,9.770461094048288
2024-11-22,电力及公用事业,2.0157804e+11,8.509358e+12,0.023688983,15.217717082739917
2024-11-22,电力设备及新能源,5.0003847e+11,8.509358e+12,0.058763362,22.483282497134834
2024-11-22,电子,1.183204e+12,8.509358e+12,0.13904738,28.250502128778777
2024-11-22,石油石化,6.2320517e+10,8.509358e+12,0.007323763,16.914073050022125
2024-11-22,纺织服装,5.7217626e+10,8.509358e+12,0.006724083,19.154086721063866
2024-11-22,综合,1.8232125e+10,8.509358e+12,0.0021425972,18.259683990478514
2024-11-22,综合金融,1.6415855e+10,8.509358e+12,0.0019291532,17.007319974899293
2024-11-22,计算机,1.0773892e+12,8.509358e+12,0.12661229,35.9300514340151
2024-11-22,轻工制造,1.1248576e+11,8.509358e+12,0.013219066,22.62281117369147
2024-11-22,通信,3.8301608e+11,8.509358e+12,0.045011163,32.98750250244141
2024-11-22,钢铁,5.3294707e+10,8.509358e+12,0.0062630703,11.425149997839561
2024-11-22,银行,1.5750001e+11,8.509358e+12,0.018509036,7.548238101459685
2024-11-22,非银行金融,4.267155e+11,8.509358e+12,0.050146617,11.035311274125542
2024-11-22,食品饮料,1.5355383e+11,8.509358e+12,0.01804529,13.88158484751528
2024-11-29,交通运输,1.6067155e+11,7.593547e+12,0.02115896,16.74820082992073
2024-11-29,传媒,4.7446547e+11,7.593547e+12,0.062482722,41.578272957328366
2024-11-29,农林牧渔,7.531217e+10,7.593547e+12,0.009917918,17.780840878259568
2024-11-29,医药,3.9214773e+11,7.593547e+12,0.051642235,14.538984768168197
2024-11-29,商贸零售,1.5999584e+11,7.593547e+12,0.021069976,26.215161743072365
2024-11-29,国防军工,1.7005815e+11,7.593547e+12,0.02239509,15.198200772205988
2024-11-29,基础化工,4.948643e+11,7.593547e+12,0.06516906,20.57327787998395
2024-11-29,家电,1.5274004e+11,7.593547e+12,0.020114454,26.231892998729432
2024-11-29,建材,5.507488e+10,7.593547e+12,0.0072528534,17.659045213744754
2024-11-29,建筑,1.5044449e+11,7.593547e+12,0.01981215,22.11339439359712
2024-11-29,房地产,1.2703632e+11,7.593547e+12,0.01672951,14.54638488000294
2024-11-29,有色金属,2.2463544e+11,7.593547e+12,0.029582413,16.36980647425498
2024-11-29,机械,6.261062e+11,7.593547e+12,0.0824524,26.048103002401497
2024-11-29,汽车,3.308384e+11,7.593547e+12,0.043568365,19.05172010066578
2024-11-29,消费者服务,7.528951e+10,7.593547e+12,0.009914934,27.04745559181486
2024-11-29,煤炭,3.6873634e+10,7.593547e+12,0.0048559173,6.456316681371795
2024-11-29,电力及公用事业,1.777071e+11,7.593547e+12,0.023402385,14.796770713475073
2024-11-29,电力设备及新能源,4.3024112e+11,7.593547e+12,0.056658782,19.62033703031054
2024-11-29,电子,9.7501905e+11,7.593547e+12,0.12840101,24.499775541715387
2024-11-29,石油石化,5.2490265e+10,7.593547e+12,0.0069124834,15.574273025187162
2024-11-29,纺织服装,6.900966e+10,7.593547e+12,0.009087935,25.141466476700522
2024-11-29,综合,2.166588e+10,7.593547e+12,0.0028531963,21.610944118499756
2024-11-29,综合金融,1.8634652e+10,7.593547e+12,0.0024540115,19.299040269851684
2024-11-29,计算机,9.679143e+11,7.593547e+12,0.12746538,33.59395261083901
2024-11-29,轻工制造,1.4429805e+11,7.593547e+12,0.01900272,27.698559966157465
2024-11-29,通信,3.3133806e+11,7.593547e+12,0.04363416,33.307435705184936
2024-11-29,钢铁,3.5996664e+10,7.593547e+12,0.004740428,7.544701963663101
2024-11-29,银行,1.1048245e+11,7.593547e+12,0.014549518,3.963364242088227
2024-11-29,非银行金融,3.720853e+11,7.593547e+12,0.049000196,10.498983059130923
2024-11-29,食品饮料,1.7679938e+11,7.593547e+12,0.023282846,19.866612988891024
2024-12-06,交通运输,1.7087801e+11,8.5914943e+12,0.019889208,14.351738288635161
2024-12-06,传媒,5.0081507e+11,8.5914943e+12,0.058291964,41.7949501741017
2024-12-06,农林牧渔,1.0041593e+11,8.5914943e+12,0.011687831,20.993941974639892
2024-12-06,医药,4.2086407e+11,8.5914943e+12,0.04898613,14.279110135824153
2024-12-06,商贸零售,2.228932e+11,8.5914943e+12,0.025943473,30.255199044942856
2024-12-06,国防军工,1.7460516e+11,8.5914943e+12,0.020323025,17.3188122451798
2024-12-06,基础化工,5.1255945e+11,8.5914943e+12,0.05965894,21.655256763921948
2024-12-06,家电,1.5704421e+11,8.5914943e+12,0.018279033,25.55793549971921
2024-12-06,建材,7.673037e+10,8.5914943e+12,0.008930969,21.691753486792248
2024-12-06,建筑,1.8728652e+11,8.5914943e+12,0.021799061,25.33656122949388
2024-12-06,房地产,1.5825438e+11,8.5914943e+12,0.01841989,17.82330857020504
2024-12-06,有色金属,2.4069495e+11,8.5914943e+12,0.028015492,16.729131444807976
2024-12-06,机械,8.796598e+11,8.5914943e+12,0.10238729,32.46039543137748
2024-12-06,汽车,4.0816807e+11,8.5914943e+12,0.047508392,26.283522096681008
2024-12-06,消费者服务,8.877956e+10,8.5914943e+12,0.010333425,27.314053382192338
2024-12-06,煤炭,5.8646e+10,8.5914943e+12,0.0068260534,9.247286200523376
2024-12-06,电力及公用事业,2.1049401e+11,8.5914943e+12,0.024500279,15.539988198134576
2024-12-06,电力设备及新能源,4.5879178e+11,8.5914943e+12,0.053400695,20.72463235923439
2024-12-06,电子,1.04212274e+12,8.5914943e+12,0.12129703,25.646161512247065
2024-12-06,石油石化,5.6752865e+10,8.5914943e+12,0.0066057034,13.882861584424973
2024-12-06,纺织服装,8.199789e+10,8.5914943e+12,0.009544077,27.71619177045244
2024-12-06,综合,2.6996988e+10,8.5914943e+12,0.0031422924,25.333892116546632
2024-12-06,综合金融,2.2766723e+10,8.5914943e+12,0.0026499142,22.660979747772217
2024-12-06,计算机,1.1233362e+12,8.5914943e+12,0.1307498,39.10586672521836
2024-12-06,轻工制造,1.4692871e+11,8.5914943e+12,0.017101647,27.761411777664634
2024-12-06,通信,2.988364e+11,8.5914943e+12,0.03478282,31.8492296295166
2024-12-06,钢铁,5.2993745e+10,8.5914943e+12,0.006168164,9.254050050790493
2024-12-06,银行,1.2469351e+11,8.5914943e+12,0.0145136,4.32130001272474
2024-12-06,非银行金融,3.868999e+11,8.5914943e+12,0.0450329,11.23647461726632
2024-12-06,食品饮料,1.9623351e+11,8.5914943e+12,0.02284044,23.077067391438916
2024-12-13,交通运输,1.7496706e+11,9.631875e+12,0.01816542,13.585521161556244
2024-12-13,传媒,6.28206e+11,9.631875e+12,0.06522157,49.51366979517835
2024-12-13,农林牧渔,1.10964875e+11,9.631875e+12,0.011520589,21.740790457952592
2024-12-13,医药,5.3129183e+11,9.631875e+12,0.05515975,16.637242971279075
2024-12-13,商贸零售,2.4646938e+11,9.631875e+12,0.02558893,32.465341393764206
2024-12-13,国防军工,2.1878152e+11,9.631875e+12,0.022714322,20.01827015758546
2024-12-13,基础化工,5.2111943e+11,9.631875e+12,0.05410363,21.53222401393303
2024-12-13,家电,1.6511237e+11,9.631875e+12,0.017142287,27.524969309568405
2024-12-13,建材,8.826241e+10,9.631875e+12,0.009163575,24.098714184193383
2024-12-13,建筑,1.9877437e+11,9.631875e+12,0.020637142,25.28670549687044
2024-12-13,房地产,1.8726566e+11,9.631875e+12,0.019442284,22.269686707910502
2024-12-13,有色金属,2.5228788e+11,9.631875e+12,0.026193017,16.86780482530594
2024-12-13,机械,9.35142e+11,9.631875e+12,0.09708826,31.103405951395544
2024-12-13,汽车,4.7627934e+11,9.631875e+12,0.049448248,27.061340343314434
2024-12-13,消费者服务,1.3196946e+11,9.631875e+12,0.013701325,35.83357516356877
2024-12-13,煤炭,8.527144e+10,9.631875e+12,0.008853046,11.472888833946651
2024-12-13,电力及公用事业,2.0580336e+11,9.631875e+12,0.021366904,15.204755428836856
2024-12-13,电力设备及新能源,4.406255e+11,9.631875e+12,0.045746595,20.105731513849488
2024-12-13,电子,1.1589095e+12,9.631875e+12,0.12032024,27.331229250126906
2024-12-13,石油石化,5.8288046e+10,9.631875e+12,0.006051578,15.042492241813587
2024-12-13,纺织服装,9.258496e+10,9.631875e+12,0.009612351,28.091857811417242
2024-12-13,综合,3.0221175e+10,9.631875e+12,0.003137621,26.417407836914062
2024-12-13,综合金融,2.0968606e+10,9.631875e+12,0.0021770014,22.622369956970214
2024-12-13,计算机,1.158955e+12,9.631875e+12,0.12032496,40.09496985733842
2024-12-13,轻工制造,1.571202e+11,9.631875e+12,0.016312525,27.383203293295466
2024-12-13,通信,3.5193756e+11,9.631875e+12,0.036538843,35.375735242843625
2024-12-13,钢铁,7.469716e+10,9.631875e+12,0.0077552046,12.313436627388
2024-12-13,银行,1.482378e+11,9.631875e+12,0.015390336,5.470728557734263
2024-12-13,非银行金融,4.4884846e+11,9.631875e+12,0.04660032,12.340580319015073
2024-12-13,食品饮料,3.2946042e+11,9.631875e+12,0.03420522,33.12269388184403
2024-12-20,交通运输,1.2752333e+11,7.588882e+12,0.016803969,9.989084553427812
2024-12-20,传媒,5.1578988e+11,7.588882e+12,0.06796651,42.837779674124214
2024-12-20,农林牧渔,8.6669615e+10,7.588882e+12,0.011420604,16.68779446624574
2024-12-20,医药,3.6080668e+11,7.588882e+12,0.047544114,12.782248472345286
2024-12-20,商贸零售,2.164698e+11,7.588882e+12,0.028524596,30.709379982489807
2024-12-20,国防军工,1.4810443e+11,7.588882e+12,0.019515974,13.797610712445472
2024-12-20,基础化工,3.8359276e+11,7.588882e+12,0.050546676,15.960762769100713
2024-12-20,家电,1.2539811e+11,7.588882e+12,0.016523924,23.206465679974784
2024-12-20,建材,6.120931e+10,7.588882e+12,0.008065656,18.062604799157096
2024-12-20,建筑,1.5313478e+11,7.588882e+12,0.020178832,20.20330372489529
2024-12-20,房地产,1.20892514e+11,7.588882e+12,0.015930213,16.027972774685555
2024-12-20,有色金属,1.659409e+11,7.588882e+12,0.021866318,11.57410886787599
2024-12-20,机械,6.275231e+11,7.588882e+12,0.0826898,22.6728666376328
2024-12-20,汽车,3.079153e+11,7.588882e+12,0.040574525,19.01926274622073
2024-12-20,消费者服务,1.1589739e+11,7.588882e+12,0.015271998,33.93832859822682
2024-12-20,煤炭,5.8067018e+10,7.588882e+12,0.0076515903,7.614686068561342
2024-12-20,电力及公用事业,1.8009871e+11,7.588882e+12,0.023731915,12.45680300611596
2024-12-20,电力设备及新能源,3.602606e+11,7.588882e+12,0.047472157,17.748890443971963
2024-12-20,电子,1.1793102e+12,7.588882e+12,0.15539972,26.89584212882038
2024-12-20,石油石化,4.973911e+10,7.588882e+12,0.0065542073,13.487336589739872
2024-12-20,纺织服装,8.20034e+10,7.588882e+12,0.010805729,26.057349442231533
2024-12-20,综合,2.4009937e+10,7.588882e+12,0.0031638306,20.596443881988524
2024-12-20,综合金融,1.3019298e+10,7.588882e+12,0.0017155751,14.697349667549133
2024-12-20,计算机,9.1004096e+11,7.588882e+12,0.11991765,31.767226156908706
2024-12-20,轻工制造,1.4079608e+11,7.588882e+12,0.01855294,26.272481256723403
2024-12-20,通信,4.3805688e+11,7.588882e+12,0.057723504,35.305752935409544
2024-12-20,钢铁,5.119026e+10,7.588882e+12,0.0067454283,9.325830759910437
2024-12-20,银行,1.26661796e+11,7.588882e+12,0.016690442,4.156738125142597
2024-12-20,非银行金融,2.5743362e+11,7.588882e+12,0.033922467,7.666585976808843
2024-12-20,食品饮料,1.9945575e+11,7.588882e+12,0.026282625,19.31164998177326
2024-12-27,交通运输,1.08664594e+11,6.868342e+12,0.01582108,8.207570718555916
2024-12-27,传媒,2.8676375e+11,6.868342e+12,0.041751523,27.068567378301147
2024-12-27,农林牧渔,6.4599028e+10,6.868342e+12,0.009405331,13.380874156951904
2024-12-27,医药,3.1029766e+11,6.868342e+12,0.045177955,11.130960828875915
2024-12-27,商贸零售,1.7999243e+11,6.868342e+12,0.026206095,27.95265379318824
2024-12-27,国防军工,1.765408e+11,6.868342e+12,0.025703553,15.475388465834058
2024-12-27,基础化工,3.4384318e+11,6.868342e+12,0.050062034,14.747938418855854
2024-12-27,家电,1.332315e+11,6.868342e+12,0.019397913,19.637039331453188
2024-12-27,建材,5.5147282e+10,6.868342e+12,0.008029198,15.274111783220654
2024-12-27,建筑,1.3587044e+11,6.868342e+12,0.01978213,17.953932644408425
2024-12-27,房地产,8.822115e+10,6.868342e+12,0.012844605,12.117401798941055
2024-12-27,有色金属,1.5291243e+11,6.868342e+12,0.022263369,10.893995873389706
2024-12-27,机械,5.90968e+11,6.868342e+12,0.08604231,21.949881757481986
2024-12-27,汽车,2.9537747e+11,6.868342e+12,0.04300564,15.989327473718612
2024-12-27,消费者服务,6.457095e+10,6.868342e+12,0.009401242,21.917987461600983
2024-12-27,煤炭,4.636755e+10,6.868342e+12,0.0067509087,7.639311121569739
2024-12-27,电力及公用事业,1.6361148e+11,6.868342e+12,0.023821102,11.454110046141013
2024-12-27,电力设备及新能源,4.3017362e+11,6.868342e+12,0.06263136,19.862474881919326
2024-12-27,电子,1.2246854e+12,6.868342e+12,0.17830874,27.810610797179578
2024-12-27,石油石化,5.1232834e+10,6.868342e+12,0.007459272,11.019434585021092
2024-12-27,纺织服装,5.169263e+10,6.868342e+12,0.0075262166,18.026544352673522
2024-12-27,综合,1.382213e+10,6.868342e+12,0.0020124405,14.409175910949706
2024-12-27,综合金融,8.639635e+09,6.868342e+12,0.0012578925,11.511049795150758
2024-12-27,计算机,7.88197e+11,6.868342e+12,0.11475797,26.509200586287005
2024-12-27,轻工制造,9.992615e+10,6.868342e+12,0.014548802,18.692354179129882
2024-12-27,通信,4.1498228e+11,6.868342e+12,0.06041957,34.088109390258786
2024-12-27,钢铁,3.7730443e+10,6.868342e+12,0.0054933843,7.212944191235763
2024-12-27,银行,1.4822243e+11,6.868342e+12,0.021580525,4.464695218063536
2024-12-27,非银行金融,2.5631888e+11,6.868342e+12,0.037318885,7.644816969901743
2024-12-27,食品饮料,1.4402365e+11,6.868342e+12,0.0209692,15.4956016098008
2025-01-03,交通运输,1.11819014e+11,5.3200117e+12,0.021018565,4.224885876380628
2025-01-03,传媒,1.8589919e+11,5.3200117e+12,0.03494338,8.895196819981784
2025-01-03,农林牧渔,5.9895144e+10,5.3200117e+12,0.0112584615,5.947016672293345
2025-01-03,医药,2.6111905e+11,5.3200117e+12,0.04908242,4.374776787526951
2025-01-03,商贸零售,1.7113525e+11,5.3200117e+12,0.03216821,12.363451942514915
2025-01-03,国防军工,1.3720112e+11,5.3200117e+12,0.025789628,6.2153698555694135
2025-01-03,基础化工,2.6351197e+11,5.3200117e+12,0.049532216,5.50849969895447
2025-01-03,家电,9.226434e+10,5.3200117e+12,0.017342884,6.898507727221364
2025-01-03,建材,4.0516813e+10,5.3200117e+12,0.0076159257,5.604228584894112
2025-01-03,建筑,9.3274825e+10,5.3200117e+12,0.017532824,6.41638304061906
2025-01-03,房地产,7.224353e+10,5.3200117e+12,0.013579581,4.931906114631104
2025-01-03,有色金属,1.5236684e+11,5.3200117e+12,0.02864032,4.925097551929903
2025-01-03,机械,4.071453e+11,5.3200117e+12,0.0765309,7.723456915681949
2025-01-03,汽车,2.1308711e+11,5.3200117e+12,0.04005388,5.86039036353592
2025-01-03,消费者服务,4.962565e+10,5.3200117e+12,0.009328109,8.60493834742478
2025-01-03,煤炭,4.325122e+10,5.3200117e+12,0.008129911,4.3637347179982395
2025-01-03,电力及公用事业,1.2649036e+11,5.3200117e+12,0.023776332,4.326808313127428
2025-01-03,电力设备及新能源,3.5062822e+11,5.3200117e+12,0.06590741,8.204077871409572
2025-01-03,电子,8.555977e+11,5.3200117e+12,0.16082628,9.94547115519015
2025-01-03,石油石化,4.2690683e+10,5.3200117e+12,0.008024547,4.617733655067591
2025-01-03,纺织服装,4.5066306e+10,5.3200117e+12,0.008471091,7.052681837870617
2025-01-03,综合,1.0010166e+10,5.3200117e+12,0.0018816061,5.028974006175995
2025-01-03,综合金融,9.220751e+09,5.3200117e+12,0.0017332202,6.377630037069321
2025-01-03,计算机,5.7726986e+11,5.3200117e+12,0.10850913,10.495310161361468
2025-01-03,轻工制造,7.580741e+10,5.3200117e+12,0.014249481,7.256944425842342
2025-01-03,通信,2.912336e+11,5.3200117e+12,0.054743037,11.673763995178044
2025-01-03,钢铁,3.1436696e+10,5.3200117e+12,0.00590914,2.883853840140196
2025-01-03,银行,1.2853566e+11,5.3200117e+12,0.024160786,2.0954357103577683
2025-01-03,非银行金融,2.6525896e+11,5.3200117e+12,0.049860597,3.53632675662217
2025-01-03,食品饮料,1.5509529e+11,5.3200117e+12,0.029153185,7.2199273077827515
2025-01-10,交通运输,1.0396414e+11,5.689393e+12,0.018273327,8.9572669887735
2025-01-10,传媒,2.1375189e+11,5.689393e+12,0.037570246,20.40493410868002
2025-01-10,农林牧渔,5.8276127e+10,5.689393e+12,0.010242943,12.131862817491804
2025-01-10,医药,3.4357074e+11,5.689393e+12,0.060387943,12.831519082400185
2025-01-10,商贸零售,1.503269e+11,5.689393e+12,0.026422309,24.23137505581746
2025-01-10,国防军工,1.2578899e+11,5.689393e+12,0.022109386,11.967689309238402
2025-01-10,基础化工,2.8801453e+11,5.689393e+12,0.050623067,12.90265070190635
2025-01-10,家电,1.1796779e+11,5.689393e+12,0.020734688,20.106932401657104
2025-01-10,建材,3.930993e+10,5.689393e+12,0.0069093364,12.138151200044723
2025-01-10,建筑,9.548791e+10,5.689393e+12,0.016783496,14.472712404933976
2025-01-10,房地产,6.941259e+10,5.689393e+12,0.012200351,10.666069764573619
2025-01-10,有色金属,2.0440238e+11,5.689393e+12,0.035926923,15.029558544158936
2025-01-10,机械,5.0635565e+11,5.689393e+12,0.08899994,18.953665545306254
2025-01-10,汽车,2.5854819e+11,5.689393e+12,0.045443896,14.773254465861399
2025-01-10,消费者服务,4.2249855e+10,5.689393e+12,0.0074260742,15.024848367486682
2025-01-10,煤炭,4.286006e+10,5.689393e+12,0.0075333277,9.143914058804512
2025-01-10,电力及公用事业,1.1238379e+11,5.689393e+12,0.019753212,7.930655456266028
2025-01-10,电力设备及新能源,4.163517e+11,5.689393e+12,0.07318034,20.278192976430343
2025-01-10,电子,9.742919e+11,5.689393e+12,0.17124708,24.55980858402174
2025-01-10,石油石化,4.2415882e+10,5.689393e+12,0.0074552563,8.672513338235708
2025-01-10,纺织服装,4.6760616e+10,5.689393e+12,0.0082189115,15.767627328935296
2025-01-10,综合,9.77938e+09,5.689393e+12,0.0017188793,10.244671897888184
2025-01-10,综合金融,6.7768627e+09,5.689393e+12,0.0011911398,10.058100128173828
2025-01-10,计算机,5.5194164e+11,5.689393e+12,0.09701239,22.6752822116889
2025-01-10,轻工制造,8.368076e+10,5.689393e+12,0.014708206,17.35354819788652
2025-01-10,通信,3.034011e+11,5.689393e+12,0.0533275,25.926441679000856
2025-01-10,钢铁,3.091499e+10,5.689393e+12,0.005433794,5.381505782787617
2025-01-10,银行,1.2044411e+11,5.689393e+12,0.02116994,3.517169015038581
2025-01-10,非银行金融,1.848294e+11,5.689393e+12,0.032486662,5.965611216887622
2025-01-10,食品饮料,1.4379472e+11,5.689393e+12,0.025274176,13.421223364093088
2025-01-17,交通运输,1.04445075e+11,5.9841393e+12,0.01745365,7.708767685198015
2025-01-17,传媒,2.8568024e+11,5.9841393e+12,0.04773957,26.803868808644882
2025-01-17,农林牧渔,5.5520096e+10,5.9841393e+12,0.009277875,11.736151434126354
2025-01-17,医药,2.5672599e+11,5.9841393e+12,0.042901073,9.330633676076275
2025-01-17,商贸零售,1.437014e+11,5.9841393e+12,0.024013711,24.9083394912573
2025-01-17,国防军工,1.2437674e+11,5.9841393e+12,0.0207844,11.59440582448786
2025-01-17,基础化工,3.0793335e+11,5.9841393e+12,0.05145825,14.182254596990616
2025-01-17,家电,1.3846589e+11,5.9841393e+12,0.023138814,21.029154637030192
2025-01-17,建材,3.748663e+10,5.9841393e+12,0.006264331,11.582742868434815
2025-01-17,建筑,8.529917e+10,5.9841393e+12,0.014254208,13.358979645334644
2025-01-17,房地产,7.430753e+10,5.9841393e+12,0.012417412,10.334735804571295
2025-01-17,有色金属,2.3142334e+11,5.9841393e+12,0.038672786,15.443404762268067
2025-01-17,机械,5.9540976e+11,5.9841393e+12,0.09949798,21.083674982255776
2025-01-17,汽车,3.053271e+11,5.9841393e+12,0.051022727,18.37292668736372
2025-01-17,消费者服务,4.8170574e+10,5.9841393e+12,0.008049708,16.89071243575641
2025-01-17,煤炭,3.609525e+10,5.9841393e+12,0.0060318196,6.802119400766161
2025-01-17,电力及公用事业,1.0766587e+11,5.9841393e+12,0.017991873,8.083220141943885
2025-01-17,电力设备及新能源,3.8106897e+11,5.9841393e+12,0.06367983,17.3638302721795
2025-01-17,电子,1.0082223e+12,5.9841393e+12,0.16848242,24.114383696776923
2025-01-17,石油石化,4.6911275e+10,5.9841393e+12,0.007839268,10.490675074549822
2025-01-17,纺织服装,4.6905807e+10,5.9841393e+12,0.007838354,16.72266261746185
2025-01-17,综合,1.2595147e+10,5.9841393e+12,0.002104755,14.314516010284423
2025-01-17,综合金融,8.812382e+09,5.9841393e+12,0.0014726232,11.957870030403138
2025-01-17,计算机,6.513092e+11,5.9841393e+12,0.10883924,24.147090459600463
2025-01-17,轻工制造,8.656641e+10,5.9841393e+12,0.014465976,18.837544138992534
2025-01-17,通信,3.1727813e+11,5.9841393e+12,0.053019844,24.993874465942383
2025-01-17,钢铁,3.0310832e+10,5.9841393e+12,0.005065195,5.714563487814023
2025-01-17,银行,1.1255794e+11,5.9841393e+12,0.018809378,3.571776148109209
2025-01-17,非银行金融,2.0270018e+11,5.9841393e+12,0.033872902,6.676173191255247
2025-01-17,食品饮料,1.3859796e+11,5.9841393e+12,0.023160884,14.07989557900212
2025-01-24,交通运输,8.590324e+10,6.1438626e+12,0.013981959,6.308688745383294
2025-01-24,传媒,2.6097325e+11,6.1438626e+12,0.042477064,24.15037594196644
2025-01-24,农林牧渔,5.0434597e+10,6.1438626e+12,0.00820894,10.005185748281933
2025-01-24,医药,2.5148967e+11,6.1438626e+12,0.04093348,8.622396766415491
2025-01-24,商贸零售,1.2581185e+11,6.1438626e+12,0.020477647,21.022113412618637
2025-01-24,国防军工,1.23724366e+11,6.1438626e+12,0.02013788,11.846130549415085
2025-01-24,基础化工,3.0851976e+11,6.1438626e+12,0.05021593,13.23393459781073
2025-01-24,家电,1.2109745e+11,6.1438626e+12,0.019710314,17.756579842595826
2025-01-24,建材,3.441497e+10,6.1438626e+12,0.0056015197,10.637109625907172
2025-01-24,建筑,8.3907445e+10,6.1438626e+12,0.013657116,12.525977781525365
2025-01-24,房地产,9.4002725e+10,6.1438626e+12,0.015300265,11.733560396252939
2025-01-24,有色金属,1.8267336e+11,6.1438626e+12,0.029732658,12.790966472625733
2025-01-24,机械,6.0021834e+11,6.1438626e+12,0.09769397,20.670795452927354
2025-01-24,汽车,3.0175032e+11,6.1438626e+12,0.049114104,18.168933555483818
2025-01-24,消费者服务,5.04554e+10,6.1438626e+12,0.008212325,17.9360445865563
2025-01-24,煤炭,3.14671e+10,6.1438626e+12,0.005121713,4.946300016509162
2025-01-24,电力及公用事业,1.06943685e+11,6.1438626e+12,0.017406588,7.684785163558726
2025-01-24,电力设备及新能源,4.4264112e+11,6.1438626e+12,0.072046064,18.540018146964396
2025-01-24,电子,1.1010259e+12,6.1438626e+12,0.17920744,24.718440578120653
2025-01-24,石油石化,4.3555672e+10,6.1438626e+12,0.0070892978,8.69467498591313
2025-01-24,纺织服装,4.2487927e+10,6.1438626e+12,0.0069155074,14.724283798174424
2025-01-24,综合,9.988644e+09,6.1438626e+12,0.0016257922,12.166967735290527
2025-01-24,综合金融,1.2984308e+10,6.1438626e+12,0.0021133786,12.148960065841674
2025-01-24,计算机,6.866729e+11,6.1438626e+12,0.11176567,24.46667901818799
2025-01-24,轻工制造,8.4138344e+10,6.1438626e+12,0.013694698,16.511915215274744
2025-01-24,通信,3.8311526e+11,6.1438626e+12,0.062357396,28.13724398803711
2025-01-24,钢铁,2.9700198e+10,6.1438626e+12,0.004834125,5.513388484716415
2025-01-24,银行,1.1733078e+11,6.1438626e+12,0.019097233,3.457411903710592
2025-01-24,非银行金融,2.3582142e+11,6.1438626e+12,0.03838325,7.260684518327175
2025-01-24,食品饮料,1.3878596e+11,6.1438626e+12,0.022589367,13.015455344409654
2025-01-31,交通运输,,,,1.2105540289513526
2025-01-31,传媒,,,,4.818544687214473
2025-01-31,农林牧渔,,,,2.3483047705321085
2025-01-31,医药,,,,1.523599592795377
2025-01-31,商贸零售,,,,3.464410559202616
2025-01-31,国防军工,,,,2.2772727239230446
2025-01-31,基础化工,,,,2.2446425774833187
2025-01-31,家电,,,,2.648971420313631
2025-01-31,建材,,,,2.099911910082613
2025-01-31,建筑,,,,2.377791970324369
2025-01-31,房地产,,,,1.9302047164934986
2025-01-31,有色金属,,,,2.4118159923553466
2025-01-31,机械,,,,3.633136073362268
2025-01-31,汽车,,,,2.955090585851767
2025-01-31,消费者服务,,,,2.9861267751881053
2025-01-31,煤炭,,,,0.9886194459266133
2025-01-31,电力及公用事业,,,,1.5882895208537318
2025-01-31,电力设备及新能源,,,,3.1985231771355584
2025-01-31,电子,,,,3.9780270553148185
2025-01-31,石油石化,,,,1.6769307708510985
2025-01-31,纺织服装,,,,2.8396211740645496
2025-01-31,综合,,,,2.0244880044460296
2025-01-31,综合金融,,,,2.1515900015830995
2025-01-31,计算机,,,,5.810418937863746
2025-01-31,轻工制造,,,,3.033904687005874
2025-01-31,通信,,,,5.276633586645127
2025-01-31,钢铁,,,,1.350634621599546
2025-01-31,银行,,,,0.7464904765642825
2025-01-31,非银行金融,,,,1.289598604218221
2025-01-31,食品饮料,,,,2.177375741077192
2025-02-07,交通运输,6.1484446e+10,4.830527e+12,0.01272831,4.564784680643389
2025-02-07,传媒,2.712141e+11,4.830527e+12,0.05614586,20.45954265619846
2025-02-07,农林牧渔,3.6242633e+10,4.830527e+12,0.007502832,7.255669580187116
2025-02-07,医药,1.9506261e+11,4.830527e+12,0.040381227,6.508556473110369
2025-02-07,商贸零售,6.208518e+10,4.830527e+12,0.0128526725,10.858328874867697
2025-02-07,国防军工,9.1319026e+10,4.830527e+12,0.018904569,9.409602458811989
2025-02-07,基础化工,2.0336933e+11,4.830527e+12,0.042100858,8.369700385956094
2025-02-07,家电,9.230673e+10,4.830527e+12,0.019109039,11.634887958566347
2025-02-07,建材,2.415393e+10,4.830527e+12,0.005000268,7.218034527131489
2025-02-07,建筑,6.3686054e+10,4.830527e+12,0.01318408,9.00077963316882
2025-02-07,房地产,5.026265e+10,4.830527e+12,0.010405211,6.755382122858515
2025-02-07,有色金属,1.4858343e+11,4.830527e+12,0.03075926,9.245943992614746
2025-02-07,机械,4.4587683e+11,4.830527e+12,0.09230398,14.945601011177805
2025-02-07,汽车,2.6624706e+11,4.830527e+12,0.055117603,13.982945078953367
2025-02-07,消费者服务,3.997976e+10,4.830527e+12,0.00827648,12.927655364785876
2025-02-07,煤炭,2.1441456e+10,4.830527e+12,0.0044387407,3.4700999839438333
2025-02-07,电力及公用事业,7.181246e+10,4.830527e+12,0.014866382,5.054053290572229
2025-02-07,电力设备及新能源,2.9020455e+11,4.830527e+12,0.0600772,11.511654613699232
2025-02-07,电子,8.457079e+11,4.830527e+12,0.1750757,17.628878937881503
2025-02-07,石油石化,2.3993893e+10,4.830527e+12,0.0049671377,4.965607709036424
2025-02-07,纺织服装,2.898336e+10,4.830527e+12,0.006000041,9.170509048182556
2025-02-07,综合,6.0310303e+09,4.830527e+12,0.0012485243,6.948500061035157
2025-02-07,综合金融,1.2290421e+10,4.830527e+12,0.002544323,9.702179861068725
2025-02-07,计算机,8.177188e+11,4.830527e+12,0.1692815,24.950798637521633
2025-02-07,轻工制造,5.689378e+10,4.830527e+12,0.011777965,11.131120533273931
2025-02-07,通信,2.7136747e+11,4.830527e+12,0.056177612,20.678574420928957
2025-02-07,钢铁,2.1819288e+10,4.830527e+12,0.0045169583,3.7763365564438014
2025-02-07,银行,6.990643e+10,4.830527e+12,0.014471803,2.12455715239048
2025-02-07,非银行金融,1.51317e+11,4.830527e+12,0.031325154,4.568057745275363
2025-02-07,食品饮料,8.737838e+10,4.830527e+12,0.018088788,7.2706439416065365
2025-02-14,交通运输,1.0758096e+11,8.720214e+12,0.012336963,8.14375401648783
2025-02-14,传媒,5.967479e+11,8.720214e+12,0.06843271,42.768546905923394
2025-02-14,农林牧渔,6.944191e+10,8.720214e+12,0.007963327,12.760048544974554
2025-02-14,医药,4.0014538e+11,8.720214e+12,0.045887105,13.705398588648691
2025-02-14,商贸零售,1.416509e+11,8.720214e+12,0.016243972,21.466658685069817
2025-02-14,国防军工,1.4986522e+11,8.720214e+12,0.017185956,15.81705202445511
2025-02-14,基础化工,4.039039e+11,8.720214e+12,0.046318118,15.864338422426954
2025-02-14,家电,1.8097453e+11,8.720214e+12,0.02075345,21.18445705232166
2025-02-14,建材,4.077505e+10,8.720214e+12,0.004675923,11.850232100202923
2025-02-14,建筑,1.4431905e+11,8.720214e+12,0.016549945,18.259109847339584
2025-02-14,房地产,1.1005962e+11,8.720214e+12,0.012621206,13.232612193755383
2025-02-14,有色金属,2.2371608e+11,8.720214e+12,0.025654884,14.009846416473389
2025-02-14,机械,7.165841e+11,8.720214e+12,0.08217506,24.53137916090897
2025-02-14,汽车,4.5196342e+11,8.720214e+12,0.051829398,23.932197158942458
2025-02-14,消费者服务,8.319258e+10,8.720214e+12,0.009540199,26.850625144583837
2025-02-14,煤炭,3.376741e+10,8.720214e+12,0.0038723145,5.386863932013512
2025-02-14,电力及公用事业,1.2654749e+11,8.720214e+12,0.014511971,8.908094733563052
2025-02-14,电力设备及新能源,5.0983017e+11,8.720214e+12,0.058465328,21.022428211711702
2025-02-14,电子,1.316266e+12,8.720214e+12,0.15094423,28.49457714645589
2025-02-14,石油石化,4.3184783e+10,8.720214e+12,0.004952262,9.468832661326115
2025-02-14,纺织服装,4.933417e+10,8.720214e+12,0.0056574494,16.625589835523353
2025-02-14,综合,1.3445212e+10,8.720214e+12,0.0015418443,12.82399600982666
2025-02-14,综合金融,3.4606506e+10,8.720214e+12,0.0039685387,19.813279604911806
2025-02-14,计算机,1.6308866e+12,8.720214e+12,0.18702368,50.05525489205437
2025-02-14,轻工制造,1.0503116e+11,8.720214e+12,0.012044563,19.872776684008148
2025-02-14,通信,4.623629e+11,8.720214e+12,0.053021967,37.455864596751425
2025-02-14,钢铁,4.2159006e+10,8.720214e+12,0.0048346296,6.328205759708698
2025-02-14,银行,1.1006511e+11,8.720214e+12,0.012621836,3.3200714453345253
2025-02-14,非银行金融,2.4963401e+11,8.720214e+12,0.028627051,7.982560579835529
2025-02-14,食品饮料,1.6829117e+11,8.720214e+12,0.019298973,13.909485653945893
2025-02-21,交通运输,1.0654523e+11,9.540922e+12,0.011167184,8.335511304678455
2025-02-21,传媒,5.4601292e+11,9.540922e+12,0.057228528,35.067857860673406
2025-02-21,农林牧渔,7.522119e+10,9.540922e+12,0.007884059,12.589248598189581
2025-02-21,医药,5.2691265e+11,9.540922e+12,0.055226598,16.137717028861104
2025-02-21,商贸零售,1.18629515e+11,9.540922e+12,0.012433758,18.31004336820199
2025-02-21,国防军工,1.7551086e+11,9.540922e+12,0.018395588,17.106898349178724
2025-02-21,基础化工,4.679118e+11,9.540922e+12,0.04904262,17.767511702375486
2025-02-21,家电,1.7776042e+11,9.540922e+12,0.018631367,21.345051097727957
2025-02-21,建材,4.3018555e+10,9.540922e+12,0.004508847,12.656698834328424
2025-02-21,建筑,1.6730821e+11,9.540922e+12,0.017535854,19.714338979603333
2025-02-21,房地产,9.196572e+10,9.540922e+12,0.009639082,11.886157477801701
2025-02-21,有色金属,2.1552708e+11,9.540922e+12,0.022589754,13.902650463104248
2025-02-21,机械,9.376009e+11,9.540922e+12,0.09827152,29.806305260993376
2025-02-21,汽车,4.4796894e+11,9.540922e+12,0.046952374,26.130290148688143
2025-02-21,消费者服务,7.47056e+10,9.540922e+12,0.007830019,23.39017670069422
2025-02-21,煤炭,4.0307892e+10,9.540922e+12,0.0042247376,5.928325030538771
2025-02-21,电力及公用事业,1.4979218e+11,9.540922e+12,0.01569997,9.833802183252235
2025-02-21,电力设备及新能源,6.042189e+11,9.540922e+12,0.0633292,25.634936588151113
2025-02-21,电子,1.5163625e+12,9.540922e+12,0.15893249,31.171143099665642
2025-02-21,石油石化,4.8627274e+10,9.540922e+12,0.005096706,10.55922687626802
2025-02-21,纺织服装,4.877107e+10,9.540922e+12,0.0051117777,16.35416053280686
2025-02-21,综合,1.335585e+10,9.540922e+12,0.001399849,13.105088043212891
2025-02-21,综合金融,2.624139e+10,9.540922e+12,0.0027504042,17.462149930000304
2025-02-21,计算机,1.671639e+12,9.540922e+12,0.17520729,47.481161261667445
2025-02-21,轻工制造,1.0369682e+11,9.540922e+12,0.010868637,18.2836807338815
2025-02-21,通信,5.533451e+11,9.540922e+12,0.057997026,37.80496062001875
2025-02-21,钢铁,6.092934e+10,9.540922e+12,0.0063861064,6.92959036047642
2025-02-21,银行,1.232823e+11,9.540922e+12,0.012921425,3.6145237861644652
2025-02-21,非银行金融,2.6106847e+11,9.540922e+12,0.027363025,8.321787287231903
2025-02-21,食品饮料,1.4382005e+11,9.540922e+12,0.01507402,12.187223527919162
2025-02-28,交通运输,1.1487361e+11,9.925247e+12,0.011573879,9.200816891366436
2025-02-28,传媒,4.0916487e+11,9.925247e+12,0.041224655,29.628812768780595
2025-02-28,农林牧渔,8.740256e+10,9.925247e+12,0.008806084,16.332653234118506
2025-02-28,医药,4.230689e+11,9.925247e+12,0.042625528,12.914618859889536
2025-02-28,商贸零售,1.2932508e+11,9.925247e+12,0.013029911,19.48530281507052
2025-02-28,国防军工,1.8485718e+11,9.925247e+12,0.018624946,17.61486864484046
2025-02-28,基础化工,5.3669822e+11,9.925247e+12,0.05407404,20.12862150266301
2025-02-28,家电,2.0744856e+11,9.925247e+12,0.020901097,23.82545244622798
2025-02-28,建材,5.7054556e+10,9.925247e+12,0.005748427,14.753576133932386
2025-02-28,建筑,1.8049942e+11,9.925247e+12,0.018185887,19.781098748430793
2025-02-28,房地产,1.1700683e+11,9.925247e+12,0.011788808,14.077433029435715
2025-02-28,有色金属,2.4248543e+11,9.925247e+12,0.024431173,17.284438495635985
2025-02-28,机械,1.0954894e+12,9.925247e+12,0.110374026,33.69044013829741
2025-02-28,汽车,5.3314414e+11,9.925247e+12,0.05371596,28.961785651132708
2025-02-28,消费者服务,6.1922877e+10,9.925247e+12,0.0062389257,19.98458735006196
2025-02-28,煤炭,4.069596e+10,9.925247e+12,0.004100247,5.60847775472535
2025-02-28,电力及公用事业,1.5246021e+11,9.925247e+12,0.015360849,10.595872083345355
2025-02-28,电力设备及新能源,6.812815e+11,9.925247e+12,0.06864127,26.566524392082577
2025-02-28,电子,1.6510119e+12,9.925247e+12,0.16634467,32.17101104459802
2025-02-28,石油石化,5.290676e+10,9.925247e+12,0.005330523,12.422844400772682
2025-02-28,纺织服装,5.5608914e+10,9.925247e+12,0.0056027737,17.65414142729056
2025-02-28,综合,1.3571187e+10,9.925247e+12,0.00136734,13.173755950927735
2025-02-28,综合金融,1.7288694e+10,9.925247e+12,0.0017418906,13.639270210266114
2025-02-28,计算机,1.5633705e+12,9.925247e+12,0.15751451,43.236764859356256
2025-02-28,轻工制造,1.04258085e+11,9.925247e+12,0.010504331,18.417369605504977
2025-02-28,通信,5.1420863e+11,9.925247e+12,0.051808145,39.78324850720744
2025-02-28,钢铁,8.4740735e+10,9.925247e+12,0.008537897,10.210388532051674
2025-02-28,银行,1.1963275e+11,9.925247e+12,0.012053378,3.1512975834664845
2025-02-28,非银行金融,2.9513626e+11,9.925247e+12,0.029735912,8.709545085127925
2025-02-28,食品饮料,1.9612092e+11,9.925247e+12,0.019759802,17.24797500353871
2025-03-07,交通运输,9.294479e+10,8.4766653e+12,0.010964783,8.234567759979155
2025-03-07,传媒,3.4605626e+11,8.4766653e+12,0.040824573,24.74811412933025
2025-03-07,农林牧渔,6.2552527e+10,8.4766653e+12,0.007379379,11.54835992540632
2025-03-07,医药,3.6838297e+11,8.4766653e+12,0.043458477,12.414377745587815
2025-03-07,商贸零售,1.07353104e+11,8.4766653e+12,0.012664544,16.518393200177414
2025-03-07,国防军工,2.1036484e+11,8.4766653e+12,0.024816934,21.65026345331807
2025-03-07,基础化工,5.058574e+11,8.4766653e+12,0.059676465,19.789549996959977
2025-03-07,家电,1.5717255e+11,8.4766653e+12,0.01854179,21.652503357756707
2025-03-07,建材,5.064735e+10,8.4766653e+12,0.0059749144,13.708848799977984
2025-03-07,建筑,1.6037164e+11,8.4766653e+12,0.01891919,19.399830239790457
2025-03-07,房地产,9.901205e+10,8.4766653e+12,0.0116805425,12.448643399859375
2025-03-07,有色金属,3.0113687e+11,8.4766653e+12,0.035525393,19.832821707725525
2025-03-07,机械,9.112532e+11,8.4766653e+12,0.10750137,31.103310804095184
2025-03-07,汽车,4.54426e+11,8.4766653e+12,0.053609055,29.9240080961367
2025-03-07,消费者服务,5.614152e+10,8.4766653e+12,0.006623067,18.6071035861969
2025-03-07,煤炭,3.138279e+10,8.4766653e+12,0.0037022566,4.9568472223149405
2025-03-07,电力及公用事业,1.384866e+11,8.4766653e+12,0.016337391,10.182286896950293
2025-03-07,电力设备及新能源,5.909053e+11,8.4766653e+12,0.069709636,25.94699899582636
2025-03-07,电子,1.315104e+12,8.4766653e+12,0.15514402,27.1467508031208
2025-03-07,石油石化,4.7127196e+10,8.4766653e+12,0.0055596386,11.359563323167654
2025-03-07,纺织服装,5.154983e+10,8.4766653e+12,0.006081381,16.9962423576249
2025-03-07,综合,1.219374e+10,8.4766653e+12,0.0014385066,12.919187831878663
2025-03-07,综合金融,1.9337697e+10,8.4766653e+12,0.0022812858,20.696480655670165
2025-03-07,计算机,1.3064181e+12,8.4766653e+12,0.15411934,40.99820303717696
2025-03-07,轻工制造,1.0365978e+11,8.4766653e+12,0.01222884,18.542347959607664
2025-03-07,通信,3.9716497e+11,8.4766653e+12,0.046853915,34.03853967689699
2025-03-07,钢铁,6.9152825e+10,8.4766653e+12,0.008158023,8.626144349575043
2025-03-07,银行,1.1405387e+11,8.4766653e+12,0.013455041,2.9781714337212697
2025-03-07,非银行金融,2.2813619e+11,8.4766653e+12,0.026913436,7.1174127245453045
2025-03-07,食品饮料,1.6611821e+11,8.4766653e+12,0.019597119,15.660203798250718
2025-03-14,交通运输,9.9125035e+10,8.249104e+12,0.012016461,8.805439507288318
2025-03-14,传媒,3.0884682e+11,8.249104e+12,0.037440047,23.9779871744467
2025-03-14,农林牧渔,7.787683e+10,8.249104e+12,0.009440641,14.443986720130557
2025-03-14,医药,4.16666e+11,8.249104e+12,0.050510455,14.245373895293788
2025-03-14,商贸零售,1.1747508e+11,8.249104e+12,0.01424095,19.18685590876983
2025-03-14,国防军工,2.3671377e+11,8.249104e+12,0.028695695,23.68600563175422
2025-03-14,基础化工,4.5996845e+11,8.249104e+12,0.055759806,18.589062558603473
2025-03-14,家电,1.3797784e+11,8.249104e+12,0.016726403,18.91164173398699
2025-03-14,建材,5.323571e+10,8.249104e+12,0.0064535146,14.856868003095899
2025-03-14,建筑,1.562215e+11,8.249104e+12,0.018937998,19.889100665663495
2025-03-14,房地产,7.698811e+10,8.249104e+12,0.009332906,10.235492469004864
2025-03-14,有色金属,3.5230446e+11,8.249104e+12,0.04270821,21.287364950180052
2025-03-14,机械,9.01336e+11,8.249104e+12,0.10926472,30.747790555188256
2025-03-14,汽车,4.709237e+11,8.249104e+12,0.05708786,30.187177141022875
2025-03-14,消费者服务,5.586939e+10,8.249104e+12,0.006772783,18.634685729231155
2025-03-14,煤炭,5.405323e+10,8.249104e+12,0.0065526185,8.66908046272066
2025-03-14,电力及公用事业,1.5612726e+11,8.249104e+12,0.018926572,11.50359651055919
2025-03-14,电力设备及新能源,5.996552e+11,8.249104e+12,0.07269337,25.386474302079943
2025-03-14,电子,1.1490086e+12,8.249104e+12,0.1392889,24.816290528559293
2025-03-14,石油石化,4.5017244e+10,8.249104e+12,0.0054572285,12.805902040921724
2025-03-14,纺织服装,5.845231e+10,8.249104e+12,0.007085898,17.690391131121704
2025-03-14,综合,1.2763982e+10,8.249104e+12,0.0015473174,14.48788351813952
2025-03-14,综合金融,1.4277003e+10,8.249104e+12,0.0017307339,15.187929821014404
2025-03-14,计算机,1.1346035e+12,8.249104e+12,0.13754264,35.802215324138864
2025-03-14,轻工制造,1.00405944e+11,8.249104e+12,0.01217174,18.803350949147987
2025-03-14,通信,3.4834393e+11,8.249104e+12,0.04222809,31.7153969368627
2025-03-14,钢铁,6.5232056e+10,8.249104e+12,0.007907775,8.777863381000666
2025-03-14,银行,1.1522497e+11,8.249104e+12,0.01396818,2.9037999993278865
2025-03-14,非银行金融,2.6337149e+11,8.249104e+12,0.031927284,7.6854500012738365
2025-03-14,食品饮料,2.0860595e+11,8.249104e+12,0.025288317,16.189341710372403
2025-03-21,交通运输,1.0948541e+11,7.721037e+12,0.014180143,11.193182199712723
2025-03-21,传媒,2.5166066e+11,7.721037e+12,0.032594156,19.854331156886214
2025-03-21,农林牧渔,8.444826e+10,7.721037e+12,0.010937424,18.078508553050813
2025-03-21,医药,3.9892065e+11,7.721037e+12,0.05166672,13.774321032680481
2025-03-21,商贸零售,1.11760474e+11,7.721037e+12,0.014474802,17.27384319786842
2025-03-21,国防军工,2.0784302e+11,7.721037e+12,0.026919056,19.91362557923498
2025-03-21,基础化工,3.9505157e+11,7.721037e+12,0.05116561,16.116222666576505
2025-03-21,家电,1.526882e+11,7.721037e+12,0.019775609,18.897242812173708
2025-03-21,建材,5.320691e+10,7.721037e+12,0.006891161,13.853822600273858
2025-03-21,建筑,1.3396715e+11,7.721037e+12,0.017350927,18.569858657725064
2025-03-21,房地产,7.952897e+10,7.721037e+12,0.010300296,10.375627377123203
2025-03-21,有色金属,3.0525256e+11,7.721037e+12,0.03953518,18.948295092582704
2025-03-21,机械,9.231568e+11,7.721037e+12,0.11956384,32.68345265301475
2025-03-21,汽车,4.993048e+11,7.721037e+12,0.064668104,30.84907564205852
2025-03-21,消费者服务,6.171508e+10,7.721037e+12,0.007993108,19.587167859077454
2025-03-21,煤炭,4.3279434e+10,7.721037e+12,0.005605391,8.260419411791695
2025-03-21,电力及公用事业,1.8612961e+11,7.721037e+12,0.024106815,13.960139817546029
2025-03-21,电力设备及新能源,5.9434526e+11,7.721037e+12,0.07697739,26.43694362761099
2025-03-21,电子,1.0159153e+12,7.721037e+12,0.13157757,23.638230042433253
2025-03-21,石油石化,5.317639e+10,7.721037e+12,0.006887208,13.745905758096622
2025-03-21,纺织服装,6.015351e+10,7.721037e+12,0.0077908593,18.705710990862414
2025-03-21,综合,1.6262595e+10,7.721037e+12,0.0021062708,16.2432957192262
2025-03-21,综合金融,1.51274e+10,7.721037e+12,0.0019592447,17.28130030632019
2025-03-21,计算机,9.199819e+11,7.721037e+12,0.11915264,29.93151412900112
2025-03-21,轻工制造,1.0071688e+11,7.721037e+12,0.0130444765,18.379199405742245
2025-03-21,通信,3.5732344e+11,7.721037e+12,0.046279203,29.070020917442537
2025-03-21,钢铁,5.671499e+10,7.721037e+12,0.007345515,8.389028949233202
2025-03-21,银行,1.17111734e+11,7.721037e+12,0.015167877,3.194378594557444
2025-03-21,非银行金融,2.1314242e+11,7.721037e+12,0.027605414,6.629887179817472
2025-03-21,食品饮料,1.999106e+11,7.721037e+12,0.025891678,18.671527155420996
2025-03-28,交通运输,9.926964e+10,6.2789596e+12,0.015809886,9.16437746872825
2025-03-28,传媒,1.9127171e+11,6.2789596e+12,0.030462326,17.331842623703867
2025-03-28,农林牧渔,7.729258e+10,6.2789596e+12,0.012309775,16.782982890946524
2025-03-28,医药,3.682596e+11,6.2789596e+12,0.05864978,12.957453984276034
2025-03-28,商贸零售,7.034664e+10,6.2789596e+12,0.01120355,12.228774060423557
2025-03-28,国防军工,1.7328623e+11,6.2789596e+12,0.027597921,16.905974453145806
2025-03-28,基础化工,4.814946e+11,6.2789596e+12,0.07668382,20.332489227177575
2025-03-28,家电,1.143661e+11,6.2789596e+12,0.018214181,15.574121484089465
2025-03-28,建材,4.6740447e+10,6.2789596e+12,0.0074439794,13.37033341328303
2025-03-28,建筑,1.18521496e+11,6.2789596e+12,0.018875977,17.91097100796523
2025-03-28,房地产,6.812821e+10,6.2789596e+12,0.010850239,10.144500887056566
2025-03-28,有色金属,2.972685e+11,6.2789596e+12,0.047343593,18.654212872505187
2025-03-28,机械,7.993346e+11,6.2789596e+12,0.12730367,28.611445236761323
2025-03-28,汽车,3.6768196e+11,6.2789596e+12,0.058557786,22.756212061233366
2025-03-28,消费者服务,6.652034e+10,6.2789596e+12,0.010594166,22.472521530730383
2025-03-28,煤炭,4.740136e+10,6.2789596e+12,0.0075492384,8.892474942737156
2025-03-28,电力及公用事业,1.9596221e+11,6.2789596e+12,0.031209344,13.57215939585819
2025-03-28,电力设备及新能源,5.0778443e+11,6.2789596e+12,0.08087079,23.110323449856118
2025-03-28,电子,7.3306846e+11,6.2789596e+12,0.11674999,17.941003655878507
2025-03-28,石油石化,5.414918e+10,6.2789596e+12,0.00862391,14.925932804552408
2025-03-28,纺织服装,4.34899e+10,6.2789596e+12,0.0069262907,14.87297177796412
2025-03-28,综合,1.9280882e+10,6.2789596e+12,0.0030707128,19.985283235708874
2025-03-28,综合金融,1.2570658e+10,6.2789596e+12,0.0020020287,16.523890113830568
2025-03-28,计算机,5.68564e+11,6.2789596e+12,0.09055067,20.21376412459403
2025-03-28,轻工制造,8.195025e+10,6.2789596e+12,0.013051566,15.900696482076201
2025-03-28,通信,2.3358906e+11,6.2789596e+12,0.037201874,21.845300778746605
2025-03-28,钢铁,5.5503225e+10,6.2789596e+12,0.008839558,10.223528836782162
2025-03-28,银行,1.0349556e+11,6.2789596e+12,0.016482916,2.8779381052369164
2025-03-28,非银行金融,1.4519424e+11,6.2789596e+12,0.023123933,5.0221014333622795
2025-03-28,食品饮料,1.3420292e+11,6.2789596e+12,0.021373432,14.375794049013745
2025-04-04,交通运输,,,,3.5545745787000462
2025-04-04,传媒,,,,5.896138282902275
2025-04-04,农林牧渔,,,,6.125521911042077
2025-04-04,医药,,,,6.800722098042225
2025-04-04,商贸零售,,,,4.770427902444051
2025-04-04,国防军工,,,,4.9549491781094845
2025-04-04,基础化工,,,,6.7289852552930824
2025-04-04,家电,,,,5.865123230254366
2025-04-04,建材,,,,4.353168424928472
2025-04-04,建筑,,,,5.4396222091199435
2025-04-04,房地产,,,,3.3557363016144284
2025-04-04,有色金属,,,,5.908773998975754
2025-04-04,机械,,,,9.350925054374047
2025-04-04,汽车,,,,8.048374483701188
2025-04-04,消费者服务,,,,6.373825840651989
2025-04-04,煤炭,,,,2.19426387672623
2025-04-04,电力及公用事业,,,,4.78568451529507
2025-04-04,电力设备及新能源,,,,7.4352105934802575
2025-04-04,电子,,,,6.417112691888238
2025-04-04,石油石化,,,,4.313987529979875
2025-04-04,纺织服装,,,,5.0925110866024035
2025-04-04,综合,,,,6.229485421131055
2025-04-04,综合金融,,,,7.263250052928925
2025-04-04,计算机,,,,7.053790792698315
2025-04-04,轻工制造,,,,5.721752026746439
2025-04-04,通信,,,,7.19148025030811
2025-04-04,钢铁,,,,2.755443281852282
2025-04-04,银行,,,,1.5981845231283278
2025-04-04,非银行金融,,,,2.4776978832270418
2025-04-04,食品饮料,,,,4.453368576807958
2025-04-11,交通运输,1.9754325e+11,8.0370095e+12,0.024579199,21.838830064381323
2025-04-11,传媒,2.1187925e+11,8.0370095e+12,0.026362946,19.77381846921664
2025-04-11,农林牧渔,3.0232435e+11,8.0370095e+12,0.037616525,51.75022943360465
2025-04-11,医药,5.448548e+11,8.0370095e+12,0.06779323,18.89687401769611
2025-04-11,商贸零售,1.6103993e+11,8.0370095e+12,0.020037295,23.755582807155754
2025-04-11,国防军工,2.2124167e+11,8.0370095e+12,0.02752786,22.86559087973981
2025-04-11,基础化工,5.179335e+11,8.0370095e+12,0.06444356,22.88686599926642
2025-04-11,家电,1.2652738e+11,8.0370095e+12,0.015743092,17.140304718698776
2025-04-11,建材,6.0452962e+10,8.0370095e+12,0.007521823,16.681392780372075
2025-04-11,建筑,1.4418384e+11,8.0370095e+12,0.017939987,20.770255178030283
2025-04-11,房地产,9.992176e+10,8.0370095e+12,0.012432704,12.894202834030366
2025-04-11,有色金属,3.3873353e+11,8.0370095e+12,0.042146713,19.88623762512207
2025-04-11,机械,7.2471124e+11,8.0370095e+12,0.090171754,29.183321938244017
2025-04-11,汽车,3.7514864e+11,8.0370095e+12,0.04667764,24.33969233016814
2025-04-11,消费者服务,9.267638e+10,8.0370095e+12,0.011531202,26.630223325320653
2025-04-11,煤炭,4.607837e+10,8.0370095e+12,0.005733273,6.9113333688841925
2025-04-11,电力及公用事业,2.650803e+11,8.0370095e+12,0.032982457,15.915924930676622
2025-04-11,电力设备及新能源,4.818467e+11,8.0370095e+12,0.05995348,22.433071620456804
2025-04-11,电子,1.0673546e+12,8.0370095e+12,0.13280495,24.149745097247564
2025-04-11,石油石化,6.1661913e+10,8.0370095e+12,0.007672246,13.245482672865574
2025-04-11,纺织服装,5.315332e+10,8.0370095e+12,0.0066135693,17.979925312177098
2025-04-11,综合,1.5687811e+10,8.0370095e+12,0.0019519463,17.073754111925762
2025-04-11,综合金融,1.7721137e+10,8.0370095e+12,0.0022049416,21.91275062561035
2025-04-11,计算机,7.246696e+11,8.0370095e+12,0.090166576,27.141483022642003
2025-04-11,轻工制造,9.67292e+10,8.0370095e+12,0.012035472,21.512067925098332
2025-04-11,通信,2.7043596e+11,8.0370095e+12,0.03364883,24.264967004137656
2025-04-11,钢铁,6.475675e+10,8.0370095e+12,0.008057319,9.138742309350233
2025-04-11,银行,1.890509e+11,8.0370095e+12,0.023522543,5.159961914732342
2025-04-11,非银行金融,2.777213e+11,8.0370095e+12,0.0345553,8.296337134497506
2025-04-11,食品饮料,2.8345526e+11,8.0370095e+12,0.035268746,27.799306799064983
2025-04-18,交通运输,1.5956948e+11,5.522986e+12,0.028891884,19.98241597462085
2025-04-18,传媒,1.5131168e+11,5.522986e+12,0.027396716,14.96720713334726
2025-04-18,农林牧渔,1.4247236e+11,5.522986e+12,0.025796257,29.58212491444179
2025-04-18,医药,3.3588704e+11,5.522986e+12,0.060816202,12.60877343292894
2025-04-18,商贸零售,1.7217044e+11,5.522986e+12,0.031173434,30.02435950591014
2025-04-18,国防军工,1.4042099e+11,5.522986e+12,0.02542483,15.010570232533226
2025-04-18,基础化工,4.1375787e+11,5.522986e+12,0.07491561,19.394227199994244
2025-04-18,家电,8.5078884e+10,5.522986e+12,0.015404508,13.3965667003677
2025-04-18,建材,4.405635e+10,5.522986e+12,0.007976907,12.099520095757075
2025-04-18,建筑,9.606678e+10,5.522986e+12,0.017393993,15.39332156093574
2025-04-18,房地产,9.329812e+10,5.522986e+12,0.016892696,12.195000104746729
2025-04-18,有色金属,2.3394361e+11,5.522986e+12,0.042358175,13.710152096748352
2025-04-18,机械,4.93172e+11,5.522986e+12,0.08929445,20.100767857633357
2025-04-18,汽车,2.5995742e+11,5.522986e+12,0.047068276,17.0179319405748
2025-04-18,消费者服务,8.6021775e+10,5.522986e+12,0.015575229,25.85962696160589
2025-04-18,煤炭,2.6608632e+10,5.522986e+12,0.0048177983,4.1128861010074615
2025-04-18,电力及公用事业,1.8299596e+11,5.522986e+12,0.033133518,11.774574621535805
2025-04-18,电力设备及新能源,2.914911e+11,5.522986e+12,0.052777804,15.015302241976705
2025-04-18,电子,7.576127e+11,5.522986e+12,0.13717447,16.619215866899104
2025-04-18,石油石化,3.6518777e+10,5.522986e+12,0.0066121435,11.427099907627472
2025-04-18,纺织服装,5.409108e+10,5.522986e+12,0.009793811,19.03260296282142
2025-04-18,综合,1.8307762e+10,5.522986e+12,0.0033148304,17.522745857636135
2025-04-18,综合金融,1.6592181e+10,5.522986e+12,0.0030042047,20.279660177230834
2025-04-18,计算机,4.7211328e+11,5.522986e+12,0.085481524,18.524088044352517
2025-04-18,轻工制造,8.895769e+10,5.522986e+12,0.01610681,21.90187901431738
2025-04-18,通信,1.7070881e+11,5.522986e+12,0.03090879,16.555634637032785
2025-04-18,钢铁,3.879733e+10,5.522986e+12,0.007024701,5.414661546166126
2025-04-18,银行,1.18939795e+11,5.522986e+12,0.021535415,3.2147738422666277
2025-04-18,非银行金融,1.2827263e+11,5.522986e+12,0.023225231,4.252649972268514
2025-04-18,食品饮料,2.1211803e+11,5.522986e+12,0.038406402,27.80288101958506
2025-04-25,交通运输,1.379341e+11,5.7142894e+12,0.02413845,17.967925028935557
2025-04-25,传媒,1.6670817e+11,5.7142894e+12,0.02917391,14.667436216739898
2025-04-25,农林牧渔,9.838768e+10,5.7142894e+12,0.017217834,20.12366189275469
2025-04-25,医药,3.8325164e+11,5.7142894e+12,0.067068994,14.308580957851836
2025-04-25,商贸零售,1.5790239e+11,5.7142894e+12,0.0276329,27.928699030325962
2025-04-25,国防军工,1.29725506e+11,5.7142894e+12,0.022701949,14.602755385982103
2025-04-25,基础化工,4.53462e+11,5.7142894e+12,0.0793558,19.92465590539488
2025-04-25,家电,8.109142e+10,5.7142894e+12,0.01419099,12.105455919390632
2025-04-25,建材,4.600099e+10,5.7142894e+12,0.008050168,13.240260765666054
2025-04-25,建筑,1.0656374e+11,5.7142894e+12,0.018648643,15.426341063405838
2025-04-25,房地产,1.1224881e+11,5.7142894e+12,0.019643528,15.852434830283219
2025-04-25,有色金属,2.5293965e+11,5.7142894e+12,0.04426441,14.754281755447387
2025-04-25,机械,5.35233e+11,5.7142894e+12,0.09366572,21.43697418945102
2025-04-25,汽车,3.024427e+11,5.7142894e+12,0.052927442,20.609765595912933
2025-04-25,消费者服务,6.0748325e+10,5.7142894e+12,0.01063095,21.64151438644954
2025-04-25,煤炭,2.5834189e+10,5.7142894e+12,0.00452098,4.739566698670387
2025-04-25,电力及公用事业,1.8779257e+11,5.7142894e+12,0.03286368,12.95565062683222
2025-04-25,电力设备及新能源,3.1669302e+11,5.7142894e+12,0.055421244,15.420830868020042
2025-04-25,电子,6.782975e+11,5.7142894e+12,0.11870198,15.792301568073954
2025-04-25,石油石化,3.7176275e+10,5.7142894e+12,0.006505844,13.390765279244919
2025-04-25,纺织服装,4.8122216e+10,5.7142894e+12,0.008421383,16.720662747970735
2025-04-25,综合,2.2901146e+10,5.7142894e+12,0.004007698,19.011812776327133
2025-04-25,综合金融,3.5897e+10,5.7142894e+12,0.006281971,30.02168893814087
2025-04-25,计算机,5.5191e+11,5.7142894e+12,0.096584186,21.532651496464826
2025-04-25,轻工制造,8.9422275e+10,5.7142894e+12,0.015648888,20.49492151099582
2025-04-25,通信,2.3648061e+11,5.7142894e+12,0.04138408,22.08236044020422
2025-04-25,钢铁,4.0757748e+10,5.7142894e+12,0.0071326015,6.520611510826991
2025-04-25,银行,1.05528435e+11,5.7142894e+12,0.018467464,3.2748166890371415
2025-04-25,非银行金融,1.3808342e+11,5.7142894e+12,0.024164584,4.62089141117675
2025-04-25,食品饮料,1.7289282e+11,5.7142894e+12,0.030256223,23.221966025052648
2025-05-02,交通运输,,,,7.667879812659756
2025-05-02,传媒,,,,9.895617710360398
2025-05-02,农林牧渔,,,,9.41795809382484
2025-05-02,医药,,,,7.620004068463134
2025-05-02,商贸零售,,,,12.43031925528955
2025-05-02,国防军工,,,,7.33007768560047
2025-05-02,基础化工,,,,11.769376665295907
2025-05-02,家电,,,,8.30169517014708
2025-05-02,建材,,,,8.584278562239238
2025-05-02,建筑,,,,8.78635711675407
2025-05-02,房地产,,,,8.183575429725197
2025-05-02,有色金属,,,,6.727532769441605
2025-05-02,机械,,,,12.389288120069075
2025-05-02,汽车,,,,12.162528430700302
2025-05-02,消费者服务,,,,10.462600009781974
2025-05-02,煤炭,,,,3.285997263259358
2025-05-02,电力及公用事业,,,,8.721421816984119
2025-05-02,电力设备及新能源,,,,9.7486835518846
2025-05-02,电子,,,,9.390593717616747
2025-05-02,石油石化,,,,7.330055666944156
2025-05-02,纺织服装,,,,10.227314034495691
2025-05-02,综合,,,,11.636029243469238
2025-05-02,综合金融,,,,11.803730010986328
2025-05-02,计算机,,,,12.521456518794169
2025-05-02,轻工制造,,,,11.162353493099989
2025-05-02,通信,,,,11.928990303028014
2025-05-02,钢铁,,,,4.223190375245535
2025-05-02,银行,,,,2.4912309667893817
2025-05-02,非银行金融,,,,2.6015242900167195
2025-05-02,食品饮料,,,,9.999719685903102
2025-05-09,交通运输,9.339893e+10,5.390798e+12,0.017325623,10.099004832486953
2025-05-09,传媒,1.7423784e+11,5.390798e+12,0.032321345,14.915883588790894
2025-05-09,农林牧渔,8.191756e+10,5.390798e+12,0.015195813,16.66847621372768
2025-05-09,医药,3.0154336e+11,5.390798e+12,0.055936683,10.977005880696295
2025-05-09,商贸零售,9.2432925e+10,5.390798e+12,0.017146427,16.233941713004437
2025-05-09,国防军工,2.3738871e+11,5.390798e+12,0.044035915,24.441757799180085
2025-05-09,基础化工,3.9911585e+11,5.390798e+12,0.07403651,17.34106671538168
2025-05-09,家电,9.756778e+10,5.390798e+12,0.018098949,14.888367965107872
2025-05-09,建材,3.9837667e+10,5.390798e+12,0.007389939,11.713951231468291
2025-05-09,建筑,9.832796e+10,5.390798e+12,0.018239964,13.912585812586325
2025-05-09,房地产,7.570547e+10,5.390798e+12,0.014043462,10.255109459724066
2025-05-09,有色金属,1.7678493e+11,5.390798e+12,0.032793835,12.028555126190186
2025-05-09,机械,5.9155376e+11,5.390798e+12,0.10973399,21.53182275582467
2025-05-09,汽车,3.0993786e+11,5.390798e+12,0.057493877,21.0818704624176
2025-05-09,消费者服务,3.3539789e+10,5.390798e+12,0.0062216744,10.979526736906596
2025-05-09,煤炭,2.2025173e+10,5.390798e+12,0.004085698,3.7444916665554047
2025-05-09,电力及公用事业,1.5136809e+11,5.390798e+12,0.028078977,10.760817052763805
2025-05-09,电力设备及新能源,3.304825e+11,5.390798e+12,0.061304934,15.06899210030348
2025-05-09,电子,6.3038344e+11,5.390798e+12,0.116936944,14.897562611757255
2025-05-09,石油石化,3.1562666e+10,5.390798e+12,0.0058549154,10.64610756532504
2025-05-09,纺织服装,6.0626096e+10,5.390798e+12,0.011246219,18.144108188272728
2025-05-09,综合,1.3908942e+10,5.390798e+12,0.0025801267,13.267941683530807
2025-05-09,综合金融,1.7832497e+10,5.390798e+12,0.0033079514,18.417580223083498
2025-05-09,计算机,5.799229e+11,5.390798e+12,0.107576445,20.499856269459208
2025-05-09,轻工制造,8.850501e+10,5.390798e+12,0.016417794,16.78704932332039
2025-05-09,通信,2.4787737e+11,5.390798e+12,0.045981575,21.802435472607613
2025-05-09,钢铁,3.607848e+10,5.390798e+12,0.006692605,5.701821139225593
2025-05-09,银行,1.1196587e+11,5.390798e+12,0.020769814,3.391011882395971
2025-05-09,非银行金融,1.4527403e+11,5.390798e+12,0.02694852,4.778335701567786
2025-05-09,食品饮料,1.1752688e+11,5.390798e+12,0.021801388,12.421828817237508
2025-05-16,交通运输,1.8524461e+11,6.3089415e+12,0.029362233,22.578886891565016
2025-05-16,传媒,1.5404374e+11,6.3089415e+12,0.024416734,13.719424214533397
2025-05-16,农林牧渔,8.8377704e+10,6.3089415e+12,0.0140083255,18.795596186319987
2025-05-16,医药,3.721219e+11,6.3089415e+12,0.05898325,13.786270029873018
2025-05-16,商贸零售,1.2028076e+11,6.3089415e+12,0.019065125,21.52724871473405
2025-05-16,国防军工,3.0739815e+11,6.3089415e+12,0.048724204,28.892603346138948
2025-05-16,基础化工,4.8679882e+11,6.3089415e+12,0.07716014,21.517234597275557
2025-05-16,家电,9.877378e+10,6.3089415e+12,0.015656156,15.441460689618474
2025-05-16,建材,4.3141546e+10,6.3089415e+12,0.006838159,11.525251192705971
2025-05-16,建筑,1.10767776e+11,6.3089415e+12,0.017557267,17.01343509002968
2025-05-16,房地产,6.50559e+10,6.3089415e+12,0.010311698,9.176499084481653
2025-05-16,有色金属,2.1670026e+11,6.3089415e+12,0.034348115,14.450016045570374
2025-05-16,机械,7.108064e+11,6.3089415e+12,0.11266651,25.586687693906867
2025-05-16,汽车,3.7940422e+11,6.3089415e+12,0.06013754,22.599955236911775
2025-05-16,消费者服务,3.3258514e+10,6.3089415e+12,0.005271647,11.15046598655837
2025-05-16,煤炭,3.313664e+10,6.3089415e+12,0.0052523296,5.444327758418189
2025-05-16,电力及公用事业,1.703313e+11,6.3089415e+12,0.026998397,11.277432039380074
2025-05-16,电力设备及新能源,3.923327e+11,6.3089415e+12,0.06218677,17.408384284883176
2025-05-16,电子,6.658838e+11,6.3089415e+12,0.105546035,15.56198086244304
2025-05-16,石油石化,4.0883462e+10,6.3089415e+12,0.006480241,13.455399941366453
2025-05-16,纺织服装,8.000745e+10,6.3089415e+12,0.012681596,26.015222278508272
2025-05-16,综合,1.6029972e+10,6.3089415e+12,0.0025408338,15.386170844237009
2025-05-16,综合金融,2.0373051e+10,6.3089415e+12,0.0032292344,20.52043013572693
2025-05-16,计算机,5.6103227e+11,6.3089415e+12,0.08892653,21.212744871885995
2025-05-16,轻工制造,1.11463916e+11,6.3089415e+12,0.01766761,22.656729148570882
2025-05-16,通信,2.7735084e+11,6.3089415e+12,0.043961547,23.03070076963594
2025-05-16,钢铁,3.5740058e+10,6.3089415e+12,0.0056649847,6.606173171446874
2025-05-16,银行,1.4208238e+11,6.3089415e+12,0.022520794,4.530009492522194
2025-05-16,非银行金融,2.4550248e+11,6.3089415e+12,0.038913418,7.895825692585537
2025-05-16,食品饮料,1.4199733e+11,6.3089415e+12,0.022507314,14.049537069418214
2025-05-23,交通运输,1.61893e+11,5.8443615e+12,0.027700717,18.709137163335278
2025-05-23,传媒,1.7227388e+11,5.8443615e+12,0.029476937,16.023404230390277
2025-05-23,农林牧渔,9.490432e+10,5.8443615e+12,0.016238611,20.573340892791748
2025-05-23,医药,4.5524605e+11,5.8443615e+12,0.07789492,17.776871455799448
2025-05-23,商贸零售,1.2742533e+11,5.8443615e+12,0.021803122,22.68908539327603
2025-05-23,国防军工,2.0400839e+11,5.8443615e+12,0.034906875,20.311832242760776
2025-05-23,基础化工,4.932227e+11,5.8443615e+12,0.08439291,22.292051633237634
2025-05-23,家电,8.46106e+10,5.8443615e+12,0.014477303,13.70788452880723
2025-05-23,建材,4.616445e+10,5.8443615e+12,0.007898972,12.803359515610195
2025-05-23,建筑,1.1045947e+11,5.8443615e+12,0.018900177,19.013682154593646
2025-05-23,房地产,7.142905e+10,5.8443615e+12,0.012221874,11.594817879065028
2025-05-23,有色金属,2.0431467e+11,5.8443615e+12,0.03495928,14.120600791931153
2025-05-23,机械,6.074717e+11,5.8443615e+12,0.10394151,23.593119696603306
2025-05-23,汽车,4.374229e+11,5.8443615e+12,0.074845284,25.737601983070373
2025-05-23,消费者服务,3.607267e+10,5.8443615e+12,0.0061722174,12.756233896527972
2025-05-23,煤炭,3.4611266e+10,5.8443615e+12,0.005922164,6.758752869235145
2025-05-23,电力及公用事业,1.9679878e+11,5.8443615e+12,0.03367327,14.294580307707452
2025-05-23,电力设备及新能源,3.9801074e+11,5.8443615e+12,0.06810167,19.539813848411512
2025-05-23,电子,5.6930245e+11,5.8443615e+12,0.097410545,15.15250857307659
2025-05-23,石油石化,3.4659795e+10,5.8443615e+12,0.0059304675,11.347175093510977
2025-05-23,纺织服装,6.426783e+10,5.8443615e+12,0.010996552,19.946297993563643
2025-05-23,综合,2.050857e+10,5.8443615e+12,0.0035091206,18.57814560333888
2025-05-23,综合金融,1.4350913e+10,5.8443615e+12,0.0024555142,17.398040199279784
2025-05-23,计算机,4.1906527e+11,5.8443615e+12,0.0717042,18.773190544176234
2025-05-23,轻工制造,1.4201206e+11,5.8443615e+12,0.024298985,29.399634723029386
2025-05-23,通信,2.0853998e+11,5.8443615e+12,0.03568225,19.507293580039853
2025-05-23,钢铁,3.458704e+10,5.8443615e+12,0.005918019,6.817667353611726
2025-05-23,银行,1.1527921e+11,5.8443615e+12,0.019724859,3.72552380888235
2025-05-23,非银行金融,1.219884e+11,5.8443615e+12,0.020872835,4.144404263368675
2025-05-23,食品饮料,1.6204836e+11,5.8443615e+12,0.027727298,17.68086436842427
2025-05-30,交通运输,1.2697651e+11,5.444886e+12,0.023320325,13.75966366909204
2025-05-30,传媒,1.6994453e+11,5.444886e+12,0.03121177,15.62578147820064
2025-05-30,农林牧渔,7.379004e+10,5.444886e+12,0.013552173,14.421923845154899
2025-05-30,医药,4.6901504e+11,5.444886e+12,0.08613863,17.669727971076
2025-05-30,商贸零售,1.23124605e+11,5.444886e+12,0.022612888,20.96681349543692
2025-05-30,国防军工,1.7571632e+11,5.444886e+12,0.03227181,17.344522310682564
2025-05-30,基础化工,4.591672e+11,5.444886e+12,0.08432999,20.513288217725105
2025-05-30,家电,7.061708e+10,5.444886e+12,0.012969432,10.4841916007655
2025-05-30,建材,3.9970734e+10,5.444886e+12,0.007340968,11.116257072914214
2025-05-30,建筑,9.282651e+10,5.444886e+12,0.017048385,15.229264765242
2025-05-30,房地产,5.4449672e+10,5.444886e+12,0.010000149,9.452563144126028
2025-05-30,有色金属,1.5193119e+11,5.444886e+12,0.027903466,10.483172765731812
2025-05-30,机械,5.56883e+11,5.444886e+12,0.10227633,21.612365308533544
2025-05-30,汽车,3.8785116e+11,5.444886e+12,0.07123219,22.305032343387605
2025-05-30,消费者服务,2.622879e+10,5.444886e+12,0.004817142,9.73926070438964
2025-05-30,煤炭,2.3353747e+10,5.444886e+12,0.004289116,4.11946942574448
2025-05-30,电力及公用事业,1.8006758e+11,5.444886e+12,0.033070955,14.325071487771837
2025-05-30,电力设备及新能源,3.893517e+11,5.444886e+12,0.071507774,19.005755286546623
2025-05-30,电子,5.0745478e+11,5.444886e+12,0.09319842,13.029721521749728
2025-05-30,石油石化,3.2725193e+10,5.444886e+12,0.0060102623,9.0658519457166
2025-05-30,纺织服装,5.3946827e+10,5.444886e+12,0.009907797,18.08790506839752
2025-05-30,综合,2.0456129e+10,5.444886e+12,0.0037569434,18.440162460009258
2025-05-30,综合金融,1.973762e+10,5.444886e+12,0.0036249831,19.272380077838896
2025-05-30,计算机,4.6898237e+11,5.444886e+12,0.08613263,20.503090895318056
2025-05-30,轻工制造,1.3557015e+11,5.444886e+12,0.02489862,24.620553717447844
2025-05-30,通信,2.1778747e+11,5.444886e+12,0.039998535,20.636720948161617
2025-05-30,钢铁,2.7116644e+10,5.444886e+12,0.004980204,5.080161546285336
2025-05-30,银行,1.1804278e+11,5.444886e+12,0.021679569,3.9838404598690214
2025-05-30,非银行金融,9.928962e+10,5.444886e+12,0.01823539,3.199985741504601
2025-05-30,食品饮料,1.6934692e+11,5.444886e+12,0.031102015,17.562597039522547
2025-06-06,交通运输,1.0144537e+11,4.8160446e+12,0.021064043,10.818200867743261
2025-06-06,传媒,1.6718152e+11,4.8160446e+12,0.034713447,14.92718072448458
2025-06-06,农林牧渔,7.453327e+10,4.8160446e+12,0.015476035,13.18969042641776
2025-06-06,医药,4.594492e+11,4.8160446e+12,0.0953997,15.731200431350763
2025-06-06,商贸零售,9.460858e+10,4.8160446e+12,0.019644458,16.123267081466693
2025-06-06,国防军工,1.7388387e+11,4.8160446e+12,0.03610512,17.309888424952167
2025-06-06,基础化工,3.6287857e+11,4.8160446e+12,0.07534784,15.078651499516756
2025-06-06,家电,6.630767e+10,4.8160446e+12,0.013768077,9.230126163079625
2025-06-06,建材,4.100758e+10,4.8160446e+12,0.008514784,11.404885680192994
2025-06-06,建筑,9.105271e+10,4.8160446e+12,0.018906118,14.178900538403312
2025-06-06,房地产,5.0872152e+10,4.8160446e+12,0.010563057,8.34626598628062
2025-06-06,有色金属,1.6875892e+11,4.8160446e+12,0.03504098,11.06322896240219
2025-06-06,机械,4.172289e+11,4.8160446e+12,0.08663311,16.05909740242405
2025-06-06,汽车,2.6032166e+11,4.8160446e+12,0.054053,15.079560932885128
2025-06-06,消费者服务,3.2743231e+10,4.8160446e+12,0.006798781,11.691092848777771
2025-06-06,煤炭,2.3961045e+10,4.8160446e+12,0.004975254,4.069413913620843
2025-06-06,电力及公用事业,1.2971209e+11,4.8160446e+12,0.026933324,10.02047670044397
2025-06-06,电力设备及新能源,2.9207904e+11,4.8160446e+12,0.06064708,14.775155519990712
2025-06-06,电子,4.743402e+11,4.8160446e+12,0.098491654,11.349620131760593
2025-06-06,石油石化,2.3888722e+10,4.8160446e+12,0.004960237,7.74793456810025
2025-06-06,纺织服装,4.9606214e+10,4.8160446e+12,0.010300199,16.408053953647613
2025-06-06,综合,2.1796307e+10,4.8160446e+12,0.0045257695,15.670266687870026
2025-06-06,综合金融,2.925251e+10,4.8160446e+12,0.00607397,29.4047491312027
2025-06-06,计算机,4.691489e+11,4.8160446e+12,0.09741373,19.013819821365697
2025-06-06,轻工制造,1.0944779e+11,4.8160446e+12,0.02272566,20.564480846327854
2025-06-06,通信,2.2006371e+11,4.8160446e+12,0.04569387,19.39349997283951
2025-06-06,钢铁,2.56104e+10,4.8160446e+12,0.005317725,4.370921170482268
2025-06-06,银行,1.1353561e+11,4.8160446e+12,0.023574451,4.139283314347267
2025-06-06,非银行金融,1.2570256e+11,4.8160446e+12,0.026100788,4.762256542409676
2025-06-06,食品饮料,1.3843544e+11,4.8160446e+12,0.028744636,13.949302208694546
2025-06-13,交通运输,1.482436e+11,6.8242244e+12,0.021723142,16.569662821869695
2025-06-13,传媒,2.874666e+11,6.8242244e+12,0.042124435,26.514975672108786
2025-06-13,农林牧渔,9.940208e+10,6.8242244e+12,0.014566063,16.895531468164354
2025-06-13,医药,6.7866277e+11,6.8242244e+12,0.09944907,21.547711138551183
2025-06-13,商贸零售,1.2250558e+11,6.8242244e+12,0.017951576,21.48940659958182
2025-06-13,国防军工,2.1346483e+11,6.8242244e+12,0.031280454,20.73649171561249
2025-06-13,基础化工,5.2746564e+11,6.8242244e+12,0.07729313,22.729526757269866
2025-06-13,家电,8.661112e+10,6.8242244e+12,0.012691716,14.604249893909408
2025-06-13,建材,4.6306427e+10,6.8242244e+12,0.006785596,13.28704284912064
2025-06-13,建筑,1.0885909e+11,6.8242244e+12,0.015951863,17.848879636805734
2025-06-13,房地产,7.018382e+10,6.8242244e+12,0.010284512,11.274163218039387
2025-06-13,有色金属,3.1799352e+11,6.8242244e+12,0.046597753,20.8214418916933
2025-06-13,机械,5.698502e+11,6.8242244e+12,0.08350402,22.27355614809155
2025-06-13,汽车,3.6400985e+11,6.8242244e+12,0.053340837,22.334854187718424
2025-06-13,消费者服务,5.2139033e+10,6.8242244e+12,0.007640287,18.099300060953414
2025-06-13,煤炭,3.3758902e+10,6.8242244e+12,0.0049469215,5.949211090803146
2025-06-13,电力及公用事业,1.6409092e+11,6.8242244e+12,0.02404536,12.750878467240877
2025-06-13,电力设备及新能源,4.0109323e+11,6.8242244e+12,0.05877492,19.199546134584
2025-06-13,电子,6.8752717e+11,6.8242244e+12,0.10074803,17.04728297880165
2025-06-13,石油石化,5.497157e+10,6.8242244e+12,0.008055357,17.597474933816837
2025-06-13,纺织服装,6.7930636e+10,6.8242244e+12,0.009954338,21.824278742074966
2025-06-13,综合,2.2662488e+10,6.8242244e+12,0.0033208884,18.250224848588307
2025-06-13,综合金融,2.9534376e+10,6.8242244e+12,0.004327873,30.892590045928955
2025-06-13,计算机,6.195764e+11,6.8242244e+12,0.09079075,24.77645290196772
2025-06-13,轻工制造,1.4981847e+11,6.8242244e+12,0.02195392,27.51866345943054
2025-06-13,通信,3.095527e+11,6.8242244e+12,0.045360863,27.24645646301008
2025-06-13,钢铁,3.488809e+10,6.8242244e+12,0.005112389,6.812419276971084
2025-06-13,银行,1.4945555e+11,6.8242244e+12,0.021900738,4.479269073123024
2025-06-13,非银行金融,2.215675e+11,6.8242244e+12,0.032467794,8.592998560787976
2025-06-13,食品饮料,1.7325541e+11,6.8242244e+12,0.025388293,13.066605334932154
2025-06-20,交通运输,1.23622695e+11,6.046305e+12,0.02044599,13.889888860525623
2025-06-20,传媒,2.4578856e+11,6.046305e+12,0.040651035,21.540317898988725
2025-06-20,农林牧渔,6.851413e+10,6.046305e+12,0.01133157,13.223173222087679
2025-06-20,医药,5.041159e+11,6.046305e+12,0.08337586,16.118803180980876
2025-06-20,商贸零售,9.035503e+10,6.046305e+12,0.014943843,15.08581258139564
2025-06-20,国防军工,2.2537493e+11,6.046305e+12,0.03727482,23.240580917389924
2025-06-20,基础化工,4.5577634e+11,6.046305e+12,0.075380966,19.65789307214955
2025-06-20,家电,7.27747e+10,6.046305e+12,0.012036226,13.225789242557116
2025-06-20,建材,4.01162e+10,6.046305e+12,0.0066348286,10.904817865717979
2025-06-20,建筑,8.453222e+10,6.046305e+12,0.013980807,13.359667902743375
2025-06-20,房地产,5.9532698e+10,6.046305e+12,0.0098461285,8.825232062137351
2025-06-20,有色金属,2.289773e+11,6.046305e+12,0.037870616,15.52682909273332
2025-06-20,机械,5.629541e+11,6.046305e+12,0.09310713,21.741261267420875
2025-06-20,汽车,2.5967863e+11,6.046305e+12,0.042948317,16.75934538019606
2025-06-20,消费者服务,3.6427506e+10,6.046305e+12,0.0060247546,13.059737490756172
2025-06-20,煤炭,3.058086e+10,6.046305e+12,0.0050577763,6.036197162336773
2025-06-20,电力及公用事业,1.529868e+11,6.046305e+12,0.025302526,12.154806614314255
2025-06-20,电力设备及新能源,3.454836e+11,6.046305e+12,0.057139624,15.860072705812962
2025-06-20,电子,7.254271e+11,6.046305e+12,0.11997858,20.202448819451003
2025-06-20,石油石化,1.0257093e+11,6.046305e+12,0.016964233,38.05754373165277
2025-06-20,纺织服装,4.7616164e+10,6.046305e+12,0.00787525,14.918916876912117
2025-06-20,综合,2.0902597e+10,6.046305e+12,0.003457086,14.664279083410898
2025-06-20,综合金融,4.391994e+10,6.046305e+12,0.0072639305,36.025059652328494
2025-06-20,计算机,6.2064014e+11,6.046305e+12,0.10264783,24.82926019719052
2025-06-20,轻工制造,1.2300866e+11,6.046305e+12,0.020344434,21.94741107962724
2025-06-20,通信,2.8797485e+11,6.046305e+12,0.047628235,22.807733113727263
2025-06-20,钢铁,3.1876772e+10,6.046305e+12,0.0052721077,6.474578850544416
2025-06-20,银行,1.3837892e+11,6.046305e+12,0.022886526,4.216149965922038
2025-06-20,非银行金融,1.6029334e+11,6.046305e+12,0.026510958,6.39009564164756
2025-06-20,食品饮料,1.4469942e+11,6.046305e+12,0.023931876,10.132316701339953
2025-06-27,交通运输,1.4705228e+11,7.391434e+12,0.01989496,15.897102390085497
2025-06-27,传媒,2.1886557e+11,7.391434e+12,0.029610703,20.148015018871853
2025-06-27,农林牧渔,5.9857097e+10,7.391434e+12,0.008098171,11.38384382043566
2025-06-27,医药,4.240912e+11,7.391434e+12,0.057376035,13.374349003993958
2025-06-27,商贸零售,9.929708e+10,7.391434e+12,0.013434075,15.596000073604213
2025-06-27,国防军工,3.18975e+11,7.391434e+12,0.04315468,31.048836292314135
2025-06-27,基础化工,5.977378e+11,7.391434e+12,0.08086899,23.103448620600293
2025-06-27,家电,8.4458775e+10,7.391434e+12,0.011426575,14.021272603954587
2025-06-27,建材,3.9736775e+10,7.391434e+12,0.0053760572,11.208047595762071
2025-06-27,建筑,1.1267722e+11,7.391434e+12,0.015244297,15.34221735044762
2025-06-27,房地产,5.980556e+10,7.391434e+12,0.008091198,8.312393349296642
2025-06-27,有色金属,2.4988687e+11,7.391434e+12,0.033807628,15.965704846766688
2025-06-27,机械,6.4035416e+11,7.391434e+12,0.08663463,24.085403940581173
2025-06-27,汽车,3.3880778e+11,7.391434e+12,0.045837894,22.0374741404655
2025-06-27,消费者服务,4.3206214e+10,7.391434e+12,0.005845444,14.817219627755028
2025-06-27,煤炭,3.3203757e+10,7.391434e+12,0.004492194,5.5172166128953295
2025-06-27,电力及公用事业,1.5946416e+11,7.391434e+12,0.021574184,11.517834275045939
2025-06-27,电力设备及新能源,4.4537984e+11,7.391434e+12,0.060256213,18.633025080059017
2025-06-27,电子,9.4720976e+11,7.391434e+12,0.12814966,25.81967782177906
2025-06-27,石油石化,8.137754e+10,7.391434e+12,0.011009709,31.36502121732785
2025-06-27,纺织服装,5.0182455e+10,7.391434e+12,0.0067892717,15.480122984647751
2025-06-27,综合,3.0432213e+10,7.391434e+12,0.004117227,21.896087388197582
2025-06-27,综合金融,5.9176354e+10,7.391434e+12,0.008006072,47.2931489944458
2025-06-27,计算机,9.069446e+11,7.391434e+12,0.12270211,31.812137690427242
2025-06-27,轻工制造,1.2736392e+11,7.391434e+12,0.017231287,20.316947434678934
2025-06-27,通信,3.24621e+11,7.391434e+12,0.043918543,26.255687126949912
2025-06-27,钢铁,3.7863584e+10,7.391434e+12,0.00512263,7.8827980642135325
2025-06-27,银行,2.05563e+11,7.391434e+12,0.027810976,6.52212856780915
2025-06-27,非银行金融,4.0538636e+11,7.391434e+12,0.054845426,12.238314447195634
2025-06-27,食品饮料,1.3232576e+11,7.391434e+12,0.017902583,10.444913662744291
2025-07-04,交通运输,1.1078099e+11,7.159933e+12,0.015472351,6.233365717674455
2025-07-04,传媒,2.1184145e+11,7.159933e+12,0.029587073,9.021177109863077
2025-07-04,农林牧渔,8.279525e+10,7.159933e+12,0.011563691,7.982267602426665
2025-07-04,医药,5.4702614e+11,7.159933e+12,0.07640102,8.76341635226537
2025-07-04,商贸零售,1.0225428e+11,7.159933e+12,0.014281458,7.450848532894861
2025-07-04,国防军工,3.6192535e+11,7.159933e+12,0.050548706,15.500964389359655
2025-07-04,基础化工,5.75e+11,7.159933e+12,0.08030802,11.079320514877868
2025-07-04,家电,8.248595e+10,7.159933e+12,0.011520493,6.9027136752293226
2025-07-04,建材,6.903482e+10,7.159933e+12,0.009641825,8.633189335421083
2025-07-04,建筑,1.0777522e+11,7.159933e+12,0.015052547,8.476158023064519
2025-07-04,房地产,6.5936105e+10,7.159933e+12,0.00920904,4.506530649749176
2025-07-04,有色金属,2.893403e+11,7.159933e+12,0.040411036,9.021851616280694
2025-07-04,机械,6.393497e+11,7.159933e+12,0.089295484,11.640521087495319
2025-07-04,汽车,2.9195914e+11,7.159933e+12,0.0407768,9.049245002082145
2025-07-04,消费者服务,4.440547e+10,7.159933e+12,0.006201939,7.4744875484279225
2025-07-04,煤炭,3.611611e+10,7.159933e+12,0.005044197,3.1879430280791388
2025-07-04,电力及公用事业,1.8383305e+11,7.159933e+12,0.025675248,6.386798199086466
2025-07-04,电力设备及新能源,4.8149306e+11,7.159933e+12,0.06724826,10.93898951792418
2025-07-04,电子,9.671537e+11,7.159933e+12,0.1350786,12.375714868578592
2025-07-04,石油石化,4.655779e+10,7.159933e+12,0.006502546,8.393569197792273
2025-07-04,纺织服装,6.066292e+10,7.159933e+12,0.008472554,8.219385502636433
2025-07-04,综合,2.0852281e+10,7.159933e+12,0.0029123572,8.291779161741337
2025-07-04,综合金融,4.477945e+10,7.159933e+12,0.006254172,18.546680042147635
2025-07-04,计算机,7.101158e+11,7.159933e+12,0.09917911,12.728320872418903
2025-07-04,轻工制造,1.30620785e+11,7.159933e+12,0.018243298,10.744788122917875
2025-07-04,通信,3.1407145e+11,7.159933e+12,0.04386514,12.309896099020637
2025-07-04,钢铁,6.208153e+10,7.159933e+12,0.008670687,6.14256535957639
2025-07-04,银行,1.5005671e+11,7.159933e+12,0.020957839,2.361897600371213
2025-07-04,非银行金融,2.3873816e+11,7.159933e+12,0.03334363,4.987691341291951
2025-07-04,食品饮料,1.2258031e+11,7.159933e+12,0.017120317,5.2272689390476
2025-07-11,交通运输,1.0685096e+11,7.4406035e+12,0.014360523,9.93144918353327
2025-07-11,传媒,2.4595138e+11,7.4406035e+12,0.033055298,20.583512060131344
2025-07-11,农林牧渔,8.834506e+10,7.4406035e+12,0.011873373,14.829092384520031
2025-07-11,医药,5.8387576e+11,7.4406035e+12,0.07847156,17.757739990737623
2025-07-11,商贸零售,1.1493916e+11,7.4406035e+12,0.015447559,16.809920576857586
2025-07-11,国防军工,2.2695892e+11,7.4406035e+12,0.030502757,20.627935334670642
2025-07-11,基础化工,5.2779735e+11,7.4406035e+12,0.07093475,19.218177204205865
2025-07-11,家电,7.876838e+10,7.4406035e+12,0.01058629,12.822034512247358
2025-07-11,建材,8.8629215e+10,7.4406035e+12,0.011911563,19.850867803607667
2025-07-11,建筑,1.3505432e+11,7.4406035e+12,0.018150989,19.55065546212373
2025-07-11,房地产,1.0672144e+11,7.4406035e+12,0.014343116,14.381435759787289
2025-07-11,有色金属,3.0540854e+11,7.4406035e+12,0.041046206,17.36982096202912
2025-07-11,机械,6.018101e+11,7.4406035e+12,0.080881886,20.846936270680732
2025-07-11,汽车,2.8513062e+11,7.4406035e+12,0.0383209,16.195508290571997
2025-07-11,消费者服务,4.7077507e+10,7.4406035e+12,0.0063271085,14.720071549926486
2025-07-11,煤炭,4.543097e+10,7.4406035e+12,0.006105818,7.745330590340826
2025-07-11,电力及公用事业,2.5350675e+11,7.4406035e+12,0.034070723,15.81578939682559
2025-07-11,电力设备及新能源,5.219751e+11,7.4406035e+12,0.07015225,24.340806842410824
2025-07-11,电子,8.5837834e+11,7.4406035e+12,0.115364075,21.513499007562196
2025-07-11,石油石化,5.2695994e+10,7.4406035e+12,0.0070822206,13.807998080666248
2025-07-11,纺织服装,6.0243538e+10,7.4406035e+12,0.0080965925,16.3720480209589
2025-07-11,综合,2.6706459e+10,7.4406035e+12,0.0035892867,19.765199939409893
2025-07-11,综合金融,5.2658463e+10,7.4406035e+12,0.007077176,45.21327095031738
2025-07-11,计算机,7.985569e+11,7.4406035e+12,0.107324205,26.76886229063475
2025-07-11,轻工制造,1.2416871e+11,7.4406035e+12,0.01668799,21.589905843569365
2025-07-11,通信,3.1912952e+11,7.4406035e+12,0.042890273,23.583431770161884
2025-07-11,钢铁,7.1564796e+10,7.4406035e+12,0.009618144,13.846190351706285
2025-07-11,银行,2.0008791e+11,7.4406035e+12,0.026891354,5.855711908567519
2025-07-11,非银行金融,3.6709433e+11,7.4406035e+12,0.049336635,13.242453590035439
2025-07-11,食品饮料,1.36797766e+11,7.4406035e+12,0.018385304,10.17965225017432
2025-07-18,交通运输,1.0601071e+11,7.6806965e+12,0.013802226,9.923808855395164
2025-07-18,传媒,2.609926e+11,7.6806965e+12,0.03398033,21.22344139473779
2025-07-18,农林牧渔,7.963942e+10,7.6806965e+12,0.010368776,13.789700015385945
2025-07-18,医药,6.5122265e+11,7.6806965e+12,0.08478693,18.54623969468644
2025-07-18,商贸零售,9.923827e+10,7.6806965e+12,0.012920478,15.491310877542869
2025-07-18,国防军工,2.4021023e+11,7.6806965e+12,0.03127454,18.85148997740312
2025-07-18,基础化工,4.882669e+11,7.6806965e+12,0.063570656,17.609246066506643
2025-07-18,家电,8.89988e+10,7.6806965e+12,0.011587334,12.520715379289218
2025-07-18,建材,6.8485153e+10,7.6806965e+12,0.008916529,16.062144032546453
2025-07-18,建筑,1.3249855e+11,7.6806965e+12,0.01725085,18.484117248911918
2025-07-18,房地产,1.02871e+11,7.6806965e+12,0.013393447,13.182606656596345
2025-07-18,有色金属,3.7628848e+11,7.6806965e+12,0.048991453,19.43959761531122
2025-07-18,机械,6.7197397e+11,7.6806965e+12,0.08748867,22.1429649845046
2025-07-18,汽车,3.7032467e+11,7.6806965e+12,0.048214987,20.67536735914618
2025-07-18,消费者服务,4.819466e+10,7.6806965e+12,0.006274777,15.08066794701985
2025-07-18,煤炭,4.0683885e+10,7.6806965e+12,0.0052969004,7.611805639333195
2025-07-18,电力及公用事业,2.2404833e+11,7.6806965e+12,0.029170314,13.69183795863364
2025-07-18,电力设备及新能源,5.019817e+11,7.6806965e+12,0.06535628,21.154435747843177
2025-07-18,电子,8.99256e+11,7.6806965e+12,0.11708001,19.736197562169547
2025-07-18,石油石化,4.6632395e+10,7.6806965e+12,0.0060713757,12.636623560797934
2025-07-18,纺织服装,5.8048418e+10,7.6806965e+12,0.0075577023,16.72527300477028
2025-07-18,综合,2.5138416e+10,7.6806965e+12,0.0032729344,20.125896155834198
2025-07-18,综合金融,3.2363338e+10,7.6806965e+12,0.004213594,32.097019577026366
2025-07-18,计算机,8.864025e+11,7.6806965e+12,0.11540653,28.949531238723267
2025-07-18,轻工制造,1.1055522e+11,7.6806965e+12,0.014393905,17.591201724344597
2025-07-18,通信,4.087335e+11,7.6806965e+12,0.053215683,25.4912041474164
2025-07-18,钢铁,7.485557e+10,7.6806965e+12,0.009745935,11.821228962678175
2025-07-18,银行,1.5704454e+11,7.6806965e+12,0.020446653,4.561240478640511
2025-07-18,非银行金融,2.8392138e+11,7.6806965e+12,0.03696558,10.62750721755235
2025-07-18,食品饮料,1.35211114e+11,7.6806965e+12,0.017604018,10.19556060884938
2025-07-25,交通运输,1.713247e+11,9.193602e+12,0.01863521,12.959264518272493
2025-07-25,传媒,2.2710508e+11,9.193602e+12,0.024702514,18.434269981724874
2025-07-25,农林牧渔,1.15395035e+11,9.193602e+12,0.012551667,17.786999926112948
2025-07-25,医药,7.9424016e+11,9.193602e+12,0.08639053,22.203267433294435
2025-07-25,商贸零售,1.064455e+11,9.193602e+12,0.011578214,16.049878462856892
2025-07-25,国防军工,2.9817468e+11,9.193602e+12,0.032432847,21.935092535885897
2025-07-25,基础化工,6.539188e+11,9.193602e+12,0.07112759,21.671591322394413
2025-07-25,家电,1.0274761e+11,9.193602e+12,0.011175991,14.153707105489005
2025-07-25,建材,1.6836316e+11,9.193602e+12,0.01831308,30.55145601999192
2025-07-25,建筑,3.1356446e+11,9.193602e+12,0.034106813,28.774133251772987
2025-07-25,房地产,1.09734265e+11,9.193602e+12,0.011935938,11.911812285207352
2025-07-25,有色金属,5.672345e+11,9.193602e+12,0.061698835,25.768891797911735
2025-07-25,机械,8.69694e+11,9.193602e+12,0.09459774,27.195161740100158
2025-07-25,汽车,3.4803886e+11,9.193602e+12,0.03785664,18.34729165859906
2025-07-25,消费者服务,6.990901e+10,9.193602e+12,0.0076040938,17.80118023923465
2025-07-25,煤炭,1.0509007e+11,9.193602e+12,0.011430783,15.676052610079447
2025-07-25,电力及公用事业,2.6414327e+11,9.193602e+12,0.028731206,14.24067073253565
2025-07-25,电力设备及新能源,6.54815e+11,9.193602e+12,0.07122508,23.95548590260987
2025-07-25,电子,9.2187964e+11,9.193602e+12,0.10027404,20.01512988914143
2025-07-25,石油石化,6.7707216e+10,9.193602e+12,0.007364602,14.312403941855711
2025-07-25,纺织服装,5.9911475e+10,9.193602e+12,0.006516649,16.77591010451317
2025-07-25,综合,2.930001e+10,9.193602e+12,0.0031870003,23.7596608037534
2025-07-25,综合金融,2.5943747e+10,9.193602e+12,0.0028219349,25.078780269622804
2025-07-25,计算机,7.8237965e+11,9.193602e+12,0.08510045,26.24105934777964
2025-07-25,轻工制造,1.0981722e+11,9.193602e+12,0.011944961,17.52644154791198
2025-07-25,通信,3.5544442e+11,9.193602e+12,0.03866215,22.99207522439175
2025-07-25,钢铁,1.2942259e+11,9.193602e+12,0.014077463,20.154307420437153
2025-07-25,银行,1.807461e+11,9.193602e+12,0.019659987,4.850957189287458
2025-07-25,非银行金融,4.202071e+11,9.193602e+12,0.04570647,12.609069569819216
2025-07-25,食品饮料,1.6364636e+11,9.193602e+12,0.017800026,11.411962148818104
2025-08-01,交通运输,1.338945e+11,8.997718e+12,0.014880938,5.135062181610402
2025-08-01,传媒,3.060272e+11,8.997718e+12,0.034011643,11.995067804945366
2025-08-01,农林牧渔,9.221828e+10,8.997718e+12,0.010249074,7.55343428339277
2025-08-01,医药,9.892116e+11,8.997718e+12,0.10994027,13.15191515841014
2025-08-01,商贸零售,1.0645442e+11,8.997718e+12,0.011831268,8.02417593073173
2025-08-01,国防军工,3.5591183e+11,8.997718e+12,0.039555788,13.068223616924168
2025-08-01,基础化工,5.676886e+11,8.997718e+12,0.06309251,9.308246603329094
2025-08-01,家电,1.0455815e+11,8.997718e+12,0.011620518,7.178033366400216
2025-08-01,建材,9.099311e+10,8.997718e+12,0.010112909,9.836526154939618
2025-08-01,建筑,2.279649e+11,8.997718e+12,0.025335856,10.794128112035033
2025-08-01,房地产,1.1682886e+11,8.997718e+12,0.012984276,5.932610359675479
2025-08-01,有色金属,4.3742836e+11,8.997718e+12,0.048615474,9.232423342824463
2025-08-01,机械,7.632291e+11,8.997718e+12,0.08482474,12.143811654164718
2025-08-01,汽车,3.2134293e+11,8.997718e+12,0.035713825,8.501793236312164
2025-08-01,消费者服务,6.5253994e+10,8.997718e+12,0.0072522825,9.14663209340402
2025-08-01,煤炭,5.508158e+10,8.997718e+12,0.006121727,4.375416686137517
2025-08-01,电力及公用事业,1.843111e+11,8.997718e+12,0.020484203,5.656177076759167
2025-08-01,电力设备及新能源,5.0820576e+11,8.997718e+12,0.056481626,8.687408153423135
2025-08-01,电子,1.1551551e+12,8.997718e+12,0.12838311,11.61037319447055
2025-08-01,石油石化,6.0572684e+10,8.997718e+12,0.0067320047,7.584165711174993
2025-08-01,纺织服装,6.1206827e+10,8.997718e+12,0.006802483,8.70922201871872
2025-08-01,综合,1.9283405e+10,8.997718e+12,0.002143144,7.9053108458933625
2025-08-01,综合金融,2.133845e+10,8.997718e+12,0.00237154,9.794095188379288
2025-08-01,计算机,8.680613e+11,8.997718e+12,0.09647571,13.750601958390066
2025-08-01,轻工制造,1.1596903e+11,8.997718e+12,0.012888716,10.150434742071505
2025-08-01,通信,4.5774648e+11,8.997718e+12,0.05087362,13.484991353127311
2025-08-01,钢铁,1.1357408e+11,8.997718e+12,0.012622542,7.926519218259132
2025-08-01,银行,1.6643215e+11,8.997718e+12,0.01849715,2.2314535739521184
2025-08-01,非银行金融,3.5550514e+11,8.997718e+12,0.03951059,4.99583838140403
2025-08-01,食品饮料,1.7090691e+11,8.997718e+12,0.018994471,6.894397328466629
2025-08-08,交通运输,1.052177e+11,8.4282793e+12,0.012483889,9.220005634354383
2025-08-08,传媒,2.9293733e+11,8.4282793e+12,0.03475648,20.9614935534341
2025-08-08,农林牧渔,7.728744e+10,8.4282793e+12,0.009170014,13.348639009112404
2025-08-08,医药,8.3420846e+11,8.4282793e+12,0.09897731,23.71431701818133
2025-08-08,商贸零售,8.375094e+10,8.4282793e+12,0.009936896,13.984818627436956
2025-08-08,国防军工,4.3939306e+11,8.4282793e+12,0.052133188,34.98187614078364
2025-08-08,基础化工,5.215646e+11,8.4282793e+12,0.06188269,18.63739977567412
2025-08-08,家电,1.08363416e+11,8.4282793e+12,0.012857122,16.75885121524334
2025-08-08,建材,6.5392624e+10,8.4282793e+12,0.0077587157,14.450058392116002
2025-08-08,建筑,1.7753483e+11,8.4282793e+12,0.021064185,20.100998242696125
2025-08-08,房地产,9.289406e+10,8.4282793e+12,0.011021711,9.844728242676213
2025-08-08,有色金属,3.885776e+11,8.4282793e+12,0.046104025,18.091531523773746
2025-08-08,机械,9.715699e+11,8.4282793e+12,0.115274996,28.091380754359033
2025-08-08,汽车,3.8106e+11,8.4282793e+12,0.045212075,21.335558953513186
2025-08-08,消费者服务,5.2678033e+10,8.4282793e+12,0.006250153,15.741564307894025
2025-08-08,煤炭,3.87576e+10,8.4282793e+12,0.004598519,6.190122240119511
2025-08-08,电力及公用事业,1.6442527e+11,8.4282793e+12,0.019508759,11.11697204873031
2025-08-08,电力设备及新能源,4.885174e+11,8.4282793e+12,0.057961702,18.657000516836174
2025-08-08,电子,1.1312293e+12,8.4282793e+12,0.1342183,24.44043446476421
2025-08-08,石油石化,4.586958e+10,8.4282793e+12,0.0054423423,15.840756633702446
2025-08-08,纺织服装,7.0210224e+10,8.4282793e+12,0.008330315,17.779690024256706
2025-08-08,综合,1.6440631e+10,8.4282793e+12,0.0019506509,14.09357854594355
2025-08-08,综合金融,1.2875973e+10,8.4282793e+12,0.0015277107,13.230339813232423
2025-08-08,计算机,8.078855e+11,8.4282793e+12,0.09585414,28.14124842141664
2025-08-08,轻工制造,1.0541519e+11,8.4282793e+12,0.01250732,18.33806732810777
2025-08-08,通信,3.9087466e+11,8.4282793e+12,0.046376567,27.796475352322467
2025-08-08,钢铁,7.920773e+10,8.4282793e+12,0.009397852,11.517444392809502
2025-08-08,银行,1.4426918e+11,8.4282793e+12,0.017117275,3.6761285761992135
2025-08-08,非银行金融,2.1577661e+11,8.4282793e+12,0.025601503,7.039936248590981
2025-08-08,食品饮料,1.2045893e+11,8.4282793e+12,0.014292233,10.275469660307422
2025-08-15,交通运输,,,,11.02045688493465
2025-08-15,传媒,,,,20.58381437914712
2025-08-15,农林牧渔,,,,15.269825669697353
2025-08-15,医药,,,,22.062530715291093
2025-08-15,商贸零售,,,,17.51731768484209
2025-08-15,国防军工,,,,26.946081813701912
2025-08-15,基础化工,,,,22.419316706629846
2025-08-15,家电,,,,18.20487018922965
2025-08-15,建材,,,,18.919504801432293
2025-08-15,建筑,,,,23.026039777357884
2025-08-15,房地产,,,,15.020396140386474
2025-08-15,有色金属,,,,22.143171017208406
2025-08-15,机械,,,,29.791555869424048
2025-08-15,汽车,,,,23.762649850541376
2025-08-15,消费者服务,,,,17.134012588432856
2025-08-15,煤炭,,,,6.222986068990496
2025-08-15,电力及公用事业,,,,13.623926211652797
2025-08-15,电力设备及新能源,,,,23.031797488281345
2025-08-15,电子,,,,28.555201209600895
2025-08-15,石油石化,,,,16.555300037066143
2025-08-15,纺织服装,,,,17.197585957050322
2025-08-15,综合,,,,16.917669389558874
2025-08-15,综合金融,,,,35.56933989524841
2025-08-15,计算机,,,,31.011446219632884
2025-08-15,轻工制造,,,,18.95758161873653
2025-08-15,通信,,,,33.66326136080945
2025-08-15,钢铁,,,,12.003713456483988
2025-08-15,银行,,,,3.8949666803791407
2025-08-15,非银行金融,,,,13.843471085679704
2025-08-15,食品饮料,,,,11.947187840938568
2025-08-22,交通运输,,,,10.86532436056835
2025-08-22,传媒,,,,27.009350780078343
2025-08-22,农林牧渔,,,,18.71444105420794
2025-08-22,医药,,,,22.30736807982127
2025-08-22,商贸零售,,,,19.608531412540696
2025-08-22,国防军工,,,,26.220196759405216
2025-08-22,基础化工,,,,24.365320497624907
2025-08-22,家电,,,,22.253107277410372
2025-08-22,建材,,,,21.898536926224118
2025-08-22,建筑,,,,22.005095127170073
2025-08-22,房地产,,,,15.050665961121613
2025-08-22,有色金属,,,,25.954057282017125
2025-08-22,机械,,,,32.52373279607417
2025-08-22,汽车,,,,27.0474075092025
2025-08-22,消费者服务,,,,23.85583215526172
2025-08-22,煤炭,,,,6.800974961784151
2025-08-22,电力及公用事业,,,,15.171006082707617
2025-08-22,电力设备及新能源,,,,25.066731124088683
2025-08-22,电子,,,,35.26664093256958
2025-08-22,石油石化,,,,18.850284479412377
2025-08-22,纺织服装,,,,19.313440800905227
2025-08-22,综合,,,,20.35283032707546
2025-08-22,综合金融,,,,35.09833030700683
2025-08-22,计算机,,,,38.08405842356031
2025-08-22,轻工制造,,,,22.681949344174615
2025-08-22,通信,,,,35.52969328399564
2025-08-22,钢铁,,,,10.718311582620327
2025-08-22,银行,,,,4.627280934935524
2025-08-22,非银行金融,,,,14.6817652406036
2025-08-22,食品饮料,,,,17.322838755268037
2025-08-29,交通运输,1.685998e+11,1.4842341e+13,0.011359381,11.872748017795686
2025-08-29,传媒,4.662586e+11,1.4842341e+13,0.031414088,28.472884249687194
2025-08-29,农林牧渔,1.5296761e+11,1.4842341e+13,0.010306165,21.11370865503947
2025-08-29,医药,9.227497e+11,1.4842341e+13,0.062170092,21.089279792657713
2025-08-29,商贸零售,1.777934e+11,1.4842341e+13,0.011978799,23.56324627820183
2025-08-29,国防军工,4.8605482e+11,1.4842341e+13,0.032747854,29.381097501959683
2025-08-29,基础化工,8.6038564e+11,1.4842341e+13,0.057968326,25.06491926249282
2025-08-29,家电,2.1538478e+11,1.4842341e+13,0.014511511,21.721266661371505
2025-08-29,建材,1.18129115e+11,1.4842341e+13,0.007958928,21.850467951524827
2025-08-29,建筑,2.266379e+11,1.4842341e+13,0.015269687,23.295064001726956
2025-08-29,房地产,1.9204979e+11,1.4842341e+13,0.01293932,16.79603104546385
2025-08-29,有色金属,7.6773215e+11,1.4842341e+13,0.051725816,29.17044900694201
2025-08-29,机械,1.2123779e+12,1.4842341e+13,0.08168374,31.584422093569454
2025-08-29,汽车,6.2624426e+11,1.4842341e+13,0.042193092,26.328496711425096
2025-08-29,消费者服务,1.07181695e+11,1.4842341e+13,0.007221347,28.12857644047056
2025-08-29,煤炭,5.679359e+10,1.4842341e+13,0.003826458,9.080833339028889
2025-08-29,电力及公用事业,2.944417e+11,1.4842341e+13,0.019837957,16.98713100815444
2025-08-29,电力设备及新能源,8.974773e+11,1.4842341e+13,0.06046737,26.48133513546289
2025-08-29,电子,2.6488084e+12,1.4842341e+13,0.17846298,36.709807672808246
2025-08-29,石油石化,7.767807e+10,1.4842341e+13,0.005233546,16.575335299851847
2025-08-29,纺织服装,7.7727285e+10,1.4842341e+13,0.0052368618,19.96427196741104
2025-08-29,综合,3.3117057e+10,1.4842341e+13,0.0022312556,22.337086884871773
2025-08-29,综合金融,3.5261866e+10,1.4842341e+13,0.0023757617,29.889489698410035
2025-08-29,计算机,1.817111e+12,1.4842341e+13,0.12242752,41.65589513287239
2025-08-29,轻工制造,1.6419919e+11,1.4842341e+13,0.01106289,24.351991354734047
2025-08-29,通信,8.713045e+11,1.4842341e+13,0.058703985,40.67990505695343
2025-08-29,钢铁,1.1468995e+11,1.4842341e+13,0.0077272146,13.884780663710375
2025-08-29,银行,2.0190006e+11,1.4842341e+13,0.01360298,5.059730914377031
2025-08-29,非银行金融,5.6574555e+11,1.4842341e+13,0.038117003,14.061404396658359
2025-08-29,食品饮料,2.8043438e+11,1.4842341e+13,0.018894216,18.475287787842028
2025-09-05,交通运输,1.4764564e+11,1.2958791e+13,0.0113934735,10.78323341578972
2025-09-05,传媒,3.84602e+11,1.2958791e+13,0.02967885,23.31466712440763
2025-09-05,农林牧渔,1.1338022e+11,1.2958791e+13,0.00874929,16.61088478565216
2025-09-05,医药,8.650999e+11,1.2958791e+13,0.06675776,18.09032171625432
2025-09-05,商贸零售,1.900807e+11,1.2958791e+13,0.014668089,25.722200969854992
2025-09-05,国防军工,3.661159e+11,1.2958791e+13,0.02825232,21.825923180777178
2025-09-05,基础化工,7.990786e+11,1.2958791e+13,0.061663054,22.95596876126034
2025-09-05,家电,1.728313e+11,1.2958791e+13,0.013336992,16.54335720127537
2025-09-05,建材,8.774732e+10,1.2958791e+13,0.0067712585,16.129608313242596
2025-09-05,建筑,1.6678719e+11,1.2958791e+13,0.012870583,18.903250900514287
2025-09-05,房地产,1.474031e+11,1.2958791e+13,0.011374757,13.834526454502681
2025-09-05,有色金属,7.871578e+11,1.2958791e+13,0.060743153,28.30337405973865
2025-09-05,机械,1.1422538e+12,1.2958791e+13,0.08814509,28.57889502723782
2025-09-05,汽车,5.6112605e+11,1.2958791e+13,0.043300804,22.836081360440804
2025-09-05,消费者服务,1.0291024e+11,1.2958791e+13,0.007941346,28.457649878093175
2025-09-05,煤炭,4.256671e+10,1.2958791e+13,0.0032847747,6.375358313322067
2025-09-05,电力及公用事业,2.5333473e+11,1.2958791e+13,0.019549256,13.923709612746427
2025-09-05,电力设备及新能源,1.0411391e+12,1.2958791e+13,0.0803423,26.544263259744195
2025-09-05,电子,2.1633364e+12,1.2958791e+13,0.16693968,29.701847976013536
2025-09-05,石油石化,6.949686e+10,1.2958791e+13,0.005362912,13.421719582641826
2025-09-05,纺织服装,6.687156e+10,1.2958791e+13,0.005160324,18.46703999519348
2025-09-05,综合,2.3693367e+10,1.2958791e+13,0.0018283625,17.107312762218974
2025-09-05,综合金融,2.2615917e+10,1.2958791e+13,0.0017452181,21.146250200271606
2025-09-05,计算机,1.2553818e+12,1.2958791e+13,0.096874915,27.35134350556185
2025-09-05,轻工制造,1.516413e+11,1.2958791e+13,0.011701809,23.38639434589737
2025-09-05,通信,8.86775e+11,1.2958791e+13,0.06843039,30.96568022888215
2025-09-05,钢铁,7.2895726e+10,1.2958791e+13,0.005625195,9.363001908247288
2025-09-05,银行,2.1507244e+11,1.2958791e+13,0.016596643,5.231064309676488
2025-09-05,非银行金融,4.3828832e+11,1.2958791e+13,0.0338217,10.812924518965293
2025-09-05,食品饮料,2.1772308e+11,1.2958791e+13,0.016801188,16.22348262595408
2025-09-12,交通运输,1.3490221e+11,1.1576861e+13,0.011652745,9.312843068343836
2025-09-12,传媒,4.047539e+11,1.1576861e+13,0.03496232,23.90057431118829
2025-09-12,农林牧渔,1.2474912e+11,1.1576861e+13,0.010775729,16.161160918644498
2025-09-12,医药,7.299205e+11,1.1576861e+13,0.06304995,14.96073328770273
2025-09-12,商贸零售,1.7532758e+11,1.1576861e+13,0.0151446555,24.239455842504313
2025-09-12,国防军工,2.5108791e+11,1.1576861e+13,0.021688772,15.18714296128139
2025-09-12,基础化工,8.3066054e+11,1.1576861e+13,0.071751796,21.391077053799563
2025-09-12,家电,1.5045024e+11,1.1576861e+13,0.012995772,14.760290537561689
2025-09-12,建材,8.299429e+10,1.1576861e+13,0.0071689803,14.373507176126752
2025-09-12,建筑,1.5027734e+11,1.1576861e+13,0.012980836,17.887488403203296
2025-09-12,房地产,1.7166859e+11,1.1576861e+13,0.014828595,17.626353829536797
2025-09-12,有色金属,6.993447e+11,1.1576861e+13,0.060408834,26.013344364781535
2025-09-12,机械,1.06543874e+12,1.1576861e+13,0.09203175,25.708328709416037
2025-09-12,汽车,5.1518937e+11,1.1576861e+13,0.044501647,21.85142830263571
2025-09-12,消费者服务,8.544676e+10,1.1576861e+13,0.007380823,22.296246660607203
2025-09-12,煤炭,3.712267e+10,1.1576861e+13,0.0032066265,5.927627811829249
2025-09-12,电力及公用事业,2.3600066e+11,1.1576861e+13,0.020385548,12.921489510473727
2025-09-12,电力设备及新能源,1.05788355e+12,1.1576861e+13,0.091379136,24.53976400967302
2025-09-12,电子,1.926432e+12,1.1576861e+13,0.16640367,24.35063286846684
2025-09-12,石油石化,5.807752e+10,1.1576861e+13,0.0050166897,14.047558703843285
2025-09-12,纺织服装,6.319622e+10,1.1576861e+13,0.0054588392,16.40928501009941
2025-09-12,综合,2.2170812e+10,1.1576861e+13,0.001915097,14.562695689823316
2025-09-12,综合金融,1.304404e+10,1.1576861e+13,0.0011267337,13.051699924468995
2025-09-12,计算机,9.891902e+11,1.1576861e+13,0.08544546,22.240605548895832
2025-09-12,轻工制造,1.5367543e+11,1.1576861e+13,0.013274361,23.013695321764263
2025-09-12,通信,7.038459e+11,1.1576861e+13,0.060797647,28.201167887351552
2025-09-12,钢铁,7.099101e+10,1.1576861e+13,0.006132147,9.929621182955229
2025-09-12,银行,1.5698418e+11,1.1576861e+13,0.013560168,3.9378714376971837
2025-09-12,非银行金融,3.2067322e+11,1.1576861e+13,0.027699497,8.308843427810116
2025-09-12,食品饮料,1.9241466e+11,1.1576861e+13,0.016620625,13.603387912114462
2025-09-19,交通运输,1.6536384e+11,1.2405838e+13,0.013329518,14.167126927918535
2025-09-19,传媒,4.0081107e+11,1.2405838e+13,0.03230826,23.562141491685594
2025-09-19,农林牧渔,1.13432986e+11,1.2405838e+13,0.009143516,15.458679042543684
2025-09-19,医药,6.323307e+11,1.2405838e+13,0.050970417,13.743844944529418
2025-09-19,商贸零售,1.6455247e+11,1.2405838e+13,0.013264116,21.899105712479237
2025-09-19,国防军工,2.278634e+11,1.2405838e+13,0.018367432,15.35145049252786
2025-09-19,基础化工,7.383291e+11,1.2405838e+13,0.05951465,19.280477844221743
2025-09-19,家电,2.1205015e+11,1.2405838e+13,0.017092772,18.258215289740335
2025-09-19,建材,8.098175e+10,1.2405838e+13,0.0065277135,15.616996393317269
2025-09-19,建筑,2.0098694e+11,1.2405838e+13,0.016200997,20.427980325704702
2025-09-19,房地产,2.0955385e+11,1.2405838e+13,0.016891552,21.03037544578876
2025-09-19,有色金属,6.0261e+11,1.2405838e+13,0.048574712,22.541558054185682
2025-09-19,机械,1.1811838e+12,1.2405838e+13,0.09521193,27.505750376995323
2025-09-19,汽车,7.119752e+11,1.2405838e+13,0.057390332,27.819924420094583
2025-09-19,消费者服务,1.0992913e+11,1.2405838e+13,0.008861081,27.684283993073873
2025-09-19,煤炭,7.202548e+10,1.2405838e+13,0.005805773,8.910000105698904
2025-09-19,电力及公用事业,2.4406373e+11,1.2405838e+13,0.019673297,13.824617881181458
2025-09-19,电力设备及新能源,1.053276e+12,1.2405838e+13,0.08490164,24.01504132067522
2025-09-19,电子,2.33266e+12,1.2405838e+13,0.18802923,28.362966737679898
2025-09-19,石油石化,5.6463962e+10,1.2405838e+13,0.0045514028,12.712364625697042
2025-09-19,纺织服装,7.740764e+10,1.2405838e+13,0.006239614,18.600478965044022
2025-09-19,综合,1.9422292e+10,1.2405838e+13,0.0015655768,14.568891359412152
2025-09-19,综合金融,2.2079939e+10,1.2405838e+13,0.0017798023,19.665100288391113
2025-09-19,计算机,1.1334991e+12,1.2405838e+13,0.091368206,23.742812281531545
2025-09-19,轻工制造,1.455189e+11,1.2405838e+13,0.011729873,21.226670297895158
2025-09-19,通信,6.858296e+11,1.2405838e+13,0.05528281,29.714427947998047
2025-09-19,钢铁,7.366236e+10,1.2405838e+13,0.0059377174,10.494336520250027
2025-09-19,银行,1.7600294e+11,1.2405838e+13,0.014187106,4.324916649432409
2025-09-19,非银行金融,3.9929037e+11,1.2405838e+13,0.032185685,10.55125951551009
2025-09-19,食品饮料,1.595514e+11,1.2405838e+13,0.012860994,12.48450981125687
2025-09-26,交通运输,1.3220923e+11,1.1411609e+13,0.011585504,12.181495167732239
2025-09-26,传媒,3.4192392e+11,1.1411609e+13,0.029962815,18.86390569700417
2025-09-26,农林牧渔,7.995506e+10,1.1411609e+13,0.007006467,11.158317919288363
2025-09-26,医药,5.3102477e+11,1.1411609e+13,0.046533734,11.676137119879519
2025-09-26,商贸零售,1.0514912e+11,1.1411609e+13,0.009214224,15.191105957124748
2025-09-26,国防军工,2.1887705e+11,1.1411609e+13,0.01918021,14.505561733633522
2025-09-26,基础化工,6.669812e+11,1.1411609e+13,0.058447603,17.02014143606682
2025-09-26,家电,1.7818088e+11,1.1411609e+13,0.015614002,14.924137502908707
2025-09-26,建材,7.615705e+10,1.1411609e+13,0.006673647,14.527659739571057
2025-09-26,建筑,1.6389687e+11,1.1411609e+13,0.014362293,15.792432196656165
2025-09-26,房地产,1.8944077e+11,1.1411609e+13,0.016600708,16.259744321400266
2025-09-26,有色金属,5.3886704e+11,1.1411609e+13,0.047220953,18.822449651718138
2025-09-26,机械,1.0084048e+12,1.1411609e+13,0.088366576,23.146202152770087
2025-09-26,汽车,6.3506684e+11,1.1411609e+13,0.05565095,22.965581663798936
2025-09-26,消费者服务,8.2974654e+10,1.1411609e+13,0.007271074,23.016535068813123
2025-09-26,煤炭,5.495583e+10,1.1411609e+13,0.004815783,7.213300042682224
2025-09-26,电力及公用事业,2.2826815e+11,1.1411609e+13,0.020003153,13.443909033685284
2025-09-26,电力设备及新能源,9.81752e+11,1.1411609e+13,0.08603099,21.87778037341673
2025-09-26,电子,2.5599266e+12,1.1411609e+13,0.22432654,29.26863962678076
2025-09-26,石油石化,4.9282445e+10,1.1411609e+13,0.004318624,11.027803924738192
2025-09-26,纺织服装,6.986949e+10,1.1411609e+13,0.006122668,17.341663732248193
2025-09-26,综合,1.6782394e+10,1.1411609e+13,0.0014706423,10.67246662825346
2025-09-26,综合金融,1.4996472e+10,1.1411609e+13,0.0013141418,14.195880150794983
2025-09-26,计算机,1.07172004e+12,1.1411609e+13,0.093914896,22.60500418078837
2025-09-26,轻工制造,1.1863234e+11,1.1411609e+13,0.01039576,17.196512434933638
2025-09-26,通信,6.8212634e+11,1.1411609e+13,0.059774775,28.445364422375157
2025-09-26,钢铁,6.0840354e+10,1.1411609e+13,0.005331444,8.4409654209247
2025-09-26,银行,1.5764701e+11,1.1411609e+13,0.013814618,3.7043761823858534
2025-09-26,非银行金融,2.5779575e+11,1.1411609e+13,0.022590658,7.111484042544296
2025-09-26,食品饮料,1.3517662e+11,1.1411609e+13,0.011845536,9.08515624234276
2025-10-03,交通运输,,,,3.05325918841362
2025-10-03,传媒,,,,6.4190333502512456
2025-10-03,农林牧渔,,,,3.8582723326981068
2025-10-03,医药,,,,3.96909669308347
2025-10-03,商贸零售,,,,5.559347998862173
2025-10-03,国防军工,,,,5.530787001780378
2025-10-03,基础化工,,,,6.6491417704156905
2025-10-03,家电,,,,4.840869323096492
2025-10-03,建材,,,,4.763277053833008
2025-10-03,建筑,,,,5.561305845690052
2025-10-03,房地产,,,,5.697775487348719
2025-10-03,有色金属,,,,9.405500787734985
2025-10-03,机械,,,,7.3647309785252375
2025-10-03,汽车,,,,8.027631016543312
2025-10-03,消费者服务,,,,6.356103479862213
2025-10-03,煤炭,,,,2.5621194483505354
2025-10-03,电力及公用事业,,,,5.090168700581456
2025-10-03,电力设备及新能源,,,,9.163247416980232
2025-10-03,电子,,,,9.617873428403868
2025-10-03,石油石化,,,,4.555045139263658
2025-10-03,纺织服装,,,,5.658997073769569
2025-10-03,综合,,,,4.2400791918238
2025-10-03,综合金融,,,,5.102319955825806
2025-10-03,计算机,,,,7.790810468621279
2025-10-03,轻工制造,,,,5.7525567457482625
2025-10-03,通信,,,,8.66149599898246
2025-10-03,钢铁,,,,3.8847442590273342
2025-10-03,银行,,,,1.4798761865212804
2025-10-03,非银行金融,,,,4.85006227441456
2025-10-03,食品饮料,,,,3.2897832358840606
2025-10-10,交通运输,5.6083194e+10,5.179559e+12,0.010827793,3.682578875524242
2025-10-10,传媒,1.3055683e+11,5.179559e+12,0.025206167,7.154865709798677
2025-10-10,农林牧渔,3.750413e+10,5.179559e+12,0.007240796,4.712773306029184
2025-10-10,医药,2.1238561e+11,5.179559e+12,0.041004572,4.488200006572034
2025-10-10,商贸零售,4.184579e+10,5.179559e+12,0.008079025,6.182083307235849
2025-10-10,国防军工,1.2064348e+11,5.179559e+12,0.023292229,6.745344649661671
2025-10-10,基础化工,3.2718586e+11,5.179559e+12,0.06316867,7.672526004112295
2025-10-10,家电,7.140731e+10,5.179559e+12,0.013786369,5.23455238484201
2025-10-10,建材,3.695435e+10,5.179559e+12,0.0071346518,6.208172654821759
2025-10-10,建筑,8.750171e+10,5.179559e+12,0.01689366,6.926097570752805
2025-10-10,房地产,7.6964315e+10,5.179559e+12,0.0148592405,6.501100947272103
2025-10-10,有色金属,4.0834233e+11,5.179559e+12,0.078837276,12.044172571551416
2025-10-10,机械,3.9749947e+11,5.179559e+12,0.07674388,8.876863818610284
2025-10-10,汽车,2.5444187e+11,5.179559e+12,0.049124233,8.730472071668295
2025-10-10,消费者服务,2.4317065e+10,5.179559e+12,0.004694814,6.522292822599411
2025-10-10,煤炭,2.8517454e+10,5.179559e+12,0.0055057686,4.034386166267925
2025-10-10,电力及公用事业,1.24931604e+11,5.179559e+12,0.024120124,5.931759819713743
2025-10-10,电力设备及新能源,4.846021e+11,5.179559e+12,0.09356049,10.557476532459258
2025-10-10,电子,1.0669227e+12,5.179559e+12,0.20598716,11.430843876401184
2025-10-10,石油石化,2.7131134e+10,5.179559e+12,0.0052381163,5.4294450860105306
2025-10-10,纺织服装,2.411278e+10,5.179559e+12,0.004655373,6.329541989564896
2025-10-10,综合,8.5560125e+09,5.179559e+12,0.0016518804,5.958869633467301
2025-10-10,综合金融,5.1169014e+09,5.179559e+12,0.0009879029,4.645459890365601
2025-10-10,计算机,4.390385e+11,5.179559e+12,0.08476368,8.763978630801041
2025-10-10,轻工制造,4.5958525e+10,5.179559e+12,0.008873058,6.441298266138349
2025-10-10,通信,2.741593e+11,5.179559e+12,0.05293101,9.963620449187326
2025-10-10,钢铁,4.3435647e+10,5.179559e+12,0.008385974,5.942221163557126
2025-10-10,银行,7.3750995e+10,5.179559e+12,0.014238856,1.6598619084273065
2025-10-10,非银行金融,1.8511687e+11,5.179559e+12,0.035739888,4.005000007722308
2025-10-10,食品饮料,6.310083e+10,5.179559e+12,0.012182664,3.7439788047111398
2025-10-17,交通运输,1.5788347e+11,1.0910084e+13,0.0144713335,12.498302353106864
2025-10-17,传媒,2.187164e+11,1.0910084e+13,0.020047178,13.621017884356634
2025-10-17,农林牧渔,1.0082038e+11,1.0910084e+13,0.009241027,14.433102837063018
2025-10-17,医药,5.3223984e+11,1.0910084e+13,0.04878421,12.018041159028213
2025-10-17,商贸零售,1.22251805e+11,1.0910084e+13,0.011205396,16.54206465681394
2025-10-17,国防军工,2.7432827e+11,1.0910084e+13,0.025144469,15.920265461787704
2025-10-17,基础化工,6.937928e+11,1.0910084e+13,0.06359188,18.06284812115706
2025-10-17,家电,1.4095865e+11,1.0910084e+13,0.012920033,11.198626206034707
2025-10-17,建材,8.1629544e+10,1.0910084e+13,0.007482027,14.276805889038812
2025-10-17,建筑,2.0226189e+11,1.0910084e+13,0.018538985,18.030071665904273
2025-10-17,房地产,1.5325132e+11,1.0910084e+13,0.014046758,14.340619845210382
2025-10-17,有色金属,8.933679e+11,1.0910084e+13,0.0818846,25.689905631926752
2025-10-17,机械,8.764501e+11,1.0910084e+13,0.08033394,20.280057555859756
2025-10-17,汽车,5.225824e+11,1.0910084e+13,0.047899026,19.210349216235905
2025-10-17,消费者服务,4.718138e+10,1.0910084e+13,0.004324566,12.7573695736272
2025-10-17,煤炭,9.228488e+10,1.0910084e+13,0.008458677,15.338494562440449
2025-10-17,电力及公用事业,2.8202172e+11,1.0910084e+13,0.025849639,14.31087601757466
2025-10-17,电力设备及新能源,1.0704951e+12,1.0910084e+13,0.09811979,25.397961495071648
2025-10-17,电子,1.9636183e+12,1.0910084e+13,0.17998196,22.765088090954173
2025-10-17,石油石化,5.7478947e+10,1.0910084e+13,0.005268424,12.51182740576127
2025-10-17,纺织服装,6.161348e+10,1.0910084e+13,0.0056473883,16.525416078567506
2025-10-17,综合,2.0467726e+10,1.0910084e+13,0.0018760375,14.91827392578125
2025-10-17,综合金融,1.295568e+10,1.0910084e+13,0.0011874959,11.368020009994506
2025-10-17,计算机,8.2883576e+11,1.0910084e+13,0.075969696,19.607926081286536
2025-10-17,轻工制造,1.13756635e+11,1.0910084e+13,0.010426742,15.770630865097045
2025-10-17,通信,5.368454e+11,1.0910084e+13,0.049206346,20.790320498044373
2025-10-17,钢铁,1.0810926e+11,1.0910084e+13,0.009909113,12.385078861163212
2025-10-17,银行,2.2311043e+11,1.0910084e+13,0.020449927,5.223816698505765
2025-10-17,非银行金融,3.5557982e+11,1.0910084e+13,0.03259185,8.181588243912248
2025-10-17,食品饮料,1.6206538e+11,1.0910084e+13,0.014854641,9.97668405012651
2025-10-24,交通运输,1.5551087e+11,8.943748e+12,0.017387662,12.422108941931066
2025-10-24,传媒,2.1117764e+11,8.943748e+12,0.02361176,15.658410119495803
2025-10-24,农林牧渔,8.355068e+10,8.943748e+12,0.009341797,12.098028614407493
2025-10-24,医药,4.6369538e+11,8.943748e+12,0.051845755,11.918644590382645
2025-10-24,商贸零售,1.0123337e+11,8.943748e+12,0.011318898,15.148480272176219
2025-10-24,国防军工,2.0860872e+11,8.943748e+12,0.02332453,13.784805770747917
2025-10-24,基础化工,5.5036536e+11,8.943748e+12,0.06153632,16.10363793143859
2025-10-24,家电,1.3619302e+11,8.943748e+12,0.015227734,10.304017841106369
2025-10-24,建材,8.387061e+10,8.943748e+12,0.009377569,17.268209346602944
2025-10-24,建筑,1.8297114e+11,8.943748e+12,0.020457992,18.69882519844851
2025-10-24,房地产,1.6081428e+11,8.943748e+12,0.017980637,16.514874483616847
2025-10-24,有色金属,5.4256845e+11,8.943748e+12,0.06066455,17.919224908274987
2025-10-24,机械,7.5474456e+11,8.943748e+12,0.08438795,19.578223145301365
2025-10-24,汽车,3.7404672e+11,8.943748e+12,0.041822143,16.427076853870407
2025-10-24,消费者服务,5.065447e+10,8.943748e+12,0.0056636734,13.830103703907557
2025-10-24,煤炭,1.0807512e+11,8.943748e+12,0.012083873,21.3906443450186
2025-10-24,电力及公用事业,2.586576e+11,8.943748e+12,0.028920492,14.68530124764255
2025-10-24,电力设备及新能源,7.507493e+11,8.943748e+12,0.083941236,19.52620655633509
2025-10-24,电子,1.6646633e+12,8.943748e+12,0.1861259,20.272301072097687
2025-10-24,石油石化,8.043121e+10,8.943748e+12,0.008993009,21.411797952418233
2025-10-24,纺织服装,5.871288e+10,8.943748e+12,0.0065646837,16.366577064991
2025-10-24,综合,1.7572788e+10,8.943748e+12,0.0019648124,14.30186504903047
2025-10-24,综合金融,1.0119471e+10,8.943748e+12,0.0011314575,10.279299783706666
2025-10-24,计算机,6.415899e+11,8.943748e+12,0.071736135,16.90175554421213
2025-10-24,轻工制造,1.0260481e+11,8.943748e+12,0.011472238,15.238581773212978
2025-10-24,通信,5.525112e+11,8.943748e+12,0.061776247,19.149663082888868
2025-10-24,钢铁,6.50423e+10,8.943748e+12,0.007272376,10.044678880618168
2025-10-24,银行,1.8446495e+11,8.943748e+12,0.020625016,4.535252388034548
2025-10-24,非银行金融,2.7026735e+11,8.943748e+12,0.030218577,6.781854395480717
2025-10-24,食品饮料,1.1464152e+11,8.943748e+12,0.012818062,8.16418258665186
2025-10-31,交通运输,1.6954858e+11,1.1558773e+13,0.014668389,13.449059383171361
2025-10-31,传媒,2.7614885e+11,1.1558773e+13,0.023890844,17.588367788911725
2025-10-31,农林牧渔,9.442576e+10,1.1558773e+13,0.008169185,13.570821942601885
2025-10-31,医药,6.260983e+11,1.1558773e+13,0.054166503,15.035141626993815
2025-10-31,商贸零售,9.9310715e+10,1.1558773e+13,0.008591805,14.741626418688718
2025-10-31,国防军工,3.0529926e+11,1.1558773e+13,0.026412774,18.005454396413377
2025-10-31,基础化工,7.7829027e+11,1.1558773e+13,0.067333296,19.5950024499343
2025-10-31,家电,1.6415665e+11,1.1558773e+13,0.01420191,13.410889312624931
2025-10-31,建材,1.011103e+11,1.1558773e+13,0.008747494,21.714137775757735
2025-10-31,建筑,1.9788805e+11,1.1558773e+13,0.01712016,17.64490059420375
2025-10-31,房地产,1.4657952e+11,1.1558773e+13,0.012681236,14.8446028693667
2025-10-31,有色金属,7.4774616e+11,1.1558773e+13,0.06469079,23.980875005645135
2025-10-31,机械,9.5990016e+11,1.1558773e+13,0.08304516,22.98395916556484
2025-10-31,汽车,4.6913824e+11,1.1558773e+13,0.0405872,19.11685158136323
2025-10-31,消费者服务,6.207899e+10,1.1558773e+13,0.005370725,16.173244569982803
2025-10-31,煤炭,8.51186e+10,1.1558773e+13,0.007363982,17.902941582931412
2025-10-31,电力及公用事业,2.8782274e+11,1.1558773e+13,0.024900803,13.663668459940165
2025-10-31,电力设备及新能源,1.0715583e+12,1.1558773e+13,0.09270519,23.374266806989908
2025-10-31,电子,2.1311614e+12,1.1558773e+13,0.18437609,25.059109097970033
2025-10-31,石油石化,6.4393957e+10,1.1558773e+13,0.0055710026,16.083519575642605
2025-10-31,纺织服装,5.9451437e+10,1.1558773e+13,0.005143404,15.764184036254882
2025-10-31,综合,2.4005888e+10,1.1558773e+13,0.0020768542,18.82723041202711
2025-10-31,综合金融,2.071144e+10,1.1558773e+13,0.0017918373,16.327479982376097
2025-10-31,计算机,9.925889e+11,1.1558773e+13,0.08587321,23.245182179080114
2025-10-31,轻工制造,1.1183832e+11,1.1558773e+13,0.009675622,16.866678211348397
2025-10-31,通信,6.9347344e+11,1.1558773e+13,0.05999542,22.45447046737202
2025-10-31,钢铁,8.982484e+10,1.1558773e+13,0.0077711395,12.607448050609001
2025-10-31,银行,1.883228e+11,1.1558773e+13,0.01629263,4.554061896744228
2025-10-31,非银行金融,3.881191e+11,1.1558773e+13,0.03357788,9.33305734176846
2025-10-31,食品饮料,1.4820085e+11,1.1558773e+13,0.012821504,9.710881051692096
2025-11-07,交通运输,1.6162791e+11,1.0013776e+13,0.016140556,11.877673132632806
2025-11-07,传媒,3.2726686e+11,1.0013776e+13,0.032681663,20.651307804121387
2025-11-07,农林牧渔,1.0986386e+11,1.0013776e+13,0.010971272,14.296989501090277
2025-11-07,医药,5.585466e+11,1.0013776e+13,0.05577782,13.946392930637707
2025-11-07,商贸零售,8.968114e+10,1.0013776e+13,0.008955777,13.304127475210265
2025-11-07,国防军工,2.1276875e+11,1.0013776e+13,0.021247605,14.190066147441707
2025-11-07,基础化工,7.892445e+11,1.0013776e+13,0.07881587,19.55745548720543
2025-11-07,家电,1.3750206e+11,1.0013776e+13,0.013731291,12.731976106762886
2025-11-07,建材,9.628683e+10,1.0013776e+13,0.009615436,19.862321158016428
2025-11-07,建筑,1.8712755e+11,1.0013776e+13,0.018687012,17.873220262717616
2025-11-07,房地产,1.3300416e+11,1.0013776e+13,0.013282118,15.999670694459159
2025-11-07,有色金属,5.540727e+11,1.0013776e+13,0.055331044,18.908767629054285
2025-11-07,机械,8.0288494e+11,1.0013776e+13,0.08017804,19.940785543077943
2025-11-07,汽车,4.3785375e+11,1.0013776e+13,0.04372514,17.842623952323315
2025-11-07,消费者服务,7.841934e+10,1.0013776e+13,0.007831145,18.96184805035591
2025-11-07,煤炭,8.411284e+10,1.0013776e+13,0.008399713,15.906063949068388
2025-11-07,电力及公用事业,2.9068234e+11,1.0013776e+13,0.029028244,15.592788749674092
2025-11-07,电力设备及新能源,1.2651235e+12,1.0013776e+13,0.1263383,31.03635101094842
2025-11-07,电子,1.5084884e+12,1.0013776e+13,0.1506413,19.334838435501755
2025-11-07,石油石化,7.3071436e+10,1.0013776e+13,0.007297091,15.491443123303208
2025-11-07,纺织服装,6.936594e+10,1.0013776e+13,0.006927051,18.14844804048538
2025-11-07,综合,2.0635079e+10,1.0013776e+13,0.002060669,15.686808731244957
2025-11-07,综合金融,1.8224845e+10,1.0013776e+13,0.0018199773,16.254719948768617
2025-11-07,计算机,8.313677e+11,1.0013776e+13,0.08302239,20.26058111389478
2025-11-07,轻工制造,1.1537017e+11,1.0013776e+13,0.011521146,16.792957205091206
2025-11-07,通信,4.4376336e+11,1.0013776e+13,0.044315286,18.720774624191346
2025-11-07,钢铁,1.0064498e+11,1.0013776e+13,0.010050652,12.267698044960316
2025-11-07,银行,1.7150163e+11,1.0013776e+13,0.01712657,4.317190465472994
2025-11-07,非银行金融,2.1320725e+11,1.0013776e+13,0.021291394,5.3263058745685745
2025-11-07,食品饮料,1.2891085e+11,1.0013776e+13,0.012873351,9.979829556111133
2025-11-14,交通运输,1.4868097e+11,1.0172279e+13,0.014616289,10.26537555843834
2025-11-14,传媒,2.5398487e+11,1.0172279e+13,0.024968335,16.344457616908944
2025-11-14,农林牧渔,1.3137299e+11,1.0172279e+13,0.012914805,16.385982893762133
2025-11-14,医药,6.2571826e+11,1.0172279e+13,0.061512105,16.63250559773108
2025-11-14,商贸零售,1.2996297e+11,1.0172279e+13,0.01277619,17.213942067295896
2025-11-14,国防军工,2.0705123e+11,1.0172279e+13,0.020354459,13.379359530023306
2025-11-14,基础化工,1.094294e+12,1.0172279e+13,0.10757609,24.162980767855277
2025-11-14,家电,1.4767274e+11,1.0172279e+13,0.014517174,14.907311899321419
2025-11-14,建材,1.051772e+11,1.0172279e+13,0.010339591,20.837415246402514
2025-11-14,建筑,1.700423e+11,1.0172279e+13,0.016716244,16.117357104468198
2025-11-14,房地产,1.4733576e+11,1.0172279e+13,0.014484046,15.866332202587488
2025-11-14,有色金属,6.04461e+11,1.0172279e+13,0.059422377,20.9105958457916
2025-11-14,机械,7.509138e+11,1.0172279e+13,0.07381962,19.04348443663878
2025-11-14,汽车,3.7056522e+11,1.0172279e+13,0.03642893,15.499396858963312
2025-11-14,消费者服务,1.054584e+11,1.0172279e+13,0.010367234,19.677196426051005
2025-11-14,煤炭,7.761897e+10,1.0172279e+13,0.007630441,15.251338849465052
2025-11-14,电力及公用事业,2.855218e+11,1.0172279e+13,0.028068617,16.669063472099925
2025-11-14,电力设备及新能源,1.233972e+12,1.0172279e+13,0.12130733,30.18808755353093
2025-11-14,电子,1.4860608e+12,1.0172279e+13,0.14608927,19.331640736612385
2025-11-14,石油石化,8.110323e+10,1.0172279e+13,0.007972966,17.7561471099947
2025-11-14,纺织服装,8.193806e+10,1.0172279e+13,0.008055035,21.284970066547395
2025-11-14,综合,2.7797447e+10,1.0172279e+13,0.0027326667,18.360343404438186
2025-11-14,综合金融,1.2252471e+10,1.0172279e+13,0.0012044962,11.775900077819824
2025-11-14,计算机,6.5142823e+11,1.0172279e+13,0.06403956,16.958548279272186
2025-11-14,轻工制造,1.2647827e+11,1.0172279e+13,0.012433622,18.276393165588377
2025-11-14,通信,4.4258342e+11,1.0172279e+13,0.04350878,18.694818840163652
2025-11-14,钢铁,8.9160016e+10,1.0172279e+13,0.008764999,12.599207729101181
2025-11-14,银行,1.4685916e+11,1.0172279e+13,0.014437194,3.7022095038777305
2025-11-14,非银行金融,2.2774543e+11,1.0172279e+13,0.02238883,5.848797051345601
2025-11-14,食品饮料,2.0586933e+11,1.0172279e+13,0.020238271,17.087277220054105
2025-11-21,交通运输,1.32051075e+11,9.278029e+12,0.014232664,10.021404895840622
2025-11-21,传媒,3.3187847e+11,9.278029e+12,0.035770364,23.022148278977372
2025-11-21,农林牧渔,1.4082418e+11,9.278029e+12,0.015178244,22.362056291671028
2025-11-21,医药,5.108778e+11,9.278029e+12,0.05506318,14.13219271597236
2025-11-21,商贸零售,1.2913227e+11,9.278029e+12,0.013918072,19.948439146958144
2025-11-21,国防军工,2.5296767e+11,9.278029e+12,0.027265238,17.602356938291187
2025-11-21,基础化工,9.724559e+11,9.278029e+12,0.10481276,22.216314036800313
2025-11-21,家电,1.14306015e+11,9.278029e+12,0.012320075,12.873151162550563
2025-11-21,建材,8.296385e+10,9.278029e+12,0.008941969,17.099448286785798
2025-11-21,建筑,1.5477601e+11,9.278029e+12,0.016681993,17.106070063962527
2025-11-21,房地产,1.7019627e+11,9.278029e+12,0.018344011,17.754519825836397
2025-11-21,有色金属,5.9507324e+11,9.278029e+12,0.06413789,20.447212759525545
2025-11-21,机械,6.7926806e+11,9.278029e+12,0.07321254,17.84220591807641
2025-11-21,汽车,3.0832296e+11,9.278029e+12,0.033231515,14.127228636367649
2025-11-21,消费者服务,7.623166e+10,9.278029e+12,0.008216364,18.509817947234428
2025-11-21,煤炭,7.8352015e+10,9.278029e+12,0.008444899,15.067086060841879
2025-11-21,电力及公用事业,2.4959636e+11,9.278029e+12,0.026901873,15.238876111351926
2025-11-21,电力设备及新能源,8.6598995e+11,9.278029e+12,0.09333771,22.932361562550067
2025-11-21,电子,1.2695714e+12,9.278029e+12,0.13683632,18.37657285785675
2025-11-21,石油石化,7.836746e+10,9.278029e+12,0.008446563,15.639423414772631
2025-11-21,纺织服装,9.692657e+10,9.278029e+12,0.010446892,23.67867096543312
2025-11-21,综合,2.7652248e+10,9.278029e+12,0.002980401,20.389921675557677
2025-11-21,综合金融,1.0953017e+10,9.278029e+12,0.0011805327,11.027499866485595
2025-11-21,计算机,7.932465e+11,9.278029e+12,0.085497305,23.393380640286157
2025-11-21,轻工制造,1.3028507e+11,9.278029e+12,0.014042322,18.960783936636787
2025-11-21,通信,4.2202762e+11,9.278029e+12,0.045486774,19.40666775122162
2025-11-21,钢铁,8.274583e+10,9.278029e+12,0.008918471,10.072000003778017
2025-11-21,银行,1.6680834e+11,9.278029e+12,0.017978854,4.0014142493406935
2025-11-21,非银行金融,2.10561e+11,9.278029e+12,0.022694584,5.986269134808989
2025-11-21,食品饮料,1.418229e+11,9.278029e+12,0.015285887,11.341149219057776
2025-11-28,交通运输,1.0387811e+11,8.643874e+12,0.012017541,7.472273141872592
2025-11-28,传媒,4.474316e+11,8.643874e+12,0.051762857,29.177832337592147
2025-11-28,农林牧渔,1.3654605e+11,8.643874e+12,0.015796859,19.16104374840146
2025-11-28,医药,4.6613843e+11,8.643874e+12,0.053927027,12.987905286056828
2025-11-28,商贸零售,1.2434976e+11,8.643874e+12,0.014385883,21.003346068017624
2025-11-28,国防军工,3.185296e+11,8.643874e+12,0.03685033,22.62095447020097
2025-11-28,基础化工,6.9637204e+11,8.643874e+12,0.080562495,17.481164152805622
2025-11-28,家电,1.14328805e+11,8.643874e+12,0.013226571,11.644146437446276
2025-11-28,建材,7.336348e+10,8.643874e+12,0.008487338,14.161475178073434
2025-11-28,建筑,1.4880052e+11,8.643874e+12,0.017214565,16.40827675063186
2025-11-28,房地产,1.4271771e+11,8.643874e+12,0.016510852,15.020048133607181
2025-11-28,有色金属,4.2818925e+11,8.643874e+12,0.04953673,15.441749934227236
2025-11-28,机械,6.320652e+11,8.643874e+12,0.07312291,15.70761095064913
2025-11-28,汽车,2.8991747e+11,8.643874e+12,0.033540223,13.498269110219553
2025-11-28,消费者服务,6.579355e+10,8.643874e+12,0.007611581,17.518539390393666
2025-11-28,煤炭,4.278472e+10,8.643874e+12,0.004949716,8.50223876370324
2025-11-28,电力及公用事业,1.897198e+11,8.643874e+12,0.02194847,11.526114367013392
2025-11-28,电力设备及新能源,6.3489265e+11,8.643874e+12,0.073450014,16.983435311540962
2025-11-28,电子,1.3945704e+12,8.643874e+12,0.16133627,18.851177105903627
2025-11-28,石油石化,5.469031e+10,8.643874e+12,0.00632706,12.247466676375446
2025-11-28,纺织服装,7.387029e+10,8.643874e+12,0.00854597,17.827660121917724
2025-11-28,综合,1.8788469e+10,8.643874e+12,0.0021736168,16.745178414427716
2025-11-28,综合金融,7.4023793e+09,8.643874e+12,0.0008563729,7.90553994178772
2025-11-28,计算机,8.484219e+11,8.643874e+12,0.09815297,24.198623845451756
2025-11-28,轻工制造,1.23723194e+11,8.643874e+12,0.014313397,17.43927364553724
2025-11-28,通信,6.039697e+11,8.643874e+12,0.06987257,23.22178183163493
2025-11-28,钢铁,5.7105207e+10,8.643874e+12,0.006606437,7.506999921340209
2025-11-28,银行,1.4458334e+11,8.643874e+12,0.016726684,3.344776201815832
2025-11-28,非银行金融,1.4388091e+11,8.643874e+12,0.01664542,4.110794165555169
2025-11-28,食品饮料,1.1534469e+11,8.643874e+12,0.013344097,10.262671199711887
2025-12-05,交通运输,1.1403018e+11,8.4417147e+12,0.013507941,8.288825259945257
2025-12-05,传媒,2.838885e+11,8.4417147e+12,0.033629242,20.73442581917742
2025-12-05,农林牧渔,1.2512046e+11,8.4417147e+12,0.014821688,16.159987677278973
2025-12-05,医药,4.1614577e+11,8.4417147e+12,0.049296357,11.89680324901234
2025-12-05,商贸零售,1.21381446e+11,8.4417147e+12,0.0143787665,19.138591204203813
2025-12-05,国防军工,3.6063563e+11,8.4417147e+12,0.04272066,24.021689984424054
2025-12-05,基础化工,6.300927e+11,8.4417147e+12,0.07464037,15.866869254983389
2025-12-05,家电,1.22431324e+11,8.4417147e+12,0.014503134,12.735708286364874
2025-12-05,建材,8.456203e+10,8.4417147e+12,0.010017162,15.965158908507403
2025-12-05,建筑,1.416686e+11,8.4417147e+12,0.016781969,15.078102485899544
2025-12-05,房地产,1.2973426e+11,8.4417147e+12,0.015368236,13.707978353185474
2025-12-05,有色金属,5.2445207e+11,8.4417147e+12,0.06212625,19.36598648738861
2025-12-05,机械,6.623498e+11,8.4417147e+12,0.07846153,16.392952032128854
2025-12-05,汽车,3.090873e+11,8.4417147e+12,0.03661428,14.081410127459094
2025-12-05,消费者服务,6.793918e+10,8.4417147e+12,0.008048031,17.095064363309316
2025-12-05,煤炭,5.447843e+10,8.4417147e+12,0.006453479,12.1901806195577
2025-12-05,电力及公用事业,1.9708595e+11,8.4417147e+12,0.023346674,11.858566967300746
2025-12-05,电力设备及新能源,5.6754006e+11,8.4417147e+12,0.067230426,15.444810978323222
2025-12-05,电子,1.4588143e+12,8.4417147e+12,0.1728102,20.947639479846536
2025-12-05,石油石化,5.3111374e+10,8.4417147e+12,0.0062915385,11.76803325496468
2025-12-05,纺织服装,7.122872e+10,8.4417147e+12,0.008437707,16.327175838947298
2025-12-05,综合,1.8186275e+10,8.4417147e+12,0.0021543342,14.746704308883004
2025-12-05,综合金融,8.48232e+09,8.4417147e+12,0.0010048101,9.162879848480225
2025-12-05,计算机,6.7374265e+11,8.4417147e+12,0.07981111,20.00610354468433
2025-12-05,轻工制造,1.3754864e+11,8.4417147e+12,0.016293922,19.613742262976512
2025-12-05,通信,5.9785576e+11,8.4417147e+12,0.070821606,23.79237364146335
2025-12-05,钢铁,5.742871e+10,8.4417147e+12,0.0068029673,8.5126056602368
2025-12-05,银行,1.2923567e+11,8.4417147e+12,0.015309174,3.6277190340416774
2025-12-05,非银行金融,1.8416743e+11,8.4417147e+12,0.021816354,4.635670589173541
2025-12-05,食品饮料,1.3615732e+11,8.4417147e+12,0.016129108,13.725318855860017
2025-12-12,交通运输,,,,9.380234152320924
2025-12-12,传媒,,,,18.09944810970224
2025-12-12,农林牧渔,,,,16.47248482250032
2025-12-12,医药,,,,11.870847974693582
2025-12-12,商贸零售,,,,23.20287626514248
2025-12-12,国防军工,,,,29.583952849561516
2025-12-12,基础化工,,,,15.102016915954076
2025-12-12,家电,,,,13.455338242508116
2025-12-12,建材,,,,17.70726491423214
2025-12-12,建筑,,,,14.418941964705786
2025-12-12,房地产,,,,15.319847207024413
2025-12-12,有色金属,,,,21.261886430740358
2025-12-12,机械,,,,18.845324559104924
2025-12-12,汽车,,,,15.485509383492172
2025-12-12,消费者服务,,,,15.818089212690081
2025-12-12,煤炭,,,,9.94868877198961
2025-12-12,电力及公用事业,,,,12.181902248963066
2025-12-12,电力设备及新能源,,,,19.278882800787688
2025-12-12,电子,,,,21.945783348378544
2025-12-12,石油石化,,,,9.29781374335289
2025-12-12,纺织服装,,,,18.036132869720458
2025-12-12,综合,,,,17.937634644301042
2025-12-12,综合金融,,,,10.86769003868103
2025-12-12,计算机,,,,20.013166734056128
2025-12-12,轻工制造,,,,22.17440680367606
2025-12-12,通信,,,,27.56934380432791
2025-12-12,钢铁,,,,8.672178894281387
2025-12-12,银行,,,,3.5874571402867637
2025-12-12,非银行金融,,,,6.320652920971899
2025-12-12,食品饮料,,,,15.060422691431912
2025-12-19,交通运输,,,,1.6449406523166634
2025-12-19,传媒,,,,2.9841050273008483
2025-12-19,农林牧渔,,,,3.004108574986458
2025-12-19,医药,,,,1.9802685513671847
2025-12-19,商贸零售,,,,4.645668599535437
2025-12-19,国防军工,,,,6.273304139594893
2025-12-19,基础化工,,,,3.0887223083221427
2025-12-19,家电,,,,2.3222797509460222
2025-12-19,建材,,,,3.332344704340486
2025-12-19,建筑,,,,2.5522407393120687
2025-12-19,房地产,,,,2.3241311359517978
2025-12-19,有色金属,,,,3.809639964580536
2025-12-19,机械,,,,3.6201656097600052
2025-12-19,汽车,,,,2.7227484377799556
2025-12-19,消费者服务,,,,2.6922464402658597
2025-12-19,煤炭,,,,1.7287972304556105
2025-12-19,电力及公用事业,,,,2.2658539209028947
2025-12-19,电力设备及新能源,,,,4.439900317974389
2025-12-19,电子,,,,3.705382837744768
2025-12-19,石油石化,,,,1.7202784520592176
2025-12-19,纺织服装,,,,3.0339790028333664
2025-12-19,综合,,,,3.969112989047299
2025-12-19,综合金融,,,,1.6227799952030182
2025-12-19,计算机,,,,3.581095023787583
2025-12-19,轻工制造,,,,3.9470788651704787
2025-12-19,通信,,,,4.844296691215728
2025-12-19,钢铁,,,,2.277017328601617
2025-12-19,银行,,,,0.6030380961795648
2025-12-19,非银行金融,,,,0.979530884500812
2025-12-19,食品饮料,,,,3.1166234952256535
