,date,f41,f42,f43,f44,f45,f47,f48,f49,f411,clqn_prc,ret_fut_1w,ret_fut_4w,ret_fut_8w,ret_fut_12w,ret_fut_16w,ret_fut_20w,score_h1_predret,score_h1_noint,score_h1_predret_z,score_h1_noint_z,score_h4_predret,score_h4_noint,score_h4_predret_z,score_h4_noint_z,score_h8_predret,score_h8_noint,score_h8_predret_z,score_h8_noint_z,score_h12_predret,score_h12_noint,score_h12_predret_z,score_h12_noint_z,score_h16_predret,score_h16_noint,score_h16_predret_z,score_h16_noint_z,score_h20_predret,score_h20_noint,score_h20_predret_z,score_h20_noint_z
0,2013-01-04,0.0,-1.0,,,,-1.0,-1.0,,,2276.992,-0.014929784557872972,0.0623752740457586,0.036238159817864934,-0.01772997006577104,-0.04351354769801574,0.005068529006689415,,0.0,,,,0.0,,,,0.0,,,,0.0,,,,0.0,,,,0.0,,
1,2013-01-11,0.0,-1.0,,,,-1.0,-1.0,,0.0,2242.997,0.03302411906926328,0.08444282359717836,0.03371114629221528,-0.002842625291072487,-0.01671870270000364,0.025679035683061624,,0.0,,,,0.0,,,,0.0,,,,0.0,,,,0.0,,,,0.0,,
2,2013-01-18,0.0,-1.0,,,,-1.0,-1.0,,0.0,2317.07,-0.011120078374844078,0.049774931270958556,-0.016688749153025317,-0.04759890724060989,-0.030313715166136568,-0.04582166270332788,,0.0,,,,0.0,,,,0.0,,,,0.0,,,,0.0,,,,0.0,,
3,2013-01-25,0.0,-1.0,0.0,0.0,,1.0,-1.0,-1.0,0.0,2291.304,0.05573943920143276,0.009976851609389215,0.01613666279114412,-0.020364386393075806,-0.003680873424041553,-0.056414600594246744,,0.0,,,,0.0,,,,0.0,,,,0.0,,,,0.0,,,,0.0,,
4,2013-02-01,0.0,-1.0,0.0,0.0,,-1.0,-1.0,-1.0,0.0,2419.02,0.0055319922944001565,-0.024602524989458585,-0.0754020223065538,-0.09967176790601162,-0.05394209225223445,-0.14300212482740948,,0.0,,,,0.0,,,,0.0,,,,0.0,,,,0.0,,,,0.0,,
5,2013-02-08,0.0,-1.0,0.0,0.0,,-1.0,-1.0,-1.0,0.0,2432.402,0.0,-0.04678132973085869,-0.08048875144815704,-0.09328433375733136,-0.054188000174313355,-0.1863162421343183,,0.0,,,,0.0,,,,0.0,,,,0.0,,,,0.0,,,,0.0,,
6,2013-02-15,,,0.0,0.0,,,,-1.0,0.0,2432.402,-0.04860956371520819,-0.06331231432962159,-0.09275687160263801,-0.07629125448836171,-0.09106389486606237,-0.1748078648183976,,0.0,,,,0.0,,,,0.0,,,,0.0,,,,0.0,,,,0.0,,
7,2013-02-22,0.0,-1.0,0.0,0.0,,-1.0,-1.0,-1.0,0.0,2314.164,0.01959325268217804,0.0060989627355707565,-0.030041518232934328,-0.013522809965067384,-0.06573561770038772,-0.11869426713059239,,0.0,,,,0.0,,,,0.0,,,,0.0,,,,0.0,,,,0.0,,
8,2013-03-01,0.0,-1.0,0.0,0.0,,1.0,-1.0,-1.0,0.0,2359.506,-0.01733201780372673,-0.05208081691676125,-0.0769627201626103,-0.030079601408091294,-0.12138600198516136,-0.15548085065263662,,0.0,,,,0.0,,,,0.0,,,,0.0,,,,0.0,,,,0.0,,
9,2013-03-08,0.0,-1.0,0.0,0.0,,-1.0,-1.0,-1.0,0.0,2318.611,-0.0173422794940592,-0.035361688528174784,-0.04878524254391958,-0.007770169295323814,-0.14638289907190127,-0.13273507285180652,,0.0,,,,0.0,,,,0.0,,,,0.0,,,,0.0,,,,0.0,,
10,2013-03-15,0.0,-1.0,0.0,0.0,,1.0,-1.0,-1.0,0.0,2278.401,0.021891229858132855,-0.03143476499527509,-0.013856208806087955,-0.02962735708068931,-0.1190317244418343,-0.10927970976136336,,0.0,,,,0.0,,,,0.0,,,,0.0,,,,0.0,,,,0.0,,
11,2013-03-22,0.0,-1.0,0.0,0.0,,-1.0,-1.0,-1.0,0.0,2328.278,-0.039366862548200765,-0.03592139770250791,-0.019502825693495374,-0.07139911986455205,-0.12403673444494157,-0.11856101376210215,,0.0,,,,0.0,,,,0.0,,,,0.0,,,,0.0,,,,0.0,,
12,2013-03-29,0.0,-1.0,0.0,0.0,,1.0,-1.0,-1.0,0.0,2236.621,0.0,-0.02624897110417912,0.023210011888469273,-0.07311296817833701,-0.10908106469535972,-0.07518886749252551,,0.0,,,,0.0,,,,0.0,,,,0.0,,,,0.0,,,,0.0,,
13,2013-04-05,0.0,-1.0,0.0,0.0,,1.0,-1.0,-1.0,0.0,2236.621,-0.01334200117051565,-0.013915634343055983,0.028602968495779812,-0.11509102346799038,-0.10094289555539371,-0.08010431807624085,,0.0,,,,0.0,,,,0.0,,,,0.0,,,,0.0,,,,0.0,,
14,2013-04-12,0.0,-1.0,0.0,0.0,,1.0,-1.0,-1.0,0.0,2206.78,0.017157578009588503,0.01814906787264703,0.001866067301679264,-0.09043991698311571,-0.08037140086460826,-0.049120437923127924,,0.0,,,,0.0,,,,0.0,,,,0.0,,,,0.0,,,,0.0,,
15,2013-04-19,0.0,-1.0,0.0,0.0,,-1.0,-1.0,-1.0,0.0,2244.643,-0.029729003676754018,0.017030325089557596,-0.036799615796364926,-0.09139849855856808,-0.08571875349443092,-0.046622113182363534,,0.0,,,,0.0,,,,0.0,,,,0.0,,,,0.0,,,,0.0,,
16,2013-04-26,0.0,-1.0,0.0,0.0,,-1.0,-1.0,-1.0,0.0,2177.912,0.01266580100573389,0.05079222668317174,-0.048127288889541875,-0.08506496130238494,-0.050259147293370665,0.026771054110542813,,0.0,,,,0.0,,,,0.0,,,,0.0,,,,0.0,,,,0.0,,
17,2013-05-03,0.0,-1.0,0.0,0.0,,1.0,-1.0,-1.0,0.0,2205.497,0.01874135398959975,0.0431186258698153,-0.10260317742440817,-0.08825539096176505,-0.06712273922839151,0.013928833274314156,,0.0,,,,0.0,,,,0.0,,,,0.0,,,,0.0,,,,0.0,,
18,2013-05-10,0.0,-1.0,0.0,0.0,,-1.0,-1.0,-1.0,0.0,2246.831,0.01603992467613269,-0.015992747118052097,-0.10665332639615532,-0.09676428712261853,-0.06607038980679902,-0.03863396935506058,,0.0,,,,0.0,,,,0.0,,,,0.0,,,,0.0,,,,0.0,,
19,2013-05-17,0.0,-1.0,0.0,0.0,,1.0,-1.0,-1.0,0.0,2282.87,0.0024806493580449285,-0.05292855046498479,-0.10661316675938615,-0.10102852987686539,-0.06258656866137802,-0.05381077328100148,,0.0,,,,0.0,,,,0.0,,,,0.0,,,,0.0,,,,0.0,,
20,2013-05-24,0.0,-1.0,0.0,0.0,,1.0,-1.0,-1.0,0.0,2288.533,0.005270625330724865,-0.09413803515177632,-0.12929024838182368,-0.09616684574790912,-0.022860059260670362,-0.026386772661788016,,0.0,,,,0.0,,,,0.0,,,,0.0,,,,0.0,,,,0.0,,
21,2013-05-31,0.0,-1.0,0.0,0.0,,1.0,-1.0,1.0,0.0,2300.595,-0.03898860946841998,-0.1396982085069297,-0.12594350591912085,-0.10568439903590143,-0.0279831956515596,-0.046429293291517904,,0.0,,,,0.0,,,,0.0,,,,0.0,,,,0.0,,,,0.0,,
22,2013-06-07,0.0,-1.0,0.0,0.0,,1.0,-1.0,1.0,0.0,2210.898,-0.02209826052581343,-0.0921340559356425,-0.08208429335048484,-0.050891538189459684,-0.02300920259550643,-0.03525400086299779,,0.0,,,,0.0,,,,0.0,,,,0.0,,,,0.0,,,,0.0,,
23,2013-06-14,-1.0,-1.0,0.0,0.0,,-1.0,-1.0,1.0,0.0,2162.041,-0.04113983037324476,-0.05668486397806516,-0.05078812103933272,-0.010197771457618132,-0.0009315272004555286,-0.005771860940657625,,0.0,,,,0.0,,,,0.0,,,,0.0,,,,0.0,,,,0.0,,
24,2013-06-21,-1.0,-1.0,0.0,0.0,,1.0,-1.0,1.0,0.0,2073.095,-0.04528928968522905,-0.03880526459231237,-0.002239646518852001,0.07868525079651456,0.07479203799150569,0.01593366440032895,,0.0,,,,0.0,,,,0.0,,,,0.0,,,,0.0,,,,0.0,,
25,2013-06-28,0.0,-1.0,0.0,0.0,,1.0,-1.0,1.0,0.0,1979.206,0.014143550494491341,0.015988229623394412,0.039537066884397065,0.12985560876432278,0.10841418225288346,0.07913324838344282,,0.0,,,,0.0,,,,0.0,,,,0.0,,,,0.0,,,,0.0,,
26,2013-07-05,0.0,-1.0,0.0,0.0,,-1.0,-1.0,1.0,0.0,2007.199,0.016085599883220336,0.01106965477762789,0.045427981978866994,0.07613993430646393,0.06265248238963839,0.09425024623866407,,0.0,,,,0.0,,,,0.0,,,,0.0,,,,0.0,,,,0.0,,
27,2013-07-12,0.0,-1.0,0.0,0.0,,-1.0,-1.0,1.0,0.0,2039.486,-0.02296559034972545,0.006251084832158638,0.049280554021944756,0.05910361728396274,0.05397242246330691,0.08875667692742173,,0.0,,,,0.0,,,,0.0,,,,0.0,,,,0.0,,,,0.0,,
28,2013-07-19,0.0,-1.0,0.0,0.0,,-1.0,-1.0,1.0,0.0,1992.648,0.009134578711342822,0.038041841810495525,0.12223383156483236,0.11818344233402,0.056948843950361594,0.1226809752650746,,0.0,,,,0.0,,,,0.0,,,,0.0,,,,0.0,,,,0.0,,
29,2013-07-26,0.0,-1.0,0.0,0.0,,1.0,-1.0,1.0,0.0,2010.85,0.009233906059626484,0.023178257950617898,0.1120754904642316,0.09097147972250563,0.06215132903995846,0.09211278812442503,,0.0,,,,0.0,,,,0.0,,,,0.0,,,,0.0,,,,0.0,,
30,2013-08-02,0.0,-1.0,0.0,0.0,,1.0,-1.0,1.0,-1.0,2029.418,0.011243124876196164,0.03398215646062086,0.06435786023382084,0.0510180751328706,0.08226989215627345,0.027286640800465944,,0.0,,,,0.0,,,,0.0,,,,0.0,,,,0.0,,,,0.0,,
31,2013-08-09,0.0,-1.0,0.0,0.0,,-1.0,-1.0,1.0,-1.0,2052.235,0.007902116473015974,0.04276215930436811,0.05252419922669671,0.04742488067886952,0.08199304660528628,0.02388420429434257,,0.0,,,,0.0,,,,0.0,,,,0.0,,,,0.0,,,,0.0,,
32,2013-08-16,0.0,-1.0,0.0,0.0,,1.0,-1.0,1.0,-1.0,2068.452,-0.005315085870979952,0.08110654731170941,0.07720459551393977,0.018214104073964288,0.08153730422557537,0.007099028645576322,,0.0,,,,0.0,,,,0.0,,,,0.0,,,,0.0,,,,0.0,,
33,2013-08-23,0.0,-1.0,0.0,0.0,,-1.0,-1.0,1.0,-1.0,2057.458,0.01989056398721134,0.08688342605292543,0.06625748860973113,0.03809020645864947,0.06737294272835692,-0.02146337859630676,,0.0,,,,0.0,,,,0.0,,,,0.0,,,,0.0,,,,0.0,,
34,2013-08-30,0.0,-1.0,0.0,0.0,,-1.0,-1.0,1.0,-1.0,2098.382,0.019830040478806987,0.02937739648929516,0.01647602772040546,0.04670074371587263,-0.006475465382375645,-0.04452621114744593,,0.0,,,,0.0,,,,0.0,,,,0.0,,,,0.0,,,,0.0,,
35,2013-09-06,0.0,-1.0,0.0,0.0,,1.0,-1.0,1.0,-1.0,2139.993,0.04496463306188403,0.009361712865415983,0.004471509953537289,0.037622085679719586,-0.01810379753578617,-0.04000059813279766,,0.0,,,,0.0,,,,0.0,,,,0.0,,,,0.0,,,,0.0,,
36,2013-09-13,0.0,-1.0,0.0,0.0,,1.0,-1.0,1.0,-1.0,2236.217,0.0,-0.003609220393190782,-0.05817413962956197,0.00039844075955075553,-0.06845534221410543,-0.08130919315969798,,0.0,,,,0.0,,,,0.0,,,,0.0,,,,0.0,,,,0.0,,
37,2013-09-20,0.0,-1.0,0.0,0.0,,-1.0,-1.0,1.0,-1.0,2236.217,-0.03407093318761112,-0.01897713862295114,-0.044892780977874636,-0.01795085181804823,-0.09968576394866868,-0.0857340767912953,,0.0,,,,0.0,,,,0.0,,,,0.0,,,,0.0,,,,0.0,,
38,2013-09-27,0.0,-1.0,0.0,0.0,,-1.0,-1.0,-1.0,-1.0,2160.027,0.0,-0.012533176668625079,0.016828956304712817,-0.034829657221877364,-0.07179447293945862,-0.0204529850784273,,0.0,,,,0.0,,,,0.0,,,,0.0,,,,0.0,,,,0.0,,
39,2013-10-04,0.0,-1.0,0.0,0.0,,1.0,-1.0,-1.0,-1.0,2160.027,0.031536179871825665,-0.004844846846821849,0.02799826113284687,-0.02721077097647384,-0.04890448128657665,-0.021450657792703387,,0.0,,,,0.0,,,,0.0,,,,0.0,,,,0.0,,,,0.0,,
40,2013-10-11,0.0,-1.0,0.0,0.0,,-1.0,-1.0,-1.0,-1.0,2228.146,-0.015423585348536384,-0.054762569418700724,0.004022178079892358,-0.06508101354220064,-0.07798142491560267,-0.07712420999342051,,0.0,,,,0.0,,,,0.0,,,,0.0,,,,0.0,,,,0.0,,
41,2013-10-18,0.0,-1.0,0.0,0.0,,1.0,-1.0,-1.0,-1.0,2193.78,-0.027726116565927383,-0.026416960679739976,0.001046139539971902,-0.08226987209291736,-0.0680483001941854,-0.061935107440126314,,0.0,,,,0.0,,,,0.0,,,,0.0,,,,0.0,,,,0.0,,
42,2013-10-25,0.0,-1.0,0.0,0.0,,1.0,-1.0,-1.0,-1.0,2132.955,0.007785912032836961,0.029734804531741377,-0.02257947307842878,-0.06001345551125081,-0.008020328605151006,-0.060299443729473934,,0.0,,,,0.0,,,,0.0,,,,0.0,,,,0.0,,,,0.0,,
43,2013-11-01,0.0,-1.0,0.0,0.0,,-1.0,-1.0,-1.0,-1.0,2149.562,-0.02020644205656774,0.033003002472131504,-0.022474811147573215,-0.04427413584720985,-0.01668665523488022,-0.04742501030442481,,0.0,,,,0.0,,,,0.0,,,,0.0,,,,0.0,,,,0.0,,
44,2013-11-08,0.0,-1.0,0.0,0.0,,1.0,-1.0,-1.0,-1.0,2106.127,0.01410171371432023,0.062190456700854435,-0.010916245791445567,-0.02456404575792448,-0.023657167872592644,-0.030584575384105528,,0.0,,,,0.0,,,,0.0,,,,0.0,,,,0.0,,,,0.0,,
45,2013-11-15,0.0,-1.0,0.0,0.0,,1.0,-1.0,-1.0,-1.0,2135.827,0.028350142591136773,0.028208277168515705,-0.05736841045646501,-0.042760953953667635,-0.036481887343872144,-0.03604973623800056,,0.0,,,,0.0,,,,0.0,,,,0.0,,,,0.0,,,,0.0,,
46,2013-11-22,0.0,-1.0,0.0,0.0,,1.0,-1.0,-1.0,-1.0,2196.378,0.010984448032169247,-0.05080364126757797,-0.08715667339592736,-0.036664909227828835,-0.08743440336772645,-0.029974803972722452,,0.0,,,,0.0,,,,0.0,,,,0.0,,,,0.0,,,,0.0,,
47,2013-11-29,0.0,-1.0,0.0,0.0,,1.0,-1.0,-1.0,-1.0,2220.504,0.007477581666144317,-0.05370537499594674,-0.07480824173250766,-0.04810214257664014,-0.07785845015365878,-0.0552829447728983,,0.0,,,,0.0,,,,0.0,,,,0.0,,,,0.0,,,,0.0,,
48,2013-12-06,0.0,-1.0,0.0,0.0,,-1.0,-1.0,-1.0,-1.0,2237.108,-0.018341984383409504,-0.06882635974660145,-0.08167509123386096,-0.08082131037035312,-0.0873431233539016,-0.08966442389012963,,0.0,,,,0.0,,,,0.0,,,,0.0,,,,0.0,,,,0.0,,
49,2013-12-13,0.0,-1.0,0.0,0.0,,-1.0,-1.0,-1.0,-1.0,2196.075,-0.05067267739034409,-0.08322894254522262,-0.06902223284723874,-0.0629154286625001,-0.06249513336293144,-0.07265507780927327,,0.0,,,,0.0,,,,0.0,,,,0.0,,,,0.0,,,,0.0,,
50,2013-12-20,0.0,-1.0,0.0,0.0,,1.0,-1.0,-1.0,-1.0,2084.794,0.007893825481078975,-0.038298747981814873,0.014895476483527847,-0.0385913428377096,0.02194365486470118,-0.03533154834482444,,0.0,,,,0.0,,,,0.0,,,,0.0,,,,0.0,,,,0.0,,
51,2013-12-27,0.0,-1.0,-1.0,0.0,,-1.0,-1.0,1.0,-1.0,2101.251,-0.00862105479069386,-0.022300524782617792,0.005921234540756881,-0.02552384270132424,-0.0016671021215457493,-0.03557261840684445,,0.0,,,,0.0,,,,0.0,,,,0.0,,,,0.0,,,,0.0,,
52,2014-01-03,-1.0,-1.0,-1.0,0.0,,-1.0,-1.0,1.0,-1.0,2083.136,-0.03352541552735877,-0.013798426987004286,-0.01288154013948195,-0.019885403545423785,-0.022378279670650425,-0.02331436833696887,,0.0,,,,0.0,,,,0.0,,,,0.0,,,,0.0,,,,0.0,,
53,2014-01-10,-1.0,-1.0,-1.0,0.0,,1.0,-1.0,1.0,-1.0,2013.298,-0.004146927081832841,0.015496464010792188,0.022157673628047103,0.02261612538233293,0.011533811686099238,0.012871417942103003,,0.0,,,,0.0,,,,0.0,,,,0.0,,,,0.0,,,,0.0,,
54,2014-01-17,-1.0,-1.0,-1.0,0.0,,-1.0,-1.0,1.0,-1.0,2004.949,0.024660477648059675,0.055312628899787386,-0.0003042471404509639,0.06264149362402716,0.0030853652636551043,0.012472636461076991,,0.0,,,,0.0,,,,0.0,,,,0.0,,,,0.0,,,,0.0,,
55,2014-01-24,-1.0,-1.0,-1.0,0.0,,1.0,-1.0,1.0,-1.0,2054.392,0.0,0.02886547455402888,-0.0032968391621461812,0.02110405414351324,-0.013574819216585654,0.007945416454114174,,0.0,,,,0.0,,,,0.0,,,,0.0,,,,0.0,,,,0.0,,
56,2014-01-31,-1.0,-1.0,-1.0,0.0,,1.0,-1.0,1.0,-1.0,2054.392,-0.004816510188902501,0.0009297154583935985,-0.006172142414884729,-0.0086998975852709,-0.009649083524468471,-0.013492069673168405,,0.0,,,,0.0,,,,0.0,,,,0.0,,,,0.0,,,,0.0,,
57,2014-02-07,-1.0,-1.0,-1.0,0.0,,-1.0,-1.0,1.0,-1.0,2044.497,0.03489904851902437,0.006559559637407064,0.007011015423353584,-0.0039021822971616604,-0.0025849878967785234,-0.003906584357913023,,0.0,,,,0.0,,,,0.0,,,,0.0,,,,0.0,,,,0.0,,
58,2014-02-14,0.0,-1.0,-1.0,0.0,,1.0,-1.0,1.0,-1.0,2115.848,-0.0010185041647603477,-0.0527018008855078,0.006944733270064729,-0.04948984993250927,-0.04059459847777347,-0.02669048060163115,,0.0,,,,0.0,,,,0.0,,,,0.0,,,,0.0,,,,0.0,,
59,2014-02-21,0.0,-1.0,-1.0,0.0,,-1.0,-1.0,1.0,-1.0,2113.693,-0.027152003625881327,-0.03125997957130022,-0.007543668829863237,-0.04124960436544012,-0.02033313257885605,-0.03157128305766266,,0.0,,,,0.0,,,,0.0,,,,0.0,,,,0.0,,,,0.0,,
60,2014-02-28,0.0,-1.0,-1.0,0.0,,1.0,-1.0,1.0,-1.0,2056.302,0.0007810136837875792,-0.007095261299167266,-0.009620668559384815,-0.01056897284542846,-0.014408389429179214,0.0013446468466207229,,0.0,,,,0.0,,,,0.0,,,,0.0,,,,0.0,,,,0.0,,
61,2014-03-07,0.0,-1.0,-1.0,0.0,,-1.0,-1.0,1.0,-1.0,2057.908,-0.0260308040981424,0.00044851373336429745,-0.010393564726897342,-0.009084954235077491,-0.010397938100245474,0.03338633213924047,,0.0,,,,0.0,,,,0.0,,,,0.0,,,,0.0,,,,0.0,,
62,2014-03-14,0.0,-1.0,-1.0,0.0,,1.0,-1.0,1.0,-1.0,2004.339,0.02159315365314951,0.0629648976545385,0.0033906439978466096,0.012780772114896699,0.0274584289384181,0.09028612425343208,,0.0,,,,0.0,,,,0.0,,,,0.0,,,,0.0,,,,0.0,,
63,2014-03-21,0.0,-1.0,-1.0,0.0,,-1.0,-1.0,1.0,-1.0,2047.619,-0.0028848140205770534,0.024481605220502578,-0.010311976983999438,0.01127944212277776,-0.0003213488446824897,0.07169595515571991,,0.0,,,,0.0,,,,0.0,,,,0.0,,,,0.0,,,,0.0,,
64,2014-03-28,0.0,-1.0,-1.0,0.0,,1.0,-1.0,1.0,-1.0,2041.712,0.008384630153518202,-0.002543453729027423,-0.003498534563150968,-0.007365387478743379,0.008500219423699384,0.09062100825189834,,0.0,,,,0.0,,,,0.0,,,,0.0,,,,0.0,,,,0.0,,
65,2014-04-04,0.0,-1.0,-1.0,0.0,,1.0,-1.0,1.0,-1.0,2058.831,0.03483093075633681,-0.010837217819238298,-0.009529193994067597,-0.010841589231947668,0.03292305196492573,0.08839045069750728,,0.0,,,,0.0,,,,0.0,,,,0.0,,,,0.0,,,,0.0,,
66,2014-04-11,0.0,-1.0,-1.0,0.0,,-1.0,-1.0,1.0,-1.0,2130.542,-0.015392327398380257,-0.05604536310478736,-0.0472114607456694,-0.03340323729830241,0.025702849321909582,0.040674157092420504,,0.0,,,,0.0,,,,0.0,,,,0.0,,,,0.0,,,,0.0,,
67,2014-04-18,0.0,-1.0,-1.0,0.0,,1.0,-1.0,1.0,-1.0,2097.748,-0.029187967286823824,-0.03396213463199593,-0.012886676569349609,-0.02421024832344021,0.04608608851015483,0.10901404744516485,,0.0,,,,0.0,,,,0.0,,,,0.0,,,,0.0,,,,0.0,,
68,2014-04-25,0.0,-1.0,-1.0,0.0,,1.0,-1.0,1.0,-1.0,2036.519,0.0,-0.0009575162323552933,-0.004834229388480993,0.011071833849819246,0.09340202571152045,0.14506665540562103,,0.0,,,,0.0,,,,0.0,,,,0.0,,,,0.0,,,,0.0,,
69,2014-05-02,-1.0,-1.0,-1.0,0.0,,1.0,-1.0,1.0,-1.0,2036.519,-0.012464406175439535,0.0013223544685809774,-4.419305687841657e-06,0.0442397051046417,0.10031480187516051,0.1438395615263104,,0.0,,,,0.0,,,,0.0,,,,0.0,,,,0.0,,,,0.0,,
70,2014-05-09,-1.0,-1.0,-1.0,0.0,,-1.0,-1.0,1.0,-1.0,2011.135,0.007641953424310177,0.009358397124012097,0.0239864554095075,0.08660184423223694,0.10246204257794722,0.16735972473255134,,0.0,,,,0.0,,,,0.0,,,,0.0,,,,0.0,,,,0.0,,
71,2014-05-16,0.0,-1.0,-1.0,0.0,,1.0,-1.0,1.0,-1.0,2026.504,0.003979760217596384,0.021816389210186804,0.010094724708167524,0.08286240737743444,0.14800266863524558,0.15850647223000802,,0.0,,,,0.0,,,,0.0,,,,0.0,,,,0.0,,,,0.0,,
72,2014-05-23,-1.0,-1.0,-1.0,0.0,,-1.0,-1.0,1.0,-1.0,2034.569,0.0022820558064140517,-0.003880428729622798,0.012040879419670691,0.09444997933223198,0.14616412616136376,0.16709730660400313,,0.0,,,,0.0,,,,0.0,,,,0.0,,,,0.0,,,,0.0,,
73,2014-05-30,-1.0,-1.0,-1.0,0.0,,1.0,-1.0,1.0,-1.0,2039.212,-0.004539008205130313,-0.0013250216260006775,0.04286067363275614,0.0988617171731041,0.14232899767164975,0.14808269076486424,,0.0,,,,0.0,,,,0.0,,,,0.0,,,,0.0,,,,0.0,,
74,2014-06-06,-1.0,-1.0,-1.0,0.0,,1.0,-1.0,1.0,-1.0,2029.956,0.020078760327810086,0.014492432348287343,0.07652727448279673,0.09224042294512791,0.15653639783325346,0.13415266143699678,,0.0,,,,0.0,,,,0.0,,,,0.0,,,,0.0,,,,0.0,,
75,2014-06-13,-1.0,-1.0,-1.0,0.0,,-1.0,-1.0,1.0,-1.0,2070.715,-0.02126849904501593,-0.011471399975370944,0.059742649278147875,0.12349212711551316,0.13377166824019704,0.16876441229237238,,0.0,,,,0.0,,,,0.0,,,,0.0,,,,0.0,,,,0.0,,
76,2014-06-20,-1.0,-1.0,-1.0,0.0,,1.0,-1.0,1.0,-1.0,2026.674,0.004853271912502954,0.015983330323475764,0.09871345860261682,0.15062906022379519,0.17164378681524517,0.19317216286388428,,0.0,,,,0.0,,,,0.0,,,,0.0,,,,0.0,,,,0.0,,
77,2014-06-27,-1.0,-1.0,-1.0,0.0,,-1.0,-1.0,1.0,-1.0,2036.51,0.011227541234759553,0.044244319939504395,0.10031966452411223,0.1438446165253302,0.14960594350138234,0.21719215717084617,,0.0,,,,0.0,,,,0.0,,,,0.0,,,,0.0,,,,0.0,,
78,2014-07-04,0.0,-1.0,-1.0,0.0,,-1.0,-1.0,1.0,-1.0,2059.375,-0.006028042488619101,0.0611486494688922,0.07663732928679812,0.14001481031866447,0.1179508345978757,0.20754646433990898,,0.0,,,,0.0,,,,0.0,,,,0.0,,,,0.0,,,,0.0,,
79,2014-07-11,0.0,-1.0,-1.0,0.0,,1.0,-1.0,1.0,-1.0,2046.961,0.005914133195503046,0.07204045411710336,0.13652971404926606,0.14692854431520663,0.18232736236792002,0.3106429482535329,,0.0,,,,0.0,,,,0.0,,,,0.0,,,,0.0,,,,0.0,,
80,2014-07-18,0.0,-1.0,-1.0,0.0,,1.0,-1.0,1.0,-1.0,2059.067,0.032804663471368345,0.08142862762600722,0.13252749910517725,0.15321162448817827,0.17440131865548802,0.42668839819199667,,0.0,,,,0.0,,,,0.0,,,,0.0,,,,0.0,,,,0.0,,
81,2014-07-25,0.0,-1.0,-1.0,0.0,,-1.0,-1.0,-1.0,-1.0,2126.614,0.027597391910332503,0.05369944898321921,0.09538026176823822,0.10089748304111623,0.16562008902414815,0.3816202658310346,,0.0,,,,0.0,,,,0.0,,,,0.0,,,,0.0,,,,0.0,,
82,2014-08-01,0.0,-1.0,-1.0,0.0,,-1.0,-1.0,-1.0,-1.0,2185.303,0.004174249520547235,0.014596145248507941,0.07432150141193228,0.053528961430062694,0.13796164650851628,0.4225011359980746,,0.0,,,,0.0,,,,0.0,,,,0.0,,,,0.0,,,,0.0,,
83,2014-08-08,0.0,-1.0,-1.0,0.0,,-1.0,-1.0,-1.0,-1.0,2194.425,0.014723219066497872,0.060155621632090206,0.06985565694885887,0.10287569636692973,0.2225685544049123,0.43892044613053516,,0.0,,,,0.0,,,,0.0,,,,0.0,,,,0.0,,,,0.0,,
84,2014-08-15,0.0,-1.0,-1.0,0.0,,-1.0,-1.0,-1.0,-1.0,2226.734,0.006322263907588388,0.047251265755137384,0.06637793288286797,0.08597210084365714,0.3192626510395944,0.4180422987209069,,0.0,,,,0.0,,,,0.0,,,,0.0,,,,0.0,,,,0.0,,
85,2014-08-22,0.0,-1.0,-1.0,0.0,,-1.0,-1.0,-1.0,-1.0,2240.812,-0.01053725167483932,0.03955664285982041,0.04479269122086116,0.10621685353345134,0.3112090617151282,0.4661702989809051,,0.0,,,,0.0,,,,0.0,,,,0.0,,,,0.0,,,,0.0,,
86,2014-08-29,0.0,-1.0,-1.0,0.0,,1.0,-1.0,-1.0,-1.0,2217.2,0.04926574057369648,0.05886613747068381,0.038372722352516764,0.12159074508388978,0.402036803175176,0.5228644235973301,,0.0,,,,0.0,,,,0.0,,,,0.0,,,,0.0,,,,0.0,,
87,2014-09-05,0.0,-1.0,-1.0,0.0,,-1.0,-1.0,-1.0,-1.0,2326.432,0.002371872463927671,0.009149633430076687,0.04029604131992692,0.15319725657143657,0.35727285388096464,0.4407315580253368,,0.0,,,,0.0,,,,0.0,,,,0.0,,,,0.0,,,,0.0,,
88,2014-09-12,0.0,-1.0,-1.0,0.0,,1.0,-1.0,-1.0,-1.0,2331.95,-0.0010716353266578826,0.018263684898904398,0.03697377731083429,0.25973841634683437,0.3540611934218145,0.376686035292352,,0.0,,,,0.0,,,,0.0,,,,0.0,,,,0.0,,,,0.0,,
89,2014-09-19,0.0,-1.0,-1.0,0.0,,1.0,-1.0,-1.0,-1.0,2329.451,0.007841761857192875,0.005036809102230588,0.06412369266406559,0.2613156490520727,0.41038038576471436,0.32044288546958066,,0.0,,,,0.0,,,,0.0,,,,0.0,,,,0.0,,,,0.0,,
90,2014-09-26,0.0,-1.0,-1.0,0.0,,-1.0,-1.0,-1.0,-1.0,2347.718,0.0,-0.019354113228249537,0.05923752341635602,0.3240925869290947,0.4382029698626497,0.36465580619137405,,0.0,,,,0.0,,,,0.0,,,,0.0,,,,0.0,,,,0.0,,
91,2014-10-03,0.0,-1.0,-1.0,0.0,,-1.0,-1.0,-1.0,-1.0,2347.718,0.011424711145035404,0.030864013480324415,0.14274158991838037,0.34496689977246,0.42766891083171,0.36465580619137405,,0.0,,,,0.0,,,,0.0,,,,0.0,,,,0.0,,,,0.0,,
92,2014-10-10,0.0,-1.0,-1.0,0.0,,1.0,-1.0,-1.0,-1.0,2374.54,-0.014047352329293106,0.01837450622015213,0.23714361518441462,0.3297746089768967,0.35199364929628474,0.3940818011067406,,0.0,,,,0.0,,,,0.0,,,,0.0,,,,0.0,,,,0.0,,
93,2014-10-17,0.0,-1.0,-1.0,0.0,,1.0,-1.0,-1.0,-1.0,2341.184,-0.016617232989803443,0.05879076569803998,0.2549944814247831,0.4033121702523166,0.31382539774746454,0.384422155627238,,0.0,,,,0.0,,,,0.0,,,,0.0,,,,0.0,,,,0.0,,
94,2014-10-24,0.0,-1.0,-1.0,0.0,,1.0,-1.0,-1.0,-1.0,2302.28,0.05120923606164318,0.08014272807825273,0.35022499435342347,0.4665874698125334,0.39158877286863447,0.4650307521239814,,0.0,,,,0.0,,,,0.0,,,,0.0,,,,0.0,,,,0.0,,
95,2014-10-31,0.0,-1.0,-1.0,0.0,,-1.0,-1.0,-1.0,-1.0,2420.178,-0.0008292778465055495,0.10852796777757678,0.30469866266034984,0.3849245799275922,0.3237980842731405,0.4946495670979574,,0.0,,,,0.0,,,,0.0,,,,0.0,,,,0.0,,,,0.0,,
96,2014-11-07,0.0,-1.0,-1.0,0.0,,1.0,-1.0,-1.0,-1.0,2418.171,0.025082179878925137,0.21482186330081698,0.3057815183458905,0.3275996610661529,0.36892841738652904,0.5263999113379494,,0.0,,,,0.0,,,,0.0,,,,0.0,,,,0.0,,,,0.0,,
97,2014-11-14,0.0,-1.0,-1.0,0.0,,-1.0,-1.0,-1.0,-1.0,2478.824,0.0032140240694782385,0.18530924341542598,0.3253913952745333,0.24087349485078402,0.3075502738395304,0.5587750481680023,,0.0,,,,0.0,,,,0.0,,,,0.0,,,,0.0,,,,0.0,,
98,2014-11-21,0.0,-1.0,-1.0,0.0,-1.0,1.0,-1.0,-1.0,-1.0,2486.791,0.07883412799869394,0.25004312787041605,0.35777192373625266,0.28833786192727895,0.3563307089337222,0.6222955608251757,,0.0,,,,0.0,,,,0.0,,,,0.0,,,,0.0,,,,0.0,,
99,2014-11-28,0.0,-1.0,-1.0,0.0,-1.0,-1.0,-1.0,-1.0,-1.0,2682.835,0.09497863267774576,0.17696503884882975,0.24933661593053613,0.1941945740233746,0.34831922201700816,0.5980468422396459,,0.0,,,,0.0,,,,0.0,,,,0.0,,,,0.0,,,,0.0,,
100,2014-12-05,1.0,1.0,-1.0,0.0,-1.0,-1.0,-1.0,-1.0,-1.0,2937.647,0.00017905486942426663,0.07487489136713843,0.09283484366909978,0.12685526885973708,0.2564804416596005,0.4956480475700449,,0.0,,,,0.0,,,,0.0,,,,0.0,,,,0.0,,,,0.0,,
101,2014-12-12,1.0,1.0,-1.0,0.0,-1.0,1.0,-1.0,-1.0,-1.0,2938.173,0.058003051556188234,0.11818194503863455,0.04687743029426805,0.10313007436934463,0.315078792160979,0.4953802924470412,,0.0,,,,0.0,,,,0.0,,,,0.0,,,,0.0,,,,0.0,,
102,2014-12-19,1.0,-1.0,-1.0,0.0,-1.0,-1.0,-1.0,-1.0,-1.0,3108.596,0.01576499487228311,0.08618006328258798,0.030634730276948297,0.08502713121936711,0.2977916718672995,0.35299569323257196,,0.0,,,,0.0,,,,0.0,,,,0.0,,,,0.0,,,,0.0,,
103,2014-12-26,1.0,-1.0,-1.0,0.0,-1.0,1.0,-1.0,1.0,-1.0,3157.603,0.0,0.06148999731758553,0.01463895239521884,0.145589866743856,0.3577691685750235,0.36454487787096723,,0.0,,,,0.0,,,,0.0,,,,0.0,,,,0.0,,,,0.0,,
104,2015-01-02,1.0,-1.0,-1.0,0.0,-1.0,-1.0,-1.0,1.0,-1.0,3157.603,0.040476589362247184,0.01670887695508272,0.04835946760881593,0.16895505863149984,0.39146244793914864,0.4750416692662123,,0.0,,,,0.0,,,,0.0,,,,0.0,,,,0.0,,,,0.0,,
105,2015-01-09,1.0,-1.0,-1.0,0.0,-1.0,1.0,-1.0,1.0,-1.0,3285.412,0.02772346360212974,-0.06376825798408225,-0.013461021022629693,0.17608659127074477,0.3373318171358721,0.4037034015825107,,0.0,,,,0.0,,,,0.0,,,,0.0,,,,0.0,,,,0.0,,
106,2015-01-16,1.0,-1.0,-1.0,0.0,-1.0,1.0,1.0,1.0,-1.0,3376.495,-0.00732445923953684,-0.05113823654410854,-0.0010614557403461067,0.19482184928453927,0.24564585465105093,0.48766575990783334,,0.0,,,,0.0,,,,0.0,,,,0.0,,,,0.0,,,,0.0,,
107,2015-01-23,1.0,1.0,-1.0,0.0,-1.0,-1.0,1.0,1.0,-1.0,3351.764,-0.042187039421630046,-0.044137057382321654,0.07922813181357635,0.27911631009820503,0.2854995160757141,0.5413823884975195,,0.0,,,,0.0,,,,0.0,,,,0.0,,,,0.0,,,,0.0,,
108,2015-01-30,0.0,-1.0,-1.0,0.0,-1.0,1.0,-1.0,-1.0,-1.0,3210.363,-0.04188186818749151,0.031130436028573794,0.14974412550854854,0.368594766386231,0.45080042350351035,0.39497131632777993,,0.0,,,,0.0,,,,0.0,,,,0.0,,,,0.0,,,,0.0,,
109,2015-02-06,0.0,-1.0,-1.0,0.0,-1.0,-1.0,-1.0,-1.0,-1.0,3075.907,0.041587733309232044,0.053733744225686886,0.2561917509209479,0.42841964987888104,0.49931191027557054,0.363133995923804,,0.0,,,,0.0,,,,0.0,,,,0.0,,,,0.0,,,,0.0,,
110,2015-02-13,0.0,-1.0,-1.0,0.0,-1.0,1.0,-1.0,-1.0,-1.0,3203.827,0.0,0.05277563364064286,0.25921593144698507,0.31277906079198403,0.5678424584098951,0.15078476459559131,,0.0,,,,0.0,,,,0.0,,,,0.0,,,,0.0,,,,0.0,,
111,2015-02-20,0.0,-1.0,-1.0,0.0,-1.0,-1.0,-1.0,-1.0,-1.0,3203.827,0.033234004208092305,0.12906158790721212,0.33817962080973785,0.3448575718976086,0.6125558589774043,0.2103660403636025,,0.0,,,,0.0,,,,0.0,,,,0.0,,,,0.0,,,,0.0,,
112,2015-02-27,0.0,-1.0,-1.0,0.0,-1.0,-1.0,-1.0,-1.0,-1.0,3310.303,-0.020879055482232234,0.11503267223574398,0.3272760831863428,0.40699990303002465,0.35285630952816116,0.19546506769924088,,0.0,,,,0.0,,,,0.0,,,,0.0,,,,0.0,,,,0.0,,
113,2015-03-06,0.0,-1.0,-1.0,0.0,-1.0,-1.0,-1.0,-1.0,-1.0,3241.187,0.04064066652124665,0.1921339311801511,0.3555792985717887,0.42285650287996335,0.29362279930161406,0.25599294332600997,,0.0,,,,0.0,,,,0.0,,,,0.0,,,,0.0,,,,0.0,,
114,2015-03-13,0.0,-1.0,-1.0,0.0,-1.0,1.0,-1.0,-1.0,-1.0,3372.911,0.07246174002219452,0.19609144741737916,0.24696945753979294,0.4892465291850272,0.09309593404628824,0.08622065628176978,,0.0,,,,0.0,,,,0.0,,,,0.0,,,,0.0,,,,0.0,,
115,2015-03-20,0.0,-1.0,-1.0,0.0,-1.0,-1.0,-1.0,-1.0,-1.0,3617.318,0.020395773885514057,0.18521401767829104,0.1911286207073859,0.4282266585354122,0.07201064435031679,0.03507750770045637,,0.0,,,,0.0,,,,0.0,,,,0.0,,,,0.0,,,,0.0,,
116,2015-03-27,1.0,-1.0,-1.0,0.0,-1.0,1.0,-1.0,-1.0,-1.0,3691.096,0.046824303675656154,0.19034725729160118,0.26184634590918243,0.21328849209015432,0.0721345638260289,0.07429741735246109,,0.0,,,,0.0,,,,0.0,,,,0.0,,,,0.0,,,,0.0,,
117,2015-04-03,0.0,-1.0,-1.0,0.0,-1.0,1.0,-1.0,-1.0,-1.0,3863.929,0.04409527193693252,0.1371031921135195,0.19353745889223117,0.08513210258263038,0.05356697806817867,-0.09218207684457969,,0.0,,,,0.0,,,,0.0,,,,0.0,,,,0.0,,,,0.0,,
118,2015-04-10,1.0,-1.0,-1.0,0.0,-1.0,-1.0,-1.0,-1.0,-1.0,4034.31,0.06270861683906293,0.0425368898275047,0.24509420446123364,-0.08611006590965986,-0.09185818640610155,-0.1987850462656564,,0.0,,,,0.0,,,,0.0,,,,0.0,,,,0.0,,,,0.0,,
119,2015-04-17,1.0,-1.0,-1.0,0.0,-1.0,1.0,-1.0,-1.0,-1.0,4287.296,0.024815174879457613,0.004990324904088572,0.2050369277045485,-0.09551302266043693,-0.12667459862813313,-0.24606336954574637,,0.0,,,,0.0,,,,0.0,,,,0.0,,,,0.0,,,,0.0,,
120,2015-04-24,1.0,-1.0,-1.0,0.0,-1.0,-1.0,-1.0,-1.0,-1.0,4393.686,0.0,0.06006573979114571,0.01927272454153539,-0.099309418105891,-0.09749242435622385,-0.271628946629322,,0.0,,,,0.0,,,,0.0,,,,0.0,,,,0.0,,,,0.0,,
121,2015-05-01,1.0,-1.0,-1.0,0.0,-1.0,1.0,-1.0,-1.0,-1.0,4393.686,-0.04273609902937969,0.04962985520585672,-0.04570481368035839,-0.07346405728584149,-0.2016398076694601,-0.29491611371408877,,0.0,,,,0.0,,,,0.0,,,,0.0,,,,0.0,,,,0.0,,
122,2015-05-08,1.0,-1.0,-1.0,0.0,-1.0,1.0,-1.0,-1.0,-1.0,4205.917,0.024435574929319692,0.19429270715518143,-0.1233979890711111,-0.12891157861650626,-0.23147568057096712,-0.2647627140526073,,0.0,,,,0.0,,,,0.0,,,,0.0,,,,0.0,,,,0.0,,
123,2015-05-15,1.0,-1.0,-1.0,0.0,-1.0,-1.0,-1.0,-1.0,-1.0,4308.691,0.08097702991465394,0.19905326234812404,-0.10000429364742103,-0.13101113540051956,-0.24980707597736762,-0.2823001231696587,,0.0,,,,0.0,,,,0.0,,,,0.0,,,,0.0,,,,0.0,,
124,2015-05-22,1.0,-1.0,-1.0,0.0,-1.0,-1.0,-1.0,-1.0,-1.0,4657.596,-0.009844563590315714,-0.0384815900735056,-0.15034459837220737,-0.1486305596277564,-0.31290010984207295,-0.31656768856723505,,0.0,,,,0.0,,,,0.0,,,,0.0,,,,0.0,,,,0.0,,
125,2015-05-29,1.0,-1.0,-1.0,0.0,-1.0,-1.0,-1.0,-1.0,-1.0,4611.744,0.0891966249644387,-0.09082694095769395,-0.11727363877960262,-0.2393888299090322,-0.3282547340008465,-0.2646270911828583,,0.0,,,,0.0,,,,0.0,,,,0.0,,,,0.0,,,,0.0,,
126,2015-06-05,1.0,-1.0,-1.0,0.0,-1.0,1.0,-1.0,-1.0,-1.0,5023.096,0.02851906473617083,-0.2660073986242747,-0.2706240135565794,-0.35650254345128973,-0.38437429824156244,-0.3206512875724453,,0.0,,,,0.0,,,,0.0,,,,0.0,,,,0.0,,,,0.0,,
127,2015-06-12,1.0,-1.0,-1.0,0.0,-1.0,1.0,-1.0,-1.0,-1.0,5166.35,-0.1331666844096897,-0.24941140263435513,-0.275270839180466,-0.3743456211832339,-0.4014445401492349,-0.34527060690816536,,0.0,,,,0.0,,,,0.0,,,,0.0,,,,0.0,,,,0.0,,
128,2015-06-19,0.0,-1.0,-1.0,0.0,-1.0,1.0,-1.0,-1.0,-1.0,4478.3643,-0.06374892279308308,-0.11633995474642389,-0.11455731727764984,-0.28540121222384696,-0.28921557364147443,-0.19836079436413878,,0.0,,,,0.0,,,,0.0,,,,0.0,,,,0.0,,,,0.0,,
129,2015-06-26,0.0,-1.0,-1.0,0.0,-1.0,1.0,-1.0,1.0,-1.0,4192.8734,-0.1206709699367503,-0.029088739001754904,-0.16340331191492696,-0.26114697381514085,-0.19116289082327176,-0.1459702074477136,,0.0,,,,0.0,,,,0.0,,,,0.0,,,,0.0,,,,0.0,,
130,2015-07-03,0.0,-1.0,-1.0,0.0,-1.0,1.0,-1.0,1.0,-1.0,3686.9153,0.05177447390776768,-0.0062897295199594305,-0.12329163081126393,-0.16126443154254178,-0.07444746560898763,-0.015301626267356983,,0.0,,,,0.0,,,,0.0,,,,0.0,,,,0.0,,,,0.0,,
131,2015-07-10,0.0,-1.0,-1.0,0.0,-1.0,1.0,-1.0,1.0,-1.0,3877.8034,0.020513726920761366,-0.034452210754160495,-0.1664483300004327,-0.202551888009588,-0.12771204440121942,-0.11385321906726886,,0.0,,,,0.0,,,,0.0,,,,0.0,,,,0.0,,,,0.0,,
132,2015-07-17,0.0,-1.0,-1.0,0.0,-1.0,1.0,-1.0,1.0,-1.0,3957.3516,0.028695049487136748,0.002017334017022865,-0.19131934094509062,-0.19563588941654808,-0.09281945026062377,-0.10925478544792422,,0.0,,,,0.0,,,,0.0,,,,0.0,,,,0.0,,,,0.0,,
133,2015-07-24,0.0,-1.0,-1.0,0.0,-1.0,-1.0,-1.0,1.0,-1.0,4070.908,-0.10002250112259958,-0.13833867038999648,-0.2390107563226681,-0.1669299330763554,-0.12038326584634185,-0.15631075425924634,,0.0,,,,0.0,,,,0.0,,,,0.0,,,,0.0,,,,0.0,,
134,2015-07-31,0.0,-1.0,-1.0,0.0,-1.0,1.0,-1.0,1.0,-1.0,3663.7256,0.021966410366540456,-0.11774246957796197,-0.15595562069386415,-0.06858914324806431,-0.009068937913909392,-0.023135357080235508,,0.0,,,,0.0,,,,0.0,,,,0.0,,,,0.0,,,,0.0,,
135,2015-08-07,0.0,-1.0,-1.0,0.0,-1.0,1.0,-1.0,1.0,-1.0,3744.2045,0.0590593809713118,-0.13670594114183665,-0.17409772890342923,-0.096587486073477,-0.08223415681488555,-0.03105880034063302,,0.0,,,,0.0,,,,0.0,,,,0.0,,,,0.0,,,,0.0,,
136,2015-08-14,0.0,-1.0,-1.0,0.0,-1.0,-1.0,-1.0,1.0,-1.0,3965.3349,-0.11539779401734762,-0.19294743553690752,-0.19725529361971417,-0.0946458519808755,-0.11104809835860263,-0.08509266140421068,,0.0,,,,0.0,,,,0.0,,,,0.0,,,,0.0,,,,0.0,,
137,2015-08-21,0.0,-1.0,-1.0,0.0,-1.0,1.0,-1.0,1.0,-1.0,3507.744,-0.07851043291642734,-0.1168348659423265,-0.03318155486831431,0.020838122736436926,-0.02085747990731368,-0.09160645702765091,,0.0,,,,0.0,,,,0.0,,,,0.0,,,,0.0,,,,0.0,,
138,2015-08-28,0.0,-1.0,-1.0,0.0,-1.0,1.0,-1.0,1.0,-1.0,3232.3495,0.0,-0.04331292145233667,0.05571312755628677,0.12317665524721266,0.10723298950190885,-0.10251976155425024,,0.0,,,,0.0,,,,0.0,,,,0.0,,,,0.0,,,,0.0,,
139,2015-09-04,0.0,-1.0,-1.0,0.0,-1.0,-1.0,-1.0,1.0,-1.0,3232.3495,-0.009935744881548136,-0.04331292145233667,0.04647136703503141,0.06309760129589947,0.12237677268500846,-0.09769596388014345,,0.0,,,,0.0,,,,0.0,,,,0.0,,,,0.0,,,,0.0,,
140,2015-09-11,0.0,-1.0,-1.0,0.0,-1.0,1.0,-1.0,1.0,-1.0,3200.2337,-0.03197157132618167,-0.005337766426245727,0.12180319831017328,0.1014795575710612,0.1336403338293699,-0.14456247367184472,,0.0,,,,0.0,,,,0.0,,,,0.0,,,,0.0,,,,0.0,,
141,2015-09-18,0.0,-1.0,-1.0,0.0,-1.0,-1.0,-1.0,1.0,-1.0,3097.9172,-0.0017980467650974274,0.0947198976137904,0.1558858964984604,0.1086743377130932,0.02856590227782707,-0.10795162633785038,,0.0,,,,0.0,,,,0.0,,,,0.0,,,,0.0,,,,0.0,,
142,2015-09-25,0.0,-1.0,-1.0,0.0,-1.0,-1.0,-1.0,1.0,-1.0,3092.347,0.0,0.10350934096335229,0.1740272032860477,0.15736170617333678,-0.061887362576062865,-0.10634479248286177,,0.0,,,,0.0,,,,0.0,,,,0.0,,,,0.0,,,,0.0,,
143,2015-10-02,0.0,-1.0,-1.0,0.0,-1.0,1.0,-1.0,1.0,-1.0,3092.347,0.02936429837919219,0.09384917022572181,0.11122813836868883,0.1731911069488643,-0.056845172938224664,-0.07512934350511113,,0.0,,,,0.0,,,,0.0,,,,0.0,,,,0.0,,,,0.0,,
144,2015-10-09,0.0,-1.0,-1.0,0.0,-1.0,1.0,-1.0,1.0,-1.0,3183.1516,0.06540687537470724,0.12782325541768103,0.1073905496678198,0.13972391387202543,-0.139971844256491,-0.13066974252812846,,0.0,,,,0.0,,,,0.0,,,,0.0,,,,0.0,,,,0.0,,
145,2015-10-16,0.0,-1.0,-1.0,0.0,-1.0,-1.0,-1.0,1.0,-1.0,3391.3516,0.006216459537843111,0.05587365226300922,0.012747041621989252,-0.06043006570005893,-0.1851355076247475,-0.1525069237881439,,0.0,,,,0.0,,,,0.0,,,,0.0,,,,0.0,,,,0.0,,
146,2015-10-23,0.0,-1.0,-1.0,0.0,-1.0,-1.0,-1.0,1.0,-1.0,3412.4338,-0.008754045279940614,0.0639032763067815,0.048801005311809975,-0.14988246804963656,-0.1901697843925938,-0.17645083693638253,,0.0,,,,0.0,,,,0.0,,,,0.0,,,,0.0,,,,0.0,,
147,2015-10-30,0.0,-1.0,-1.0,0.0,-1.0,1.0,-1.0,1.0,-1.0,3382.5612,0.0613355347421356,0.01588790174735033,0.07253462258125598,-0.1377651940192539,-0.15448063437847037,-0.12635727034295785,,0.0,,,,0.0,,,,0.0,,,,0.0,,,,0.0,,,,0.0,,
148,2015-11-06,0.0,-1.0,-1.0,0.0,-1.0,-1.0,-1.0,1.0,-1.0,3590.0324,-0.00256086825288826,-0.01811693955742566,0.010551882484403308,-0.2374442080244179,-0.22919637159820616,-0.17008158477901203,,0.0,,,,0.0,,,,0.0,,,,0.0,,,,0.0,,,,0.0,,
149,2015-11-13,0.0,-1.0,-1.0,0.0,-1.0,-1.0,-1.0,1.0,-1.0,3580.8388,0.013868454508479955,-0.040844480349129464,-0.1101492756389928,-0.22825568132248786,-0.19735370383051032,-0.15954608177279572,,0.0,,,,0.0,,,,0.0,,,,0.0,,,,0.0,,,,0.0,,
150,2015-11-20,0.0,-1.0,-1.0,0.0,-1.0,1.0,-1.0,1.0,-1.0,3630.4995,-0.053490297960377076,-0.014195154137880972,-0.2009447184884614,-0.23881217997688742,-0.2259172601456081,-0.1778106566327856,,0.0,,,,0.0,,,,0.0,,,,0.0,,,,0.0,,,,0.0,,
151,2015-11-27,0.0,-1.0,-1.0,0.0,-1.0,1.0,-1.0,1.0,-1.0,3436.303,0.02580942367422212,0.055760798742136686,-0.15125004983553547,-0.1677040703337278,-0.14002053951586912,-0.10423586045817257,,0.0,,,,0.0,,,,0.0,,,,0.0,,,,0.0,,,,0.0,,
152,2015-12-04,0.0,-1.0,-1.0,0.0,-1.0,1.0,-1.0,1.0,-1.0,3524.992,-0.025648483741239847,0.02919779676095713,-0.22337412396964307,-0.21497410490577007,-0.15476857819819168,-0.16049738552598147,,0.0,,,,0.0,,,,0.0,,,,0.0,,,,0.0,,,,0.0,,
153,2015-12-11,0.0,-1.0,-1.0,0.0,-1.0,1.0,-1.0,1.0,-1.0,3434.5813,0.04203793341563933,-0.07225605636413379,-0.1953918808094599,-0.16317397989676352,-0.12375636587784355,-0.14448844172068365,,0.0,,,,0.0,,,,0.0,,,,0.0,,,,0.0,,,,0.0,,
154,2015-12-18,0.0,-1.0,-1.0,0.0,-1.0,1.0,-1.0,1.0,-1.0,3578.964,0.013677142323868186,-0.1894386755496842,-0.22785141174932177,-0.21477081077093818,-0.16597149342658934,-0.18600801796274002,,0.0,,,,0.0,,,,0.0,,,,0.0,,,,0.0,,,,0.0,,
155,2015-12-25,0.0,-1.0,-1.0,0.0,-1.0,1.0,-1.0,1.0,-1.0,3627.914,0.0,-0.1960774152860295,-0.21166240434585826,-0.18544099997960262,-0.15154631559623521,-0.2207342842195268,,0.0,,,,0.0,,,,0.0,,,,0.0,,,,0.0,,,,0.0,,
156,2016-01-01,0.0,-1.0,-1.0,0.0,-1.0,-1.0,-1.0,1.0,-1.0,3627.914,-0.12169582851192184,-0.24540658902057777,-0.23724487405159,-0.17874734627116295,-0.18431363036720283,-0.2211824756595664,,0.0,,,,0.0,,,,0.0,,,,0.0,,,,0.0,,,,0.0,,
157,2016-01-08,0.0,-1.0,-1.0,0.0,-1.0,1.0,-1.0,1.0,-1.0,3186.412,-0.08958107112325708,-0.13272608815181453,-0.0979989405011028,-0.05551134002759206,-0.07785810497826384,-0.11466376601644734,,0.0,,,,0.0,,,,0.0,,,,0.0,,,,0.0,,,,0.0,,
158,2016-01-15,0.0,-1.0,-1.0,0.0,-1.0,1.0,-1.0,1.0,-1.0,2900.9698,0.005374823274616691,-0.04739028996441108,-0.0312525831878705,0.028951766405841406,0.004232446680417112,0.01299985956420513,,0.0,,,,0.0,,,,0.0,,,,0.0,,,,0.0,,,,0.0,,
159,2016-01-22,0.0,-1.0,-1.0,0.0,-1.0,-1.0,-1.0,1.0,-1.0,2916.562,-0.061360601969030704,-0.019386181401252478,0.013230646219761555,0.05539227350558651,-0.030670700640000104,0.007584272167024064,,0.0,,,,0.0,,,,0.0,,,,0.0,,,,0.0,,,,0.0,,
160,2016-01-29,0.0,-1.0,-1.0,-1.0,-1.0,1.0,-1.0,1.0,-1.0,2737.6,0.00945791934541207,0.010816043249561647,0.08833796025715968,0.0809614260666276,0.03210220631209837,0.05388113676212747,,0.0,,,,0.0,,,,0.0,,,,0.0,,,,0.0,,,,0.0,,
161,2016-02-05,0.0,-1.0,-1.0,-1.0,-1.0,-1.0,-1.0,1.0,-1.0,2763.492,0.0,0.04004172981141241,0.08903155862220702,0.0632648837051093,0.020826548439438097,0.03285480833669863,,0.0,,,,0.0,,,,0.0,,,,0.0,,,,0.0,,,,0.0,,
162,2016-02-12,,,-1.0,-1.0,-1.0,,,1.0,-1.0,2763.492,0.03493008121608465,0.016940523077323855,0.0801399099400324,0.054190857075034016,0.06339442994587996,0.06114872053184883,,0.0,,,,0.0,,,,0.0,,,,0.0,,,,0.0,,,,0.0,,
163,2016-02-19,0.0,-1.0,-1.0,-1.0,-1.0,-1.0,-1.0,1.0,,2860.021,-0.03245116032364803,0.03326164388303443,0.07625678272991698,-0.011507607811271359,0.027503644204010858,0.044780440423339396,,0.0,,,,0.0,,,,0.0,,,,0.0,,,,0.0,,,,0.0,,
164,2016-02-26,0.0,-1.0,-1.0,-1.0,-1.0,1.0,-1.0,1.0,-1.0,2767.21,0.03864433852147098,0.07669240859927506,0.0693948055984186,0.021058394556249915,0.042604283737049276,0.10374564995067237,,0.0,,,,0.0,,,,0.0,,,,0.0,,,,0.0,,,,0.0,,
165,2016-03-04,0.0,-1.0,-1.0,-1.0,-1.0,-1.0,-1.0,1.0,-1.0,2874.147,-0.022211807538027872,0.04710371459775731,0.022329059717544064,-0.018475394612732066,-0.006910224146503219,0.04824701033036938,,0.0,,,,0.0,,,,0.0,,,,0.0,,,,0.0,,,,0.0,,
166,2016-03-11,0.0,-1.0,-1.0,-1.0,-1.0,1.0,-1.0,1.0,-1.0,2810.307,0.051539920727522004,0.06214659110196874,0.036629805925117775,0.04568006271200975,0.043471763049375056,0.06014716541644738,,0.0,,,,0.0,,,,0.0,,,,0.0,,,,0.0,,,,0.0,,
167,2016-03-18,0.0,-1.0,-1.0,-1.0,-1.0,-1.0,-1.0,1.0,-1.0,2955.15,0.008217518569277438,0.0416110857316887,-0.043328088252711394,-0.00557264436661431,0.011147995871613858,0.007291000456829622,,0.0,,,,0.0,,,,0.0,,,,0.0,,,,0.0,,,,0.0,,
168,2016-03-25,0.0,-1.0,-1.0,0.0,-1.0,-1.0,-1.0,1.0,-1.0,2979.434,0.010101247418133674,-0.006777797393733298,-0.0516712234605633,-0.03166004012842716,0.02512624881101555,0.023908232234712834,,0.0,,,,0.0,,,,0.0,,,,0.0,,,,0.0,,,,0.0,,
169,2016-04-01,0.0,-1.0,-1.0,0.0,-1.0,-1.0,-1.0,1.0,-1.0,3009.53,-0.008164730040903456,-0.023660172850910266,-0.0626290483896158,-0.051584134399723536,0.001091864842682977,0.03275328705811198,,0.0,,,,0.0,,,,0.0,,,,0.0,,,,0.0,,,,0.0,,
170,2016-04-08,0.0,-1.0,-1.0,0.0,-1.0,-1.0,-1.0,1.0,-1.0,2984.958,0.03120948435455384,-0.024023788609421004,-0.015503065704777219,-0.017582156934871418,-0.0018824385468740878,0.028593702155943257,,0.0,,,,0.0,,,,0.0,,,,0.0,,,,0.0,,,,0.0,,
171,2016-04-15,0.0,-1.0,-1.0,0.0,-1.0,1.0,-1.0,1.0,-1.0,3078.117,-0.038620039459189015,-0.08154595812959686,-0.04529879793393177,-0.029246126771659497,-0.03294903994877396,-0.003497267972595086,,0.0,,,,0.0,,,,0.0,,,,0.0,,,,0.0,,,,0.0,,
172,2016-04-22,0.0,-1.0,-1.0,0.0,-1.0,-1.0,-1.0,1.0,-1.0,2959.24,-0.007068030980927453,-0.045199781024857555,-0.02505204038874842,0.032121760992687376,0.030895432611075968,0.040420851299658,,0.0,,,,0.0,,,,0.0,,,,0.0,,,,0.0,,,,0.0,,
173,2016-04-29,0.0,-1.0,-1.0,0.0,-1.0,1.0,-1.0,1.0,-1.0,2938.324,-0.008534116727767271,-0.039913229446446374,-0.028600658062215012,0.02535186725493843,0.05778055789627001,0.04782692446442249,,0.0,,,,0.0,,,,0.0,,,,0.0,,,,0.0,,,,0.0,,
174,2016-05-06,0.0,-1.0,-1.0,0.0,-1.0,-1.0,-1.0,1.0,-1.0,2913.248,-0.029568028537220403,0.008730461670273026,0.006600193323740289,0.02268636243807598,0.053912677533804354,0.04141357000845791,,0.0,,,,0.0,,,,0.0,,,,0.0,,,,0.0,,,,0.0,,
175,2016-05-13,0.0,-1.0,-1.0,0.0,-1.0,1.0,-1.0,1.0,-1.0,2827.109,-0.0005751458468703508,0.03946540441136159,0.05694332974073513,0.05291164932091408,0.08497832945245487,0.06281823587275914,,0.0,,,,0.0,,,,0.0,,,,0.0,,,,0.0,,,,0.0,,
176,2016-05-20,0.0,-1.0,-1.0,0.0,-1.0,-1.0,-1.0,1.0,-1.0,2825.483,-0.0015703509806996863,0.02110152494281503,0.08098190645634729,0.07969752428168908,0.0896738716884864,0.06342986314198318,,0.0,,,,0.0,,,,0.0,,,,0.0,,,,0.0,,,,0.0,,
177,2016-05-27,0.0,-1.0,-1.0,0.0,-1.0,1.0,-1.0,-1.0,-1.0,2821.046,0.041699426382979965,0.011782863519418152,0.06797833144160004,0.10175516457370781,0.09138773348608997,0.08605425079917173,,0.0,,,,0.0,,,,0.0,,,,0.0,,,,0.0,,,,0.0,,
178,2016-06-03,0.0,-1.0,-1.0,0.0,-1.0,-1.0,-1.0,-1.0,-1.0,2938.682,0.0,-0.0021118310861807377,0.013835113836747182,0.044791168285646554,0.032400239290947486,0.05181200279581111,,0.0,,,,0.0,,,,0.0,,,,0.0,,,,0.0,,,,0.0,,
179,2016-06-10,0.0,-1.0,-1.0,0.0,-1.0,-1.0,-1.0,-1.0,-1.0,2938.682,-0.018231642620739397,0.016814340578531484,0.012935731052220012,0.04378493487896962,0.022466194028479602,0.056347709619482655,,0.0,,,,0.0,,,,0.0,,,,0.0,,,,0.0,,,,0.0,,
180,2016-06-17,0.0,-1.0,-1.0,0.0,-1.0,-1.0,-1.0,-1.0,-1.0,2885.105,-0.010682106890390508,0.058642926340635615,0.05738508650465057,0.06715526817914763,0.04145360394162423,0.08325936144438417,0.018462704268565052,0.01603908534572743,,7.072427501871671,0.07878115883355308,0.027847748054847028,,7.072427501871672,0.1370718046091992,0.03821867227203035,,7.072427501871671,0.1337160665462243,-0.025930073111008242,,-7.072427501871671,0.10116692847734582,-0.0955648309963952,,-7.072427501871672,0.04068669647463202,-0.22204464754396258,,-7.072427501871672
181,2016-06-24,0.0,-1.0,-1.0,0.0,-1.0,1.0,-1.0,-1.0,-1.0,2854.286,0.027393891151762606,0.055541035481377676,0.0889245156231715,0.07867781995217027,0.07340644910846361,0.11973502304954708,0.01701748728336927,0.015391545515647774,,4.844524273298159,0.07778255515443333,0.027400316518047935,,4.909816456835995,0.1331203431339098,0.03644819163245421,,4.828168629874406,0.13041548601325603,-0.027408921878616516,,-5.092433969122843,0.09820589673859628,-0.09689154249273943,,-4.987066666650935,0.04279776654414713,-0.2210987674663672,,-4.940685937220799
182,2016-07-01,0.0,-1.0,-1.0,0.0,-1.0,-1.0,-1.0,-1.0,-1.0,2932.476,0.018966225128526082,0.015980693448130356,0.04700226020605114,0.03458510828392125,0.054037952910782394,0.08879186053014587,0.017507717467048246,0.015611196663600727,,3.982979837858402,0.07673176102450985,0.02692950067564539,,3.930217054458936,0.1310323241137142,0.03551263974274441,,3.860107529448825,0.12797115502364337,-0.028504121900402565,,-4.189506256281191,0.09703425404609378,-0.09741650539989333,,-4.03708820062293,0.04643264485717108,-0.21947013418203165,,-3.975411463715454
183,2016-07-08,0.0,-1.0,-1.0,0.0,-1.0,-1.0,-1.0,-1.0,-1.0,2988.094,0.02215526017588454,-0.003814471700020139,0.02652460063170703,0.005558392741326079,0.03887963363937019,0.09164504195651135,0.01757351562270139,0.015640677998907226,,3.4231169267088153,0.07399107730644697,0.025701517689508478,,3.254307624930406,0.1272414470613897,0.033814110105008115,,3.201731815793596,0.1237581983135077,-0.030391767354448013,,-3.7328584473887267,0.09509454718727489,-0.09828560496254046,,-3.4781565131001915,0.048343610661333886,-0.2186139122549499,,-3.4020031227539707
184,2016-07-15,0.0,-1.0,-1.0,0.0,-1.0,1.0,-1.0,-1.0,-1.0,3054.296,-0.013580871009227669,-0.0011881625094620762,0.00804080547530428,-0.016237129603679512,0.02325282159947828,0.0620591455445052,0.017771291120167145,0.01572929272827642,,3.0460696010866872,0.07063252447100704,0.024196694016210964,,2.7503876798740903,0.12289390560101306,0.03186616298886277,,2.714804588496781,0.118655987774258,-0.03267784936113606,,-3.4520809649045177,0.09266797530774672,-0.0993728478877489,,-3.1003294456898467,0.05021275941373082,-0.21777642675767167,,-3.00529450178293
185,2016-07-22,0.0,-1.0,-1.0,0.0,-1.0,-1.0,-1.0,-1.0,-1.0,3012.816,-0.011111531537272734,0.03162688992623508,0.02191936049197829,0.016925361522243776,0.06081619322255327,0.07304362430364142,0.016473945487957192,0.01514800771789994,,2.653130281022261,0.06766060010509335,0.02286510200018364,,2.380549947668918,0.11814130936286873,0.029736728175951778,,2.3233777764563186,0.1130741399921759,-0.03517883627269801,,-3.255140366986775,0.08979559138408234,-0.10065984009508404,,-2.824761062572283,0.05070296028858001,-0.2175567887417521,,-2.71561683432823
186,2016-07-29,0.0,-1.0,-1.0,-1.0,-1.0,1.0,-1.0,1.0,-1.0,2979.339,-0.0008871095232868553,0.030533618362999393,0.01831177989480226,0.0374586443503071,0.0716658963615755,0.048213043228716224,-0.006626972768163251,-0.007347912938364259,,-1.7373267136369053,-0.01975172405934398,-0.06375694008386087,,-5.255156237806629,-0.02949498031921316,-0.11578924642739716,,-5.883687068617261,-0.01708889472832742,-0.16323316066891658,,-6.474967852988569,-0.012213500525502047,-0.2020333632843243,,-4.537039825440477,-0.01735775970076925,-0.2861074784385655,,-3.215974840766653
187,2016-08-05,0.0,-1.0,-1.0,-1.0,-1.0,1.0,-1.0,1.0,-1.0,2976.696,0.024850035072442767,0.030455242994245957,0.009408753866703146,0.04285758438214726,0.095825035542763,0.044834407006963506,-0.006513149095052131,-0.007294585549058457,,-1.6544990239916326,-0.018754546577237463,-0.06328975368632311,,-4.147859150925393,-0.02854695406580733,-0.11534508781165688,,-4.461911482586981,-0.01600719626405736,-0.16272637544982285,,-4.716440503068166,-0.01055014015527797,-0.2012540643599934,,-3.75441029940471,-0.016057465718165853,-0.285498279301627,,-2.872824178362688
188,2016-08-12,0.0,-1.0,-1.0,-1.0,-1.0,-1.0,-1.0,1.0,-1.0,3050.667,0.01882703028550803,0.009239946542838107,-0.015066868983078074,0.024470058515072335,0.06332254552856798,0.01736351427409155,-0.005903298778077538,-0.007008865325991664,,-1.5390411308263927,-0.01779767288711244,-0.06284144996887035,,-3.508154813256842,-0.027808913553402148,-0.11499930935755476,,-3.7130077331404663,-0.014862583365570697,-0.162190114266417,,-3.8607651413032764,-0.008481697924692472,-0.20028498103073336,,-3.2510353388131947,-0.014873436453653688,-0.28494355120498116,,-2.6099657044990923
189,2016-08-19,0.0,-1.0,-1.0,-1.0,-1.0,-1.0,-1.0,1.0,-1.0,3108.102,-0.012159510852603805,-0.00940992284037001,-0.014250819310305696,0.028294438213417816,0.040147009332383465,0.014870490093310984,-0.005431595067075709,-0.006787867999635457,,-1.4444186104319758,-0.017281960160889884,-0.06259983403283943,,-3.083751165136968,-0.02756587312744914,-0.11488544278606266,,-3.234022341752269,-0.01411235666656882,-0.16183862647699923,,-3.3305533274979995,-0.007112111292201823,-0.19964331767949417,,-2.896138595764521,-0.014258552225847265,-0.28465547255053286,,-2.401548002103738
190,2016-08-26,0.0,-1.0,-1.0,1.0,-1.0,1.0,-1.0,-1.0,-1.0,3070.309,-0.000963095245462342,-0.01185971835408095,0.006719844810408215,0.039913572216998316,0.017155602253714486,0.013827728740006151,0.015535050033250298,0.014245705489280296,,2.1753681182173774,0.06661354157914075,0.02121735775362236,,1.1371419812837635,0.11463813060953368,0.027186104611635793,,0.9208312952173977,0.10980791149336047,-0.03834021532851986,,-0.4935204840923145,0.0895241166939723,-0.10347721697945077,,-1.2350968367970088,0.0521264710964045,-0.21856022096825556,,-1.6476381774821416
191,2016-09-02,0.0,-1.0,-1.0,1.0,-1.0,1.0,-1.0,-1.0,-1.0,3067.352,0.0037501401860629002,-0.02042445731692999,0.012035788523782065,0.0634377795570904,0.013954185890631354,0.018187315965040973,0.014905040678240932,0.013961833934728106,,1.9975354170593511,0.06361690850064558,0.01986712559650995,,1.0389686077743456,0.11051708982092175,0.0253292333672087,,0.8464846003608238,0.10713887889227659,-0.039542836254061395,,-0.5030593417162372,0.0867606035635409,-0.10472240923274773,,-1.207180803810005,0.050663969368967804,-0.21921919949865923,,-1.5760781807956545
192,2016-09-09,0.0,-1.0,-1.0,1.0,-1.0,-1.0,-1.0,-1.0,-1.0,3078.855,0.0,-0.024084278083898125,0.015090674942470406,0.05358745377745944,0.008049193612560401,0.01438323662530383,0.014494740105029498,0.013776959439412876,0.4419798002357453,1.8577482663410316,0.06052569127350814,0.01847427542254242,0.3995848984720955,0.943796453460782,0.10689474156231016,0.023697064538087176,0.4234917088010055,0.7813119674194745,0.10553146104755695,-0.0402671115346848,0.42969376408986404,-0.501448756827067,0.08408263122971188,-0.10592905825058571,0.46292547754069235,-1.1798759262073355,0.04946941012417977,-0.21975744768041183,0.6867863018885569,-1.5093949644668145
193,2016-09-16,0.0,-1.0,-1.0,1.0,-1.0,1.0,-1.0,-1.0,-1.0,3078.855,-0.01460250645126182,-0.0048868816491844935,0.03806252649117936,0.05002768886485387,0.024511060118128203,0.01991487095040201,0.013980507785157211,0.013545255057751778,0.3796717437857813,1.7276391202822015,0.05752396923422266,0.017121750265812124,0.3176060524431044,0.854844424565073,0.1036377933307755,0.022229538777984836,0.3641202014624123,0.7230279992835922,0.1036886348107003,-0.04109745785330117,0.38555826073421284,-0.5019575940491583,0.0813851802419451,-0.10714448402027801,0.3920827432958323,-1.1538506738070002,0.048224652076568286,-0.22031831459327145,0.6147454782633273,-1.4480810059220401
194,2016-09-23,0.0,-1.0,-1.0,1.0,-1.0,1.0,-1.0,-1.0,-1.0,3033.896,-0.009622281053800252,0.018802556185182118,0.05239467667975428,0.029363564209188286,0.02599574935989879,0.05366136479299222,0.013001206251139472,0.013103998357947962,0.27764837244328283,1.581891577464604,0.055385669840606014,0.01615826874266041,0.257206751148081,0.7877534603430103,0.10139107579152412,0.021217205873026564,0.32052056071029,0.6792502599956853,0.10185012169074228,-0.04192586075443003,0.3436012361588026,-0.5021335670830168,0.07943657843870391,-0.10802249101920958,0.33872399328051617,-1.1237737588772272,0.0472547119626516,-0.2207553531955916,0.5573415251240241,-1.3901345390326953
195,2016-09-30,0.0,-1.0,-1.0,1.0,-1.0,1.0,-1.0,-1.0,-1.0,3004.703,0.0,0.03313705214791618,0.08561079081692946,0.03509544870158554,0.03941684086580266,0.06568788995118657,0.012251765104694723,0.012766312859161162,0.1983361299733565,1.4641112240077712,0.05417379254384412,0.015612217339736095,0.21996684337413847,0.7425974222531299,0.09976798749275567,0.020485869750978027,0.28708171609305394,0.6445149810315526,0.09944888230582467,-0.043007818588275556,0.29430023402068234,-0.5076481248031877,0.07766626090666585,-0.10882016614240338,0.2906405150644883,-1.0937617170422655,0.04746694313538502,-0.22065972542046447,0.5421344506397546,-1.3315849420930643
196,2016-10-07,,,-1.0,1.0,-1.0,,,-1.0,-1.0,3004.703,0.019671162174764056,0.040141737802371846,0.07958856499294598,0.032926482251323996,0.03941684086580266,0.0827801283521199,0.008105227436753524,0.00883561179407142,-0.21257741006745814,0.8557824395960938,0.0739623764173763,0.035771400758992884,0.696650139575364,1.6357719226289409,0.14287910297263998,0.06384638939510304,0.8892667285871392,1.7813613550970875,0.19710551588391934,0.055782515021795896,1.7012282443991569,1.6673873323558934,0.22759970743320418,0.04178711185348741,2.6143903568244458,1.2392038478015148,0.2994711550742071,0.03102349217771744,3.5700045025202476,0.9231342550956793
197,2016-10-14,0.0,-1.0,-1.0,1.0,-1.0,-1.0,-1.0,-1.0,,3063.809,0.008855643416413983,0.043160327553055655,0.055184249409803154,0.029542311547488653,0.02492355104381505,0.050428339364496866,0.011858918444288751,0.012589302801606648,0.17219412332167042,1.3471601230128523,0.05349926008752063,0.015308284429137224,0.15791367601716205,0.6592600626083304,0.09931404413134731,0.020281330553810366,0.2197965034954749,0.5718164736952374,0.09738542195859703,-0.04393757890352639,0.1308079757233199,-0.5196071013249296,0.07643981257068194,-0.10937278300903483,0.03652281733007521,-1.0609438518188916,0.048051188592660554,-0.22039647430382908,0.004518112329585628,-1.275051910815852
198,2016-10-21,0.0,-1.0,-1.0,1.0,-1.0,-1.0,-1.0,-1.0,-1.0,3090.941,0.004312279011472686,0.03297215961094069,0.010366098867626405,0.007060438876057562,0.03421547030499772,0.03941165489732734,0.011858918444288751,0.012589302801606648,0.16772218470217973,1.2929919986555853,0.05349926008752063,0.015308284429137224,0.15383277963553713,0.6428591544644063,0.09931404413134731,0.020281330553810366,0.2139772745129737,0.5593790856605698,0.09738542195859703,-0.04393757890352639,0.12745531811068012,-0.5006945459986308,0.07643981257068194,-0.10937278300903483,0.03560236316496757,-1.0217623541185699,0.048051188592660554,-0.22039647430382908,0.004404407293763645,-1.2244524422133243
199,2016-10-28,0.0,-1.0,-1.0,1.0,-1.0,-1.0,-1.0,-1.0,-1.0,3104.27,0.006780015913564252,0.05079068508860374,0.0018955825363129453,0.006078369471727685,0.03150679547848623,0.04290126181034504,0.011624457145393615,0.012483658507802942,0.1384788163822373,1.22804747661382,0.05286151786025031,0.015020928573197378,0.132867156873621,0.6137641615546386,0.09655058220021306,0.01903616137005225,0.16529957565411438,0.5140296338933459,0.09457917779591424,-0.04520202503687321,0.07878794679565423,-0.5092296258411566,0.07512797380844352,-0.10996387535678756,0.011599436893797837,-0.9927915215263639,0.04778277292101085,-0.22051741786343138,0.0003583391294332083,-1.1776609793758939
200,2016-11-04,0.0,-1.0,-1.0,1.0,-1.0,-1.0,-1.0,-1.0,-1.0,3125.317,0.022630344377866374,0.037924472941464726,-0.006936800330974435,-0.0006969213043028777,0.04099286568370508,0.04611631396111182,0.011478483712739459,0.012417885349164303,0.11916976051648089,1.1721803370812147,0.05279911921535735,0.014992812799698337,0.12804085034337467,0.5970034596854946,0.09369842349756724,0.017751026921949117,0.1154152614741336,0.46871153041338237,0.09191245811339041,-0.046403603800448556,0.032423263849253994,-0.5159189122178608,0.07381357389470189,-0.1105561217160681,-0.012522765183887416,-0.9648671585113325,0.047635682493185894,-0.22058369432119207,-0.001870884671432888,-1.1328386233733396
201,2016-11-11,0.0,-1.0,-1.0,1.0,-1.0,1.0,-1.0,-1.0,-1.0,3196.044,-0.0009974831385298755,0.011526437057812755,-0.013054576219851732,-0.01748223741600552,0.0069673008256456725,0.00828217634050099,0.011804684137196174,0.012564865740566164,0.15340044262649663,1.147163249790585,0.05236402447431916,0.014796766471919243,0.11280911008599429,0.5729744559580195,0.09075476649593153,0.01642466488862581,0.06407559830165545,0.4233366705619106,0.08920356317810912,-0.04762418601924071,-0.0147741757074284,-0.5225721090201162,0.07285354316342878,-0.1109886953182501,-0.03014381789037748,-0.9355688477119829,0.04759123980555263,-0.22060371944419588,-0.002519153235843388,-1.0898060612690093
202,2016-11-18,0.0,-1.0,-1.0,1.0,-1.0,-1.0,-1.0,-1.0,-1.0,3192.856,0.021636428326238244,-0.02188448210630245,-0.025084626428501733,0.0012036245919013755,0.006233948540115719,0.029365558609595777,0.011440853315360105,0.01240092972887458,0.10793364914460467,1.0827304448824029,0.051203441842367296,0.0142738275769667,0.0765352844497681,0.534797899812842,0.0878045598894174,0.015095351714175025,0.012566133247998353,0.3788716482677367,0.08617160916029262,-0.048990333193920536,-0.06782352363735811,-0.5319156537153653,0.07098109100894877,-0.11183239057402643,-0.06530369971800265,-0.9131741707959874,0.04647409701573654,-0.2211070850813551,-0.02023494065298717,-1.0526672169795699
203,2016-11-25,0.0,-1.0,-1.0,1.0,-1.0,-1.0,-1.0,-1.0,-1.0,3261.938,-0.005547315736841196,-0.04653172439206388,-0.04255111531856226,-0.018351789641617988,-0.007508082618369882,-0.004865573778532917,0.01172259909777717,0.012527879610820485,0.13918359298871885,1.0590566872055274,0.0491837211011453,0.01336377558803463,0.014572086164809858,0.48018875059536903,0.08468496613510439,0.013689715557240342,-0.04202595475736934,0.33330983765890737,0.083823593352741,-0.05004830938443752,-0.10876170128045286,-0.534114220697891,0.06919186045601913,-0.11263858758439449,-0.09900621729145881,-0.8908816796148967,0.04600131754678982,-0.22132011150984093,-0.02753049705803949,-1.0147179279634098
204,2016-12-02,0.0,-1.0,-1.0,1.0,-1.0,1.0,-1.0,-1.0,-1.0,3243.843,-0.0033787085256592464,-0.04322209798686316,-0.03721021640073208,0.002956277477054181,0.007892521308830336,-0.021792608335236996,0.0112581935724191,0.012318626339614544,0.08002702540501257,0.9929633074306969,0.046609835695523474,0.012204026378719705,-0.06449779884315211,0.41567401731740894,0.08126345885971548,0.012148042276592233,-0.10217472431665901,0.2850598294662748,0.08107599367592952,-0.05128633130481336,-0.15724894985386675,-0.5398601680968302,0.06712932119630055,-0.1135679328731995,-0.13835526434148687,-0.8709853037661887,0.04463345524894477,-0.2219364471147248,-0.04980112975414202,-0.9815515677765425
205,2016-12-09,0.0,-1.0,-1.0,1.0,-1.0,-1.0,-1.0,-1.0,-1.0,3232.883,-0.03399473473057946,-0.024300910363907358,-0.02867811795230446,-0.004507184454247137,-0.003207292067173406,-0.024196545312651252,0.010874899593823005,0.0121459205588362,0.03091264996356149,0.9343439538787969,0.04425742266198807,0.011144068872582638,-0.13685255194313964,0.3570183689429517,0.07816100958150114,0.010750131130473808,-0.15670694873969418,0.24155194108379022,0.07903028641984322,-0.052208092377608865,-0.19271963887011162,-0.5383778176064755,0.0655780975455563,-0.11426688800092022,-0.1674363980161572,-0.8482743330841425,0.042893967615356104,-0.22272023080737366,-0.07850909004232248,-0.950968319797763
206,2016-12-16,0.0,-1.0,-1.0,1.0,-1.0,-1.0,-1.0,-1.0,-1.0,3122.982,-0.004107484449157872,-0.0032717447618973994,0.023604682960068235,0.0287475560217767,0.052396715703132424,-0.006386267996421391,0.009729890529323573,0.011629998849846643,-0.11490402846589345,0.8337833759795361,0.042507911796932266,0.010355768881446747,-0.19014579079816726,0.31167961393070653,0.07543462744553417,0.009521669474965806,-0.20441890505670018,0.20334136111192486,0.0768985293236154,-0.05316862605226364,-0.23000971508638768,-0.5374950157833833,0.06382279252028508,-0.11505779874260266,-0.20094538381275903,-0.8274787014687022,0.04118191342545344,-0.2234916534545163,-0.10687074399008313,-0.9213406909174192
207,2016-12-23,0.0,-1.0,-1.0,1.0,-1.0,1.0,-1.0,-1.0,-1.0,3110.1544,-0.0020954265164456753,0.004174873118839351,0.029555188642724772,0.040928096688704674,0.04369956681250309,-0.008565876986685983,0.009385567100685152,0.01147485253943211,-0.15740934600493742,0.7829457374919684,0.04136875004604103,0.009842481873022703,-0.22374098698073963,0.2794634986915509,0.07414491287039775,0.00894054591154314,-0.22510661332519186,0.18295069306324607,0.07570036072260909,-0.053708500548854524,-0.24921077312496803,-0.5272784302271603,0.06353847082258685,-0.1151859092883849,-0.20335612756187008,-0.7975753653510889,0.0399982467728735,-0.22402499361854245,-0.12599560515511513,-0.8907306577819094
208,2016-12-30,0.0,-1.0,-1.0,1.0,-1.0,-1.0,-1.0,-1.0,-1.0,3103.6373,0.016330419794864603,0.0062834661769273215,0.04826446698523701,0.053423703858695104,0.02239755914777808,-0.004190695865138538,0.009106815221118978,0.011349251659448887,-0.19141701158018873,0.737285692089017,0.04046570424290249,0.009435584715178143,-0.24966792240103872,0.2525324326156932,0.07306230017568688,0.008452738950929253,-0.24197929108807073,0.16535490158869323,0.07485611027883574,-0.054088905512684894,-0.2615565238498639,-0.5135684000528781,0.06305679371642663,-0.11540294484163592,-0.21023092677138602,-0.76967683219158,0.03881913795800021,-0.22455628009802545,-0.1451675957775635,-0.8610357302764021
209,2017-01-06,0.0,-1.0,-1.0,1.0,-1.0,-1.0,-1.0,-1.0,-1.0,3154.321,-0.013174499361352177,-0.004486226988312136,0.020286711466588114,0.021618979171745822,0.00010696438314306,-0.014032275091850122,0.009278042851235655,0.011426403932120778,-0.1652289813313803,0.7188990118134277,0.03965545174965365,0.0090704986525516,-0.2726195267875126,0.22788003323216524,0.07247449471570055,0.008187883757314024,-0.2493315861742641,0.15392700055184882,0.074348078572289,-0.054317816002905826,-0.26729363566055336,-0.49659243960725447,0.06209301111918261,-0.11583720897113553,-0.22790887556467998,-0.7455555949193859,0.03779963698143571,-0.2250156499863983,-0.1615311619685396,-0.8315890012795861
210,2017-01-13,0.0,-1.0,-1.0,1.0,-1.0,1.0,-1.0,-1.0,-1.0,3112.7644,0.0033328895691560056,0.026964649171649535,0.032124403632989296,0.05585119130763627,-0.0031247466078704322,-0.002320895214555918,0.008758153354466757,0.01119215052227898,-0.23349163568308479,0.660457432855972,0.03863334944478639,0.008609956649663714,-0.30295669814429393,0.1993197403404544,0.07126608454486227,0.007643394582661091,-0.2692372698141716,0.1352503063842319,0.07312713420470399,-0.05486795287451299,-0.28790700948013837,-0.48667901582393586,0.06065772177247228,-0.11648392606325966,-0.2563056016953509,-0.725028476088003,0.03659946702165098,-0.22555642626138747,-0.18140702098335995,-0.803588780643532
211,2017-01-20,0.0,-1.0,-1.0,1.0,-1.0,-1.0,-1.0,-1.0,-1.0,3123.1389,0.0,0.02527479645557884,0.03660042145419795,0.03936036914656604,-0.012687780232893298,0.011290404022696654,0.008635374116514593,0.011136828275288396,-0.24674895818854786,0.6264143006702578,0.03836927488839208,0.008490969123136793,-0.30707128654766147,0.18645398701011087,0.07038026849154166,0.007244260858528133,-0.2827575583444421,0.12071198836844814,0.07273616204413347,-0.055044118314161845,-0.291315922453389,-0.4685262427325833,0.059214259634529476,-0.1171343256768172,-0.2849999762883477,-0.7049243638656092,0.03571865963508225,-0.22595330316503892,-0.19532530239840776,-0.7750624540537839
212,2017-01-27,0.0,-1.0,-1.0,-1.0,-1.0,-1.0,-1.0,-1.0,-1.0,3123.1389,0.0054531996639664015,0.041718861751553815,0.04684588315940741,0.016013472855786137,-0.010408758957214381,8.741205842710542e-06,0.00844427165948385,0.011050720741924498,-0.2697692720804204,0.5888361092794242,0.038079491612267355,0.008360397682533924,-0.3123051538494196,0.17318721019498273,0.06963271410885297,0.006907425503562173,-0.29359559357108966,0.10803532486012328,0.07199754945572534,-0.05537692464793539,-0.30230980825465703,-0.453863141171731,0.05762305393819428,-0.11785129603771727,-0.3172000893630993,-0.6861474720001601,0.035178057733472545,-0.2261968892340141,-0.2027862762724236,-0.7458636297595379
213,2017-02-03,0.0,-1.0,-1.0,-1.0,-1.0,-1.0,-1.0,-1.0,-1.0,3140.17,0.018001891617332788,0.02488457631274743,0.026222847807602756,0.004613890330778192,-0.009589066833961213,0.005637592869175867,0.008379511819842707,0.011021541054027223,-0.2748541214234095,0.5592075988280589,0.038158287785334415,0.008395901904754755,-0.30454459846363374,0.16746896665986422,0.06913935536642614,0.0066851264026826715,-0.299294043887145,0.09856739801814915,0.0707854355953756,-0.05592308264240807,-0.323666300111298,-0.4438815690900511,0.05615009397594446,-0.11851498687175209,-0.3466829800313038,-0.6668616563700378,0.034416605216772256,-0.2265399868529825,-0.2147183655518209,-0.7180741081865626
214,2017-02-10,0.0,-1.0,-1.0,-1.0,-1.0,-1.0,-1.0,-1.0,-1.0,3196.699,0.001681922508187439,0.005024276605335665,0.02812807837084441,-0.02929934910981613,-0.02851660415947832,-0.0013364098402759428,0.008583431343647061,0.011113423740793141,-0.24113879577621253,0.5458674694512929,0.03787698846234243,0.008269153189870738,-0.3100998254275569,0.15447020556755026,0.06822985959002553,0.006275322996030126,-0.31397356398319826,0.08425784279302843,0.06938311410279921,-0.05655494497733238,-0.349277891256797,-0.43569917418509074,0.05475693566690021,-0.1191427204312338,-0.37431717516721297,-0.6473036925973523,0.03380671425247961,-0.22681479340111754,-0.2237468890131145,-0.6901691640455128
215,2017-02-17,0.0,-1.0,-1.0,-1.0,-1.0,1.0,-1.0,-1.0,-1.0,3202.0756,0.016038690654274212,0.011046428760145277,0.013738338969885744,-0.037026733534961,-0.013639652980085848,0.004959626812059081,0.008440208310311564,0.01104888986554613,-0.25874636206114143,0.5116955315260355,0.037195215076603574,0.007961957639006059,-0.33056869030724756,0.13351381286233466,0.06739765044774951,0.005900343638895189,-0.32712461392990416,0.07108409147922279,0.06733521384572598,-0.05747769417926228,-0.3892196917931598,-0.4338636540826439,0.053028807911815565,-0.11992138555485483,-0.41003448780127627,-0.6303147929590921,0.03307740926230268,-0.22714340588862786,-0.2353139140624019,-0.6631394265463069
216,2017-02-24,0.0,-1.0,-1.0,-1.0,-1.0,-1.0,-1.0,-1.0,-1.0,3253.4327,-0.010795028893635927,0.004921693938835681,-0.024675936895820816,-0.050040008511625156,-0.040039709442890814,-0.009533284644246631,0.008594689376492284,0.011118496419888386,-0.23202767408509975,0.49574054892473624,0.03666359676038718,0.007722419421592727,-0.34552895245648474,0.11585157261346513,0.06630672896206516,0.005408792877667497,-0.34602580167320957,0.055021652067972056,0.06521348161417428,-0.0584337108195304,-0.4307247233618545,-0.43256628540295566,0.051673403707002255,-0.12053210775382954,-0.4366264513939942,-0.6109280580416128,0.03250576023886306,-0.22740098126532673,-0.24375799057880615,-0.6358056487255096
217,2017-03-03,0.0,-1.0,-1.0,-1.0,-1.0,1.0,-1.0,-1.0,-1.0,3218.3118,-0.0017250348459089127,0.0013057777683318506,-0.019778506234231275,-0.03363661034956278,-0.01877965957182892,0.006111868961857558,0.008208341061292656,0.010944414406721002,-0.28732071749618604,0.44671497080364364,0.036031125957795354,0.0074374387804113234,-0.3644088012174622,0.09635742261297081,0.06449386096796349,0.00459194523629166,-0.3808889291528369,0.030606736636511284,0.06291700720899557,-0.05946846332630671,-0.47601785968120347,-0.43283608207919144,0.04984598124250167,-0.12135551339328249,-0.47480737701050507,-0.5950971692188655,0.03166811453731558,-0.2277784102440771,-0.25785136206192727,-0.6098115444344064
218,2017-03-10,0.0,-1.0,-1.0,-1.0,-1.0,-1.0,-1.0,-1.0,-1.0,3212.7601,0.007684047121974569,0.022988302176686126,-0.03415203643745446,-0.03337320455392856,-0.006328888359887208,0.012599851448603427,0.008014281083317143,0.010856974264465457,-0.3131183357996775,0.4096292498018253,0.03535272615013744,0.007131763306743602,-0.38512173728034327,0.0761730741846049,0.06284750288426846,0.0038501241429196795,-0.4120050670476881,0.008597432539698828,0.06103072070661054,-0.06031839210514827,-0.5116864938523791,-0.42869597993445363,0.04850530004112569,-0.12195960165604558,-0.5007364109025045,-0.5759327279523955,0.031168843745608493,-0.2280033732143176,-0.26491252644465824,-0.5825908689854429
219,2017-03-17,0.0,-1.0,-1.0,-1.0,-1.0,-1.0,-1.0,-1.0,-1.0,3237.4471,0.009883713621143153,0.002662499103074145,-0.047547927501271015,-0.02441636806976699,-0.006020299142494023,0.0076090200825211785,0.00800795320368487,0.010854123028981569,-0.30987377192670373,0.3841732409138395,0.03511580143679709,0.007025009040075747,-0.3888362213939126,0.06515905595739661,0.060988816373898976,0.0030126314534398846,-0.44784596781995945,-0.015562574309887703,0.059221770853501325,-0.06113347429849492,-0.545378489270262,-0.42358906015708314,0.04745457787274533,-0.12243303928513806,-0.519350814747277,-0.5547768952786408,0.03081302828777313,-0.2281636976386263,-0.26902574077668545,-0.5548412693744772
220,2017-03-24,0.0,-1.0,-1.0,-1.0,-1.0,-1.0,-1.0,-1.0,-1.0,3269.4451,-0.014354393043639058,-0.029452673788588846,-0.05469252259351287,-0.04474120088451705,-0.014384184031718372,-0.018628176383815087,0.008043220381051961,0.010870013822323353,-0.3002664911504325,0.3611593847796904,0.03450562949858044,0.006750075889848061,-0.4073033095138101,0.04668231105775662,0.05894815885630563,0.002093145707360529,-0.48768508029725927,-0.04146176938074419,0.05764924535791818,-0.061842027677035075,-0.5733731180008393,-0.4158636510853616,0.04644916803744545,-0.1228860599437025,-0.5368490710618499,-0.5333637910490788,0.030376757287817552,-0.22836027396876782,-0.2749948206989689,-0.5274197842954326
221,2017-03-31,0.0,-1.0,-1.0,0.0,-1.0,1.0,-1.0,-1.0,-1.0,3222.5142,0.019891859592116035,-0.02105678851624615,-0.03489682062533661,-0.020059244424741385,0.004799823690458727,0.014339766136639565,0.007629882233875731,0.010683770647580457,-0.36202099012398253,0.30909175744530687,0.03332530702064576,0.006218242554326861,-0.44831953360618315,0.016889851609496003,0.056850969846760094,0.0011481878276152213,-0.5285919841448788,-0.06756015174814813,0.05575967451231456,-0.06269343632535555,-0.6086252023231482,-0.4113183657796167,0.045326515165730566,-0.12339190833052698,-0.557369199426291,-0.512883461026064,0.029472392697615313,-0.22876776534974635,-0.2913062797639579,-0.5019929850161614
222,2017-04-07,0.0,-1.0,-1.0,0.0,-1.0,-1.0,-1.0,-1.0,-1.0,3286.616,-0.012337674982413449,-0.05585629717618368,-0.055094966981235394,-0.02865838296898693,-0.010155004417917946,0.013663324221631079,0.007852071255057236,0.010783885260713978,-0.32168988835821716,0.2978758798668925,0.03233989461739902,0.005774232400254362,-0.4813924737390219,-0.008528850284045705,0.0551884849827784,0.0003991002799369481,-0.5591803926246004,-0.08798372171747264,0.05438582338753306,-0.06331247039431778,-0.6314099272838107,-0.4011447010024323,0.0445921649343167,-0.12372279411836595,-0.5678752475195903,-0.489338270523283,0.029198187046662216,-0.2288913177760487,-0.29375468799451415,-0.4734646683157969
223,2017-04-14,0.0,-1.0,-1.0,0.0,-1.0,1.0,-1.0,-1.0,-1.0,3246.0668,-0.022462754001242424,-0.050077096380148456,-0.02700696116296808,-0.008659741691082856,0.00493338584406211,0.03729208530151018,0.007492740898662689,0.010621977082594904,-0.3759914762728926,0.2478058143794838,0.03077020826983051,0.005066958293765862,-0.5377695378757094,-0.04543136855618793,0.053225696959959955,-0.00048529878947937977,-0.5965554004349528,-0.11159553299041008,0.05290783035504955,-0.0639784290446333,-0.656543772061803,-0.3919346706390676,0.043617793109948705,-0.12416182957442001,-0.5847183390623931,-0.46759669659330283,0.02892170274964334,-0.22901589692170643,-0.29636911527404697,-0.4445306572494484
224,2017-04-21,0.0,-1.0,-1.0,0.0,-1.0,1.0,-1.0,-1.0,-1.0,3173.1512,-0.005827897517143188,-0.026005788819643882,-0.01575247974316496,0.015525765050212526,0.011152982561940306,0.06053647869033174,0.006968925699026324,0.010385954817470488,-0.45697560745525345,0.18568080271511586,0.02935647609258559,0.004429954497418807,-0.587312160896929,-0.07859991233280861,0.051822712767161556,-0.0011174597259088204,-0.6204975930274833,-0.12806628391469393,0.05183123221670344,-0.06446352594792629,-0.6719137024092104,-0.37820109747812525,0.042941340239364925,-0.12446662779118876,-0.5937825894618415,-0.44319435242110117,0.02906807100769021,-0.22894994586142847,-0.2895306281416074,-0.4128433859721409
225,2017-04-28,0.0,-1.0,-1.0,0.0,-1.0,-1.0,-1.0,-1.0,-1.0,3154.6584,-0.01636329309062423,-0.014137727241719689,0.001019000979630702,0.026412780540675973,0.03615792442059651,0.06306888885338591,0.006749000428874314,0.010286860212244456,-0.4873035293303472,0.14307099277631816,0.028405024246969415,0.00400124639594537,-0.6175334520089346,-0.10187111253216612,0.05066137043888532,-0.0016407409271698148,-0.6386124185472493,-0.1413203062337603,0.05120728910678424,-0.06474466415509145,-0.6764109265640981,-0.3592864944032384,0.042395027843561806,-0.12471278691221477,-0.5995391181748133,-0.41729485465927274,0.029608884766226473,-0.22870626433330649,-0.27380305072407274,-0.3780286294886859
226,2017-05-05,0.0,-1.0,-1.0,0.0,-1.0,-1.0,-1.0,-1.0,-1.0,3103.0378,-0.0062920922200819795,0.000806371098669878,0.028806964581610917,0.04840501781834572,0.07363245784501893,0.08040237215286261,0.006358505260172991,0.010110909697060882,-0.5458237208420416,0.08714385106156844,0.027686240587287164,0.0036773746419175544,-0.6379863917675878,-0.12006914704850076,0.049822634749570285,-0.0020186610359607393,-0.649032809942708,-0.15044966692134473,0.050788371970878904,-0.06493342112775038,-0.676157257044088,-0.3378122966486825,0.04228964848121915,-0.12476026906969172,-0.5937584462090644,-0.3868078780918438,0.03017421031168721,-0.2284515382087799,-0.25764765214863483,-0.34145409512548125
227,2017-05-12,0.0,-1.0,-1.0,0.0,-1.0,1.0,-1.0,-1.0,-1.0,3083.5132,0.0023083085877499965,0.024286323794560083,0.04360075384143003,0.05791047043353026,0.091975023813746,0.08608035146403781,0.006148317555949436,0.010016202674266261,-0.5736670866121613,0.04231171488723969,0.027239635747756126,0.003476142058528083,-0.6471342133436558,-0.132473668573287,0.04947346266720686,-0.0021759920676959893,-0.6478544544649216,-0.15354310427822193,0.050748772913328175,-0.0649512637929994,-0.6669593238833458,-0.31167213633131463,0.04281040437076332,-0.12452562527792464,-0.5715473211018243,-0.34924034767897927,0.031008743387397397,-0.22807551172656143,-0.23532279586051968,-0.30093387955886103
228,2017-05-19,0.0,-1.0,-1.0,0.0,-1.0,-1.0,-1.0,-1.0,-1.0,3090.6309,0.006286030467112624,0.010527073938204623,0.042640452472017865,0.03815091604759391,0.08885295879232946,0.08357911648395144,0.006085559127311816,0.009987924788300101,-0.5765355366634198,0.006486439795581909,0.02719136887676856,0.0034543938232172514,-0.6398602950831392,-0.13661899798652816,0.049377483209657715,-0.0022192387871348973,-0.6408682283244722,-0.1535360722977484,0.050865818703186585,-0.06489852494070163,-0.6543538319282977,-0.2832184494285903,0.04361391662460451,-0.12416357625312074,-0.5422072124968517,-0.3067425982872999,0.031908795344061824,-0.22766996354528007,-0.21156226650710203,-0.2563681552021319
229,2017-05-26,0.0,-1.0,-1.0,0.0,-1.0,1.0,-1.0,1.0,-1.0,3110.0587,-0.0014529307758724963,0.015374082810719836,0.04113202107728697,0.05101691488974147,0.07831379517048997,0.09017984130010137,-0.006212220259665389,-0.002311625742043794,-2.4981932281011576,-2.0197627231273585,-0.01988545457059883,-0.043475202317397564,-2.454534019388956,-2.1520574038457276,-0.0318472337574721,-0.08338443479075114,-2.454536147876552,-2.1868024791558747,-0.017417947892791108,-0.13306995669860078,-2.2297374947105753,-1.9669220486814738,-0.009359081069575226,-0.177536256163857,-1.9140391157837486,-1.5258189107687383,-0.015057001990363139,-0.27509226277483345,-1.3082591300676987,-0.9929802216371804
230,2017-06-02,0.0,-1.0,-1.0,0.0,-1.0,1.0,-1.0,1.0,-1.0,3105.54,0.01702132318372973,0.02797803280588873,0.047560295471963165,0.07276740921063651,0.07953186885372587,0.08794222582868039,-0.00612529824441024,-0.0022669809594729946,-2.320935599727971,-1.9788606705717602,-0.01924148658828023,-0.043144448244694586,-2.274631214135891,-2.0152603956725015,-0.030514365915821025,-0.08269984878786682,-2.270298131999921,-2.038193509357919,-0.016168077254112068,-0.13242799962084884,-2.0799693538805215,-1.8585615614144844,-0.007757854014160348,-0.1767138358193022,-1.791193359476255,-1.510512167775041,-0.013134992722163341,-0.274105082649913,-1.2305728153646551,-1.0237849453980212
231,2017-06-09,0.0,-1.0,-1.0,0.0,1.0,-1.0,-1.0,1.0,-1.0,3158.4004,-0.011155710339955549,0.018856475575421028,0.03282690187095971,0.06608376822647322,0.06032886140718574,0.08181736552464969,-0.0057101386952909455,-0.0020537472033501027,-2.1311438949000516,-1.9154357804077522,-0.01839455372413963,-0.04270944758967468,-2.118744733646602,-1.8916660582843783,-0.02911401289583393,-0.0819806011275795,-2.116195354333096,-1.9082988730961017,-0.014572923655733261,-0.1316086987181067,-1.9454028625034556,-1.7580204067723633,-0.006192218955882595,-0.17590969619418062,-1.6836112182399174,-1.514822186415686,-0.011322064100589835,-0.27317392839757554,-1.1602067012210195,-1.1227660431018507
232,2017-06-16,0.0,-1.0,-1.0,0.0,-1.0,1.0,-1.0,1.0,-1.0,3123.1662,0.011112697108466296,0.031778840331968095,0.0273360732451573,0.0775099320682966,0.07229102953278632,0.0795916336440885,-0.005729603308350849,0.00010669821777559499,-2.0233786942513485,-1.4982450859888794,-0.018261403906505783,-0.057488211130744635,-2.0056487950639945,-2.312967347877633,-0.028892611724903844,-0.10655469075862252,-2.002372983566675,-2.31090131578266,-0.014284624942462715,-0.16360798034187995,-1.8465005065477953,-2.371452256838719,-0.005954446473197039,-0.20230089492526893,-1.601147138181585,-2.098656782303037,-0.010989147177156877,-0.31012554108221524,-1.1146755472113827,-1.8998688589709694
233,2017-06-23,0.0,-1.0,-1.0,0.0,-1.0,-1.0,-1.0,1.0,-1.0,3157.873,0.010942143651755387,0.025367929615915497,0.03510315329337188,0.06198672334194577,0.07367310211651956,0.08702063065867427,-0.005433883402231509,0.00037687348830982986,-1.8804000941473147,-1.3938559632192689,-0.017382788992736944,-0.05668549201339461,-1.8807574699294047,-2.1359537160310453,-0.027905339141643365,-0.10565269994990822,-1.88508223699264,-2.1421924675699655,-0.012672880874865872,-0.1621354606349404,-1.7293079065938812,-2.180625286552433,-0.004580599418690823,-0.2010457224057896,-1.498072552765273,-1.9441917849420265,-0.009398714793352081,-0.30867249213059134,-1.0425833160081623,-1.7694458332258067
234,2017-06-30,0.0,-1.0,-1.0,0.0,-1.0,1.0,-1.0,1.0,-1.0,3192.4269,0.007996988122108695,0.019049300705992644,0.043570363349588526,0.050150717624888985,0.05833217355736475,0.05966639361421233,-0.005151311839602904,0.0006350361848300708,-1.7571621458209516,-1.2987869519279065,-0.016645116948051264,-0.0560115409532381,-1.77300882570247,-1.9878447027715185,-0.026818115231500878,-0.10465939172825772,-1.777649187023082,-1.9953225476323255,-0.011384614742963012,-0.16095847645665348,-1.6285682926187863,-2.0234809366602584,-0.00323031643177471,-0.19981207846184557,-1.403255358293836,-1.8093378952257664,-0.007734980053406504,-0.3071524727671314,-0.9711897925742448,-1.6513800308534088
235,2017-07-07,0.0,-1.0,-1.0,0.0,-1.0,1.0,-1.0,1.0,-1.0,3217.9567,0.0013860037333628394,0.013711868776854486,0.046353234025802825,0.040704836084338725,0.061795641936387646,0.04222058053173927,-0.004928283735523101,0.0008387988572427568,-1.654170570783125,-1.2175903294817019,-0.01603965020947696,-0.05545837514833696,-1.6774442796295952,-1.8614187820994663,-0.02562415031035388,-0.10356856291050107,-1.6769280585503836,-1.8646638211196178,-0.01034082135888384,-0.16000484718080907,-1.5394909748996048,-1.8905828669195757,-0.0021860623864082274,-0.1988580283171814,-1.3217345795440447,-1.6955410945887697,-0.006591683914343727,-0.3061079359020779,-0.9138419181744966,-1.5541018049867195
236,2017-07-14,0.0,-1.0,-1.0,0.0,-1.0,1.0,-1.0,1.0,-1.0,3222.4168,0.004830194529770182,-0.004305929636414518,0.04432257180387089,0.039264411729730275,0.0463401568661137,0.029543229789517067,-0.00482296408770118,0.0009350208692008154,-1.5768062633167466,-1.1568120206539014,-0.015543407439845752,-0.05500499841663429,-1.5911451902919724,-1.7515952880709096,-0.024423597942920303,-0.10247171567786639,-1.5832020857233449,-1.7482058916890455,-0.009489401354449506,-0.15922697384432952,-1.4593109595526836,-1.775943959084038,-0.0011188745842171388,-0.19788302546075662,-1.244337109401611,-1.5924004364914337,-0.005777515961715052,-0.3053640967410669,-0.865427813233005,-1.471025513331548
237,2017-07-21,0.0,-1.0,-1.0,0.0,-1.0,-1.0,-1.0,1.0,-1.0,3237.9817,0.0047124108206046955,0.009494371138663249,0.03571283308982265,0.04711008712618736,0.06012739355506547,0.01606269115109593,-0.004664595008802988,0.0010797098395751202,-1.494213774017801,-1.0913241900094666,-0.015359046125648819,-0.05483656245101787,-1.5200523689211716,-1.661280330960993,-0.02329575284972217,-0.10144129517904293,-1.4966878004643185,-1.64439664466012,-0.0086895495363159,-0.15849621417316864,-1.3842039039578025,-1.6737180854516596,-0.00034026486753988006,-0.1971716729731803,-1.1776732774516667,-1.5041253031325246,-0.005198046153719105,-0.30483468222110377,-0.823701974408486,-1.3985913483668564
238,2017-07-28,0.0,-1.0,-1.0,1.0,-1.0,1.0,-1.0,1.0,-1.0,3253.2404,0.0027174444286379718,0.024062685315232146,0.03052003165828121,0.03854854993193846,0.03985782913552893,0.0039642628316063355,-0.004513239600962106,0.00121799098810126,-1.4928462190052858,-1.1491645306530918,-0.014957884051665427,-0.05447005323190962,-1.5172079399995302,-1.6736118787440888,-0.022343287984766702,-0.10057110535671854,-1.486845723538024,-1.6503164669895614,-0.007788880717497476,-0.1576733461931958,-1.376631879847643,-1.6654382802828203,0.0006357510663560217,-0.19627996645113163,-1.1693351039694335,-1.4919998243353865,-0.004854873970155438,-0.3045211536570274,-0.825778803756645,-1.3727449291959963
239,2017-08-04,0.0,-1.0,-1.0,1.0,-1.0,-1.0,-1.0,1.0,-1.0,3262.0809,-0.016412713737418372,0.03219984519697228,0.026627849726228447,0.04743337297367445,0.028123091613086793,0.01072386034325512,-0.004398382166087528,0.0013229269017749389,-1.496762120680323,-1.2230544598120936,-0.01433805299744148,-0.053903763917950265,-1.505650488579272,-1.6797132832510393,-0.02150356863479931,-0.09980392195832186,-1.4790211477408264,-1.6590476972862804,-0.0070528233263453255,-0.15700087031088988,-1.3720670580214815,-1.6604455265664535,0.0012587830311098225,-0.19571075272508445,-1.1682915939347438,-1.4870198562425176,-0.004714784398171412,-0.30439316518812115,-0.8315581472800976,-1.3508495891990457
240,2017-08-11,0.0,-1.0,-1.0,1.0,1.0,1.0,-1.0,1.0,-1.0,3208.5413,0.01875712181108602,0.04883879786742962,0.043758763522850685,0.05086510807886446,0.03399554183703368,0.03074007493685671,-0.00984181675654643,-0.004104280097297151,-2.220685973880044,-2.2198413209283796,0.012363106405347407,-0.02726546261021358,-0.597894935209173,-0.8133491879754539,0.022111327681146174,-0.056254036083064916,-0.6304194231433982,-0.8397622037459654,0.05162684292977672,-0.09839479780607484,-0.12833225731939907,-0.489623392952082,0.048598857661882766,-0.1484069633441377,-0.017099120734604786,-0.4069546184438375,0.06455921634120856,-0.23514001721253833,0.7167159602877408,0.026382191398668542
241,2017-08-18,0.0,-1.0,-1.0,1.0,-1.0,1.0,-1.0,1.0,-1.0,3268.7243,0.019211715102433136,0.025971875327631677,0.03726193732521277,0.05015681499966207,0.006506544464456754,0.03763725193954115,-0.004536572690108584,-0.005156438699197348,-1.4815564954607017,-2.4463665622511277,-0.013547020446617528,-0.061283955361217946,-1.5431755739345894,-2.030872657996802,-0.020713372495579058,-0.10389085423603145,-1.5256648144061475,-1.8425207122900775,-0.006202181214027963,-0.15605449205806163,-1.425979557228168,-1.726523007266941,0.0016534801031992397,-0.19210609598460737,-1.2214833364766975,-1.4725925805899995,-0.004532116408689724,-0.29671352200891,-0.8756787561944269,-1.2154907437083526
242,2017-08-25,0.0,-1.0,-1.0,0.0,-1.0,1.0,-1.0,-1.0,-1.0,3331.5221,0.010684995906225625,0.006305616282719528,0.014145486232854276,0.015424000939390226,-0.019626164268878865,0.02924146893697621,0.00621106454905926,0.005575870893657499,0.06448115148728543,-0.500351469441856,0.027339561737952746,-0.020422879506299584,-0.03286108785453197,-0.5457613636784236,0.049989615246784753,-0.033225284982595214,-0.0314678559015789,-0.3505581467507261,0.0513852401738077,-0.0985034459562278,-0.11423611806568179,-0.47361166429059626,0.04500560331233949,-0.14875710504566253,-0.09243905937912125,-0.4013135442886641,0.0334090903725458,-0.258799532228281,0.006413850864973993,-0.43210887803212866
243,2017-09-01,0.0,-1.0,-1.0,0.0,-1.0,-1.0,-1.0,-1.0,-1.0,3367.1194,-0.0005573903913238532,-0.005398175069170397,0.01475831240198966,-0.003949577790440029,-0.020806033786624822,0.035859910402939565,0.006281819032862864,0.00560994035942515,0.10030451736958082,-0.4690403636060191,0.027006913372515935,-0.020583055250502275,-0.01946338690248843,-0.5264157601419637,0.049422746280029725,-0.033498241858532854,-0.01891821238673185,-0.3347857750349743,0.05081651912830194,-0.09877729463901942,-0.10394313965897348,-0.4569640557513964,0.043983462607118856,-0.14924928286810168,-0.09854572911947714,-0.3936175504723106,0.03334318012944598,-0.2588312691112368,0.012599049902059643,-0.4171791860205339
244,2017-09-08,0.0,-1.0,-1.0,0.0,-1.0,-1.0,-1.0,-1.0,-1.0,3365.2426,-0.0034539560387116808,-0.004843484389505881,0.0019319558120416414,-0.014152085201821651,-0.01725596246760941,0.057317175290720446,0.006175341984863045,0.005558669882321,0.1100230696698138,-0.4534027386843398,0.026502410886418432,-0.020825981624292365,-0.014045076605935198,-0.5105753312367645,0.048883068904912994,-0.03375810552891402,-0.006655236380983608,-0.3190771114790465,0.04996388661353249,-0.09918785143645123,-0.1003129451088762,-0.44339888849638026,0.04297477960159432,-0.1497349805833525,-0.1051721802166895,-0.3860419726039327,0.03338236214501428,-0.25881240231628166,0.020684784498964437,-0.4015190904520517
245,2017-09-15,0.0,-1.0,-1.0,0.0,-1.0,-1.0,-1.0,-1.0,-1.0,3353.6192,-0.0003249623570857896,0.01100426071033933,0.023572712131419093,-0.0189725774470757,0.011370074455680612,0.03234165644089826,0.006027725297590101,0.0054875899817490486,0.11264546803079435,-0.44170451738645233,0.02602187978135675,-0.021057365377718348,-0.009386306922873396,-0.49484786361850264,0.0481633105423014,-0.034104681202676984,0.0009194503879942723,-0.30547351129977873,0.04898099177140619,-0.09966113172028446,-0.10002540649637766,-0.4313321895909091,0.042051445149334093,-0.15017958154462474,-0.11046126022383615,-0.37776169677276883,0.033749281708456536,-0.2586357244178064,0.03566675616920711,-0.383028913662127
246,2017-09-22,0.0,-1.0,-1.0,0.0,-1.0,1.0,-1.0,-1.0,-1.0,3352.5294,-0.0010697296196716666,0.007790744504731162,0.009061247904343483,-0.025769289301385445,0.022792134201716552,-0.06642107299640676,0.005931809281689661,0.005441404818002208,0.12035505863066602,-0.42622734178570393,0.025795136351189463,-0.021166546126652405,0.003931208641541401,-0.47512522846150357,0.04779202954181912,-0.03428345920593692,0.015713592996162165,-0.2884760585365997,0.04795499522003244,-0.10015516619704995,-0.10110917310179489,-0.41984676003492827,0.0415882026606004,-0.15040264054051536,-0.10424186505155143,-0.3643273223179271,0.03372802868691921,-0.2586459581026662,0.04125219387716587,-0.36854262899626483
247,2017-09-29,0.0,-1.0,-1.0,0.0,-1.0,1.0,-1.0,-1.0,-1.0,3348.9431,0.0,0.02026588627319459,0.001456459502103824,-0.01549148446266524,0.041482012638554666,-0.06542132650745835,0.005827668951333369,0.005391259509473735,0.12481334199465323,-0.41209414329522115,0.025527340465003667,-0.021295494318860932,0.015237600092158857,-0.456373450177772,0.047215950989445435,-0.03456085065117802,0.025815273537438385,-0.2736416245946431,0.04685842610094229,-0.10068318254394887,-0.10447953185303618,-0.40928447187582395,0.041308631439718246,-0.15053725875306415,-0.09370979042697845,-0.34898949351029196,0.03223841894810037,-0.25936323007294426,0.01350141786347345,-0.36808536378818374
248,2017-10-06,,,-1.0,0.0,-1.0,,,-1.0,-1.0,3348.9431,0.012415917129198206,0.006808416661364003,-0.009353906311516558,-0.012472890327697717,0.062463199210521125,-0.017891913421879235,0.001807273785470285,0.0014151479514081405,-0.4816369430876744,-1.1179308203737839,0.04518941957994019,-0.001593434179638302,0.8456261930068563,0.3049288498653132,0.08879484904864471,0.007365767120819367,1.0353245926015686,0.679174206762703,0.14436521727476806,-0.0027026034784860473,2.469442246222832,1.886677853064665,0.1914575826866331,-0.00038962500463313177,4.356534571393102,3.6835989721333933,0.2814743674980219,-0.009385179337487441,6.121897504285442,5.143271761675274
249,2017-10-13,0.0,-1.0,-1.0,0.0,1.0,-1.0,-1.0,-1.0,1.0,3390.5233,-0.0035024681883176756,0.012431650300117392,-0.029650555712152138,0.00036183205111739447,0.021105149166796844,-0.04011032751198018,0.012852199764648733,0.012460073930586589,1.2288861405967775,0.9309009927727142,0.06713454413587183,0.020351690376293346,1.708577966478997,1.1284277379560657,0.09837781359221404,0.016948731664388695,1.2632023830460413,0.8960365701993873,0.10294143789803784,-0.04412638285521628,1.375685446484516,0.9157862003719995,0.08188540538693291,-0.10996180230433332,1.1105480057272643,0.734169612431444,0.08441701988220374,-0.20644252695330562,1.2639468337621855,0.7762334337666191
250,2017-10-20,0.0,-1.0,-1.0,0.0,-1.0,1.0,-1.0,-1.0,-1.0,3378.6481,0.011295730975948715,0.001260681750194781,-0.03330059736022817,0.014885421183697733,-0.07363812170909412,-0.021157130865448792,0.005700672636993563,0.011974140619061983,0.14046197113589018,0.8446540594362039,0.02531113124267896,0.0008232743564496256,0.04096969629626291,0.40474040713832365,0.04621975445457205,0.016970582823835283,0.053412445785404834,0.8991723490459288,0.04568379230768287,-0.05957614898505815,-0.09507780825355513,0.5636450183949296,0.04115662135031195,-0.12591866794011136,-0.07023543924465196,0.31451173561760454,0.030490478323317,-0.2096160529745546,-0.028558759384567145,0.6998395133800244
251,2017-10-27,0.0,-1.0,-1.0,1.0,-1.0,-1.0,-1.0,-1.0,-1.0,3416.8124,-0.013190159342666874,-0.018435808767259143,-0.03504710999058647,0.020794703273729676,-0.08398517870047528,-0.04300215604462221,0.005781296768893208,0.01204412045051877,0.17265205753356783,0.8604733946382452,0.024964567097202985,0.0005224649099731457,0.04942812245835114,0.4068801747248835,0.0450738755476827,0.015975987150249213,0.05047089528104141,0.8792773767628589,0.04523999140600028,-0.05996135762629658,-0.08288504016857873,0.5640785438887759,0.0395024426188105,-0.12735445578802207,-0.09992707633804856,0.2860791108900661,0.029746242355919605,-0.21026203211672156,-0.03821443658550554,0.6796002036006602
252,2017-11-03,0.0,-1.0,-1.0,1.0,-1.0,1.0,-1.0,-1.0,-1.0,3371.7441,0.018070469820055557,-0.016053027274519405,-0.019150919549321688,0.05527842400613969,-0.02453329717400554,-0.06494659544299342,0.005511803683661365,0.011810206853696707,0.1498270197646393,0.8207002777375793,0.02434805663416008,-1.2651528226929887e-05,0.04723701861147333,0.4005148673667209,0.043935741950685475,0.014988114221678013,0.04676169752089274,0.8592291219682908,0.044892741512296414,-0.06026276228594696,-0.0688489748809748,0.5658966885072334,0.03774827784297127,-0.12887702914749163,-0.1328717714683538,0.2555142855453078,0.02871283773924954,-0.21115900277795444,-0.0544932411596109,0.6544995343489185
253,2017-11-10,0.0,-1.0,-1.0,1.0,-1.0,-1.0,-1.0,-1.0,-1.0,3432.6731,-0.014497622858407389,-0.04156547851876713,-0.011921612926089509,0.00856699695639529,-0.05189681475931984,-0.07684288375726778,0.005687703201345139,0.011962883456976867,0.19952436843492471,0.8530385964747944,0.023782189917403898,-0.0005038103975703104,0.04727057671521847,0.3960570677828096,0.043052135904500945,0.01422116516152322,0.04831227670358269,0.8436613542076249,0.045038205729725535,-0.06013650280037099,-0.042259838447436034,0.5770614978581456,0.03687594802011504,-0.1296341907136373,-0.1395139061937137,0.2458427548513456,0.027401022539739806,-0.21229762721211876,-0.07698872555792745,0.6249122079729206
254,2017-11-17,0.0,-1.0,-1.0,1.0,1.0,1.0,-1.0,-1.0,-1.0,3382.9075,-0.008598165926795076,-0.03451776319630373,0.01360758459993372,-0.07480449879282824,-0.022389586472583156,-0.06326241554047807,0.011193871059074515,0.017505861529677775,1.0961031950489957,1.8233368616228351,0.060321994423780986,0.03615516294045713,1.586506892848514,1.765465845814113,0.08396744484747537,0.05523672492562641,1.0846225067916802,1.7094719933922098,0.09313207853289429,-0.011976120641285011,1.2778295888041868,1.6743895061753649,0.0718766564059464,-0.09447159519891588,0.9275035531459837,1.1912617327036175,0.06978349368157782,-0.16972505556910983,0.9337181308504956,1.5004907118852153
255,2017-11-24,0.0,-1.0,-1.0,1.0,-1.0,-1.0,-1.0,-1.0,-1.0,3353.8207,-0.010794643852010344,-0.016923295869692767,0.03996734232095345,-0.06678052288245462,-0.025027754167060934,-0.05807364716903329,0.004219402357229434,0.011166480534477108,-0.01510286584910775,0.6759285288013266,0.01891306811806663,-0.0024009652367260586,-0.1439467406424126,0.31278632493329706,0.037307162169223806,0.01091732464263252,-0.07280528768134917,0.7370647495314647,0.039713571338754236,-0.06058506225509862,-0.1706898388386548,0.5440330736302335,0.03038803206774482,-0.1329797414762564,-0.317042232515832,0.15489924818784953,0.016536619904452682,-0.21854580328256643,-0.3353477390999737,0.45582600577640586
256,2017-12-01,0.0,-1.0,-1.0,1.0,-1.0,1.0,-1.0,-1.0,-1.0,3317.6174,-0.008326758836024961,-0.003148434174477188,0.07249521900867761,-0.008618624920402218,-0.04969126337473395,-0.07417217548955468,0.0027488986696846554,0.009857529056509084,-0.2336722097857059,0.44785470560112817,0.016217552572651,-0.004800346541881868,-0.2369062376614335,0.23506515742430426,0.034396424230469944,0.008326365667704078,-0.12560859072876498,0.6824875910950015,0.03608538797384338,-0.06381464679682018,-0.24976498676279588,0.47560815461625827,0.025197608520092646,-0.13759993565293538,-0.45363905317894115,0.0414363295007144,0.007414962423437366,-0.22666533888279908,-0.5369468495675805,0.28452838795408786
257,2017-12-08,0.0,-1.0,-1.0,1.0,-1.0,1.0,-1.0,-1.0,-1.0,3289.9924,-0.007250867813554884,0.030929463545265268,0.052306625389165085,-0.010779386602838392,-0.036807319068579036,-0.06314932520816763,0.0026466231746624623,0.008009461155636534,-0.22709275859511216,0.12344349299540863,0.015835749944806132,-0.0010210980021689697,-0.2318716634292607,0.3921405811661206,0.03486598498840757,0.010616522560905502,-0.09285226276894384,0.733025134983866,0.035716910407096444,-0.07280507546352394,-0.23878581533771046,0.27457661806834127,0.02424332431424811,-0.14102074584062196,-0.46047021725756077,-0.038559541346979136,0.006154720603538999,-0.2227724893124208,-0.5491531385240531,0.3677567239653863
258,2017-12-15,0.0,-1.0,-1.0,1.0,-1.0,-1.0,-1.0,-1.0,-1.0,3266.1371,0.009468647228556337,0.0498459173682575,-0.04172706038579943,0.012561781316528187,-0.029772326458678,-0.053611864609112714,0.0020033195385797953,0.02573331881943751,-0.31344421061418537,3.0491384016977343,0.015260250841515478,0.026468802612758704,-0.2360608815570153,1.4269884956226615,0.035472627066820195,-0.002158712335747201,-0.0574448769853796,0.45788415040392055,0.0359832792442326,-0.10472312539918922,-0.2107032319372088,-0.4587622622935278,0.02295481920121123,-0.12554891306458058,-0.47774281691304166,0.3951009229365207,0.004844622742934596,-0.21055392997798913,-0.5625184244780723,0.6219511347016401
259,2017-12-22,0.0,-1.0,-1.0,1.0,-1.0,1.0,-1.0,-1.0,-1.0,3297.063,0.003066092458651637,0.057869989138818356,-0.050715500431747884,-0.00824397350005146,-0.04185873912630733,-0.04058151148461531,0.0021024631211901887,0.02579039804903944,-0.27489753444223347,2.7814315410438573,0.015434329796603068,0.024794637917237537,-0.20806313016109285,1.3359481667905493,0.034311195373299186,-0.003674503314277676,-0.06851310876646333,0.4310895537780341,0.035203167001576746,-0.10809016465145674,-0.21246126305539484,-0.5154327434705464,0.020887574407144588,-0.13524281611518618,-0.5182847007433415,0.1381068835196832,0.0024866233087578182,-0.22175060661580248,-0.6000100792563543,0.3822048995157651
260,2017-12-29,0.0,-1.0,-1.0,1.0,-1.0,-1.0,-1.0,1.0,-1.0,3307.1721,0.02557411511786767,0.07588256444229202,-0.005487467676689617,-0.04668982905364971,-0.07124806114565363,-0.0344308359398654,-0.0035641344832412734,0.020391008558093573,-1.2006999899882274,1.8538292885562246,-0.012269321720082473,-0.00528277356728271,-1.3784936288134182,0.21025056801282543,-0.021006800962307733,-0.06056323437995197,-1.4745772237704105,-0.7991562483235316,-0.008152348504443824,-0.15745769414970176,-1.3979527470207995,-1.610167379609121,-0.0021289816200411316,-0.1700070598903966,-1.1873468542195829,-0.7978477599184108,-0.007274828966211733,-0.24317738109933243,-0.8072151949149198,-0.06683715974196193
261,2018-01-05,0.0,-1.0,-1.0,1.0,-1.0,-1.0,-1.0,1.0,-1.0,3391.7501,0.01096501773523939,0.020735814233483696,-0.040457520735386776,-0.06570457534592544,-0.09125628093885807,-0.07384002140959633,-0.0034931313971234626,0.019491326042330257,-1.1428656535977684,1.652511953443395,-0.011404221349357254,-0.00577620942351629,-1.2862296748095552,0.20342706870028587,-0.022144848268182055,-0.06507176017887034,-1.4401270742537702,-0.8657546961537066,-0.012058149228483028,-0.16933005173313714,-1.444048040059472,-1.7873008956736882,-0.009465582510011061,-0.19243616684896353,-1.3549763980498106,-1.3605027848450277,-0.014848716286332997,-0.26806566126565573,-0.9548307709596054,-0.578726728917396
262,2018-01-12,0.0,-1.0,-1.0,1.0,-1.0,1.0,-1.0,1.0,-1.0,3428.9407,0.01718411169956946,-0.08722515965353383,-0.03551391250364877,-0.07583802776175164,-0.09854568205276937,-0.10318157441451237,-0.0035374781119420426,0.01877048159844183,-1.1063830863641135,1.4938936172214936,-0.010380753335290482,-0.003489673455891129,-1.1929395766947397,0.30116141215964665,-0.023201756608626785,-0.06801659626140782,-1.4058211478587954,-0.8963198885328623,-0.01688173106889096,-0.18394392070406188,-1.5093520398173328,-1.9925098828539696,-0.01737370994201093,-0.21663687460773112,-1.5238037393001314,-1.9071132755704057,-0.023205600752350897,-0.29471607103838315,-1.1112379097982543,-1.1050354431911473
263,2018-01-19,0.0,-1.0,-1.0,1.0,1.0,1.0,-1.0,1.0,-1.0,3487.864,0.02014551026072109,-0.102645401311519,-0.06249724759910369,-0.09427314253078678,-0.09306578467509063,-0.12062287979118447,-0.00259355847372595,0.02021015796624568,-0.9102213690189658,1.6328478309379078,-1.5266271357441616e-05,0.008075985964785756,-0.7146930285377521,0.7458472683302146,0.0014504538537870176,-0.04615059980387946,-0.7408597314946164,-0.39384870897136287,-0.01356165960223421,-0.1932911067416442,-1.358779799543173,-2.060855588175379,-0.002288359784301197,-0.2180569940426399,-1.0305565344238814,-1.8380577892316308,-0.011496279651161345,-0.3084342156691119,-0.8128570261594814,-1.3373466122609436
264,2018-01-26,0.0,-1.0,-1.0,1.0,-1.0,-1.0,-1.0,1.0,-1.0,3558.1288,-0.026993963793553455,-0.07563096085785315,-0.11392729796627932,-0.1367534250024901,-0.10253293809937403,-0.15070505598335848,-0.0027502162128211043,-0.0007341949797104652,-0.9013739397879903,-1.2473799136172246,-0.011533993433583644,-0.011228302529514891,-1.1677803782852862,0.01883007963154811,-0.02531776805174853,-0.005702111518998576,-1.3735845485088916,0.5078793022796826,-0.024662647303782356,-0.01647317963964735,-1.5869661339519059,1.6278920491223847,-0.02729811642473462,-0.026560291074987405,-1.6888577777719997,2.807930206842552,-0.037608501686310344,-0.005559465908009407,-1.3594554800467336,3.9981239313448085
265,2018-02-02,0.0,-1.0,-1.0,1.0,1.0,1.0,-1.0,1.0,-1.0,3462.0808,-0.09596252057433208,-0.05995021837734127,-0.08468438980395843,-0.10971702335774491,-0.0926545677385694,-0.16531113311971235,0.00237872559729288,0.004504608979264571,-0.008487336509344804,-0.5071591887574323,-0.02355961538646851,-0.022818049290822227,-1.608835965301291,-0.40757314676453055,-0.013372440718687761,0.006948636124727535,-1.0272584104936486,0.7884740183412157,-0.032040830457052596,-0.02276133139442793,-1.6989078880861177,1.4619578087937615,-0.022666313225865507,-0.02098106573358576,-1.4841189467400544,2.6889088199270286,-0.03684689781446656,-0.0036498170417925344,-1.2900287766791503,3.45488698463463
266,2018-02-09,0.0,-1.0,-1.0,1.0,-1.0,1.0,-1.0,1.0,-1.0,3129.8508,0.0,0.056652796356938095,0.012475291154453672,-0.012402316429907856,-0.01748121667652658,-0.09023839091626995,-0.0035053513150041906,0.0006143628372472345,-0.9820101584275844,-1.0064225102433344,-0.01265832881376486,-0.011151441520808478,-1.1019098742028186,0.06006800069028025,-0.027016411309710407,-0.005018540550221884,-1.3216956359312504,0.5294067919097978,-0.026826686612376385,-0.015547420867250524,-1.4923790377725064,1.563035164677249,-0.028913756253878257,-0.0252863401497665,-1.5847508288194905,2.408236148080751,-0.0399884327326811,-0.003839504087839205,-1.306731539836403,3.055962574683551
267,2018-02-16,0.0,-1.0,-1.0,1.0,-1.0,1.0,-1.0,1.0,-1.0,3129.8508,0.050856513671514225,0.04474056718614183,0.009329933554660164,0.01067539705087528,-0.020033862317015205,-0.1222493736762148,-0.0034526512405352954,0.0006416764180292704,-0.9362125550323546,-0.9678836890765671,-0.011637193056659357,-0.010526330106913475,-1.0186497254916551,0.09900597093567744,-0.026483891541624567,-0.004461779436629058,-1.256882898641296,0.5478756216452428,-0.026678126233179035,-0.015157123776918257,-1.4251166073470223,1.5259447855572534,-0.02887297987538826,-0.024663806822426266,-1.5115872566498603,2.2623048275718354,-0.040766836791274456,-0.004137719172431574,-1.2726667679947246,2.7573779579886786
268,2018-02-23,0.0,-1.0,1.0,1.0,-1.0,-1.0,-1.0,1.0,-1.0,3289.0241,-0.010488156654127279,-0.04142970554700409,-0.06612344372909884,-0.029103070421405586,-0.081216583362828,-0.13920250690774816,-0.0026647876612789817,0.0011270109115927417,-0.768327037016996,-0.8711961919097021,-0.01083890285760818,-0.009941478500035534,-0.947629287828516,0.1362350779888963,-0.026033485319439154,-0.003855610349376582,-1.1975691968224218,0.5669258229138765,-0.02620556836364632,-0.014536430596773765,-1.3544274920555823,1.494042740368319,-0.028885168676741572,-0.02400377608866238,-1.4454883674813483,2.13700138336313,-0.04200634255899151,-0.00462821509118423,-1.2497435933313839,2.5209848901287635
269,2018-03-02,0.0,-1.0,1.0,1.0,-1.0,-1.0,-1.0,1.0,-1.0,3254.5283,0.016173557317046505,-0.026311554888000188,-0.05294060586291416,-0.034790018571969394,-0.11208014384142861,-0.13066627812085696,-0.00892693470638247,-0.002031685859778834,-1.7661153257038622,-1.2459504576394398,-0.03533431305497188,-0.022081572362578385,-1.8807053501318478,-0.32351694836107026,-0.0581435224216398,-0.019578129444679744,-1.9015507198603314,0.22646886040168657,-0.028543542649885047,-0.015280847226857653,-1.3555826076780975,1.438358539389424,-0.07079733997379037,-0.04458759934502264,-2.3850175728344856,1.674162701200937,-0.11982884239242252,-0.04335507227270456,-2.643196966909455,1.952714999414233
270,2018-03-09,0.0,-1.0,1.0,1.0,-1.0,1.0,-1.0,1.0,-1.0,3307.1656,-0.011273550982750957,-0.04180891334863901,-0.06535269960476131,-0.07015929290024048,-0.1390155666834464,-0.13110072262483607,0.0022323198629979504,0.003594528257294979,0.15946971559821385,-0.47960821329066294,-0.03132748402757672,-0.019871414524974984,-1.6347268962737178,-0.21632155360766653,-0.0558393348068522,-0.01804192930789685,-1.7532640840479965,0.2718717597145434,-0.03133176823813649,-0.016219684882852387,-1.3666951802765932,1.382102867120974,-0.08916049761340325,-0.05344707937913413,-2.6049880965681074,1.4568337779917282,-0.12465412475375826,-0.04548874329862981,-2.5082328512172154,1.8260300680170707
271,2018-03-16,0.0,-1.0,1.0,1.0,-1.0,1.0,-1.0,1.0,-1.0,3269.8821,-0.035818202741927596,-0.03389418841737446,-0.032606343818940786,-0.062000492311328204,-0.15983866818929027,-0.1619138500437064,-0.0019258533192153646,0.0015962896485627138,-0.5318725364684289,-0.7194355784557839,-0.0345570229709672,-0.021270520451670605,-1.6819485113145685,-0.2522898412187058,-0.05877179058870413,-0.01923999587508891,-1.7345373423563586,0.25571904199863965,-0.04329109187273509,-0.02165555361852863,-1.5889452339992078,1.250209720779254,-0.10450654059380746,-0.06102026944534082,-2.6962800813016417,1.2790247694302856,-0.12663976223989734,-0.046390592419319504,-2.350683763015017,1.7253405105692259
272,2018-03-23,0.0,-1.0,1.0,1.0,-1.0,-1.0,-1.0,1.0,-1.0,3152.7608,0.005117990556086527,-0.025761009208183472,0.012859396120378008,-0.04150647901991178,-0.10199857217204678,-0.11337710745452045,-0.00990252630566787,-0.002371099287744146,-1.8286448310676062,-1.1970315167795607,-0.03440368683208267,-0.020983476924659322,-1.5995486539955859,-0.22080032410980688,-0.05261656468147803,-0.015949437695892413,-1.5188375640939356,0.33989191844023203,-0.04770046379425987,-0.023369631403486708,-1.6171452273617486,1.1908785267448518,-0.11752969729852422,-0.06745308374901163,-2.7064897707813085,1.132303596656782,-0.1349417580808714,-0.05050979575159713,-2.310131951457879,1.6042719095460796
273,2018-03-30,0.0,-1.0,-1.0,0.0,-1.0,-1.0,-1.0,1.0,-1.0,3168.8966,0.0,-0.027348636115170133,-0.008707573481570918,-0.08808627583493889,-0.1071746550518562,-0.15776172690519474,-0.0027078462440069872,0.0033970584985718753,-0.5683230256496298,-0.4237824780593473,-0.011083415413365546,0.0015335890265350816,-0.6509411207592845,0.6997996513281338,-0.02635042288839559,0.004114391770752198,-0.868834550134289,0.7959012562351522,-0.0266999075338674,-0.002922170530983636,-1.066953557868524,1.5101778888599162,-0.02939639356713946,0.01923049393260185,-0.8507149848510648,2.4366824325467276,-0.042468417985011366,0.03994298209479336,-0.7521728796253694,2.333345350638164
274,2018-04-06,0.0,-1.0,-1.0,0.0,-1.0,1.0,-1.0,1.0,-1.0,3168.8966,-0.0031066018373714366,-0.024571076254113255,-0.029587396445816427,-0.10144808764034785,-0.09318789385554582,-0.13868101597256277,-0.002679959738852385,0.0034793122547057266,-0.5354775789503182,-0.39515076532118854,-0.011351132895437432,0.00141502092245014,-0.6330196891155478,0.7003027485167362,-0.02614355425662447,0.004555977086655104,-0.8306456082264532,0.803020014474711,-0.027603225165055,-0.003770867795803162,-1.0474133691532943,1.4461822050951074,-0.030528349168483036,0.018108056658230128,-0.8421113242987278,2.2505200005829766,-0.04410178147086456,0.0381121389093565,-0.7529650312045288,2.159572954493343
275,2018-04-13,0.0,-1.0,-1.0,0.0,-1.0,1.0,-1.0,1.0,-1.0,3159.0521,-0.027701220882048738,0.0013330264480284626,-0.02909236602967069,-0.13036302883387063,-0.1325110149338784,-0.13732036898030275,-0.0026872936381762648,0.0034778754959058607,-0.5091196002322266,-0.3778833208965569,-0.01153983784646799,0.0012234161361293003,-0.6125466145004621,0.6971541133299296,-0.026199892876163117,0.00453346408150191,-0.7995573378726156,0.798977043132686,-0.028651969601231887,-0.004861511727309258,-1.0319964276175078,1.3822269066272725,-0.03141994809957319,0.01718913225592629,-0.828920522312919,2.0956051903102395,-0.045444107160817176,0.03671187134675977,-0.7487978816335081,2.0146564619266045
276,2018-04-20,0.0,-1.0,-1.0,0.0,-1.0,-1.0,-1.0,1.0,-1.0,3071.5425,0.003480043007707101,0.03964161329364635,-0.016161814462928636,-0.07825345083130053,-0.08993285946718943,-0.12021380137178639,-0.0030374909044068492,0.003113313570879457,-0.5435616307863987,-0.40788449719858394,-0.011360385956854378,0.001414018976101444,-0.5780543180970851,0.7086562279451661,-0.02624828681495782,0.004521996407841818,-0.7690971617163956,0.7947858091586307,-0.030075746722658416,-0.006344611593443173,-1.0257647951578286,1.3158857344210122,-0.03283609565444964,0.01571914918170134,-0.8264380514500987,1.9546599327992906,-0.04672889052356735,0.03536703463058358,-0.7434883488366039,1.8890169660585763
277,2018-04-27,0.0,-1.0,-1.0,1.0,-1.0,-1.0,-1.0,1.0,-1.0,3082.2316,0.002855658218545276,0.019165204847033435,-0.062445437260457703,-0.08207053616606874,-0.13407999580563645,-0.12996703427477685,-0.002947508602939761,0.0032070065797070967,-0.5000509164873161,-0.37818923483583927,-0.010659524173443522,0.0021601746313850336,-0.5232873969217678,0.7415836913512583,-0.02611338861405392,0.004684224603258295,-0.7350963647312346,0.7940875594949,-0.03074218377389691,-0.007032104455808793,-1.0023498529579655,1.266113820878036,-0.033627782298267246,0.014911788521894544,-0.811495122960947,1.839411209220633,-0.047741716839850845,0.03430384828244794,-0.7336258261897795,1.7801996502061448
278,2018-05-04,0.0,-1.0,-1.0,1.0,-1.0,-1.0,-1.0,1.0,-1.0,3091.0334,0.023367524919012617,-0.005142681408748184,-0.0788135450105456,-0.07034527676083979,-0.11698437163441833,-0.09496778650143334,-0.0028669636750452768,0.0032831936620730806,-0.45870291314457634,-0.3514089417422226,-0.010256484739880582,0.0025956294862796558,-0.4810843918090641,0.7608472529011735,-0.026610538767553107,0.004178595429077718,-0.7166061171248994,0.7784123477624122,-0.03144391658434425,-0.007748927797147488,-0.9806351428270074,1.2185110379968334,-0.034996010730609,0.01348841691586464,-0.8082394251838556,1.7292703460217524,-0.04885874884303486,0.03312694364457268,-0.7253106356641531,1.6820468631539336
279,2018-05-11,0.0,-1.0,-1.0,1.0,-1.0,-1.0,-1.0,1.0,-1.0,3163.2632,0.00949658567772671,-0.03038488861755151,-0.13152073466412773,-0.13366586125365731,-0.13846881283859025,-0.10808872938552816,-0.0025154897105542605,0.0036542534345506417,-0.36802916340072794,-0.2868824680160199,-0.010196957062807701,0.002704721060404343,-0.45314923480677755,0.7663146103122505,-0.02731189768998025,0.0034483165661595115,-0.7033132687001092,0.758140631905094,-0.03196852989399729,-0.008285086680164595,-0.9556551867187676,1.1761529911092896,-0.03609767739188632,0.012342016524966658,-0.7995186814552623,1.6336865850205178,-0.04947702132126065,0.03247695256753816,-0.7089586085414726,1.5971899698853025
280,2018-05-18,0.0,-1.0,-1.0,1.0,-1.0,-1.0,-1.0,1.0,-1.0,3193.3034,-0.016284140116469947,-0.05367563883845172,-0.11339971641905366,-0.12463378832089667,-0.15376011562196068,-0.11647916073367781,-0.002359813853291166,0.0038349177104178233,-0.31311843941989265,-0.24794071144845803,-0.01047701587060945,0.002477752084493726,-0.43918271639263634,0.7582159238908127,-0.02869396672645976,0.0020121782829491588,-0.7065303599656937,0.722976595708713,-0.033318536969929965,-0.00968142491775454,-0.9505649458544978,1.122688293830444,-0.03745440129271966,0.010927157207971903,-0.795825356047775,1.5437758483618647,-0.05025166784906316,0.031658007678789964,-0.695127268109501,1.5185877830775385
281,2018-05-25,0.0,-1.0,-1.0,1.0,-1.0,1.0,-1.0,1.0,-1.0,3141.3032,-0.02106323260995624,-0.08007596974402209,-0.09933202245488426,-0.1503634542504525,-0.14632783616684952,-0.1701175168318677,-0.0025414826734958458,0.003643057575432172,-0.36447610700480587,-0.291624396875284,-0.011046691967702,0.00190820111809141,-0.4726306351941856,0.7044788234522534,-0.029801428910877607,0.0008548401876640396,-0.7352391455583187,0.6671346205743406,-0.0345160138601031,-0.010913838854790102,-0.9653696293529096,1.061043435028974,-0.038972518964378866,0.009327536715961857,-0.8102514366864075,1.456702246717166,-0.051113062458945605,0.030734194565330646,-0.6945829355119799,1.4454875635111315
282,2018-06-01,0.0,-1.0,-1.0,1.0,-1.0,1.0,-1.0,1.0,-1.0,3075.1372,-0.0025980629417119427,-0.07405168784013938,-0.0655396448652763,-0.11241982959329422,-0.09028943489090502,-0.1706174280614211,-0.002787466074725256,0.003423141396593516,-0.4278513210182145,-0.3393700702711484,-0.011941653002368133,0.0009948650296685846,-0.5186003414560525,0.6375028893794207,-0.03070183880772066,-6.964555767767847e-05,-0.7572241776321578,0.6170619986556451,-0.0360104054794962,-0.012479151230526602,-0.9848883265933372,0.9970270726010281,-0.04035340446295642,0.007859942155653641,-0.820257933622961,1.377726730238023,-0.0526453926992473,0.029114249549644523,-0.7035730804412277,1.3729071335662244
283,2018-06-08,0.0,-1.0,-1.0,1.0,-1.0,-1.0,-1.0,1.0,-1.0,3067.1478,-0.014752142038932825,-0.10430514629911214,-0.10651749485303585,-0.11147095682836028,-0.0801388508242088,-0.15268289320782014,-0.002792254926157023,0.0034571205039745805,-0.4431486213989121,-0.35283260299567987,-0.012721917914547371,0.00011946799060518973,-0.5582181457531824,0.5726794310167675,-0.031135281084558333,-0.0005790567202871091,-0.7663651349314846,0.5767410449033789,-0.03697054990924721,-0.01355503239578416,-0.9898295870095167,0.9430154601658505,-0.04097545996428965,0.007133102017020705,-0.8140056561403057,1.3127247849992012,-0.054136174591956965,0.027489708251444808,-0.7106731185752179,1.3052299399966831
284,2018-06-15,0.0,-1.0,-1.0,1.0,-1.0,1.0,-1.0,1.0,-1.0,3021.9008,-0.043727610118770244,-0.06311163490211191,-0.07498290479952208,-0.10576128111154415,-0.06636574569224762,-0.11430706130393153,-0.0029278078372277036,0.0032337193660047767,-0.48395118730799447,-0.3936316494859541,-0.013845385206991575,-0.0012120377039227144,-0.6113759155103213,0.48658869995417264,-0.0320516158126256,-0.0017122530142744882,-0.7864765346490963,0.520950308574144,-0.03786488054923565,-0.014725041757613312,-0.9923422392942874,0.8906232668714018,-0.04142269865189511,0.006416478893528739,-0.8041460660626923,1.2546516612133256,-0.05533550430340224,0.026014546836763287,-0.7125612164022765,1.2447247070801593
285,2018-06-22,-1.0,-1.0,-1.0,1.0,-1.0,1.0,-1.0,1.0,-1.0,2889.7603,-0.014652495572037627,-0.020932220572066007,-0.0764057489474127,-0.07201884530007563,-0.09787932929938858,-0.10066191303133332,-0.0034201233777305996,0.002638189230233291,-0.5918700703550295,-0.48341068202483173,-0.014430440692721633,-0.0019735980230553285,-0.6399498509693115,0.4226726704756701,-0.032557312535437685,-0.0023944900094358505,-0.7953678550214717,0.4746427677546649,-0.038642293463056296,-0.015904726138718527,-0.990595784910513,0.8391663540672003,-0.04166637112359089,0.005794195291949862,-0.7898534938221647,1.200875225179389,-0.05602054647703846,0.025034169711041755,-0.7056661287702797,1.1910046165237542
286,2018-06-29,-1.0,-1.0,-1.0,1.0,-1.0,1.0,-1.0,1.0,-1.0,2847.4181,-0.035186121771158096,0.009192784157690204,-0.04143659127544341,-0.01753634283633998,-0.10428847804261687,-0.05910912766902754,-0.008338869687927474,-0.0022133698892914345,-1.5286070065754558,-1.1375121518528293,-0.017610062619126805,-0.005146354413989557,-0.7749638505475185,0.24403259800718294,-0.05380103972239679,-0.023572662748969974,-1.2865938196211826,-0.1011354138036488,-0.054044727254520045,-0.031183289566346133,-1.3052247998868394,0.5602206796665917,-0.06901446349080041,-0.0214808386203807,-1.2848133065595417,0.8338750255724936,-0.07791871635557361,0.0031767022541421414,-1.019512397306391,0.9927648109749474
287,2018-07-06,-1.0,-1.0,-1.0,1.0,-1.0,1.0,-1.0,1.0,-1.0,2747.2285,0.030559962522229256,-0.0024699802000452964,-0.008000281010480337,0.026980500529897755,-0.05401141550475341,-0.06105986451436429,-0.017552053261826957,-0.011464716126611874,-2.9902344038607707,-2.260598006276024,-0.008671840436926046,0.0037924370912847585,-0.3995300833819858,0.6419646937823417,-0.04927459604609599,-0.018987701800494413,-1.1547357545934889,-0.02454973067471726,-0.04129712596228829,-0.018352146459434414,-0.9939712754172033,0.7438980220890692,-0.08067760170740129,-0.033130268508148396,-1.451069675319869,0.6598334358750244,-0.07179028738329718,0.009284693875096187,-0.8969021334959243,0.9998030221550196
288,2018-07-13,-1.0,-1.0,-1.0,1.0,-1.0,-1.0,-1.0,1.0,-1.0,2831.1837,-0.0006755125073657497,-0.012670954555156544,-0.0455226554179442,-0.0034733175385263104,-0.05464410522001806,-0.08582848227050754,-0.005560147335720991,0.000520234863478658,-0.8543969116303372,-0.6940697265212606,-0.007051989507117164,0.005425656463228373,-0.3381742703220638,0.6992413804560627,-0.038487244389072195,-0.008110032571468175,-0.8857471657374215,0.23963454007302418,-0.02363599427945242,-0.0005770082482614194,-0.5897268065354351,1.0125828295323112,-0.07370921728582151,-0.02610372956494627,-1.2706371164924946,0.7172699003979449,-0.0689130769230673,0.01219939845659055,-0.8278637706839985,0.9843154671285131
289,2018-07-20,-1.0,-1.0,-1.0,1.0,-1.0,-1.0,-1.0,1.0,-1.0,2829.2712,0.01566573045383568,-0.05665953832916415,-0.05217884379553306,-0.07859221837765151,-0.08143429304338157,-0.07895446714334065,-0.004662566964476273,0.001398705790192792,-0.6951844763134474,-0.5805254624370108,-0.008220110150094207,0.004246860170500216,-0.39579869223254205,0.614149249814066,-0.039475854513889796,-0.008997859933314579,-0.8970692454464729,0.17256282940146492,-0.019169745419855343,0.0039936940456438315,-0.4843815733630581,1.057952935675364,-0.06974625691690708,-0.022104658874357398,-1.1556584827955623,0.7373043550616868,-0.07216412865523877,0.008980144022288031,-0.8520523865103257,0.925196099151365
290,2018-07-27,-1.0,-1.0,1.0,0.0,-1.0,1.0,-1.0,1.0,-1.0,2873.5938,-0.046336020073539985,-0.0501681900900538,-0.026485650129117078,-0.11244755608812906,-0.06767974652506559,-0.09738784235962661,-0.006017281318778774,0.00010709881962170462,-0.9265018190520252,-0.7449285843480714,-0.036173894883971026,-0.023633729416386348,-1.5565524333755862,-1.02553889346084,-0.05787583169243793,-0.02726482552696829,-1.297760107020544,-0.47871549425155646,-0.04725026420843623,-0.024006577714863062,-1.0827892473850553,0.5336053356272875,-0.14959132604526112,-0.10189893568108553,-2.4240740611157716,-0.32687741190624897,-0.1515645843454839,-0.07035659505102539,-1.9457540589797835,0.2968347281556938
291,2018-08-03,-1.0,-1.0,1.0,0.0,-1.0,1.0,-1.0,1.0,-1.0,2740.4429,0.020021216278580445,-0.005543994366750016,0.02952340295066902,-0.05166905685208778,-0.05873495849886168,-0.08180878353641308,-0.01662234085681097,-0.0076685137161332986,-2.5790595490445214,-1.6910539381299203,-0.040720549836069334,-0.02720873091754051,-1.6848708989325025,-1.3550511066966946,-0.05048978626578447,-0.022092129636709083,-1.100888706726148,-0.38881805366477434,-0.06500456889481815,-0.037192823513431256,-1.4214993633465758,0.2605549710080421,-0.12746138036499233,-0.08551025654972742,-1.9218591388505395,-0.14136496669049467,-0.13684123874911225,-0.0594295114929114,-1.6461221360483826,0.3525528007033388
292,2018-08-10,-1.0,-1.0,1.0,0.0,-1.0,1.0,-1.0,1.0,-1.0,2795.3099,-0.045198530581528784,-0.033273305403454745,0.009315675517766353,-0.04251181595285736,-0.07409639983030147,-0.10782836636467397,-0.008512680446838715,-0.0015539988007359897,-1.2511182393087203,-0.9273655282216268,-0.03405974432304171,-0.022559184904976014,-1.3506689228298943,-1.0748806145244811,-0.034526520361064635,-0.010634335057825711,-0.7055050556619982,0.003530211427443724,-0.06261317084879402,-0.03557531684865891,-1.315199711851672,0.2702788387077682,-0.11322205350363962,-0.07509578209309295,-1.6057472152197196,-0.01925759080990395,-0.12508431421954538,-0.050705027849984124,-1.4185430444038154,0.39708847907303924
293,2018-08-17,-1.0,-1.0,1.0,0.0,-1.0,-1.0,-1.0,1.0,-1.0,2668.966,0.02265476592807869,0.004749816970317289,-0.023250015174415828,-0.026262792407246716,-0.023634021564905572,-0.05773689136542015,-0.015482539754764197,-0.006939486646088455,-2.2577661807822738,-1.600761422505098,-0.034858378259681785,-0.023542265388299788,-1.3451332134619447,-1.3418757056820552,-0.02778695594715351,-0.006040571463668156,-0.5460044052232647,0.12366199104297598,-0.059457787204763406,-0.033393397552597896,-1.207286244290431,0.2783452252375597,-0.10677523654611834,-0.07049530327093478,-1.435827986708746,0.012094001661014729,-0.12223310335309143,-0.04866686870090755,-1.3231304891885052,0.38426887355102146
294,2018-08-24,-1.0,-1.0,1.0,0.0,-1.0,-1.0,-1.0,1.0,-1.0,2729.4308,-0.0015317845757438775,0.02493340369721042,-0.0655688358173433,-0.01843648133522935,-0.049713698548429996,-0.0643355750217226,-0.010159702399544637,-0.003178507481128396,-1.3602461992478625,-1.0886450698619086,-0.02946011914882692,-0.019796242068709197,-1.0865325035683355,-1.07376269747704,-0.02718003984147466,-0.005625564182129339,-0.5044453265235497,0.11993445067884638,-0.054324783480945674,-0.02950381835662765,-1.0572603217055736,0.3323137543592193,-0.09435933045697455,-0.06129591567906791,-1.1874274358639092,0.11946674131634274,-0.11282237418271471,-0.04180257794134745,-1.1452234178044598,0.4129048501516793
295,2018-08-31,-1.0,-1.0,-1.0,0.0,-1.0,-1.0,-1.0,1.0,-1.0,2725.2499,-0.008420952515217017,0.035262894606472805,-0.04638220516951497,-0.053487498522612476,-0.07668995786404764,-0.04742475176313188,-0.0016702573410009363,0.005019467808251717,-0.0015837583899542085,-0.0585614924449216,-0.0059413344137065685,0.0018367845555673033,-0.11888924555876851,0.4609673203144313,-0.026573724438624685,-0.0036322370293178814,-0.4628773525116447,0.1855191333382657,-0.029812085374194414,-0.006028465373390592,-0.5086037701959292,0.7712052926209547,-0.04427341008906563,-0.012549376590954585,-0.3578788199706735,0.7826562567662082,-0.05237296987358045,0.016947414901451047,-0.2829979849524351,0.866538265776223
296,2018-09-07,-1.0,-1.0,-1.0,0.0,-1.0,-1.0,-1.0,1.0,-1.0,2702.3007,-0.007644449042995105,0.04405483075958205,-0.009556486441349654,-0.042228165059499,-0.07712113607490079,-0.03721913701165824,-0.0023413973333920868,0.004166756298186122,-0.08388602811668723,-0.16215256327979816,-0.0013681974126403436,0.007390434139831528,0.09034065565776253,0.8326208578438492,-0.02900873467226134,-0.006475233973561603,-0.4926287329263804,0.03389820572866066,-0.0327907462603947,-0.00947645608254797,-0.5448673554891853,0.6722088710262033,-0.04853619852725853,-0.017405363509102243,-0.40242154895396914,0.6829001168380114,-0.05162321338817405,0.017761172904841627,-0.251548643453319,0.8406610010440261
297,2018-09-14,-1.0,-1.0,-1.0,0.0,-1.0,1.0,-1.0,1.0,-1.0,2681.6431,0.043198030341919935,-0.027867466778110694,-0.030866001519739727,-0.028249657831051378,-0.06219131099138431,-0.02364624882408839,-0.0027063988791439612,0.0036351909429953137,-0.1177472473726467,-0.22425078414350946,0.00300277926301256,0.012787950952377823,0.293271387980504,1.1836148846611838,-0.027789238848473154,-0.004606380258245703,-0.4355024489486766,0.094950394522723,-0.03430293898209454,-0.011007717820051372,-0.5497357090949488,0.612490125423836,-0.05209458960484192,-0.021350066220059142,-0.435405320287093,0.5969498121282077,-0.04981434126427024,0.019759634594041925,-0.20507903101490246,0.8256482477642778
298,2018-09-21,-1.0,-1.0,-1.0,0.0,-1.0,-1.0,-1.0,1.0,-1.0,2797.4848,0.00853098469024749,-0.08830060488621783,-0.042314832237873135,-0.07283117320244259,-0.08709734544402181,-0.06407630883284876,0.001329915646703709,0.008615320219813075,0.570161497059307,0.39188705415594516,-0.00013014047688935174,0.009177302560940357,0.18577696845161573,0.8834243093467339,-0.02881550094821095,-0.0054124609621535,-0.4325070268780362,0.03217944911193134,-0.03436970426683243,-0.010725357258180742,-0.5233098620038402,0.5897588240608652,-0.053292747738904786,-0.022639411762849396,-0.42962936370903415,0.5496481478904351,-0.04727606825378945,0.022746915659936365,-0.14811148993641157,0.8200815193849034
299,2018-09-28,-1.0,-1.0,1.0,0.0,-1.0,1.0,-1.0,1.0,-1.0,2821.3501,0.0,-0.07886412253481068,-0.08572739696502041,-0.10813953929361697,-0.07987115813808432,-0.04925482307211715,-0.007583164777567669,-0.00016160712904089887,-0.8855079074821879,-0.6901698885283032,-0.022218960019212093,-0.014395521340498742,-0.7229754836300349,-0.8890114807726731,-0.02986634839951205,-0.00638160604806742,-0.43027819608260776,-0.0400115091074546,-0.049412780851993465,-0.026171991450361448,-0.8264447501193809,0.24337768579856134,-0.09106454723774675,-0.06107929002898608,-1.0224281474738388,-0.0490837043238112,-0.10650880247972602,-0.03689962865511122,-0.9627318786280932,0.2633388868370877
300,2018-10-05,,,1.0,0.0,-1.0,,,1.0,-1.0,2821.3501,-0.07600531390981935,-0.051349139548473643,-0.08264220736022798,-0.11606283814263252,-0.07784453974712324,-0.006069399185872015,-0.008937767955314098,-0.001719577701194055,-1.0721200225944543,-0.8721974284265377,-0.027189536031633703,-0.017238555443622558,-0.9139836482296925,-1.0678565549477474,-0.030896476442927933,-0.005241916668725546,-0.4268183804485411,0.026671788838113657,-0.05301820285455998,-0.02737382858859396,-0.9419581930748232,0.22917383546552214,-0.079958863918065,-0.05037690175414164,-0.873258091513775,0.12877067836027983,-0.10363577065144639,-0.03602938141713319,-1.064487994850436,0.2764008515908403
301,2018-10-12,-1.0,-1.0,1.0,0.0,-1.0,1.0,-1.0,1.0,,2606.9125,-0.021652932348132037,-0.0030844917119388082,-0.0003931470657339009,-0.03530778267394863,0.004342224758214996,0.14848695535427447,-0.002621477377510565,0.004723483382535209,0.03985015039477967,-0.05565135248898397,-0.017496981590933172,-0.007280917893608928,-0.45908862566178454,-0.29680983534181865,-0.05365874525033291,-0.027741008472931476,-1.0649599001532732,-1.0215280076702682,-0.05743104944069208,-0.031440720726505965,-1.0730199801650764,0.13783096246030185,-0.08932606159926644,-0.059926399522331156,-1.0378958396475229,-0.03204612713133173,-0.11757532671286501,-0.05012577818351127,-1.3148595935401977,0.12292667987523762
302,2018-10-19,-1.0,-1.0,1.0,0.0,-1.0,1.0,-1.0,1.0,-1.0,2550.4652,0.01896971579929807,0.05043962175998318,0.016967688874955034,0.0013197984430446397,0.02657048604309531,0.16443909918864974,-0.006296707109152129,0.0010628413750621902,-0.5928284728757177,-0.48909615031282094,-0.026878226719243715,-0.01653008287700088,-0.9030459486399257,-0.971415140699538,-0.034391791818028636,-0.008388422581965958,-0.45657338209564613,-0.061253006812840065,-0.054012363091357256,-0.02805793498547516,-0.9462964182802335,0.19699898535361657,-0.09101566153490992,-0.06189235033656315,-1.037551815671066,-0.08209943769900363,-0.10134844060922127,-0.03410328853182524,-0.9609994316314528,0.2441314823012474
303,2018-10-26,-1.0,-1.0,-1.0,1.0,-1.0,-1.0,-1.0,1.0,-1.0,2598.8468,0.029870710347374096,-0.007450881675672427,-0.03178186571059127,-0.001093254131024568,0.032144334171602784,0.16272771446166057,0.002577069699075331,0.00914264905880257,1.0672162682051225,0.5348705340803922,-0.008880011571792941,-0.0007496144748186887,0.06470300942297855,0.22905632593101738,-0.032749664949721355,-0.008156129789144425,-0.37387528636903955,-0.027426059004336333,-0.03962108675744568,-0.015601643304865298,-0.4965396859629729,0.44341393219894837,-0.05009997741430581,-0.02491458868670158,-0.1532683486303905,0.4667417113337807,-0.036476070856203316,0.022306303970501606,0.37701742627490287,0.7436430087246217
304,2018-11-02,-1.0,-1.0,-1.0,1.0,-1.0,-1.0,-1.0,1.0,-1.0,2676.4762,-0.028995101843236948,-0.032986917649407865,-0.06821656026681644,-0.027929559022419226,0.04773066915371782,0.1597893902437839,0.004289909242789385,0.011537272268884171,1.4010858430254511,0.8381458418996097,-0.008904680025582378,-0.0006783060599156177,0.10107802526001002,0.23550840683622432,-0.033132603447711385,-0.008281027516154085,-0.3539754392441309,-0.011530367153125594,-0.03640571102439698,-0.01184424229756152,-0.36724602669625717,0.5034255133383171,-0.043637834518252525,-0.017083694455054612,0.019529809308163282,0.5618679527559706,-0.021665933929769156,0.04087541687299628,0.7205661578967363,0.8875370094264653
305,2018-11-09,-1.0,-1.0,-1.0,1.0,-1.0,-1.0,-1.0,1.0,-1.0,2598.8715,0.03087424676441275,0.0026996717613778642,-0.032322990959730125,0.007449694992615052,0.1520404144645089,0.18926926552544043,0.0020376146513394963,0.008670460049454449,1.0088131563629694,0.48696313388088236,-0.010520618688786017,-0.0027468353768502086,0.049948751040765155,0.08160869566423494,-0.03569213766287822,-0.011379736743161409,-0.409773419060555,-0.14461329218957747,-0.03502406299914801,-0.010778977222124154,-0.2890548850200144,0.5059732147498434,-0.036674398219762164,-0.008890293084599456,0.21178366211818095,0.6621573024437539,-0.008865518750971225,0.05672051871332116,1.027780985387503,1.0057944876084723
306,2018-11-16,0.0,-1.0,-1.0,1.0,-1.0,-1.0,-1.0,1.0,-1.0,2679.1097,-0.03718645787441999,-0.03186468997518099,-0.04676120578414544,-0.02272299637450448,0.10852549262913724,0.15365115508334726,-0.0024703716336664456,0.004700400687094669,0.21239252473211565,0.014584092977763452,-0.014064152108172669,-0.006127675747175931,-0.08824388407091419,-0.1258674720366032,-0.034346362259334504,-0.010161411800389823,-0.3344612550904562,-0.020639913164514932,-0.03230325478208469,-0.007804627601401606,-0.14292684284244014,0.5669136705611113,-0.0313848262619848,-0.0007486398307670694,0.40832727446243605,0.763249046838155,-0.0382915596123741,0.03041870777012903,0.4722534098806055,0.7164162047517648
307,2018-11-23,0.0,-1.0,-1.0,1.0,-1.0,1.0,-1.0,1.0,-1.0,2579.4831,0.0033744745216590655,-0.024513632207941227,0.006405353072481912,0.03989244977026618,0.17145609521535543,0.23614905637489936,-0.0022087693203196763,0.004921437827721835,0.30007274774462894,0.05949595836527876,-0.014347667612890034,-0.00636722812606917,-0.06645259657827496,-0.13963996116949642,-0.031872419716306166,-0.008071089360992982,-0.18662656672183572,0.12213102401005718,-0.028836008414261906,-0.00487502727337404,0.053862585792187105,0.6059619466394153,-0.026018544616270362,0.0037855232490388727,0.5880665982500517,0.8035415217897661,-0.03297310848221746,0.03491245713853326,0.6361840073483849,0.7317344299154622
308,2018-11-30,0.0,-1.0,-1.0,1.0,-1.0,1.0,-1.0,1.0,-1.0,2588.1875,0.006838801284682727,-0.0364314022844171,0.005229876119871468,0.08347103909589237,0.19935232667648695,0.26374047475308493,-0.002568747985909189,0.004617278992462547,0.24957416201051716,0.03294880887735058,-0.0156357063036782,-0.0074555380327617025,-0.12313587931046749,-0.2268884006640112,-0.02934276916190224,-0.0059336972325442355,-0.014586937599764921,0.2655568802190254,-0.02550503058231419,-0.002060565099676735,0.27490786623718555,0.6404823271991683,-0.02102076447554521,0.00800832624208724,0.7623315556894715,0.8396391219781014,-0.0275114821903492,0.03952718031618521,0.7994469935648087,0.751168923443669
309,2018-12-07,-1.0,-1.0,-1.0,1.0,-1.0,-1.0,-1.0,1.0,-1.0,2605.8876,-0.004661329214660004,-0.034928367593444976,0.004737234253695322,0.14893865721606714,0.18606727320088545,0.18439448424406346,0.003906115467025159,0.011011311652079518,1.6378960249758656,0.8648143959807254,-0.010212981374094758,-0.0018695227506791423,0.36334192619516253,0.24483690462824037,-0.03309940539218563,-0.010259117301428412,-0.15536822393244004,0.03493463371946694,-0.02879120648389384,-0.006089294825995047,0.1985333344768376,0.5303015561990054,-0.02020642822491979,0.007941583213590111,0.8333359498470668,0.8075282885077939,0.008401125362086787,0.07438425236375329,1.6758660898514781,1.0909363171957644
310,2018-12-14,-1.0,-1.0,-1.0,1.0,-1.0,1.0,-1.0,1.0,-1.0,2593.7407,-0.029875808325789843,-0.015386811796568534,0.009442578435076454,0.14501091030417967,0.1916218147789408,0.18994119188552672,0.0032319948060483446,0.010312526907630333,1.4771309967714947,0.877300501927578,-0.011482145328440541,-0.0036835869293893545,0.3205793164674461,0.1517576868900685,-0.03021460399164956,-0.007200637010681615,0.09416510598018929,0.22424240874624435,-0.017660827483226893,0.007554293248866006,0.9855174616098413,0.7898137589622358,-0.007498892705940466,0.023713512399777197,1.228557574416657,1.0350958598111666,0.019358871165001734,0.08787545321085986,1.9138487484594553,1.2074882244058602
311,2018-12-21,-1.0,-1.0,-1.0,1.0,-1.0,-1.0,-1.0,1.0,-1.0,2516.2506,-0.008884011791194246,0.031695968597086566,0.0660245843557874,0.20089437832622892,0.26721305103712645,0.168091365780499,0.0013090909819208898,0.007927569752471003,1.0729614283645328,0.6497363908990432,-0.011086540635175675,-0.003815084693534686,0.43358811267288955,0.20565755914472922,-0.027254024207747415,-0.004185710249564472,0.4732007277486082,0.40573872838253267,-0.007801170550438059,0.019371600774690075,1.985648372313302,1.0133641090355217,0.004257828809591524,0.038103543565908275,1.5933820682973845,1.2389259003385256,0.029560957400621063,0.10023444765093968,2.099265592933338,1.3225278663980278
312,2018-12-28,-1.0,-1.0,-1.0,1.0,-1.0,-1.0,-1.0,1.0,-1.0,2493.8962,0.00840933155116863,0.04323644263943294,0.12443581252499603,0.2446984361257698,0.3115210248125002,0.1557402429178889,0.0007546673834253389,0.007234534369174709,0.9279110717232009,0.6221975780858591,-0.008180280147738724,-0.0008005112339653057,0.7026711374555308,0.4924017814112472,-0.021623108516642158,0.002258119997847887,0.9549236049775409,0.7885260786678556,0.00391300353016719,0.03362718529831671,2.730666334456446,1.3434954696118804,0.018764459970148188,0.056019274367948,1.9568048802766995,1.5240141259697955,0.037651517813596186,0.10975466676779466,2.1916242478547616,1.4304262602017366
313,2019-01-04,-1.0,-1.0,-1.0,1.0,-1.0,-1.0,-1.0,1.0,-1.0,2514.8682,0.01549309820689615,0.0411011996573023,0.19052163449360893,0.2289940283948082,0.2272606970019344,0.1344510221251356,0.0015326023345542334,0.007775836155983007,1.0608897657905836,0.806369419152121,-0.004800126430683295,0.0026056374391165687,1.0054671853752546,0.8054161346738974,-0.013496995208474343,0.011750134749421617,1.6045268528244643,1.498505657664936,0.016660564420380206,0.04919445523849036,3.2786196153929676,1.7966618285678306,0.034175213157700446,0.07493559503656802,2.270113455518955,1.871218842983984,0.04432476779752419,0.1174418286079821,2.222535185228039,1.566213582171376
314,2019-01-11,-1.0,-1.0,-1.0,1.0,-1.0,-1.0,-1.0,1.0,-1.0,2553.8313,0.016514129183082815,0.0252174057072605,0.16290429990422628,0.2102436053626564,0.20853671892892867,0.1350382071047529,0.0024875869983778855,0.008649851515428759,1.219076824132164,1.074776331300457,-0.0021816565056400105,0.00544468614322003,1.2231898789282445,1.0539113305640944,-0.0033858438169299676,0.02426739411882868,2.302195143051486,2.7408908008778385,0.027052182508207206,0.06221310965430518,3.447845552896355,2.4175477028845713,0.043724204744018974,0.08678071714961501,2.36937235887888,2.196296147485916,0.049013848023284165,0.12298617682585665,2.193759296689405,1.7854275489071503
315,2019-01-18,-1.0,-1.0,-1.0,1.0,-1.0,-1.0,-1.0,1.0,-1.0,2596.0056,0.0022025376216445736,0.033273965202540445,0.164000262557215,0.22828147982423452,0.13220503068252243,0.11659855433285671,0.00311721678783848,0.00946951767086487,1.3044937180511784,1.413521492224297,-0.0007845408502182155,0.007047206848817586,1.3581882301728168,1.213281919571387,0.004331308777024617,0.033986983363571845,2.87677694918751,3.4855256031209443,0.03537306010594464,0.07291905135595754,3.42970777019662,3.7372593962113854,0.0512910376942167,0.09641325155266936,2.418011549062863,2.61010349005721,0.052916354683404734,0.1280135096993991,2.1606188897825365,2.2843716763884236
316,2019-01-25,-1.0,-1.0,-1.0,0.0,-1.0,-1.0,-1.0,-1.0,-1.0,2601.7234,0.006345370918368953,0.07783410027368798,0.19311249612468417,0.2571656541198808,0.10784113330417844,0.10771740762296256,0.0025957395112260386,0.008741944541984004,1.161336359014956,1.2071606376600417,0.00678881130867035,0.014971712841433069,1.9589890615901722,1.8676128843685276,0.02873180016679614,0.06035449991196441,3.931457493318162,4.453338683215052,0.060110622194078075,0.10014219672206842,3.8654814895166076,4.021180092568387,0.0628810974819359,0.10886814325037149,2.493344379853311,2.6429729046027197,0.07544073529769808,0.15133376267497287,2.417465230810405,2.5273571506975396
317,2019-02-01,-1.0,-1.0,-1.0,0.0,-1.0,-1.0,-1.0,-1.0,-1.0,2618.2323,0.0,0.14352152786442973,0.18047508618696662,0.17881018426057915,0.0896645037951751,0.14656755246660125,0.0029584891296020417,0.009177337752578594,1.2287776119736296,1.2615466260266415,0.011719567168823355,0.020855571411382078,2.236630557786414,2.2785697555656275,0.04107270539614104,0.07510383668520668,3.936153207840786,4.300806484835672,0.07449845800294297,0.11732869295625359,3.732433779043115,3.8476579599868197,0.06632327180768502,0.11298360774050122,2.390759055084037,2.505170961731274,0.07841410167308613,0.15489993430233573,2.3014235505096896,2.3924430602505846
318,2019-02-08,,,-1.0,0.0,-1.0,,,-1.0,-1.0,2618.2323,0.02450229492623701,0.1343001917744273,0.18047508618696662,0.17881018426057915,0.10711952487943877,0.13774411842677203,0.0007579784017238004,0.00693747885676623,0.7662876749648377,0.7627397198382695,0.006887444599395949,0.017744441500844782,1.7333197633529716,1.8821325983414559,0.013404098030348532,0.04941762161450651,2.2423661512701285,2.6173124187511667,0.015034929628786622,0.059340959646214865,1.5047645645893382,1.8899354372098585,0.00977126850030851,0.056775695076695894,1.1437446739800161,1.2820387145719687,0.016480615341347774,0.09390489899600149,1.1587699674935497,1.2387249403064398
319,2019-02-15,0.0,-1.0,-1.0,0.0,-1.0,-1.0,-1.0,-1.0,,2682.385,0.045422711504873314,0.12651658878199812,0.1887277926173907,0.0957452416413005,0.08064133224723524,0.12253043466914693,0.005184865173238859,0.01136436562828129,1.5756911900419701,1.6094307200907618,0.017347211835238623,0.028204208736687456,2.409004721862381,2.562013351656148,-0.00271522895133771,0.03329829463282027,1.3481639993677046,1.697673851345377,0.01864180660595515,0.0629478366233834,1.5624205639348623,1.8866322784165475,0.02291149934395785,0.06991592592034523,1.3765869789577518,1.4827999039111508,0.010974181820441145,0.08839846547509486,1.0330465131481916,1.0981150503343138
320,2019-02-22,0.0,-1.0,-1.0,0.0,-1.0,-1.0,-1.0,-1.0,-1.0,2804.2262,0.06767599560976922,0.10695374716918349,0.1663814067495697,0.02784012216988785,0.027725331144826892,0.0450462947675192,0.0007579784017238004,0.00693747885676623,0.698547725132674,0.6784055603816165,0.006887444599395949,0.017744441500844782,1.523524291284371,1.617182623544387,0.013404098030348532,0.04941762161450651,2.0479538310274217,2.3187583175168256,0.015034929628786622,0.059340959646214865,1.3826787969898227,1.6902142986864892,0.00977126850030851,0.056775695076695894,1.0750315066464275,1.173167381087762,0.016480615341347774,0.09390489899600149,1.096288327871315,1.1499310876890987
321,2019-03-01,0.0,-1.0,-1.0,0.0,-1.0,-1.0,-1.0,-1.0,-1.0,2994.005,-0.008063981189076252,0.032315577295294995,0.030859634502948374,-0.04709751653721361,0.00266372300647455,-0.02331472392330669,0.0017607245204745757,0.007939261430255216,0.8584735365204792,0.8492089154985337,0.008366707910230163,0.01930106628755299,1.580307127760805,1.6736958954351748,0.01569643992067376,0.051707669187441976,2.0467526759648615,2.258880275370884,0.015206579071508831,0.05959135457867873,1.335572358365351,1.6155780854251038,0.010014743873846363,0.05711862837153218,1.040180048817206,1.1343793773022353,0.016835938084103205,0.09454352250097674,1.0619602841250828,1.118329609257947
322,2019-03-08,0.0,-1.0,-1.0,0.0,-1.0,-1.0,-1.0,-1.0,-1.0,2969.8614,0.017472128497309836,0.040707825624455074,0.0392400466903946,-0.023962498721320724,0.0030361686238962182,-0.008525785075357284,0.001629069086278659,0.007754721256454653,0.8368088280995986,0.7898570869815695,0.008688707014920659,0.01974772717756762,1.5428832986981247,1.6394230804460526,0.015896169720363104,0.05200273500673845,1.9514834521007716,2.1261887753812383,0.014264985436176096,0.058736841236356065,1.2552131429981306,1.5188973887731325,0.009907082370090435,0.05700764583276127,0.9987980841898195,1.089271916901513,0.01618225485186521,0.09413162780889309,1.0131097218235987,1.0710860586019075
323,2019-03-15,0.0,-1.0,-1.0,0.0,-1.0,1.0,-1.0,-1.0,-1.0,3021.7512,0.02726812849449689,0.05522440100296788,-0.02731548513987525,-0.04072310784554334,-0.0035384779527846133,-0.05093523252344545,0.0018272141570794707,0.00808263043417707,0.8552527976499976,0.8274800549903878,0.009113458853638888,0.020337108688390157,1.5249888608954218,1.623378021053415,0.016203110880988685,0.05244066501502269,1.8772821860129343,2.0178237232798164,0.013648297203136109,0.0583638941627642,1.1867637112907146,1.4424181117763875,0.009769713197025645,0.057020673109388645,0.9596921692457944,1.0493902685335919,0.015758353745680104,0.09396696104218248,0.9703790169795329,1.030333614455097
324,2019-03-22,0.0,-1.0,-1.0,0.0,-1.0,-1.0,-1.0,-1.0,-1.0,3104.1487,-0.004313807518306234,0.05368576576244566,-0.07146967540569171,-0.07157337533475772,-0.05592596127885241,-0.10611460075994428,0.0021957143919403366,0.008435794124758079,0.8926624837995941,0.865311409862135,0.00975329916214406,0.021063521645116188,1.5268626399474385,1.6201531830717446,0.015580612514753116,0.05181240476401605,1.7625131060264274,1.880789500929053,0.012840573402486698,0.05767120380120067,1.115867197935499,1.3636651317103672,0.009563093854182025,0.05687856068215304,0.9233409751134587,1.009404448888589,0.014760807585502703,0.09313810820620211,0.921023011467717,0.9806813316138543
325,2019-03-29,0.0,-1.0,-1.0,0.0,1.0,1.0,-1.0,-1.0,-1.0,3090.758,0.0,-0.0014103660008319974,-0.07692714861532346,-0.028723633490554734,-0.05388885186093495,-0.08636528644429609,-0.012405434853508092,-0.006122554934395398,-1.8676515801804274,-2.0017868972028316,-0.007456742861903889,0.0037957773559480594,0.16665373121220198,0.2334783864166685,0.01300954934623532,0.049274025579547395,1.5691991177460036,1.691016097605509,-0.010084099208807436,0.0348257245788512,0.3636030877947329,0.7304064806208798,-0.010847963620154707,0.03666091944760971,0.4838674972474016,0.5968740238852938,-0.024789036247817614,0.05389724092235676,0.19857407441798366,0.26519014917808775
326,2019-04-05,0.0,-1.0,-1.0,0.0,-1.0,-1.0,-1.0,-1.0,-1.0,3090.758,0.03166459489872708,-0.0014103660008319974,-0.062140711113584324,-0.03619811062528988,-0.047307812517188186,-0.06255187238858562,0.0022114455863003393,0.008289513967240111,0.874728830399267,0.8138460778575382,0.010454271774052148,0.02157476914590178,1.5081105722325092,1.5844362658927773,0.013579778369717771,0.0509754959548481,1.524372890452378,1.67427943274078,0.011496035541125736,0.05654292654742708,1.026074036808626,1.2578444164163993,0.008202014297733283,0.05634201075491675,0.8629503554568958,0.9658111711845722,0.01238497267804066,0.09211245514337736,0.8460206752922327,0.929661991877351
327,2019-04-12,0.0,-1.0,-1.0,0.0,1.0,1.0,-1.0,-1.0,-1.0,3188.6256,0.025770256627181354,-0.07822022127652739,-0.0909261658063586,-0.0556875664549642,-0.10060384637192898,-0.09483368006579385,-0.00976735998808247,-0.0036195181161851244,-1.3259579169063287,-1.458444336142431,-0.0068681755436411475,0.004220622323838327,0.16896718006122885,0.2258349198047332,-0.003322249215964926,0.034183300878560086,0.7573165945069946,0.9944044923908167,-0.014140061092028838,0.030959438574064663,0.19725725038917902,0.5685548160062743,-0.01851337273278955,0.029709412000386556,0.29900408295099173,0.4343399292159145,-0.03473974904126733,0.0452441600281016,-0.004945790100131801,0.08612475164005871
328,2019-04-19,0.0,-1.0,-1.0,0.0,-1.0,1.0,-1.0,-1.0,-1.0,3270.7973,-0.05637720197457663,-0.11877871490232672,-0.11887713127316091,-0.1040269600320386,-0.15165846565912233,-0.08291434018243815,0.002907423492080902,0.008481194469300896,0.982145757251722,0.8339498054814095,0.009836190395748592,0.0215220598780926,1.3948834852890393,1.5092818894333317,0.01187419714331342,0.05033452758094834,1.3650652328950545,1.5403477611695982,0.010526096812086626,0.056070202527258785,0.9535712521464068,1.178829089944077,0.006825676047755198,0.055933122160648115,0.8070207466666468,0.9284109475161749,0.010816974413765446,0.0915732759366683,0.7899421881565947,0.8905619785444399
329,2019-04-26,0.0,-1.0,-1.0,0.0,1.0,1.0,-1.0,-1.0,-1.0,3086.3989,0.0,-0.07562343934220561,-0.027351843599996206,-0.052552604266415504,-0.08507490720010302,-0.028122612407618597,-0.005555909083887577,6.93568911972896e-05,-0.5536497327204682,-0.7509476389576102,-0.01928812930794029,-0.007579301901656847,-0.7846128975755988,-0.6902322928342066,-0.017350719132368332,0.021239800202133223,0.10199129786577196,0.4423956565191164,-0.020663156730923865,0.025201741315918263,-0.04232166009947228,0.36614379396364694,-0.03149211463493075,0.017946400124917602,0.011057365627274046,0.1843467830493094,-0.043382821163604535,0.037706139844161005,-0.18082198957232132,-0.06908490399243332
330,2019-05-03,0.0,-1.0,-1.0,0.0,-1.0,1.0,-1.0,-1.0,-1.0,3086.3989,-0.047689331408198754,-0.060816118098020344,-0.03483687737187835,-0.04596227013948195,-0.061227860079913876,-0.025904687822432826,0.0021321462733476498,0.007665806325378299,0.8239615320109266,0.6677805449113026,0.007754078797285971,0.0199232855148508,1.1994611148116456,1.344901218719114,0.010011483660660951,0.048650925299312316,1.2303208322132657,1.4033948953928315,0.00863030583564249,0.05498905727483669,0.858769084405361,1.0938126783836501,0.00416512851072158,0.05441229714599302,0.7314254327262144,0.8752794611218891,0.009477662314764684,0.09066314345989843,0.7411573899139602,0.84765483824957
331,2019-05-10,0.0,-1.0,-1.0,0.0,-1.0,1.0,-1.0,-1.0,-1.0,2939.2106,-0.01936383871233982,-0.01378414326622246,0.0244447267575858,-0.024283050693951647,-0.01802324066196548,-0.002396425761393206,0.0014823369834311255,0.00695492759353562,0.6891633918916865,0.5204935829892122,0.006796500648390678,0.019109329978553684,1.0914900792551183,1.241300412221493,0.009372128399704187,0.048152496339865014,1.1588984753772549,1.3304477585819356,0.007838887615281336,0.05441653127202306,0.8057699830752598,1.0397927575420571,0.003202112207398196,0.05376558102049299,0.6926723252524555,0.841285917203932,0.008924814314920343,0.09039588339397943,0.7084161909095736,0.8179912621765478
332,2019-05-17,0.0,-1.0,-1.0,0.0,-1.0,-1.0,-1.0,-1.0,-1.0,2882.2962,-0.010165991961547993,-0.00011168179037268633,0.016740125459694166,-0.03731157123962492,0.0406984889339268,0.017302454896897634,0.0012012465075939812,0.006694949993752301,0.6237640508005746,0.46034001620598625,0.006464825278633506,0.01899613072768963,1.032593657493692,1.192410541991413,0.009492837018406315,0.04855906818085671,1.121003381490086,1.2921836771352713,0.007325182436624972,0.05422934064036527,0.7624117311552583,0.9972620576993282,0.0028107536666283003,0.053779397561820985,0.665890220995731,0.8201063366224363,0.008677144249702881,0.09050635587179055,0.681540351065822,0.7953471055386149
333,2019-05-24,0.0,-1.0,-1.0,0.0,-1.0,1.0,-1.0,-1.0,-1.0,2852.9948,0.01601871128541843,0.052220705064025985,0.024958264908159,-0.010224694415846725,0.0513868794993948,0.04229275146242828,0.0010516727173248185,0.006550587359055121,0.5825606736016744,0.4220786669698706,0.0063436450170865025,0.019006041441102857,0.9903569146494521,1.153729044572532,0.009475429558068842,0.04895523291901542,1.079022959752867,1.255223939674523,0.006616053874889186,0.05399089391292766,0.7139138860462643,0.9549744928243656,0.0032037831474144435,0.05454511305265581,0.6547490141577202,0.8127069593052191,0.00869408599970048,0.09087628686989208,0.65956247672073,0.7773585170044638
334,2019-05-31,0.0,-1.0,-1.0,0.0,-1.0,-1.0,-1.0,1.0,-1.0,2898.6961,0.0,0.027661506150989723,0.01581569727161125,-0.0004384040120660737,0.03717209265227894,0.013607911502002468,0.00034974072896868606,0.00587921560037239,0.44543328811260685,0.2873712971069373,-0.007963608008288917,0.0046506671028899525,-0.039423876530376635,0.12553174898958142,-0.018747458916675133,0.020783538622814846,-0.08866451794976206,0.26098062341032546,-0.019079656372339313,0.02842844047714365,-0.0998701294378295,0.2952956420471284,-0.008971489653945598,0.04241744154589838,0.3939790538834168,0.5677088496361626,-0.022381338322894913,0.05985293903603551,0.10203961080038214,0.22861885915088148
335,2019-06-07,0.0,-1.0,-1.0,0.0,-1.0,1.0,-1.0,1.0,-1.0,2898.6961,-0.00576873167214742,0.0387631873517198,-0.0106456485728188,-0.00429834641858462,0.011546881371938156,0.019400653969900317,0.00034256987212670856,0.005872675270446337,0.4326409077014436,0.2773176265912279,-0.00713891092660187,0.0053136311412234905,0.011999083435592209,0.16568491181420014,-0.01796320837312429,0.021427286072340228,-0.06704850230927521,0.26910362864479936,-0.01869965226633425,0.028777117244101945,-0.0993970768124587,0.28500214113071115,-0.007951347216899614,0.04327780205589278,0.4014351460024868,0.569048033674979,-0.02160950746976903,0.060524788739328775,0.10483037692011149,0.22938814063583488
336,2019-06-14,0.0,-1.0,-1.0,0.0,-1.0,-1.0,-1.0,1.0,-1.0,2881.9743,0.04164017007368881,0.016853689500284652,-0.03720404446354697,0.04081472898630634,0.017416081746461032,0.026448847930392816,0.00022780865453269142,0.0057602551469534,0.4008302301107532,0.24716797011397096,-0.006124390330443038,0.006149810998415568,0.07431104153828082,0.21529302475137876,-0.01780435887535465,0.021560742186576644,-0.07210484982108,0.2587163671169233,-0.01842291691954373,0.029041696644497676,-0.1029578770973313,0.2720101970686893,-0.00753880863222986,0.04363398403889037,0.39625946045956556,0.5605777801701772,-0.020749208413138404,0.06127433521845163,0.10853098768372486,0.23082373438886827
337,2019-06-21,0.0,-1.0,-1.0,0.0,-1.0,1.0,-1.0,1.0,-1.0,3001.9802,-0.007695520443472548,-0.025909431381326176,-0.05934629415610393,-0.0007924436010604552,-0.009435238780055921,-0.012590123012803267,0.0011463623106087789,0.006496646091714885,0.5473127130891536,0.3709137717843705,-0.005681077391231866,0.006563264037927244,0.09434323569076776,0.23325315538220193,-0.018283844250318954,0.021219380396747103,-0.10385491661005528,0.23153636005619582,-0.01719999034771559,0.030101718873348324,-0.07771657788487756,0.27838750356322567,-0.007038257082075179,0.04408160795951066,0.39264004099900285,0.5535656804430421,-0.019804583876025093,0.06212109473671908,0.11321683575335491,0.23339172862619673
338,2019-06-28,0.0,-1.0,-1.0,0.0,-1.0,1.0,-1.0,1.0,-1.0,2978.8784,0.010802857881006434,-0.011526955917368076,-0.027343546483804215,0.009254590586846412,-0.013675314843331732,-0.029385321670062137,0.0009275167942620873,0.006345331584497905,0.48199652607754806,0.31658307320800055,-0.00616962680065769,0.006215965580475821,0.04350293943437426,0.19350208113443768,-0.019253808783062282,0.020512367563943767,-0.17638432458865902,0.18018472297905283,-0.01693438238874289,0.030395521560831466,-0.09344742271516601,0.259760831736417,-0.007170923476002726,0.04404738086295648,0.36806942377818885,0.5302064834614767,-0.019779138849242414,0.062258742078226834,0.09459821701382198,0.21727554968160148
339,2019-07-05,0.0,-1.0,-1.0,0.0,-1.0,1.0,-1.0,1.0,-1.0,3011.0588,-0.026738966372891637,-0.04756506249562442,-0.04145462054742999,-0.02620068395874564,-0.018639988033445243,-0.04176949317628731,0.0011139373194973944,0.006516087292617297,0.4910797422529709,0.3140837791983686,-0.006293569070238359,0.006125886897964158,0.031200640863959357,0.18377745504560639,-0.019468315008884334,0.020379410008168255,-0.21457534796271213,0.1506533681197278,-0.01642221074930574,0.03084636482783183,-0.09307161171084369,0.24925668877570328,-0.007367347767692371,0.04394316281591305,0.33925282870711765,0.5033841936053708,-0.02007534721854553,0.0621055098754224,0.07197404371108668,0.19772786380804222
340,2019-07-12,0.0,-1.0,-1.0,0.0,-1.0,1.0,-1.0,1.0,-1.0,2930.5462,-0.002165330135385668,-0.05316176213157808,0.02356390081821602,0.0005530709599459449,0.009436124910775945,-0.01998429507782551,0.0005183111402214963,0.006053862356676144,0.353812306952462,0.1961463831439661,-0.007130071663020633,0.005434921220454924,-0.02937860295045507,0.13430441846793106,-0.019941961836601452,0.020014999442233238,-0.2534489901969688,0.11872872536564784,-0.016627048643834345,0.030683527452530703,-0.10424373017400437,0.22979501055046805,-0.007642361578286606,0.04376055360820398,0.31032594271683805,0.47665154271916654,-0.020619410376211462,0.06175602465306181,0.04569894329962106,0.17557310499206655
341,2019-07-19,0.0,-1.0,-1.0,0.0,-1.0,1.0,-1.0,1.0,-1.0,2924.2006,0.006955883943119412,-0.0343262360318235,0.025785064130005253,0.016912382823531358,0.013673583132429501,-0.004167634737507364,0.00047967496782276315,0.006007611631088462,0.3279007551513845,0.16853447062525076,-0.008048190060981106,0.0046801236633598475,-0.09623017330857829,0.07967577529632708,-0.01906942926656154,0.020727657155715038,-0.23508020829418194,0.12497684376131389,-0.016261648596482922,0.030961806062724813,-0.09417032420504694,0.22384409172196046,-0.007325726865735412,0.04404421608396905,0.2944984709224639,0.4596622447924998,-0.020673600890947136,0.06177652428695107,0.026944456258289336,0.1588677965434382
342,2019-07-26,0.0,-1.0,-1.0,1.0,-1.0,-1.0,-1.0,1.0,-1.0,2944.541,-0.026049357098440917,-0.016001033777420792,0.021023887933637075,-0.00217341174736585,-0.018066618872007556,0.007857048008500955,0.000620066110761079,0.006109387184124442,0.3330790199809052,0.16757971646065933,-0.008595017114249214,0.004263269785452509,-0.18286987543969208,0.011897570036762404,-0.018202815402820222,0.0214505617477081,-0.2397881821082847,0.1203714768111787,-0.015624228030677471,0.031497059965108674,-0.09436825387273999,0.21292157444723844,-0.006980323238671954,0.0443929236596675,0.2638530399528085,0.43609591606688686,-0.020427991679342866,0.062055024156853975,-0.015632453460439257,0.12467635513113706
343,2019-08-02,0.0,-1.0,-1.0,1.0,-1.0,1.0,-1.0,1.0,-1.0,2867.8376,-0.03245804434672306,0.006415600381276976,0.022431325957927406,0.030369606702973728,0.006085002860692024,0.04780605428982465,0.00012408235470382986,0.0057055302752142475,0.18961436648278523,0.027000891092374874,-0.009512281420090208,0.003516383374987402,-0.3209779910417555,-0.09288902420681741,-0.018149355888604866,0.02149409138733679,-0.2744350437106233,0.092427775120351,-0.0164054323322759,0.030860960998927045,-0.15573292598354868,0.16513126028940514,-0.008749078983288465,0.04295270667894139,0.18312759005424123,0.37503555642365183,-0.021223465852664124,0.061407305886180714,-0.0784679689100888,0.07257837296792032
344,2019-08-09,0.0,-1.0,-1.0,1.0,-1.0,1.0,-1.0,1.0,-1.0,2774.7532,0.017684671919650397,0.08103354921799877,0.056730739151863885,0.06611254651404663,0.03504026952739436,0.08299199366631949,-0.0010055415549985527,0.004785729142955408,-0.09445355105471202,-0.2245226255359741,-0.00998613703262411,0.003130544402217498,-0.4204452055253335,-0.17027698292170385,-0.01789266243544492,0.021703105136808655,-0.2804043035500077,0.07743289802266647,-0.016651588167774126,0.030660527550007723,-0.2002285645248056,0.12806924752824336,-0.010517982907527063,0.04151236904232,0.09765215094787191,0.3111168427870146,-0.02116489045010405,0.06145500115992141,-0.12449607222922045,0.032742305769001175
345,2019-08-16,0.0,-1.0,-1.0,1.0,-1.0,-1.0,-1.0,1.0,-1.0,2823.8238,0.026064480368782172,0.06224804111361326,0.05305996783510358,0.04970604044062532,0.031230631316302437,0.0920602765654146,-0.0010280590662570055,0.004767394162460318,-0.18544762844173213,-0.31424052618023685,-0.00857098281759013,0.004282839814990835,-0.3663661712670567,-0.12655123624479026,-0.016477429267090837,0.02285546483766282,-0.223605482383632,0.10195672766840426,-0.01583075538852373,0.03132889417474445,-0.2068698676974682,0.11503474768907825,-0.011075466869920038,0.04105843532560158,0.038032497062597814,0.2661519622629933,-0.019871259600313662,0.0625083456493061,-0.14709520766733777,0.011011066296681825
346,2019-08-23,0.0,-1.0,-1.0,1.0,-1.0,-1.0,-1.0,1.0,-1.0,2897.4253,-0.0038616353629548072,0.03762699248881418,0.01405247617600347,-0.00209917404945692,0.024246043547697216,0.0672546760739614,-0.0002746097298709166,0.005380893528714163,-0.04229914951420558,-0.2063943226092027,-0.007158502235036526,0.0054329582110052566,-0.29073168185044124,-0.0718409651222987,-0.015150637734186796,0.023935810556051623,-0.1711961335148843,0.12360814552539359,-0.015408702196966217,0.0316725528031904,-0.2243719308105536,0.09331360697247923,-0.011251221386508158,0.040915326453729396,-0.011145324368997263,0.2273455577060031,-0.018349738913048225,0.06374725042007245,-0.1623990879610221,-0.006453872779526469
347,2019-08-30,0.0,-1.0,-1.0,0.0,-1.0,-1.0,-1.0,-1.0,-1.0,2886.2365,0.03927772377627403,0.015913630085407027,0.023801306649680276,-0.00032849005963309086,0.04112660206466101,0.0655729355511927,0.0005549536412520597,0.006221378041178198,0.17659669634989134,0.02742656016361039,0.005504506207336682,0.017912763637997053,0.9218716575367742,1.045468633870258,0.006068684505476762,0.045051117879214155,0.8348115554221139,0.9353363004886613,0.001277354565285417,0.048360660050160445,0.3742754144138761,0.5676811119332491,-0.0025558230974527738,0.04950869725742281,0.21882594772035457,0.41211110343684515,-0.0001402039319350623,0.08166743747698399,0.25486900834944215,0.37834839533072523
348,2019-09-06,0.0,-1.0,-1.0,0.0,-1.0,-1.0,-1.0,-1.0,-1.0,2999.6013,0.0,-0.0224810877365601,-0.013802534356815999,-0.042545654317458714,0.001811640767058087,0.02530142922661094,0.0010938311877811404,0.00671373160158813,0.30911515530565575,0.1548171938148856,0.006055677365240193,0.018416349440999912,0.953427913524862,1.060170571388888,0.0062471422811154614,0.04521416850506503,0.8113453345399655,0.9062683325210666,0.00031015647721056167,0.04747696499670616,0.3167344735255271,0.5136618145186304,-0.002143675591728164,0.049885262013487724,0.20736968600907923,0.3949767248367516,0.0005785346886780784,0.08232412380793676,0.2502789152869412,0.3688127086479806
349,2019-09-13,0.0,-1.0,-1.0,0.0,-1.0,1.0,-1.0,-1.0,-1.0,2999.6013,0.0022821032915274486,-0.00864964953842362,-0.011807035821727263,-0.029199780650848384,0.0280652298690498,0.02530142922661094,0.0010938311877811387,0.00671373160158812,0.2901151591903089,0.13852944154835958,0.006079994337960814,0.018438567008190243,0.9456495519524107,1.0439573894810579,0.00580889401976057,0.044813756401774846,0.759480833713878,0.8559701066998624,-0.0011479774062511244,0.04614471908350955,0.24026062288503847,0.44564652711136254,-0.002238285943293304,0.04979881984542032,0.17912486221610324,0.3652075434599196,0.0007441403462253859,0.08247543190314788,0.2326148572942985,0.34795143251093197
350,2019-09-20,0.0,-1.0,-1.0,0.0,-1.0,1.0,-1.0,-1.0,-1.0,3006.4467,-0.024706807541274522,-0.02271964442276664,-0.0382855947521038,-0.01289572171693587,0.028553308462112348,-0.04340110203849612,0.0013499346474828639,0.006947724372356943,0.36182970271064224,0.21624432465553342,0.006022921187371695,0.018386421267330637,0.9220135253425641,1.0132191661446255,0.005052479294356538,0.04412264673205868,0.6933159345244524,0.7954264134021061,-0.002349688867485794,0.04504675736598162,0.1731633821361083,0.3843975583197229,-0.0021843767808403663,0.04984807476101921,0.15407540382676094,0.3380638498371805,0.0008258429281290669,0.08255008069368305,0.21357356484095508,0.32593217874106073
351,2019-09-27,0.0,-1.0,-1.0,0.0,-1.0,-1.0,-1.0,-1.0,-1.0,2932.167,0.0,0.00776412121137704,-0.01598769783576448,0.024818027076902505,0.048881424557332576,-0.005169998843858381,0.0011211346052992233,0.006738677778902378,0.26289850618696053,0.12136881237718007,0.005393118106807981,0.017810992227709384,0.8322235003451263,0.9334286482091974,0.0036770532943384976,0.042865968118241685,0.598140006023474,0.713246257385759,-0.002990671957712493,0.04446111354268933,0.11761112127067228,0.33446583879281033,-0.0021455840728982697,0.04988351830101499,0.11052088173227215,0.3035941813426909,-0.0006463873420045757,0.08120495540517848,0.13424986258860735,0.2564369809291776
352,2019-10-04,0.0,-1.0,-1.0,0.0,-1.0,1.0,-1.0,-1.0,-1.0,2932.167,0.014149535139028613,0.008878143707367281,-0.020526013695672862,0.02485141535253632,0.048881424557332576,0.03666305500334732,0.0011211346052992233,0.006738677778902379,0.2227122960305332,0.077183673578307,0.005008264947948586,0.017459365361420558,0.7737339059929186,0.8805098342670534,0.0021360212633474845,0.041457981068027436,0.49535978707796124,0.62565193134411,-0.0031465584884046577,0.044318685473639874,0.07642623375962017,0.2967567029552525,-0.0020020265572102056,0.05001468178041377,0.07042858153641744,0.27059708835525664,-0.001721150143396591,0.0802229822365619,0.05728977216443117,0.18903634544881345
353,2019-10-11,0.0,-1.0,-1.0,0.0,-1.0,-1.0,-1.0,-1.0,-1.0,2973.6558,-0.011943043307164225,-0.003184934853589949,-0.020729433446870282,0.03703522109048407,0.03424730595921699,-0.031393007892843494,0.0013157950264643722,0.00691653219508445,0.2628259705739337,0.12089590860912694,0.005066085723969112,0.017512194181479455,0.7489377563925698,0.8529774552496375,0.0017974224262790606,0.04114861515724659,0.4485047203486356,0.5864051448504303,-0.002728234123449934,0.044700893809871876,0.053089314971198696,0.2744006782811219,-0.0012417648505908888,0.05070930630227092,0.041721951740330436,0.2515754217823605,-0.0011476426341201773,0.08074697598232615,0.010640535655986428,0.1529279259106367
354,2019-10-18,0.0,-1.0,-1.0,0.0,-1.0,-1.0,-1.0,-1.0,-1.0,2938.1413,0.005714973612739538,-0.015927824846272642,0.010052307559204277,0.05246493761208848,-0.02116225655995496,0.032799647859005354,0.00112060791638534,0.006738196561669178,0.16231104251829412,0.029711281496011935,0.004944620115805574,0.017401215305050382,0.7189790394566964,0.8251318468155022,0.0014657982080475973,0.0408456217116743,0.40266236783411136,0.5437679477283491,-0.002142865050031209,0.045235725051789445,0.03722182262833205,0.2573072980264795,-0.000719320199222967,0.05118664570131444,-0.005687108298179736,0.22414497570893996,-0.0015928932126088174,0.08034016610686305,-0.0741879301244525,0.08114304869975618
355,2019-10-25,0.0,-1.0,-1.0,1.0,-1.0,1.0,-1.0,-1.0,-1.0,2954.9327,0.00110543972795063,-0.023568827811205284,0.016922517389313274,0.04080052313881799,-0.012834471661571034,-0.02284525803244175,0.0011412573804375804,0.006757063254505358,0.17928930161125295,0.05147582431066936,0.004224749610641863,0.016743494810785336,0.6118111869989511,0.726500002641249,0.0014611787974237109,0.04084140111780783,0.3743106615117633,0.5142236266605716,-0.0014744525790536325,0.04584643014059475,0.035264338924259696,0.24609027860890365,-0.0015345513829459617,0.0504417974914595,-0.08670190709116711,0.15269392206836416,-0.0016902304387788336,0.08025123248887522,-0.10400866531626775,0.039255784224077835
356,2019-11-01,0.0,-1.0,-1.0,1.0,-1.0,-1.0,-1.0,-1.0,-1.0,2958.1992,0.0020234269551557826,-0.029145400350321315,0.01583270660069136,0.0396512513423708,0.027540403634751742,-0.07186162446396449,0.0010577203390525914,0.006680738382524832,0.17472931154345506,0.058767146168583854,0.003130082184689017,0.015743335483115933,0.4649118571297131,0.5944332573886594,0.0016823945565648396,0.0410435182171998,0.35766228149227786,0.4940465257587102,-0.0009632979319070673,0.04631345425778741,0.02811565475432225,0.22991386858873875,-0.0021873117208074527,0.04984539320905701,-0.1603201393050081,0.08213857220096969,-0.0026581035572947193,0.07936692068372446,-0.15458302868859045,-0.022521549856440202
357,2019-11-08,0.0,-1.0,-1.0,1.0,-1.0,-1.0,-1.0,-1.0,-1.0,2964.1849,-0.024573973101340685,-0.017600555215027236,0.04034866380973745,0.03755184097996045,-0.02829820096580349,-0.06476707981340846,0.0007543600779070488,0.006403568725663215,0.07914649195448474,-0.021322445983923712,0.0021427276056692895,0.014841224149105877,0.3289948691299457,0.47176812734110285,0.002017590909675508,0.04134977539743204,0.346010839534183,0.4789316246345515,-0.0003693210677424702,0.04685615013694628,0.02533213808266409,0.21648295925805652,-0.002385349220376566,0.049664453274491975,-0.20856628081508105,0.027051467963654808,-0.004394890165203391,0.07778007952549858,-0.22294750417557607,-0.10010152823121901
358,2019-11-15,0.0,-1.0,-1.0,1.0,-1.0,1.0,-1.0,-1.0,-1.0,2891.3431,-0.0020940786999648076,0.026400637129505578,0.06949974217864363,-0.0053191542712450746,0.04951615738720183,-0.04404724572466001,0.00040728389929669054,0.0060864573645145635,-0.06016314394546324,-0.14016268948228702,0.0017139409122973407,0.014449456749447337,0.2509160972063519,0.3997559583666995,0.0028037551141062017,0.04206806612528184,0.361055086618376,0.4850999599715058,0.00044085116964929366,0.0475963761645371,0.03490388176416762,0.21244409127891126,-0.00290450264897682,0.049190120950540595,-0.2689868389652205,-0.04176749518451343,-0.005470268930923838,0.07679754357182599,-0.2931546526573322,-0.17978283700455633
359,2019-11-22,0.0,-1.0,-1.0,1.0,-1.0,-1.0,-1.0,-1.0,-1.0,2885.2884,-0.0046120519529347925,0.04146871418468967,0.06592308068753194,0.0109934590940719,0.0007410351076169164,-0.03072732694589564,5.794039192419647e-05,0.005767274424403593,-0.19883011339369577,-0.2566424522308984,0.0024247598125893,0.015098907109032018,0.3043528720401187,0.44104218325634814,0.004196158362606034,0.04334025625704911,0.4143526391386462,0.5223841618105786,0.00034482749668895973,0.04750864269415935,0.002312550656116979,0.1705855723952664,-0.0022673330078573223,0.04977228055880588,-0.2652198838858799,-0.059751834248760405,-0.00655099959225619,0.07581011777838104,-0.3600396514808622,-0.26056277100527836
360,2019-11-29,0.0,-1.0,-1.0,1.0,-1.0,1.0,-1.0,-1.0,-1.0,2871.9813,0.013938913878025705,0.04632836571742294,0.0708619516429303,0.05838753198010016,-0.04399858035287352,-0.011659825222399611,7.170867467633148e-05,0.005779854022639608,-0.21445797841585731,-0.2609722458070732,0.0037202391644959275,0.0162825412675845,0.42996342072510607,0.5478146449257965,0.00579303768972439,0.044799269027790536,0.48307648945715165,0.5739450198179695,0.0007768272051960137,0.04790334571333224,-0.0014341953604506104,0.15087371903042524,-0.00214589541211007,0.049883233841270316,-0.28203803868394234,-0.10081855907280388,-0.0069317177770093635,0.07546226889326164,-0.39514005630812327,-0.313849498076035
361,2019-12-06,0.0,-1.0,-1.0,1.0,-1.0,-1.0,-1.0,-1.0,-1.0,2912.0136,0.019114883254665926,0.058987430553208986,0.056140500167993546,-0.010889303538966999,-0.04801155461636586,-0.035537024964443886,0.0003266462932942438,0.006012781605199746,-0.10057375042961982,-0.15026964800691855,0.005038536874812233,0.01748702376186388,0.5655405341246975,0.6616897296923364,0.007383998649472728,0.046252874393333504,0.5544869488814077,0.6350650668415463,0.0015928463844225443,0.04864891388710897,0.010772375673113012,0.14535719629988492,-0.002909798999838127,0.04918528186006351,-0.34518274046002567,-0.19347844277933707,-0.0067825502102070445,0.07559855808008312,-0.3773861020394503,-0.309075910319044
362,2019-12-13,0.0,-1.0,-1.0,1.0,-1.0,-1.0,-1.0,-1.0,-1.0,2967.6764,0.012555681610030067,0.04199052834736294,-0.030903908525875545,0.022520952756169832,-0.06863585261519745,-0.05362683748133712,0.0011084880045434961,0.006727123022261904,0.19779419906583073,0.131240123872084,0.006264648104003156,0.018607278693692195,0.6902195433804807,0.7704693362513224,0.008632637522292215,0.047393712044964516,0.6075327708264547,0.6856955529491635,0.001498893403853556,0.048563072335921297,-0.013796943837261403,0.1022211592253176,-0.0035693752241004323,0.048582650140725825,-0.3855498081224196,-0.2633764682087913,-0.006949496619420695,0.07544602498698354,-0.3651112861266604,-0.3052025888931071
363,2019-12-20,0.0,-1.0,-1.0,1.0,-1.0,-1.0,-1.0,-1.0,-1.0,3004.9376,3.257971147219152e-05,0.023480653974311982,-0.02926180563616365,-0.03910600339920545,-0.06932137292967422,-0.03647104019730729,0.0013537911861661788,0.006951247956822142,0.286683028655899,0.22004615277292824,0.006930966831292939,0.019216070802144318,0.7452708780665264,0.8213554058075746,0.007830201126364907,0.046660553985063795,0.5238687002527301,0.6178815122099764,0.0014072298156536794,0.048479322522441706,-0.02821405083817783,0.06711346992338008,-0.0053511299028327144,0.04695472322949845,-0.47067610149743144,-0.37296184953696265,-0.0076449384073231375,0.07481062415698601,-0.3681116650402215,-0.31306680719299373
364,2019-12-27,0.0,-1.0,-1.0,1.0,-1.0,1.0,-1.0,-1.0,-1.0,3005.0355,0.02620611303926368,0.02344731035623382,0.011525221582240786,-0.08632753256991477,-0.055420643117194524,-0.04544931332757962,0.0013851181678674355,0.006979870323957048,0.29342832762269766,0.23236885115378586,0.007215172692936296,0.019475739754340908,0.7510815549926186,0.8258542974092749,0.006964339514061106,0.04586944652403498,0.43457387025597777,0.5368252795107443,0.0002290251863451137,0.047402838174804784,-0.08747384877013463,-0.011555271788211372,-0.007014943130778953,0.04543455529540497,-0.5357085270854774,-0.4511451118684378,-0.008055738209410676,0.07443529075058183,-0.356445272594228,-0.3040344769626607
365,2020-01-03,0.0,-1.0,-1.0,1.0,-1.0,1.0,-1.0,-1.0,-1.0,3083.7858,0.002757941229251326,-0.0026883514412706644,-0.06598447920734307,-0.10103895672650154,-0.08925927994090899,-0.08756133451292236,0.0015305010419848627,0.007112701569488413,0.34627888673651136,0.2859537348343671,0.007467846498808757,0.019706598970400162,0.7543483527246088,0.8243776789880938,0.006423490688828276,0.0453752918752431,0.3720627324318409,0.47026336155270587,-0.0018282923012123767,0.045523139166343915,-0.17961305755344534,-0.11823591383974583,-0.00816052690135114,0.04438787548508075,-0.5683125671671091,-0.48598848361406305,-0.008663117989276034,0.07388034909627861,-0.3504945862451682,-0.2989707999156494
366,2020-01-10,0.0,-1.0,-1.0,1.0,-1.0,-1.0,-1.0,-1.0,-1.0,3092.2907,-0.005431313427291973,-0.06995690929057863,-0.01868498327146273,-0.10616831722838993,-0.09176414106215813,-0.07759280199626772,0.0017650470072598347,0.007326998011837372,0.4378424087990345,0.3756354729866192,0.007494313533361755,0.019730780973861974,0.7312697458996048,0.7952410163395289,0.005153468084509116,0.0442149166562992,0.26886967224326075,0.3554466387579858,-0.0036339744759105383,0.043873350539210224,-0.24966502239261923,-0.19612591773764432,-0.009476112666054776,0.04318587080062411,-0.6161317441337668,-0.5303836129054447,-0.009745560074630316,0.07289135963458285,-0.36398602719316736,-0.311503692796069
367,2020-01-17,0.0,-1.0,-1.0,1.0,-1.0,-1.0,-1.0,-1.0,-1.0,3075.4955,0.0,-0.051532444121605736,-0.06115079667650303,-0.09067296635615307,-0.058576284699489944,-0.047048093551104175,0.0016360266955268016,0.007209116667075254,0.40405775718663284,0.3526775597321196,0.006067503851806419,0.01842715488799904,0.5243240395913329,0.5899355852340631,0.00440548872574327,0.0435315140859499,0.21486837096010078,0.2880250499635274,-0.006019109496929936,0.041694136119865444,-0.3491091172041923,-0.296653064244771,-0.010780998268197318,0.04199364248033008,-0.6813041968487595,-0.5874873260879696,-0.01085365910903796,0.07187892831620361,-0.38053914052883137,-0.3252567069542998
368,2020-01-24,0.0,-1.0,-1.0,1.0,-1.0,1.0,-1.0,-1.0,-1.0,3075.4955,0.0,-0.01164895217697448,-0.10725988706535261,-0.07706107845061072,-0.06731819311717413,-0.05064377431213929,0.0016360266955268007,0.0072091166670752525,0.4124987094837722,0.36627629433781467,0.004936802734244584,0.017394072837026972,0.3805675799426325,0.44045763075246486,0.0029664653894948684,0.042216728811116315,0.1528872998129703,0.21803092513234137,-0.007933367015730733,0.039945145999579934,-0.43696495483111647,-0.3741282661926199,-0.011456535924461414,0.04137642735901928,-0.7660773056045669,-0.6550740490404229,-0.011712476635977867,0.07109425678951847,-0.3985683628006571,-0.3339931265848435
369,2020-01-31,,,-1.0,1.0,-1.0,,,-1.0,-1.0,3075.4955,-0.06487796844443439,-0.06346674869138968,-0.09861571899552446,-0.08680428893490488,-0.08510176652835288,-0.03507122673403351,0.0015557486005451388,0.007135769380401813,0.39545319569961207,0.3574371545371771,0.004151160047469769,0.01667625860161286,0.3004878435759746,0.3553849753316177,0.0006978307489786673,0.04014395671340714,0.04528802215446588,0.11541712076449857,-0.009303543816613878,0.03869326339535732,-0.58250622017217,-0.49447720645975124,-0.012294315804599311,0.040610977194167314,-1.055367677277702,-0.9117633400746976,-0.012458146646684015,0.0704129641896935,-0.44400277155312384,-0.36081824945192253
370,2020-02-07,0.0,-1.0,-1.0,1.0,-1.0,-1.0,-1.0,-1.0,-1.0,2875.9636,0.014271425410252059,0.05512854891487495,-0.03893519375558163,-0.02344754989249509,-0.00821025690311239,0.03187470801090808,0.0013100228786576407,0.006911258385585127,0.30010891503062737,0.2726459299866545,0.003841377159544088,0.01639322081537232,0.26770261566323766,0.3202794043962748,0.0003164554176004336,0.039795507416408075,0.03496344929106589,0.10194801345947097,-0.00951148749977404,0.03850327252743525,-0.5717930907489891,-0.48385895863493233,-0.012334735570833692,0.04057404706793591,-1.02305921350116,-0.8815797823468166,-0.012728519380952708,0.07016593408199552,-0.43377064370152996,-0.3516223395775749
371,2020-02-14,0.0,-1.0,-1.0,1.0,-1.0,-1.0,-1.0,-1.0,-1.0,2917.0077,0.04205045464912538,-0.010140939977635322,-0.04126711766993285,-0.007426548788335485,0.004727995747148661,0.08083794225157526,0.0014981256262536439,0.00708312128486216,0.4079508372589887,0.3833366452362075,0.004589996970909078,0.017077208544853784,0.4199920719346702,0.4618975159571279,-0.0006855528306911329,0.03888000753747623,-0.052397551623336945,0.011421049122880235,-0.009424054380315634,0.03858315710963835,-0.5348614840397327,-0.4460066717726936,-0.012031333622220232,0.04085125481317844,-0.9992825362643772,-0.841199656888256,-0.01223230419540175,0.07061930853581927,-0.371890883758405,-0.29458634093289526
372,2020-02-21,0.0,-1.0,-1.0,1.0,-1.0,-1.0,-1.0,-1.0,-1.0,3039.6692,-0.05242853399968639,-0.09673782923483909,-0.06618308992307453,-0.05632537251092973,-0.039454424843334834,0.11305605228358417,0.0018867735590046581,0.007438215303286986,0.5464866746989595,0.5184100597616967,0.004273431471468071,0.016787973723776824,0.3839840603948524,0.42345933076681724,-0.0015074023991141841,0.038129112341080046,-0.09856604797803023,-0.0362690951617903,-0.00898179100236473,0.03898723768448431,-0.4629270087310666,-0.37596950840012777,-0.011756898227959799,0.041101996831169246,-0.9335799697229541,-0.7747305717344319,-0.011098588295086989,0.07165514508831367,-0.2587809152942922,-0.1873875987422709
373,2020-02-28,0.0,-1.0,-1.0,1.0,-1.0,1.0,-1.0,-1.0,-1.0,2880.3038,0.05353862325217218,-0.0375309368407597,-0.02491907277280958,-0.02310117425807645,0.030319822513166894,0.11589919785544844,0.0012647174886878543,0.006869864435881605,0.31377750652125486,0.3045209380811554,0.0027545124341539096,0.015400190542211867,0.18574054497341927,0.23550688161342168,-0.0021275706130659613,0.03756248634198445,-0.12446755796516401,-0.06353309677685338,-0.009075702116020865,0.03890143438563011,-0.44192678541258257,-0.35437514062145115,-0.011748153351997748,0.04110998671837646,-0.9040286243276932,-0.7426390416290465,-0.009266951948403615,0.07332864713432467,-0.08755404729081599,-0.026347281036154663
374,2020-03-06,0.0,-1.0,-1.0,1.0,-1.0,-1.0,-1.0,-1.0,-1.0,3034.5113,-0.04847067137301486,-0.08914908308299929,-0.07447064046194196,-0.06002946833646661,-0.02203886998212856,0.053470586845400625,0.002090424906313568,0.007624284414118658,0.6240503522834747,0.6034784510005137,0.0021742438737190114,0.014870019460554718,0.12198461745629441,0.17348565523026008,-0.002204377036451273,0.03749231100018427,-0.1031062721384684,-0.04527649788384272,-0.008918289667622634,0.039045256632299845,-0.3949563918232192,-0.3082907730768154,-0.011014546349594687,0.04178025776956654,-0.7789209711128126,-0.6176746950939632,-0.007626593438877088,0.07482738531281456,0.07732499984123994,0.12614211533049674
375,2020-03-13,0.0,-1.0,-1.0,1.0,-1.0,1.0,-1.0,-1.0,-1.0,2887.4265,-0.0491123496996374,-0.03144506015997295,0.0027421996715759622,0.015021265476367951,0.0919109456119489,0.14635177726601878,0.00125140394404385,0.006857700315944945,0.30952119940856604,0.31182291314636024,0.0004987726148721564,0.01333919999151002,-0.09741237570739796,-0.030738036156995673,-0.0028067868579699368,0.03694191022293717,-0.12702757275627025,-0.06980358251465793,-0.009316567224500354,0.038681364363224745,-0.40617275501268957,-0.3168398365126396,-0.011249272909556123,0.04156579632417111,-0.7864669569911901,-0.6192903278740219,-0.007015934091624695,0.07538532339309625,0.16782221043600964,0.2070794471610333
376,2020-03-20,0.0,-1.0,-1.0,1.0,-1.0,1.0,-1.0,-1.0,-1.0,2745.6182,0.00968273738861436,0.03382709948528162,0.04474056152454131,0.06341835875068136,0.23226244639549676,0.22159563190541198,0.00036992977510214454,0.006052328208156794,-0.013207496917889111,0.010554833986654409,-1.0836514342985049e-05,0.012873587959977836,-0.14681907548809112,-0.07711926464222499,-0.0020553901450295273,0.037628435110231874,-0.028934463188104186,0.020666684294867732,-0.008727320191760445,0.039219738760894754,-0.30839585192243985,-0.22352490117291005,-0.009786058964008956,0.042902683712357614,-0.547166520674741,-0.3911828335618736,-0.0049429456632268665,0.07727934039191953,0.3871440164759314,0.4038439091404889
377,2020-03-27,0.0,-1.0,-1.0,0.0,-1.0,-1.0,-1.0,1.0,-1.0,2772.2033,-0.0029636715315937145,0.013103656575259137,0.014992443014550938,0.07049656134526638,0.1594130560338054,0.21206796052800314,-0.0003296662024971451,0.005321725497783402,-0.512388514514597,-0.5082859882544134,-0.006605593047298963,0.006197203587732205,-1.133144462595212,-1.0904135364825744,-0.015068593734737887,0.024486967663203178,-1.19209341138785,-1.188848443409885,-0.015802089901491997,0.03200544846354458,-1.0969266902503365,-1.0532641097847182,-0.010843685174529077,0.041526895307691915,-0.7078830736837827,-0.624153175983246,-0.016798182306447182,0.06511422668368959,-0.6630002619662227,-0.6857184275336083
378,2020-04-03,0.0,-1.0,-1.0,0.0,-1.0,-1.0,-1.0,1.0,-1.0,2763.9874,0.011810401161741924,0.016115087934192474,0.031969682640376806,0.07367859202252514,0.15657849959808057,0.2231179129108909,-0.0004003134026322351,0.005285379770773626,-0.5254461914894368,-0.5016254738945894,-0.006208059842241568,0.006496571767164613,-1.035834646258034,-1.006682426438709,-0.01446141829692342,0.02494339416858332,-1.0963253877394725,-1.1040186015987743,-0.014151456758764967,0.03333507393212734,-0.8828331311163172,-0.8691698650737847,-0.007626543217680581,0.044158312728033625,-0.18164686358396165,-0.1860735143268994,-0.012474690651250314,0.06865172152355781,-0.25004538575844965,-0.3415000901962839
379,2020-04-10,0.0,-1.0,-1.0,0.0,-1.0,1.0,-1.0,1.0,-1.0,2796.6312,0.014969188643822573,0.035297181837919966,0.04797489922875786,0.1273608761856051,0.18356918137793787,0.21710957097239003,-0.00015928853686785708,0.005467274168109323,-0.7862288511207352,-0.7759260091382196,-0.005731061958338645,0.006820795380368651,-0.9707490856069791,-0.97391478645407,-0.013537920690567366,0.025633445440263036,-0.9812671507486177,-1.0118878781536047,-0.012493166273861052,0.034660636014289536,-0.6936225527831716,-0.7256890683154015,-0.004565790716678383,0.04664558909678755,0.2744711971829018,0.16855647005033786,-0.008105724657020613,0.0722254589075165,0.1074015238201804,-0.0666662871406488
380,2020-04-17,0.0,-1.0,-1.0,0.0,-1.0,1.0,-1.0,1.0,-1.0,2838.4945,-0.010556722938867669,0.01055637063943582,0.028623025339665098,0.19194248923152757,0.1816246957674219,0.18209374723114657,0.0001419654372868187,0.005686184013742513,-0.5021414979036039,-0.5571367466440733,-0.00492522202412304,0.007417241800033517,-0.8164470697978411,-0.8491246158990076,-0.012383903480305464,0.026541111242571178,-0.840587590500153,-0.8910763129047172,-0.009935018739945845,0.03674054305609655,-0.3600515751414646,-0.4459314461717103,-0.0011393471833776175,0.0494472071495872,0.9042784627590468,0.6837921225840969,-0.004031538658180969,0.07558609874740269,0.5465508533016857,0.3009925263232439
381,2020-04-24,0.0,-1.0,-1.0,1.0,-1.0,-1.0,-1.0,1.0,-1.0,2808.5293,0.0,0.001864356551309676,0.05665057508924698,0.14441700857455886,0.19639086549675655,0.16087309468339894,-4.271388265263392e-05,0.005527926489547946,-1.1750601742854316,-1.2687278017389254,-0.004616261245109159,0.0076350981630466525,-0.8908283551556339,-0.9533121788837661,-0.011629595814058084,0.027135279621834464,-0.7885020132529579,-0.8556089373429719,-0.00633511976878947,0.03969599391990576,0.05002403680489673,-0.11793184024723675,0.002122620746003813,0.05212206459619436,1.6687546047642061,1.3863845922546671,-0.0007576915281404389,0.07832300957379323,0.8940514315409432,0.5725047636050571
382,2020-05-01,0.0,-1.0,-1.0,1.0,-1.0,1.0,-1.0,1.0,-1.0,2808.5293,0.0309112317254443,0.015603148594533156,0.05665057508924698,0.1382357307078832,0.20371986149476862,0.18855434408321825,-2.3278758842130466e-05,0.005523183528641381,-1.1144732023768762,-1.2381317753518175,-0.004483112868486605,0.007722689067709707,-0.8350024020227401,-0.9028514325058418,-0.010424951160609538,0.028114968805266646,-0.6438493585238105,-0.7292427918500892,-0.0037120470693097762,0.04186948934342313,0.42769392220335084,0.2012440329108633,0.005503039427287484,0.05492291266050347,2.352626347574651,2.0288637333148754,0.002022151019033913,0.08066267250861728,1.258070048753087,0.8955940770676606
383,2020-05-08,0.0,-1.0,-1.0,1.0,-1.0,-1.0,-1.0,1.0,-1.0,2895.3444,-0.009285838327212415,0.012245486236456049,0.08892489611943932,0.14321684839979665,0.1756137197357246,0.11192917153482673,0.0005209554770224866,0.00595691238538433,-0.33905022907247256,-0.5805142486755827,-0.004131843421728138,0.008004961970395161,-0.7445940318797852,-0.8213477329991469,-0.009291531262079319,0.029069704825366412,-0.5064608835806692,-0.6064849430488469,-0.0013112402223191266,0.043889258279365004,0.7919131138101617,0.5145602432045224,0.008852302947869352,0.057744322943920685,2.873599745904995,2.565972687430198,0.005164919376709709,0.08332053759530283,1.6571261243071784,1.2655886814213693
384,2020-05-15,0.0,-1.0,-1.0,1.0,-1.0,1.0,-1.0,1.0,-1.0,2868.4587,-0.019067138739002898,0.017877928659039144,0.17949134146501744,0.16928132868010248,0.16974548038638293,0.12235114279316606,0.00035311417755242314,0.00582123390210142,-0.550737511858132,-0.7519685772168834,-0.0038746254583402664,0.008239056358375779,-0.671580427961854,-0.7498173770658674,-0.007663546711482651,0.030445785854268527,-0.31986791579986823,-0.441960758268973,0.0010808807808339108,0.04591533794888611,1.163357006320036,0.842487496948093,0.011586805475945122,0.06009041792288253,3.1244100647332607,2.880357295654891,0.006886855475860806,0.0848319167934284,1.8793821278811575,1.503114931701404
385,2020-05-22,0.0,-1.0,-1.0,1.0,-1.0,1.0,-1.0,1.0,-1.0,2813.7654,0.01371322570104816,0.054684267565447975,0.14228737761861732,0.19416451705604176,0.15871284080755266,0.16288166739131826,2.277285241486949e-05,0.005558300827910996,-0.9764340449688361,-1.095169064375681,-0.0035176976590699308,0.00853808031548554,-0.582853344589559,-0.6684762838885742,-0.00457341222757026,0.033011911346101416,0.01570965399029761,-0.15460933526133702,0.003848511148680983,0.04822486683484968,1.5775940993142745,1.2186616424064356,0.014131587353382595,0.062281937913524425,3.240646583059419,3.0728239964893738,0.00872535799449474,0.08643850865682642,2.097353167163756,1.75598848883868
386,2020-05-29,0.0,-1.0,-1.0,1.0,-1.0,-1.0,-1.0,-1.0,-1.0,2852.3512,0.02750295966359273,0.040416797202252,0.12074852493619992,0.1852265948176366,0.17029407178190392,0.16968702872212926,0.0014539808518588566,0.006942183943504151,0.969237953337374,0.8673565755313736,0.0035209066585379523,0.015454020072002844,0.6029826217672374,0.5124755315699869,0.0004112288696787869,0.03768090453964503,0.49442542093030845,0.2996543021346989,-0.008847780680313638,0.03508189336595803,-0.2509505475916213,-0.7379927947305404,-0.010339420133732916,0.0375600510752508,-0.851249125205211,-1.6958066442120048,-0.007248536446111342,0.07023775347660276,0.170178056562469,-0.37514912863435707
387,2020-06-05,0.0,-1.0,-1.0,1.0,-1.0,-1.0,-1.0,-1.0,-1.0,2930.7993,-0.003773202757350269,0.07575179235234564,0.12938695597477445,0.16139191107354223,0.09847777703509064,0.11846525963070875,0.0018705512034878679,0.007375042375868272,1.47339547417685,1.424392230771992,0.004103344521980549,0.016082114342152547,0.6749912204261046,0.5951470293241767,0.002364346299528343,0.03962389309516055,0.6667932466805522,0.4758778860239648,-0.005682072115328611,0.038184240689141696,0.17760680456965283,-0.309496401229444,-0.007395238819243803,0.04045204562162407,-0.3617587867880971,-1.1234399347252988,-0.004380900775971475,0.07310266611880639,0.4905100325053424,-0.027178579708648443
388,2020-06-12,0.0,-1.0,-1.0,1.0,-1.0,-1.0,-1.0,-1.0,-1.0,2919.7408,0.016403271139684872,0.15877484741111259,0.14874416249552014,0.14920016187738305,0.10263825473822874,0.10438998557680179,0.0017418091437456868,0.0071931884987333885,1.247536172185421,1.1223937372065258,0.005771182877588328,0.0184805784297157,0.9341328501568538,0.9887430817207462,0.005034682593746523,0.04310656226327809,0.9137508963989108,0.8170014404758472,-0.0020965795716871433,0.04296155334817281,0.6843428900426742,0.3956657220633644,-0.004865753346831522,0.04417066868139335,0.052351014474512,-0.4227952579616386,-0.001237372475659096,0.07797748164541585,0.8504223965282304,0.610287822282397
389,2020-06-19,0.0,-1.0,-1.0,1.0,-1.0,-1.0,-1.0,-1.0,-1.0,2967.6341,0.0,0.08306098113645488,0.13224834557602638,0.09863480137258152,0.1025874786922012,0.116094130337699,0.001968585618920612,0.007438523672864462,1.4976782124510064,1.413064637299884,0.00821570445419317,0.020851350103435157,1.3148840715275283,1.3608795191675964,0.007332634884604748,0.04532864662100553,1.1205139269438542,1.023106108247158,0.0002838052663024504,0.045395511562429346,1.0151509735773478,0.7508984072042992,-0.0031808567738070004,0.045915893422242574,0.32183856180450665,-0.09941339047961081,0.0004039985820917663,0.07972655534890011,1.0222491094252597,0.8241349203983488
390,2020-06-26,0.0,-1.0,-1.0,1.0,-1.0,1.0,-1.0,-1.0,-1.0,2967.6341,0.06239937059626044,0.0772111022716715,0.13918440956046418,0.12483196631282811,0.12424850489485872,0.11540186170525524,0.0019263710925178307,0.007436483174300767,1.389954122283303,1.3558376247522226,0.009380232226687919,0.02202380749943111,1.4589393750743258,1.5068998443406516,0.009285853210859223,0.04726150400399377,1.291156747628825,1.1985110300964859,0.0017949108214381088,0.04698379236993827,1.2115016629251065,0.9750811949925758,-0.0015536443903433408,0.04761862881532846,0.5747976999840362,0.21069927966697571,0.00217015041072878,0.08162308442200467,1.2076409473740672,1.0603095804887446
391,2020-07-03,0.0,-1.0,-1.0,1.0,1.0,-1.0,-1.0,-1.0,-1.0,3152.8126,0.07311236957122036,0.0498583074680683,0.07960955243581536,0.021125676800454185,0.0397056900876378,0.07133760503240816,-0.004030701049010976,0.0014339810349798653,-4.63290858789803,-4.83720919954163,-0.03380719158962574,-0.021164420433712507,-4.642412441159545,-4.674773217745761,-0.031771479567362676,0.006213486754955365,-2.991947827384124,-3.131528432672197,-0.048070169412962986,-0.0028671113729897,-4.892988232538151,-5.099295236454002,-0.05931111124978114,-0.010132391475241299,-5.540759117227902,-5.880176680216116,-0.07197015652892869,0.007532562588055965,-5.446321380452768,-5.751156943696446
392,2020-07-10,0.0,-1.0,-1.0,1.0,-1.0,-1.0,-1.0,-1.0,-1.0,3383.3222,-0.05000809559314212,-0.00865628464235546,-0.008262766106048147,-0.04844478010400555,-0.04693307069601593,0.0073847238078597055,0.0033018935586550053,0.007924537691523943,2.299342847095717,1.4981623927871919,0.010875331641088884,0.022665734674141937,1.3365885579744758,1.2590687682273538,0.011852940222443181,0.04880125486621104,1.4542540006754818,1.2597670956858351,0.004030485329447317,0.048613013535748886,1.1882641451019051,0.927736881495118,0.0008831416110810508,0.049155311412915674,0.6946269111002812,0.37845094330818324,0.004665406655809903,0.0827285227908605,1.0500351280042586,0.793926636588404
393,2020-07-17,0.0,-1.0,-1.0,1.0,-1.0,-1.0,-1.0,-1.0,-1.0,3214.1287,-0.005401246067091248,0.04541513847905354,0.014379449086777463,0.018028991807328643,0.030499805437162353,0.07169989801590693,0.002473803211166025,0.007178714275735465,1.472202863089885,0.7532675926614006,0.010572408952776799,0.022391286903951785,1.2465171230479801,1.1757562269653865,0.011488810391166206,0.04865068540314616,1.3728406566502964,1.205274313481953,0.003181039992763028,0.0479657997385807,1.0479929701991741,0.8181009162841175,0.00010760980378449192,0.048569373111504166,0.5976072616743028,0.3071503001215693,0.004679493785680611,0.08283787613081546,1.0118365828049412,0.7718628313916682
394,2020-07-24,0.0,-1.0,-1.0,1.0,-1.0,-1.0,-1.0,-1.0,-1.0,3196.7684,0.035422678727680124,0.05753125562677619,0.04420755034990953,0.0436659096104679,0.03545336596795701,0.0470545817457404,0.0023481476057422134,0.0070836726158021454,1.3069996949241793,0.6417761392064676,0.011085419882842498,0.022922860102320676,1.2663813150192698,1.201876902002986,0.011486560848992605,0.04881067505084488,1.3307632135470435,1.1846280597994943,0.0033572021937565075,0.04830211906570815,1.0290073068795145,0.8249395297490215,0.0005157734484306994,0.04913473583256282,0.622513341297164,0.35681614908052656,0.005683020846266318,0.08381705868203682,1.0565842671094172,0.8251012768483247
395,2020-07-31,0.0,-1.0,-1.0,1.0,-1.0,-1.0,-1.0,-1.0,-1.0,3310.0065,0.0133016959332255,0.028338343142226385,-0.02736810335568829,-0.009670464393347955,0.020459234747726374,0.02564632425948421,0.00283890438534038,0.007552318868193068,1.6546416376888897,1.0496517751015535,0.011748546183143459,0.023649684297649222,1.3076762110125784,1.254661969690452,0.011934355025371948,0.04937386736331817,1.3390373963759539,1.209321458741841,0.003918796350907201,0.04896962000614158,1.0557779497844961,0.8707344346387073,0.0010051136932801782,0.04970648724209516,0.6514392611546314,0.4031071212177446,0.006300054743793915,0.08439491052730412,1.068668080957552,0.8426238080603812
396,2020-08-07,0.0,-1.0,-1.0,1.0,-1.0,-1.0,-1.0,-1.0,-1.0,3354.0352,0.0018078522252837903,0.0003969546890860709,-0.040135923439324594,-0.03861101398101008,0.016181076453819054,0.012679473369868077,0.00300913476118713,0.007651938822949348,1.7306428755387213,1.1065858499338947,0.011952034296126207,0.02398652785880349,1.2912323681695124,1.2567744822040583,0.011316281687098195,0.04894207935158386,1.237787091930458,1.1288779665471753,0.0036666301798993425,0.04892389430270134,0.9889892286240792,0.8321676958728045,0.001270110344892439,0.05003046343041751,0.6543797449904608,0.4201332452977242,0.006576177277205927,0.08468317369302553,1.052649192417885,0.8348910005791441
397,2020-08-14,0.0,-1.0,-1.0,1.0,-1.0,1.0,-1.0,-1.0,-1.0,3360.0988,0.006125921059225936,-0.029687430619599664,-0.026196432081104337,-0.014267378090191851,0.025142891631638964,0.010852002328026744,0.003156855413632831,0.008073974093864822,1.7857156802798357,1.4623294198254533,0.012647683645657987,0.026122051972461972,1.3370543148397116,1.4924052790687268,0.011352277398265054,0.050329257332050084,1.2070979279715215,1.2493570600795845,0.00395897954831826,0.050760810771018516,0.9871536013606027,1.018568194976048,0.00219243891777602,0.05210290887260553,0.7214953401379961,0.6155628116127904,0.00750789728853235,0.08700164612926269,1.0914887754559957,1.004476396336145
398,2020-08-21,0.0,-1.0,-1.0,1.0,1.0,-1.0,-1.0,-1.0,-1.0,3380.6825,0.006840068536456689,-0.01259887611451238,-0.013111050801132507,-0.02087681999122948,-0.0099067274137693,0.056031792396949553,0.0032337633291587616,0.00823288217546075,1.7612894343478387,1.5461892677215567,-0.034072325336848355,-0.020412818142091574,-4.1294963532774425,-4.056970831600968,-0.02748012477151731,0.011737734867421237,-2.978204816206764,-2.9813608430047487,-0.050451111753327046,-0.0034060432671517184,-4.4117430709496634,-4.426635226977511,-0.05505034693599277,-0.005159662576677392,-4.114064531640102,-4.260534476251365,-0.06418948174226716,0.015454735073711614,-4.151118347835092,-4.308791702437506
399,2020-08-28,0.0,-1.0,-1.0,0.0,-1.0,1.0,-1.0,-1.0,-1.0,3403.8066,-0.014231125822483537,-0.05417132101453703,-0.03696138317611819,-0.007661980560235038,-0.0026178338099467346,0.047761585514288774,0.0030843725890301573,0.00805043096782941,1.5588765686665416,1.315841490475716,0.012167594709190443,0.025583927975266523,1.0847124790867777,1.2076234022495447,0.010769166844436434,0.049830918714171335,1.0769056896648095,1.122943672951759,0.0035825125980739336,0.050310714435477216,0.808335628767005,0.8249425979502951,0.0030107739818177257,0.05238088926989895,0.7157306695884961,0.5850851263954395,0.007644641391714779,0.08597672932182268,0.9505433063236062,0.7901802286626083
400,2020-09-04,0.0,-1.0,-1.0,0.0,1.0,1.0,-1.0,-1.0,-1.0,3355.3666,-0.028318962226064892,-0.04051679479672954,-0.038992490418185644,0.015777858669750122,0.012277645012023441,0.07491968239774471,0.0035904688062153873,0.008569097462534368,1.8681559987986744,1.7190601126795948,-0.031644600596198336,-0.01818343013233309,-3.314912181147149,-3.2726456961574883,-0.025951728896890368,0.01315756893641284,-2.560231761796315,-2.568992378742077,-0.046947178089867564,-0.00021556343719399823,-3.4729228426079377,-3.501043521380154,-0.049467707832933513,-0.00011431297376819291,-3.1859875578105585,-3.3170042904122545,-0.04975133819002464,0.028569808519240375,-2.7986884187202166,-2.980252934859832
401,2020-09-11,0.0,-1.0,-1.0,0.0,-1.0,1.0,-1.0,-1.0,-1.0,3260.3461,0.023845198520488387,0.003597808220421772,0.015891840439884453,0.056507896508287914,0.04177976687812368,0.06831271686156248,0.002872894463883134,0.008161510292345606,1.2500677530288402,1.2975975005705043,0.01166763537258416,0.025201967813940376,0.9640781825193736,1.0806761551371513,0.01009081501665409,0.049321876745736286,0.9870909780730994,1.0447940683618857,0.003997789217218259,0.05009304383547064,0.8049838989455848,0.7689125457272435,0.003784590795068342,0.052508761575511737,0.7523195462608431,0.5934925188341259,0.007499007132573093,0.08463119092315234,0.9142670779648276,0.6942102925280014
402,2020-09-18,0.0,-1.0,-1.0,0.0,-1.0,1.0,-1.0,-1.0,-1.0,3338.0897,-0.03555081219057721,-0.0005187098477311691,-0.008383567403835723,0.0027264995305547046,0.06950637066463505,0.04740531687929184,0.00323053009639068,0.008497484908932866,1.4691848821640667,1.5364932584285813,0.01155804523231634,0.02509901524990175,0.9360733556431737,1.047510358313769,0.00997716441169845,0.049215109648293676,0.960016097223936,1.0165815364447977,0.005114641818312941,0.05114225171726458,0.8803007359247739,0.8428167809553443,0.004234550132904198,0.05293146810212184,0.772532857858551,0.6190691334054209,0.008031255676994156,0.08513120262329303,0.9336910327340641,0.7221773578036503
403,2020-09-25,0.0,-1.0,-1.0,0.0,-1.0,1.0,-1.0,-1.0,-1.0,3219.4179,0.0,0.018195618530915114,0.049173112940696484,0.05450615777467105,0.1077710041930251,0.08601399650539299,0.00272032812308762,0.008018184479161115,1.0433302797001205,1.0803439563640842,0.01143509375598204,0.024983510609520646,0.906179351563105,1.012971904948503,0.009719040868859032,0.04897261994521357,0.9168183005716029,0.9731297691401596,0.00553628193541153,0.051538354241184706,0.8948704375888693,0.8589867989873265,0.004925760902627481,0.05358081411865408,0.8087346147918306,0.6600451223954572,0.009715496553397096,0.08671343361834953,1.0198457066631574,0.8149840411628826
404,2020-10-02,0.0,-1.0,-1.0,0.0,-1.0,1.0,-1.0,-1.0,-1.0,3219.4179,0.016356466179802354,0.0015886722876206072,0.05867184872147235,0.055023828997161406,0.12031109723282585,0.1480858076859175,0.00272032812308762,0.008018184479161115,1.0098527507871013,1.0472867101263064,0.011404460881123648,0.024954733084436374,0.8849678014328375,0.9870221224524197,0.010425083977967507,0.04963589994674359,0.9610622163287313,1.0127899707632102,0.006572007397992706,0.052511348634222514,0.9563954723774639,0.9199300862266145,0.005906611031964694,0.054502256827880464,0.8635638106216378,0.7191392610157911,0.0119562208830368,0.0888184433799609,1.1320293529884928,0.9343861530009678
405,2020-10-09,0.0,-1.0,-1.0,0.0,-1.0,-1.0,-1.0,-1.0,-1.0,3272.0762,0.019645630502125977,0.01224995921549743,0.05272041036208153,0.03804507975700577,0.06448291149209795,0.0724323596131411,0.0029191543346826516,0.00820496832880095,1.121584834749889,1.1703484318040813,0.011261338535797798,0.024820279269645234,0.854042647856073,0.9522282863895706,0.011128561855337928,0.050296770085633276,1.0013285714539677,1.0485551732275535,0.007278475174526913,0.05317502758222942,0.989027349617296,0.9534191527120058,0.007574723402651105,0.05606933617687142,0.9643822053328973,0.8228913500353137,0.013941103253502785,0.09068310683285127,1.2212422342813243,1.033074676165581
406,2020-10-16,0.0,-1.0,-1.0,0.0,1.0,-1.0,-1.0,-1.0,-1.0,3336.3582,-0.01749242632280923,-0.007868939252386076,0.0032468935739573546,0.07006142206193577,0.04794889829275517,0.049643500509028105,0.0003287312372523077,0.004059930540565899,-0.7823027311331276,-2.188532673340949,-0.033621536281526684,-0.0015511172217296965,-3.045397406736782,-1.5175862102720887,-0.026901088816532186,0.011125693165784137,-2.4067522209344623,-2.490834731631509,-0.04018526829974093,0.0219835207308402,-2.603874271181991,-1.5406364921546407,-0.043112076032588986,0.03114687350608693,-2.4641676116772007,-0.9675912980615389,-0.03477152976782609,0.03977348541313522,-1.7107838633097792,-2.0822699242604448
407,2020-10-23,0.0,-1.0,-1.0,0.0,-1.0,1.0,-1.0,-1.0,-1.0,3277.9972,-0.016310172565126013,0.030423912503647177,0.03566165340226668,0.08797463280322515,0.06660643273276756,0.05341081438385609,0.0029898851065933924,0.00760552111687787,1.137718342850203,0.6550545749572524,0.011468849457443479,0.04226485330203893,0.8358478484872515,2.408733923289475,0.012474908430251674,0.048941015073081406,1.079099072544218,0.8901683538321847,0.00792122239079951,0.06473722125542072,1.0008601955796093,1.8082666828181055,0.00981985846996919,0.07947622723464359,1.0854747941250376,2.366646099237708,0.01556273357927676,0.08592369165673959,1.2813916626317878,0.7353540462400386
408,2020-10-30,0.0,-1.0,-1.0,1.0,-1.0,1.0,-1.0,-1.0,-1.0,3224.5325,0.027174947065970123,0.05699263381590991,0.05335040040688077,0.11853411308461004,0.14626476861374482,0.055862640553320464,0.0029444172289519064,0.007566486790583967,1.0666773555261895,0.6078188028892787,0.01218088100024305,0.04287613478283159,0.8754040910757251,2.286912501466764,0.013505345538333213,0.04982564880547927,1.1352752029063629,0.9458198975820197,0.008900233887873595,0.06557770592733779,1.0493022809734396,1.7874637593968066,0.012014426401025596,0.08136027120455216,1.1973397767666714,2.321022919555652,0.0169677574781944,0.08712990941234992,1.3193002169921306,0.7956685454654417
409,2020-11-06,0.0,-1.0,-1.0,1.0,-1.0,-1.0,-1.0,-1.0,-1.0,3312.159,-0.0006202600780941259,0.03998068933284893,0.025482955377444272,0.051600844041605365,0.05945409021728709,0.03205392615511515,0.003077096556855735,0.00768039244104538,1.1186977223597019,0.6768987852738206,0.013245373662259186,0.043790005323133346,0.9395559709475413,2.2017891992898795,0.014561905530093934,0.05073270912161413,1.1893754373484302,1.0003547780249151,0.009822057523249349,0.06636909462712293,1.091232882717966,1.763862435060356,0.014503462505340223,0.08349711709428564,1.3173810921256397,2.2889913536643354,0.018728307568399563,0.0886413476021791,1.3696418398526788,0.8685708250785651
410,2020-11-13,0.0,-1.0,-1.0,1.0,-1.0,1.0,-1.0,-1.0,-1.0,3310.1046,0.02042899188140468,0.011203996393346571,0.07854845432981183,0.05626054838267036,0.05796859108319419,0.05265326056463593,0.003279331030844425,0.00785401141899272,1.2127757834245778,0.7861161311360066,0.014433744004833226,0.044810225269966836,1.0088913045010424,2.132801386367855,0.015107001404244487,0.05120067576788743,1.1986799464021898,1.0159265891057139,0.010449188741677502,0.06690748889311962,1.1109240029499456,1.7250709669959767,0.016126176565107744,0.08489022258713735,1.3727234725481277,2.2157265120522025,0.020315258159827446,0.09000375003685032,1.4035532339616834,0.9275265803657848
411,2020-11-20,0.0,-1.0,-1.0,1.0,-1.0,-1.0,-1.0,-1.0,-1.0,3377.7267,0.009053544799820568,0.005083093312434173,0.05585149917546617,0.03511420861847703,0.022308199180235633,0.02159751409135624,0.00354950638933921,0.0076976615146463305,1.3466379892485791,0.6345780631828863,0.014400761011447927,0.044563557878575466,0.9774012204213521,1.9878552473228728,0.015897682214780377,0.053842986411502695,1.2285748389178135,1.2109364123298387,0.011259039154129069,0.06513014005893975,1.1408849095678781,1.5388558789110258,0.016694164587835944,0.08591561078084752,1.360342684417627,2.1316605108967766,0.0209048239317587,0.08847304458312508,1.380099519524294,0.8160450536982676
412,2020-11-27,0.0,-1.0,-1.0,1.0,-1.0,1.0,-1.0,-1.0,-1.0,3408.3071,0.010642908322433753,-0.003445845592963126,0.058223186519782866,0.08445861583306269,-0.0010690644631171642,0.005372373868540281,0.0038347923790599276,0.007939429961148534,1.4805774761934865,0.7957478817589158,0.014717067684471376,0.044831615111354486,0.9767198276984154,1.895503180931572,0.0161259915828849,0.05403646945391415,1.2145572396979114,1.1970859729826746,0.012723613067320276,0.06637130777322717,1.2128844575318238,1.5626508352031316,0.017374543263036182,0.08649220444917807,1.3543177422031623,2.035026504564392,0.02204996954131902,0.08944350960775964,1.385364188122033,0.8514795042054801
413,2020-12-04,0.0,-1.0,-1.0,1.0,1.0,-1.0,-1.0,-1.0,-1.0,3444.5814,-0.028273508066901876,-0.01394038764768335,0.011173433149235468,0.018724771607952162,-0.007622029196348801,0.008588735920132429,-0.0004248859525214808,0.0036381602619672965,-1.4481839086205472,-2.457580486567721,-0.0299220613405461,0.00019313816670991912,-2.4663316976398764,-1.1982316378417606,-0.02707155927183142,0.01087021031057493,-2.182991738491563,-2.273659970285442,-0.022930109235299697,0.030513511793245445,-1.2532219249924075,-0.8395207636334383,-0.033216698532969983,0.035794357527654815,-1.6637135457716579,-0.6534909879043721,-0.02053466503081887,0.04668447204977709,-0.8897438573380859,-1.5940578420954377
414,2020-12-11,0.0,-1.0,-1.0,1.0,-1.0,-1.0,-1.0,-1.0,-1.0,3347.191,0.0142522491247139,0.06659829092513703,0.044557331804489175,0.04624644963493263,0.0409900122221889,0.02977583292976127,0.0041892420818741265,0.009584742438650899,1.6322568996946194,1.910177746080649,0.014524520390974047,0.043895053947460565,0.9331166820399415,1.7377969489136482,0.015505597545229038,0.05166034866303523,1.1403703550703266,0.9886712594436439,0.014548699778041421,0.06591303303375479,1.3174915898049735,1.4916089167838615,0.018950141613223018,0.0866018957930365,1.3916920513291022,1.9307975661361045,0.0245391306140606,0.09016228599322858,1.4580764179730157,0.8796826558091928
415,2020-12-18,0.0,-1.0,-1.0,1.0,-1.0,-1.0,-1.0,-1.0,-1.0,3394.896,0.0004909134182609076,0.05051165043052874,0.029879236359523054,0.017137991856009727,0.016430900976053486,0.007062985140045441,0.00425895339724113,0.009644589837992223,1.6000475387335382,1.849358163850144,0.01476865232785357,0.04410464203859729,0.9331918521160644,1.671159792840133,0.016763017917116374,0.052739848292902756,1.2103601200758243,1.0572241082466536,0.015039585639187905,0.06633446020104289,1.3122972401471016,1.4659615816371907,0.019981359472688073,0.08748719980313018,1.3955089445291573,1.8676467067670983,0.025754337524470525,0.09120554522405448,1.4569192304894933,0.9134501874720727
416,2020-12-25,0.0,-1.0,-1.0,1.0,-1.0,-1.0,-1.0,-1.0,-1.0,3396.5626,0.0,0.061882268856166434,0.08820841400067225,0.002384999469758009,0.008848710752453082,0.02762015927514483,0.004221425375029378,0.00961237190436161,1.5058754960662004,1.736485624874518,0.014661419434856587,0.044012582238320525,0.9078408347026105,1.5924913628700559,0.017937523077733913,0.0537481649342668,1.266340081424809,1.1139826243667872,0.015409476409778994,0.06665201267503788,1.2965005340819786,1.4330657038430188,0.020830812995789316,0.08821645851746218,1.3863866340181838,1.802291935320592,0.026448659627731602,0.09180162309127893,1.4294893392480594,0.9203781172765286
417,2021-01-01,0.0,-1.0,-1.0,1.0,-1.0,1.0,-1.0,-1.0,-1.0,3396.5626,0.05109448004874095,0.025468866671263468,0.033126961946763345,0.006407684050928397,0.02284762836404064,0.026495698916310317,0.004134203306726763,0.009610269753192357,1.3913222073414524,1.6551810220979783,0.015254999692600024,0.04475398328042698,0.9342366760087975,1.5689361338937842,0.018939775148613877,0.0546280226362555,1.3034162098971722,1.1557372808956128,0.015263071266619369,0.06641498386149797,1.245483694289371,1.3665038215066547,0.02073566046543243,0.08792411775590203,1.3266376103679502,1.6986489866858203,0.026499123230672633,0.09175287059575166,1.3729869979378047,0.8912899078874847
418,2021-01-08,0.0,-1.0,-1.0,1.0,-1.0,-1.0,-1.0,-1.0,-1.0,3570.1082,-0.0010448983030821868,-0.02066472383105933,-0.01908107434951134,-0.024009300334370764,-0.034523267390047185,0.008592512686310227,0.004786518705487254,0.010205422026653265,1.7103346323474693,1.93528326340154,0.015367652571606136,0.04493948941232401,0.9245149941281421,1.5144413840054152,0.01916829467596281,0.05474750079729354,1.2798516786087644,1.135758208560116,0.015198423881250936,0.06619080797132924,1.1999371543020214,1.3032237226418237,0.02086460503760469,0.0877598182180205,1.2814898999489666,1.610206400983089,0.026572954464988474,0.09161111422426456,1.3208310755659138,0.8572461333352426
419,2021-01-15,0.0,-1.0,-1.0,1.0,-1.0,1.0,-1.0,-1.0,-1.0,3566.3778,0.011320113085046657,-0.019640347693954396,-0.03176895616611353,-0.032442048063444084,-0.041359527305267596,0.007140830676996668,0.004685768629496627,0.01017335725422197,1.5738702567540126,1.8157454628767755,0.014940041077871731,0.04435979689322258,0.8739119280273014,1.4198039043280835,0.018657561681921363,0.05424334962829051,1.204797547820761,1.0697205132554728,0.014723551898191259,0.06557877768441787,1.129297569659945,1.2197103831949825,0.02020029007552064,0.08688244204495875,1.1977645090314195,1.4998666378541965,0.026427333677586498,0.09118920137677489,1.2615435498503382,0.8085679554937892
420,2021-01-22,0.0,-1.0,-1.0,1.0,-1.0,-1.0,-1.0,-1.0,-1.0,3606.7496,-0.0342913741502876,0.02479196226985092,-0.05603000552076032,-0.049942973584858774,-0.032265450310162924,-0.004713801035702736,0.005117646783284618,0.01229080738421712,1.7357959628642883,2.8052081759564977,0.013904905220472517,0.04060453509886165,0.7803961874916461,1.15537852861444,0.017853697024264564,0.05299273962247481,1.11190956156292,0.9507473295487149,0.013412134894670226,0.06105833625147895,1.0103050565157872,0.9164564501883057,0.01873763043161586,0.08247342486601614,1.0780609647670356,1.2530285270741184,0.0252523275917459,0.08551565275048544,1.1590692381639018,0.481426512977309
421,2021-01-29,0.0,-1.0,-1.0,0.0,-1.0,1.0,-1.0,-1.0,-1.0,3483.0692,0.0038080495213819177,0.007467896417332032,-0.018587773105397942,-0.0025561364098076744,0.0010013295170823167,0.012066254669875542,0.004597334438092964,0.011729152138516157,1.3782665477356602,2.305819985209598,0.014107584462581792,0.04052823320569526,0.776527760115246,1.1107937042027076,0.0169247095577161,0.05175717910632274,1.0127475498524348,0.8352552167287349,0.01265447936587693,0.05984588539555414,0.9294877749765003,0.8157126398900291,0.018133011018770392,0.08147646755708737,1.0077250748682203,1.163033415554399,0.024968507908659135,0.08464944169474561,1.1022705233537986,0.4187488800651313
422,2021-02-05,0.0,-1.0,-1.0,0.0,-1.0,-1.0,-1.0,-1.0,-1.0,3496.3329,0.0,0.0016170656976055575,-0.0034151496271993542,-0.014150969434289173,0.029874586599004882,0.03181301757621546,0.003536594544052865,0.005268311416915469,0.754355714516574,-1.1072504397668217,0.013831620270321376,0.039303280598903985,0.7384381413418368,1.0050276555349729,0.01598382216046882,0.04849301424384888,0.9172508064489552,0.5773396708045694,0.011365524685659115,0.0530048222031765,0.819873281310206,0.3927706443553018,0.017085418470150056,0.07625435701329912,0.9180196790918652,0.9035944716260857,0.02302443719031988,0.07362004317254224,0.9735927807260316,-0.18888812907512956
423,2021-02-12,0.0,-1.0,-1.0,0.0,-1.0,-1.0,-1.0,-1.0,-1.0,3496.3329,0.05715562725734724,-0.012371590817338962,-0.013058167315818214,-0.022154297721478367,0.027317707647346756,0.006414320558548736,0.0034885970491730246,0.005226145463402335,0.7035185006611231,-1.0974487419031576,0.0136310910410514,0.039456301044365066,0.7078245867377586,0.9802994995805182,0.01571079301938047,0.04834552485944557,0.869851649873957,0.551259445838313,0.01103106240492946,0.052598867502695414,0.7716596780316669,0.3529292012969067,0.01727714735712428,0.07625081247001696,0.8946149028015267,0.8708517115747861,0.023200102795355643,0.07324029826917137,0.9457297150407928,-0.2126306615567217
424,2021-02-19,0.0,-1.0,-1.0,0.0,-1.0,-1.0,-1.0,-1.0,-1.0,3696.168,-0.05061663863763777,-0.07886670735745782,-0.07292693405711004,-0.055677068791245454,-0.028791954261819352,-0.04655629830678698,0.004172557533968867,0.006159516735782451,1.0499592404981153,-0.5967817669871052,0.01325504189267978,0.03939352378011901,0.6653777686885091,0.9444222642887149,0.01531809513010008,0.04807237224445884,0.8153392309335775,0.5156719506014416,0.010586500205272568,0.052210353374685034,0.7185829787473437,0.31501903316115887,0.01743217871966963,0.07618936542268784,0.8701184888348176,0.8367918057665876,0.02305442888039809,0.07235312785623464,0.9047402959672324,-0.2620796882005722
425,2021-02-26,0.0,-1.0,-1.0,0.0,-1.0,1.0,-1.0,-1.0,-1.0,3509.0804,-0.0020215267794946312,-0.02586253082146528,-0.009949729279499997,-0.006418633212279756,0.004564272736526709,0.008612911804471768,0.003456453283281977,0.0053388320587094175,0.6300355790870704,-0.9975597813626048,0.012056994438450104,0.037669598429822704,0.5649611881175419,0.8190651363649528,0.014178604142797112,0.04595425212363054,0.7120743817823197,0.3468541904417396,0.009669452552144402,0.05414061942626674,0.6385178475970322,0.4128053145062227,0.016809088797181924,0.0765826144322745,0.8071302817647585,0.8224645894405844,0.022173537752856853,0.06965133691372097,0.8329563791396997,-0.40592012399947663
426,2021-03-05,0.0,-1.0,-1.0,0.0,-1.0,1.0,-1.0,-1.0,-1.0,3501.9867,-0.013966072458242107,-0.005024091039523282,-0.015742578348455716,0.02821190040499011,0.030147201872582796,0.013823496245716882,0.0033603571861308434,0.006735012188598902,0.5617428285909747,-0.2714859140272623,0.011562492475642047,0.03741581884996402,0.5154777188934014,0.7774645713772241,0.01387419687016124,0.04519739911643581,0.6678680626772491,0.2799329887971049,0.009407876949353779,0.05704135747969115,0.599986752585007,0.5646396473820562,0.016662249320952796,0.0757543947046922,0.7703698309885593,0.7582593699665934,0.022028391440200454,0.0677188550811628,0.7971508348974352,-0.5031099177859392
427,2021-03-12,0.0,-1.0,-1.0,0.0,-1.0,1.0,-1.0,-1.0,-1.0,3453.0777,-0.014020622820042461,-0.0006951769431656762,-0.00990525061164993,0.04018646901574208,0.019021234303531642,-0.01613641650751152,0.0031395989689064043,0.006486078471920453,0.4208823072566414,-0.3951850758539414,0.011364297980845373,0.036404106524658995,0.48568395564116823,0.695127901893003,0.013520465670699418,0.04338135278799281,0.62090326184389,0.13661907109888294,0.009622655564655774,0.05877187278279848,0.5905265188154686,0.6438333400197439,0.016881435893812635,0.07315921662401235,0.7528553551327568,0.6225606961138608,0.021962583946708136,0.06532075997685494,0.7661647623732554,-0.6212441127648999
428,2021-03-19,0.0,-1.0,-1.0,0.0,-1.0,-1.0,-1.0,-1.0,-1.0,3404.6634,0.004013113308058536,0.006448332014260316,0.025175117164298877,0.05436211403453273,0.035076800837345656,0.015732627195980564,0.0029575038488744883,0.004227256393875954,0.2963052387893017,-1.50619297595719,0.011219380241731601,0.035827471718613675,0.45952360094988004,0.638237869138678,0.01321254335708319,0.04383665284365073,0.5787552433473089,0.1615723063622576,0.00996366241869541,0.061800302802899366,0.5890694078557623,0.7952356936897235,0.01699856634350619,0.06780982283630523,0.7311980416861272,0.3753934043471,0.021575258772156297,0.05929425022127473,0.72274518444775,-0.9226265324363092
429,2021-03-26,0.0,-1.0,-1.0,0.0,-1.0,1.0,-1.0,-1.0,-1.0,3418.3267,0.019326912199468804,0.016335273044557175,0.01996011674366871,0.031234609611772823,0.035390736643165166,0.028660864978177658,0.0029518863944134766,0.005373518355711483,0.26408086661894953,-0.9305419564366418,0.011156759222355934,0.035962548128341085,0.4328231975552301,0.6178924502267511,0.013271001704057907,0.04945060138520282,0.5540587699545642,0.5490498617107652,0.010422201901000183,0.06804500162930513,0.5901238071760841,1.12067438914462,0.01725460066720165,0.06616527062753343,0.7164148182800855,0.28623858533058216,0.02155280824576735,0.05618383938894075,0.692084348686827,-1.0727453173973882
430,2021-04-02,0.0,-1.0,-1.0,0.0,-1.0,-1.0,-1.0,-1.0,-1.0,3484.3924,-0.009676062891194492,-0.01077260988171136,0.03340381525341396,0.03534888894832844,0.018942757423073164,-0.016375480557241584,0.0031522530218529173,0.005580312664817277,0.34881216376316443,-0.8315092033174977,0.01123122870532375,0.035840102082527046,0.41619759729844025,0.5836920494716619,0.013352330779799915,0.049543866555518755,0.5311601237892788,0.5279514495227777,0.010734160539048673,0.06733863021323507,0.5829263368596477,1.038056340992334,0.017558528590842677,0.06500700271796477,0.705855732021117,0.22013788482826532,0.021752503469921254,0.054366849263832555,0.6730923819521539,-1.1420631318956995
431,2021-04-09,0.0,-1.0,-1.0,0.0,1.0,-1.0,-1.0,-1.0,-1.0,3450.6772,-0.006972370524835014,-0.00921648075340109,0.04091008570723442,0.019730127176196044,-0.015451981425559036,0.020714629580535604,0.003925698967096349,0.0063543762253199,0.7722783174802248,-0.45219145880117073,-0.021524543310278265,0.0029362149615703055,-1.8564811811557096,-1.2636755770067176,-0.01816687356229236,0.01778333548993489,-1.6828225851122396,-1.8441690859233109,-0.0035607143046984258,0.05181465175080742,-0.3217535333208227,0.10427050140445196,-0.01851533944632521,0.027572581172794666,-1.1332991914870254,-1.3565540246521417,0.0068543086824729045,0.03761072322875308,-0.028985754508246586,-1.9198524485324269
432,2021-04-16,0.0,-1.0,-1.0,0.0,-1.0,1.0,-1.0,-1.0,-1.0,3426.6178,0.013876131735497399,0.018606802311013526,0.04760679758331965,0.028445045724095674,0.009224810540586104,0.04526813582769562,0.0030100661882408748,0.005723906144888179,0.19491989804259094,-0.7728038288377631,0.010969916975872122,0.034893222988290375,0.38718385575473313,0.5060262896893385,0.013640437034278655,0.0461679448605961,0.5244939136806809,0.2525990084055852,0.011196620414064051,0.06369930102418045,0.5805528735004679,0.7797392504293422,0.017756047844617116,0.06177916909271349,0.7002772460307626,0.08540818202430969,0.021507095867637414,0.049531861015195716,0.6282070576436183,-1.2658309922267594
433,2021-04-23,0.0,-1.0,-1.0,0.0,-1.0,-1.0,-1.0,-1.0,-1.0,3474.166,-0.00786076428126925,0.0035665825985287114,0.014659863691026676,0.01874919045319068,0.012127486136241039,0.06589906757477904,0.0031374585971297546,0.005899514567807586,0.2422712542992938,-0.6892608624468088,0.011028893651810694,0.03554692139044349,0.3716006019954444,0.5168670183870866,0.014053186346862097,0.046464700701291564,0.5259067619241764,0.2503304845067452,0.011462121011486262,0.06287988308412144,0.5753875652306675,0.7039996459234831,0.017734493808570256,0.060279642948646184,0.6807767605343251,0.014994998605736417,0.021895335164010585,0.04801273803179791,0.6245865333859764,-1.291135334376944
434,2021-04-30,0.0,-1.0,-1.0,1.0,-1.0,-1.0,-1.0,-1.0,-1.0,3446.8564,-0.008118208811948247,0.04465750299316218,0.046623758390398784,0.030038965359856507,-0.005663885504484711,0.04848182825370961,0.003003919070321404,0.0058308842179965285,0.12526539625319535,-0.7290240155647664,0.010919809989364624,0.03582505359161927,0.3445343420908516,0.5064513262549729,0.014096367030789168,0.045839111967042497,0.5015129665584708,0.17844499930154403,0.011612060591847911,0.06184529658147635,0.5652849321308289,0.619207300227481,0.017782312255275635,0.05820795131767258,0.6682514072640463,-0.0759038705158833,0.022531807557622234,0.04649165119695228,0.633788912746009,-1.3119415812211406
435,2021-05-07,0.0,-1.0,-1.0,1.0,-1.0,-1.0,-1.0,-1.0,-1.0,3418.8741,0.02091393187014412,0.0505928545306773,0.029215875483686427,-0.006293504636511793,0.030209535940501686,0.05680033669563911,0.002856225387989294,0.006016211910380353,-3.172869810206813e-05,-0.6352473892566506,0.011311078582488806,0.036272503749661726,0.35254768705572465,0.5057413431948958,0.01452705293558429,0.045319420132863275,0.5056927271746773,0.11511525282379702,0.011886655199226652,0.06100626494907524,0.5651197961258122,0.5493334624366663,0.017615128384929547,0.05603354503343446,0.6488687256565262,-0.16706012843497933,0.022931569685658314,0.04507770772888693,0.6340853813385556,-1.3240738611711076
436,2021-05-14,0.0,-1.0,-1.0,1.0,-1.0,1.0,-1.0,-1.0,-1.0,3490.3762,-0.0010942373489711832,0.02847025486822874,0.009658529072023692,-0.009210611738643015,0.026174313244514913,0.03515125389635654,0.003057439895477054,0.006357548604744757,0.102126214205566,-0.46771636211409506,0.011779532396848647,0.03646128337617695,0.3658036854380551,0.4902265543662954,0.014785628870542043,0.04388768979019826,0.49813753331585736,-0.01836125916419677,0.011781181070838483,0.05891351994815753,0.5440844177431174,0.41028780749313243,0.017889532664568206,0.053856748275940655,0.654536498169132,-0.25446465889426473,0.023433503793219675,0.043474662067992415,0.6399660540040051,-1.3423336072494703
437,2021-05-21,0.0,-1.0,-1.0,1.0,-1.0,1.0,-1.0,-1.0,-1.0,3486.5569,0.0327622646858281,0.011053856599902323,0.015128650273856126,0.008530478880181214,0.0621109611032018,0.030290542512012353,0.003019512699686518,0.006137278505711462,0.03822207073695845,-0.5887804103396703,0.012000953236057904,0.036089821635946845,0.36174493311551553,0.4422955058267681,0.014806539056980768,0.042380479628223625,0.4750462749755946,-0.15409565410907222,0.011644765724650008,0.05679059009818735,0.5247707036296061,0.2747038171637199,0.01813025586766813,0.0512873157077276,0.6612829455569362,-0.35437950752455655,0.023688421652369923,0.041400354897319164,0.6358837346308605,-1.3787216498432289
438,2021-05-28,0.0,-1.0,-1.0,1.0,1.0,-1.0,-1.0,-1.0,-1.0,3600.7844,-0.0024827090452846923,0.0018822010004264644,-0.013993617612873432,-0.048170226465100274,0.0036608412322605144,-0.007892224816348326,0.0027576263031032365,0.005580712847564698,-0.16831160897797898,-0.8556023316652577,-0.020165074921316507,0.0029364585646891716,-1.834048250732282,-1.4895144170155281,-0.011745704387301912,0.01439466114533772,-1.4817490424448978,-2.250333977667969,-0.001025541679802025,0.041622214636327405,-0.2747559083468257,-0.6350085814425411,-0.018153715146076475,0.01208220811882875,-1.1376307168315274,-1.9400671850650975,0.008421262296122337,0.022898843123812383,-0.07466182933303026,-2.095880355066221
439,2021-06-04,0.0,-1.0,-1.0,1.0,-1.0,1.0,-1.0,-1.0,-1.0,3591.8447,-0.000583711205554116,-0.02034753896792918,-0.05414691230943258,-0.019401729701732373,0.005908551669842499,-0.002572800544522469,0.0033697323709969986,0.0064345836165020254,0.2538910665156452,-0.40945514013096007,0.012096798020216532,0.03315601604002513,0.3765215749192692,0.2595584222527543,0.014936455719961543,0.04015171827372524,0.47510468060252425,-0.2834050794294059,0.011833645446028808,0.054668839274459265,0.5090020726276329,0.1244630558531613,0.018898803869723854,0.04581791619156446,0.6763777681707641,-0.5549765053908978,0.024102190827375566,0.03592414173865049,0.620064243015627,-1.4557466242972148
440,2021-06-11,0.0,-1.0,-1.0,1.0,1.0,1.0,-1.0,-1.0,-1.0,3589.7481,-0.01800998237174356,-0.018290977018693866,-0.03663777968153248,-0.0022323850523104927,0.006496054695314335,-0.011814756584173636,0.0022455217329089877,0.005115169687495642,-0.5718967584666348,-1.0502728267524926,-0.018019784848393644,0.0015790394566825832,-1.6193449289640576,-1.5438346224752484,-0.011980483310447588,0.011573874902306762,-1.4610645540437484,-2.2904678356776276,-0.005628449351803351,0.03499100634408638,-0.5787313172726043,-1.0393054074853323,-0.016023251441030638,0.008653551542112899,-1.0366468318725655,-1.98799299318403,0.006830865696162841,0.015258643295810802,-0.18046310303802796,-2.1892568394806737
441,2021-06-18,0.0,-1.0,-1.0,1.0,-1.0,1.0,-1.0,-1.0,-1.0,3525.0968,0.023393683827349188,0.0040302439354289454,-0.002495789619167299,0.05049889693809262,0.019026371133978648,-0.0095115402221011,0.003364418610607322,0.006466986602484882,0.22598129010264614,-0.35858371894525065,0.011857148416503711,0.030515890321828047,0.3759692005828485,0.11052845769930528,0.014312376301906116,0.03760737233652877,0.43313719375394555,-0.39698017054447404,0.011716206803815583,0.049867503507280316,0.49016970493173107,-0.1586622999074822,0.01898526051126016,0.040460098038475716,0.6627683605840842,-0.7148741691921869,0.024128018250991375,0.030321625707194454,0.5939924015769653,-1.497051082552622
442,2021-06-25,0.0,-1.0,-1.0,1.0,-1.0,-1.0,-1.0,-1.0,-1.0,3607.5618,-0.02461560048673317,-0.015845993268916336,-0.049958395723117,0.0017752987627266403,-0.009756062945338928,-0.01897724939874912,0.0035702747052444367,0.00701303338957296,0.3557948687757006,-0.07937685150056847,0.011744088122400662,0.030990273251494588,0.36504272329694476,0.1280948104817526,0.014028589689033765,0.03949044064122567,0.40537383991070075,-0.2502974208702948,0.01201253073577313,0.0530813861386667,0.4952574592179763,0.026071588124601437,0.018833651399879005,0.04366694457661564,0.6342877451104536,-0.5835229323620262,0.02359810075026067,0.033288090201702106,0.5499684617778041,-1.320394577165186
443,2021-07-02,0.0,-1.0,-1.0,1.0,-1.0,-1.0,-1.0,-1.0,-1.0,3518.7595,0.0015143404941428962,-0.03450139175467948,0.0009654538765719867,0.026801433857585266,0.018143922595448725,0.01182629844409644,0.0032234697902083966,0.007533596443649149,-0.004389766481317421,0.13564219634007496,0.011442056149805972,0.030701195216695697,0.30950105511381915,0.058966622623274956,0.013254568378525237,0.04038878112857236,0.31436432152929655,-0.2510798073608586,0.011807459465280175,0.05495786931472425,0.461331236518494,0.08118366874763663,0.018348292999356156,0.047044310274520953,0.5999813202078169,-0.5326579133159683,0.023000605472140646,0.03564512862681414,0.5208481302941624,-1.300408992297242
444,2021-07-09,0.0,-1.0,-1.0,1.0,-1.0,-1.0,-1.0,-1.0,-1.0,3524.0881,0.004317627587119732,-0.01868863607581206,0.016357791963259816,0.025248857995349372,0.006596883886075489,0.011350822926362136,0.0032301502820371235,0.006972481561147974,0.004486716545943298,-0.1641422372206597,0.010932369213687874,0.030487900470656453,0.2726555596732958,0.03605478473044342,0.013076048593192766,0.041241863767723194,0.29824452796262363,-0.1735662484739723,0.011913637598769573,0.05632540371537621,0.45723078328655664,0.16374725580194474,0.018208964576101598,0.05000030148680349,0.5730082179283498,-0.4068135572519209,0.022734632834395918,0.03865689674795844,0.4873657012017615,-1.1303567465268896
445,2021-07-16,0.0,-1.0,-1.0,1.0,-1.0,1.0,-1.0,-1.0,-1.0,3539.3038,0.0031341192016349773,-0.006499837623433313,0.046282124750070874,0.014935931750193365,-0.013487426538518754,0.01924909639008665,0.003236619525698965,0.007096657683258444,-0.004575892351616897,-0.09465345046889319,0.010591307356601434,0.030702247347735745,0.24802965277854178,0.039596331797976676,0.013022014004344343,0.04322145707471201,0.2914819751021897,-0.011097270777618223,0.011962519934788092,0.058512403591380886,0.4480674199463755,0.29820503135622467,0.017932823565458673,0.05319200586235331,0.538633996214829,-0.27421468802285337,0.022427108549025458,0.04258900980287188,0.4521916327887423,-0.9328721075329743
446,2021-07-23,0.0,-1.0,-1.0,1.0,-1.0,1.0,-1.0,-1.0,-1.0,3550.3964,-0.04310476430181154,-0.034661650738492256,0.017905014775251527,0.00618798509372076,-0.0031816728971447716,0.03265874762603982,0.003247836561130333,0.0068241815184756265,-0.011436030859823884,-0.24232021361950778,0.010335579375663144,0.032174201519906326,0.230689070978962,0.12195178327747694,0.013269215711238437,0.04588248830851441,0.3080994061369492,0.20140015918883705,0.011806744761586871,0.06267453700982877,0.4252470632104831,0.5603900871467652,0.017401796214655013,0.057241573168730346,0.4916886870066669,-0.10728447549902671,0.022195887342490672,0.046914805233607686,0.42241021052032435,-0.7267509465438522
447,2021-07-30,0.0,-1.0,-1.0,1.0,-1.0,1.0,-1.0,-1.0,-1.0,3397.3574,0.017916955101632936,0.036734227608788084,0.06349343757592307,0.054526556434715934,0.04798317657129636,0.06917329333675637,0.002758747429572184,0.0030533925419396245,-0.55697195331496,-2.167824360951257,0.009860893768525877,0.028698499998108654,0.19920494450709117,-0.10539238172024049,0.013317588806890608,0.04528164215218889,0.30964844996737645,0.16088569941766934,0.011744770745277903,0.05736337978191884,0.40985753721112583,0.19064944281055757,0.01718427937970783,0.05497019753007516,0.46268463428139184,-0.2096189845988607,0.022303215958644117,0.04222115170978387,0.41159415236353997,-0.8848837599988616
448,2021-08-06,0.0,-1.0,-1.0,1.0,-1.0,-1.0,-1.0,-1.0,-1.0,3458.2277,0.016792185199372422,0.03571387158803918,0.044774263996555375,0.025767071381679107,0.030611547064989475,0.04621610080793692,0.0029173296285354487,0.004840270397556944,-0.3773007737108457,-1.1837081816238906,0.010140434099813047,0.0289405033255539,0.2220636610704591,-0.09619641526215084,0.013841936186847058,0.050133368517699985,0.3468520205195432,0.5387973474537981,0.012188957121458843,0.0562229697876455,0.4286090119736584,0.10412820444742882,0.017503551119939217,0.05323481321018692,0.46282724746970294,-0.28728715687671025,0.022787951487824074,0.037507984379446406,0.42112559284135415,-1.0371512709940653
449,2021-08-13,0.0,-1.0,-1.0,1.0,-1.0,1.0,-1.0,-1.0,-1.0,3516.2989,-0.025300778611283548,0.05312728107385878,0.021576009934764162,-0.0070333042506709464,0.02591739285872441,0.035115473260819874,0.0030573750212588213,-0.00019367033591732798,-0.21848137070764648,-3.293276758949369,0.010401962875099667,0.025939324935552937,0.244329670121737,-0.287391857245115,0.014162612803793995,0.05451484864470689,0.3674567520345399,0.8715355441345388,0.012328093994833395,0.05514437443693453,0.42640692188931834,0.02535598799184286,0.0176359175502857,0.0485921504352277,0.4535665540237891,-0.4839272097657709,0.023023398714309355,0.02711974908429167,0.41767426632709226,-1.399841585931937
450,2021-08-20,0.0,-1.0,-1.0,1.0,-1.0,1.0,-1.0,-1.0,-1.0,3427.3338,0.02766666614147706,0.054454135748318366,0.04231639182620617,0.03261030483812233,0.06973761937048573,0.04441029350569825,0.0027694544271089135,0.0015181304397839288,-0.5288622151975462,-2.318884981244137,0.010837643127488961,0.026880688120093827,0.23501954388115648,-0.3207998032463714,0.014239050748158961,0.05624635405575736,0.3400993693642274,0.9925690191699019,0.012131075086539211,0.055488830135406245,0.3950863405963552,-0.03383019452179293,0.01772029443632271,0.04864180339452006,0.4386604249695582,-0.5712321907501722,0.02314150912973817,0.017707513547167014,0.4204376888297191,-1.7877624066018236
451,2021-08-27,0.0,-1.0,-1.0,0.0,-1.0,-1.0,-1.0,-1.0,-1.0,3522.1567,0.016915119080306518,0.025811060592505708,0.017161899696285454,0.010850369036675689,0.03128966408564393,-0.0002557523917092741,0.00301976514908816,0.000161710558704003,-0.24838146472567604,-2.645364072440302,0.011280534542262563,0.03274994574689204,0.2717720714936752,0.09032287206266215,0.014519012147403906,0.05034761600762244,0.35758496848831905,0.5060034824668902,0.012339100393811378,0.058385246221039175,0.39813081299488967,0.19040482791752877,0.018241951274865907,0.043336641032388004,0.45302198008924766,-0.8069817832459443,0.023345722779055434,-0.0015510099396819146,0.4147312160476938,-2.377679039875497
452,2021-09-03,0.0,-1.0,-1.0,0.0,-1.0,1.0,-1.0,-1.0,-1.0,3581.7344,0.033887465245887594,0.00874796858192517,-0.009603810935841506,-0.004926384267912254,0.010140087439202583,-0.016518952382398866,0.0031447120790543733,0.00058279843816499,-0.09973256081196212,-2.295156525729697,0.011448822755240874,0.03238714088649026,0.24459280013864362,-0.006465879905773087,0.014439648846222418,0.052628791945430145,0.3161743680041115,0.6738417390848416,0.012153360539980174,0.06201870171332227,0.37430451668221737,0.5121847042147465,0.01816808412428523,0.04781269486594324,0.433243006270495,-0.6966845884447633,0.02293411038180384,0.0019893475824767776,0.3832600546334215,-2.1485125128761675
453,2021-09-10,0.0,-1.0,-1.0,0.0,-1.0,-1.0,-1.0,-1.0,-1.0,3703.1103,-0.024072736909834913,-0.029959599097007628,-0.05712565461525676,-0.025837226614610853,-0.017103163251713016,-0.09226584474137856,0.0034341531147453167,0.0011726003623385127,0.21146780550693245,-1.9455915232763763,0.011458415512384194,0.031580079117383725,0.24582673194042312,-0.08410397403012959,0.0141260926246903,0.05404777628734559,0.27842545524651197,0.7867426001918417,0.011805659290503007,0.06572153055338012,0.321293112864142,0.876441192981084,0.017858841693982212,0.052697642235348265,0.3915389078532005,-0.4503147329399033,0.022358237593917044,0.005640945806242401,0.3073389157715043,-1.9003969371904335
454,2021-09-17,0.0,-1.0,-1.0,0.0,-1.0,1.0,-1.0,-1.0,-1.0,3613.9663,-0.0002487571619026463,-0.011510926374714736,-0.020715771478001965,0.014494213739624673,-0.009525157996077671,-0.06987519501772887,0.0032112802181435496,-8.416423666942588e-05,-0.03712215159749987,-2.2445522549360164,0.011004620606776795,0.03226320240685153,0.20645381497084675,-0.03872796550571274,0.013315877475810825,0.05586674226788159,0.1944684986587675,0.927723136190823,0.011251719033690433,0.0694255036265988,0.24922997180760315,1.2234206211603598,0.017274496965949092,0.057659808741647244,0.33087906009261764,-0.20470262120367855,0.021041921358053498,0.0088483706336078,0.1641218583483463,-1.6968333729873823
455,2021-09-24,0.0,-1.0,-1.0,0.0,1.0,-1.0,-1.0,-1.0,-1.0,3613.0673,0.0,-0.008431534059717194,-0.014584256429433284,0.005340752994000386,-0.025410929932027537,-0.04154901847524406,0.00044168845853835223,-0.0030187752546795826,-2.833902543798826,-2.9346465691999666,-0.018069618558765353,0.006320899021334417,-2.2140443873174664,-2.093821832504216,-0.014203523932167367,0.03168977114555631,-2.2745224540048694,-1.1280198788468703,-0.005339585725833512,0.05906697807995828,-1.4835256151615739,0.10828902361982395,-0.014069603425436325,0.0334711309373274,-1.8930853941472063,-1.3832770626793047,0.005082538354281234,-0.0006869242407646151,-1.3064836418954817,-1.9234062450857683
456,2021-10-01,0.0,-1.0,-1.0,0.0,-1.0,1.0,-1.0,-1.0,-1.0,3613.0673,-0.005784752473334764,-0.018192630953760558,-0.013555767422322895,0.0013800462559885318,-0.025047803565685034,-0.033852123374507825,0.003182636104636074,-0.003699432352766134,-0.027740304021346588,-2.8358599755307208,0.010634759169419276,0.007546020719865713,0.2142144778584442,-1.9026176115965907,0.012825037096433387,0.03368852790307396,0.17713438536144482,-0.923899799123043,0.010993827403957053,0.04454913110853485,0.22990328965128456,-1.4009950222118683,0.016682687816836905,0.035280047360483006,0.28929111289659787,-1.2562379474904553,0.019844088713100602,-0.030672625035461316,0.04613299660350991,-2.699811688528777
457,2021-10-08,0.0,-1.0,-1.0,0.0,-1.0,1.0,-1.0,-1.0,-1.0,3592.1666,-0.005512105145680124,-0.028005076379252536,0.004249691537135281,0.013253505558455947,-0.06423056770251134,-0.039185404151355296,0.003096473296161366,-0.0037771983089835,-0.12005898312068303,-2.6073005417484696,0.010357772299450129,0.007296027141614123,0.19232385963627927,-1.8365905572649013,0.012571558150205685,0.03345975132320965,0.1515546752646053,-0.9103816951891994,0.010901453757318706,0.04446575958099008,0.21277471561795971,-1.3691973813682041,0.016281721994369808,0.03491815699100011,0.24880502593239223,-1.2354655859452992,0.019328150723161356,-0.03113828315230707,-0.011503415786832772,-2.5061027189256513
458,2021-10-15,0.0,-1.0,-1.0,0.0,-1.0,-1.0,-1.0,-1.0,-1.0,3572.3662,0.002865719645427145,-0.009312035255512163,0.02630796921099532,0.002008892593374112,-0.05904391884572191,-0.03491165043494138,0.0030145453030608472,-0.0038511421466695243,-0.28376436011468176,-2.43206792739974,0.009992672390899755,0.00696650743344893,0.10438283440377105,-1.9274981281114536,0.012492358798644302,0.033388270211869346,0.08642322128736372,-1.0265448813667186,0.010923838275858841,0.04448596265374887,0.16349407366669172,-1.611300540762888,0.01551548511108461,0.034226592440441406,0.1373445978867443,-1.2766672271170563,0.018771276187785624,-0.031640888412084456,-0.2277856113481321,-2.341897289283884
459,2021-10-22,0.0,-1.0,-1.0,0.0,-1.0,-1.0,-1.0,-1.0,-1.0,3582.6036,-0.009844097739420521,-0.006205040379013704,0.013889395968898155,-0.017123775569253596,-0.03339908998025898,-0.07616162167648122,0.0030173936387226452,0.002659794437946948,-0.2811837841934065,-0.6960765165636299,0.009817895364969315,0.017852919388706458,0.09046996239901342,-1.0434832866189285,0.012607209131613088,0.009926100607050911,0.09808577311367936,-2.841724564490143,0.010801133447103012,-0.014810511202703963,0.13606283648114115,-5.427996620698007,0.014775952165895667,-0.02253152357243697,0.06495476477655499,-3.456525925765804,0.01826580860444558,-0.031151988539365523,-0.30307069763193295,-2.1776523700564185
460,2021-10-29,0.0,-1.0,-1.0,1.0,-1.0,1.0,-1.0,-1.0,-1.0,3547.3361,-0.01572120555478229,0.004722783386665874,0.01993535374333444,-0.006982197147882285,-0.015949658674857425,-0.08351723424233748,0.002935827797765366,0.002706174320250683,-0.37353445082680925,-0.6588386758595528,0.009626106109341424,0.0175332656536572,0.07661177200224449,-1.0277041318019262,0.012466431969474064,0.009298201722249062,0.08556414487000398,-2.6322967751144075,0.010325656506440344,-0.015958720884315665,0.05828213028556781,-4.302580452002055,0.01413360388119404,-0.023767636842957147,0.0055854369471336615,-3.1047726512495593,0.01738468585733599,-0.031992977083918656,-0.42212475554375056,-2.0701652173047735
461,2021-11-05,0.0,-1.0,-1.0,1.0,-1.0,1.0,-1.0,-1.0,-1.0,3491.5677,0.01361351234862207,0.033184090917097286,0.04244732244487204,-0.037269218637805634,-0.0115024549001298,-0.08000068278784911,0.00271864514868741,0.002353105247063558,-0.6101580512262841,-0.7237086725171009,0.009492151354988008,0.017116381727752775,0.07069993975432198,-1.0197138790774478,0.012300212860840015,0.008372266113671024,0.07287673526886794,-2.481771644740705,0.009871864188487407,-0.01734996133473511,-0.01207962103535964,-3.6801636267693776,0.013652485646536844,-0.02488888894005587,-0.03482052883172427,-2.8401199440669664,0.01644707342897256,-0.03290346905354849,-0.5403795761369126,-1.9790045903208762
462,2021-11-12,0.0,-1.0,-1.0,1.0,-1.0,-1.0,-1.0,-1.0,-1.0,3539.1002,0.006010906388013604,0.03595481698992309,0.01142733963847653,-0.05019934162926498,-0.025840240409130022,-0.07244315942227342,0.002865275342643735,0.0026471973743734745,-0.4344866644779176,-0.6213277733014759,0.00966312901193116,0.017128009942448726,0.09671878951277431,-0.9805834071268746,0.012355207160098566,0.007696809623074858,0.0842042743237404,-2.3407298442232687,0.009147211854736471,-0.019005440523641517,-0.12031824911389312,-3.2773751336521904,0.01335332612532994,-0.02540065696141662,-0.05621012006359298,-2.616189953150963,0.015606883870535729,-0.033562877090740184,-0.6377899891722991,-1.893662139323938
463,2021-11-19,0.0,-1.0,-1.0,1.0,-1.0,1.0,-1.0,-1.0,-1.0,3560.3734,0.0010437107523608713,0.020219901654135564,-0.01098690940674929,-0.02736384335418296,-0.07039337503195586,-0.08665473121442824,0.0029150656533068076,0.0019885923096004555,-0.3644359444328543,-0.764437310677296,0.009921654433055673,0.01672612708223394,0.1309668951758328,-0.9736395051553565,0.01238680622596531,0.006392703384698675,0.0947099405610472,-2.260397973374442,0.008655212668381759,-0.021062102118097885,-0.1887032336777584,-2.996766308897939,0.012987911189599601,-0.02544817543769629,-0.08182988475195038,-2.4226791946819035,0.014774201864457659,-0.033288881372319015,-0.7288970682998199,-1.7950364077287129
464,2021-11-26,0.0,-1.0,-1.0,1.0,-1.0,1.0,-1.0,-1.0,-1.0,3564.0894,0.012160974413268244,0.015141062398715377,-0.011649960295608719,-0.020575269520455852,-0.08782523805379283,-0.09899992968751004,0.0028970777473115946,0.002009275735512397,-0.3655601393278091,-0.7298809431093987,0.010030981220359614,0.01627451978745235,0.15113382020489036,-0.9710050546978694,0.012187835917491046,0.005811178683719079,0.0820411490104892,-2.1489095808616088,0.008344788971196775,-0.021833772487047005,-0.22402748846795068,-2.739706781832148,0.012190013551103714,-0.024643667472942738,-0.1426778221452407,-2.2390442918021023,0.013777521116592514,-0.031458054665115545,-0.8341958515051245,-1.6711337406652387
465,2021-12-03,0.0,-1.0,-1.0,1.0,1.0,-1.0,-1.0,-1.0,-1.0,3607.4322,0.016331755313377716,0.008965712508747892,-0.06819047077308904,-0.04325129104297509,-0.1095494739998163,-0.14428903196018494,0.00040137638030648536,-0.00037775124627859155,-3.450122669097971,-1.3131805773800573,-0.017294050261649273,-0.011900436996900304,-2.8021499010066173,-2.9974676926471804,-0.01425202881731695,-0.02106693363998187,-2.9852138180075682,-3.450230444866084,-0.004527657560811922,-0.034312576988751176,-2.9611743497091503,-2.9102992630286315,-0.015107155392742905,-0.04962751867846779,-2.860486047211403,-2.7315903663370977,0.0011285378067073804,-0.0404764562321918,-3.4079426662541903,-1.7964237254648086
466,2021-12-10,0.0,-1.0,-1.0,1.0,1.0,1.0,-1.0,-1.0,-1.0,3666.3479,-0.009269196739349339,-0.023676203777606708,-0.08316401179495281,-0.05965034032913252,-0.10463581483906637,-0.16891072993918566,0.0016035519611492374,0.00018939889565444982,-1.8823210791223226,-1.1240185873823512,-0.01531444316002656,-0.011383810348446575,-2.388170403632028,-2.6977600816906047,-0.018326769448531666,-0.023859008638413327,-3.054428372832836,-3.1698484663683653,-0.0074521090247737405,-0.03613561129928058,-3.1323609936370986,-2.697717068298141,-0.02223548615194475,-0.05325334047478518,-3.127527438589347,-2.5991574117294407,-0.00984587438244229,-0.04576899932859989,-4.21225785167003,-1.8333833975941587
467,2021-12-17,0.0,-1.0,-1.0,1.0,-1.0,-1.0,-1.0,-1.0,-1.0,3632.3638,-0.0039396659552658475,-0.030588318273626625,-0.04664067514382786,-0.0888173976406218,-0.10475646740009914,-0.1736619278057996,0.0029062762798278,0.0016371240637291292,-0.30661426395678687,-0.7188381415166719,0.009863031902403023,0.013641555442827384,0.18238233106869856,-0.9242715140728679,0.011529529972717499,0.007357813181631059,0.06596291262785195,-1.4887871792666498,0.007837972164744997,-0.019498673231674556,-0.3209753050007824,-2.0146848215192197,0.011175404997073254,-0.016986318905290433,-0.1796760343294776,-1.556972338772283,0.012741923776519871,-0.01731215816694506,-0.9740426922427367,-1.111174090219465
468,2021-12-24,0.0,-1.0,-1.0,1.0,-1.0,-1.0,-1.0,-1.0,-1.0,3618.0535,0.006003753123053679,-0.02639142842967912,-0.03518361461487507,-0.10143053440199268,-0.1124385529401376,-0.14752932757904214,0.002813703229208865,0.0014246144832855796,-0.3916492004236835,-0.7432572046651349,0.009461908742611923,0.013090601727526045,0.15228746670133303,-0.9265936948970281,0.010833790728884652,0.005991049872313192,0.0075596191749709935,-1.4888939439092999,0.0069457098866602535,-0.020495363227410635,-0.45950801885981174,-1.92799180874116,0.010310624185100554,-0.017189335142797312,-0.23896001694003094,-1.4972642155972686,0.011137034223512105,-0.018674515091084455,-1.1544196933562083,-1.1054121954975422
469,2021-12-31,0.0,-1.0,-1.0,1.0,-1.0,1.0,-1.0,-1.0,-1.0,3639.7754,-0.01654846614986194,-0.07647057013462977,-0.05175300102308511,-0.11746205548836886,-0.15189291624972245,-0.13550509188011983,0.0028454868207710487,0.0014698800674460741,-0.3268846803423009,-0.7007600621688604,0.009120316980625843,0.012657890942585171,0.13005919071999228,-0.9214420065379563,0.010344290883605353,0.005187194848400405,-0.026711039078753263,-1.462591650501064,0.006062666757998349,-0.021075932006709038,-0.595586743933635,-1.8393407085836677,0.009569031824280417,-0.016588908263448138,-0.28664691575060225,-1.422424223904644,0.009770997394064715,-0.019880791148254154,-1.292642411828175,-1.0976120166140713
470,2022-01-07,0.0,-1.0,-1.0,1.0,-1.0,-1.0,-1.0,-1.0,-1.0,3579.5427,-0.016283309038330418,-0.06093040879216216,-0.03684652232253016,-0.08292291079528114,-0.14875651574152204,-0.12551974865392723,0.0027047263511639215,0.0014451386864313106,-0.47225497953782414,-0.6777717358955083,0.008328949325773988,0.011715011807766917,0.0627918660899258,-0.9522184963471974,0.009896584822775695,0.005122642248410395,-0.05569475725217751,-1.4040873262241111,0.0050320675683993565,-0.02189037308783215,-0.7571145604511824,-1.7662516285644947,0.008364723911157924,-0.016953756253888178,-0.37360360250818386,-1.3766594941261705,0.008473905257812192,-0.021255193006443088,-1.412415547247976,-1.0957761238727315
471,2022-01-14,0.0,-1.0,-1.0,1.0,-1.0,-1.0,-1.0,-1.0,-1.0,3521.2559,0.0003725943348791283,-0.016558864693702047,-0.06006640982837974,-0.07650841280805531,-0.14758808071858676,-0.11104461337217786,0.0025879503067063655,0.0015199916487555224,-0.5964841772525785,-0.6278669344602879,0.007593596834896986,0.010461437099529475,0.0011743128647379649,-1.0044555518310974,0.009521803378479328,0.0048761158405110794,-0.07754774248264998,-1.357799074782408,0.004263564197013188,-0.0226665193861543,-0.8675461536266845,-1.6990414161954195,0.007238812125046231,-0.01712191770792897,-0.45288355635582067,-1.3290540681602896,0.007267863015918877,-0.02261165870460917,-1.5106929883660298,-1.095505333341014
472,2022-01-21,0.0,-1.0,-1.0,1.0,-1.0,-1.0,-1.0,-1.0,-1.0,3522.5679,-0.0457416874774792,-0.009030514358573383,-0.07707317721256701,-0.08837958808402246,-0.12442156189522979,-0.0674887771503283,0.0025710396021629313,0.0015119306007957624,-0.601390960871531,-0.6060644009783666,0.007192459806950547,0.009296584268633359,-0.027324237295323944,-1.047942540416338,0.008980329469620423,0.004571835634146792,-0.11822434649482329,-1.3167416787782114,0.003656056106148286,-0.02291542864242994,-0.9456137584822264,-1.62348902228492,0.005882175584701749,-0.01855363663663766,-0.5521204789993467,-1.31425443084367,0.006062362057398983,-0.02454442557955657,-1.5977227564187741,-1.1091965894986062
473,2022-01-28,0.0,-1.0,-1.0,-1.0,-1.0,1.0,-1.0,-1.0,-1.0,3361.4397,0.0,0.026764246284114668,-0.04438568390799924,-0.08166750693162805,-0.06392272929959142,-0.013284188914648665,0.0021436684993080112,0.001090709328516124,-1.2160606493837731,-0.7126201270667839,0.007046735663446394,0.00915295708205327,-0.02850414164294174,-1.0191503631853431,0.007964468399640438,0.003570592710846983,-0.2106537268290179,-1.3093759841136667,0.0023966069564562535,-0.02415675443554253,-1.1379502449937458,-1.579767772673815,0.004597256095064568,-0.019820066253863358,-0.6428961968787036,-1.2964657072803256,0.005344210008406611,-0.02525224348709883,-1.6147138694355947,-1.0933756425040646
474,2022-02-04,,,-1.0,-1.0,-1.0,,,-1.0,-1.0,3361.4397,0.030197834576654925,0.025646540677198626,-0.023419459227544626,-0.09352459899845889,-0.06878014203259397,-0.0034784797716288507,0.0021345459470867804,0.0010817180489761764,-1.18215242231521,-0.6891615425210798,0.006633775180796473,0.008745939062489,-0.0576790820544447,-1.0096630749820172,0.006784775216328874,0.002407875203147832,-0.32089451786639606,-1.3087754907326898,0.0009303818333755327,-0.025601880714943983,-1.353980231281079,-1.5442231510311042,0.0036520611173727346,-0.020751659963395987,-0.7022743403735352,-1.2701672585965313,0.004584673540475932,-0.026000850295625016,-1.6317956977767814,-1.0757825265876846
475,2022-02-11,0.0,-1.0,-1.0,-1.0,-1.0,-1.0,-1.0,-1.0,,3462.9479,0.008030556855908921,-0.0442401111492321,-0.0609589592728208,-0.13323544370967866,-0.09607666924472069,-0.021747540585291603,0.0021345459470867804,0.0010817180489761764,-1.13650200832138,-0.6634665182710978,0.006633775180796473,0.008745939062489,-0.04364779390173089,-0.9722287441597469,0.006784775216328874,0.002407875203147832,-0.30316713228449865,-1.2562344286948504,0.0009303818333755327,-0.025601880714943983,-1.2990801160508099,-1.4753345914893392,0.0036520611173727346,-0.020751659963395987,-0.6775981360277865,-1.2226502545984108,0.004584673540475932,-0.026000850295625016,-1.5560361817794817,-1.04019870943737
476,2022-02-18,0.0,-1.0,-1.0,-1.0,-1.0,1.0,-1.0,-1.0,-1.0,3490.7573,-0.011272969335335947,-0.06866272255593364,-0.08007216657543059,-0.11644258396308449,-0.05899098169901418,-0.03858174270666148,0.0021345459470867804,0.0010817180489761764,-1.1074720382475678,-0.6355953368903096,0.006633775180796473,0.008745939062489,-0.03024742332428112,-0.936177432552607,0.006784775216328874,0.002407875203147832,-0.2860938327198649,-1.206708649669187,0.0009303818333755327,-0.025601880714943983,-1.2480480163472019,-1.411702654893337,0.0036520611173727346,-0.020751659963395987,-0.6532170272935115,-1.1778811617192115,0.004584673540475932,-0.026000850295625016,-1.4864659701191862,-1.0062652048525194
477,2022-02-25,0.0,-1.0,-1.0,-1.0,-1.0,-1.0,-1.0,1.0,-1.0,3451.4061,-0.0010885708291470397,-0.06929529388036959,-0.105605306776273,-0.08832307505048453,-0.03900450891594598,-0.0647113650288792,0.0012722159159001445,0.00022905727618114828,-2.288869447713749,-0.875416085809102,0.011718846647803323,0.013852519120834243,0.5134148069436174,-0.5312034132036232,0.03169462979971715,0.027347914137701074,2.2916034591670926,-0.03255735450822894,0.06428944034195877,0.03777484878866762,5.7646076303000005,0.23287116693281396,0.07694949449092803,0.05255639397290175,4.466779144235966,0.7626470352087699,0.0823135924473973,0.051738310938142365,5.332199924817661,1.1896089821606255
478,2022-03-04,0.0,-1.0,-1.0,-1.0,-1.0,1.0,-1.0,1.0,-1.0,3447.649,-0.03999893840701296,-0.04783909266865616,-0.11619123640486606,-0.09206552059098827,-0.028396742243772533,-0.051535147574477524,0.0011715536932667614,0.00017801072385319316,-2.267522699283784,-0.8576816944992198,0.00823177859565236,0.012111097083682854,0.14824190888090588,-0.6321741378744274,0.025786704105705917,0.024396033248933024,1.6110995672710895,-0.15276033722191124,0.057729629502501115,0.03449154289963865,4.074493897828523,0.15987717158215306,0.07196213354361927,0.05006278853847729,3.5167753512362627,0.7197290449773357,0.07599230194792111,0.04857573750021285,3.932652348466367,1.1271148717858015
479,2022-03-11,0.0,-1.0,-1.0,-1.0,-1.0,1.0,-1.0,1.0,-1.0,3309.7467,-0.017727731249040923,-0.017492728371026223,-0.09311473896174594,-0.054235963132767906,0.023533704255978227,-0.01707336093121581,-0.0005276582265630916,-0.0006703532376198303,-3.8639045445866316,-1.0888966623045857,0.005916329647987613,0.010956136319203518,-0.08854508074225553,-0.6893425696785992,0.01992870753211878,0.02146978851999616,0.9938677077588438,-0.27184257392820066,0.051554519068699865,0.03140227813628862,3.1226579142263233,0.09373236812002782,0.06782351917936111,0.04799356986672962,2.924373967758427,0.6863454757532732,0.07073444706210061,0.045945951511995556,3.143563149102074,1.078096256818158
480,2022-03-18,0.0,-1.0,-1.0,-1.0,-1.0,1.0,-1.0,1.0,-1.0,3251.0724,-0.011944520214314469,-0.012250603831523432,-0.05130242562423393,0.010384788723868388,0.032298696270190774,-0.007396236392643862,-0.001211100732475075,-0.0010100797448986411,-3.852839619351741,-1.1532642883607263,0.0049848389177858145,0.010494288600368636,-0.17595062610042922,-0.6943327475307818,0.015454362379914544,0.019230292035097293,0.5371576818627107,-0.3570513659881687,0.04736825266152943,0.02930608333900469,2.5615116793760886,0.05562817134012267,0.0660699855591787,0.04711634372282172,2.5855854271354444,0.6804674857856935,0.06726160203018061,0.04420537212104135,2.664434504064175,1.0471748470592903
481,2022-03-25,0.0,-1.0,-1.0,1.0,-1.0,1.0,-1.0,1.0,-1.0,3212.2399,0.021940048749161,-0.03901346222615565,-0.02044448797239584,0.032546074781027334,0.0049252236733625665,0.020125458251110118,-0.0016195408725159692,-0.001214716158981047,-3.599519413583595,-1.1711022709897323,0.004324079113223966,0.01016775087775225,-0.23327295016435437,-0.689226635176168,0.01291755998635074,0.01795607591996103,0.28248756498943073,-0.3927840476240992,0.04596538853236186,0.028599097571016904,2.283819819436255,0.0576631149328765,0.06478837366138186,0.046471012266140005,2.335540440535279,0.6799512640459754,0.06442673028407644,0.04277942905193337,2.320105637683152,1.0223427546912356
482,2022-04-01,0.0,-1.0,-1.0,1.0,-1.0,1.0,-1.0,1.0,-1.0,3282.7166,-0.009402700190445978,-0.07178633696250247,-0.04644848111469635,0.02041918574390489,-0.0038817545200217074,-0.00750543010627247,-0.000754950068932625,-0.0008130019353559903,-2.5955843967731993,-1.0041813722587165,0.002733656214350552,0.009923578647046459,-0.38735528040753303,-0.6781181672066736,0.01169332216492703,0.015308707043713237,0.16254452415932974,-0.49325792372669097,0.04547295337674661,0.027692831591635617,2.1057646883281067,0.05447225083291223,0.06259155567392098,0.044401468901853064,2.0909619521429876,0.6399941265090378,0.06280106217015186,0.0395048978420267,2.0921066192328777,0.9428629879149979
483,2022-04-08,0.0,-1.0,-1.0,1.0,-1.0,-1.0,-1.0,1.0,-1.0,3251.8502,-0.012486860557106794,-0.07696839786777376,-0.037397417630123275,0.04175687428652153,0.0004268339298039159,-0.004805756427525454,-0.001063465772815496,-0.0009647005981209054,-2.6108390901041028,-1.0137330437853536,9.613009567452716e-05,0.008604442745283714,-0.7864147441845063,-0.798175327017089,0.00964045206311614,0.01427667867569588,-0.10731685057033356,-0.5391886367470955,0.04458902434097489,0.027247743588002946,1.9348267899353944,0.05548800695597377,0.06024246589050909,0.0432227155643903,1.8946589361779091,0.596411628686052,0.06031765244636246,0.03825752627902354,1.8560081286952663,0.9046881973826053
484,2022-04-15,0.0,-1.0,-1.0,1.0,-1.0,1.0,-1.0,1.0,-1.0,3211.2448,-0.038715671879017144,-0.03953616367086055,0.022916128972789718,0.04510182468804613,0.004914573937184752,-0.007712492052926012,-0.001454055218530616,-0.00014343745540168875,-2.6447222587059467,-0.7209311588968539,-0.002538509913877324,0.0047928870847653016,-1.0580340577232707,-1.062214634679974,0.008032400882264961,0.010533239486436596,-0.27256882104097396,-0.6908945196746662,0.04449226784607547,0.025330666312039812,1.8251705495574142,0.023700191543299397,0.05819756354088723,0.039163402374562055,1.7140316331249177,0.4998427644046445,0.05809129075868225,0.033934606273414,1.66196892971443,0.7912155250880523
485,2022-04-22,0.0,-1.0,-1.0,1.0,-1.0,1.0,-1.0,1.0,-1.0,3086.9193,-0.012911545824991322,0.01932282453901535,0.0744646612562887,0.04572247807061225,0.06153980118625069,0.056734524935588615,-0.002681617765144255,-0.0007624370807666253,-3.1027077404887686,-0.8852394516260591,-0.0037525137712710434,0.004174699969504244,-1.1546974991332244,-1.0725116447337828,0.008533666366437775,0.010772461909922895,-0.20590361296197476,-0.6504319968827477,0.0445202491082259,0.02533498852115257,1.734330678333714,0.04415352932970271,0.05644764194883044,0.038274243152248554,1.564623718533322,0.4914275609477032,0.0559225282501984,0.03284211412407118,1.490832664478364,0.7738900193416528
486,2022-04-29,0.0,-1.0,-1.0,0.0,-1.0,1.0,-1.0,1.0,-1.0,3047.0624,-0.014933038456974135,0.027297439002233803,0.09933652819187433,0.07315619791704964,0.06925227392783295,0.026036650906788195,-0.0030089831798038305,-0.0008746982435686172,-2.9520454630807045,-0.8868694026753701,-0.003013988412582445,0.0017206246585970393,-1.0299407219179406,-1.2270932002715356,0.010643518915737487,0.01118994447691261,0.034080655510825765,-0.6020595467231257,0.0445587951158039,0.023291807742418888,1.6530017808954502,0.008067644321144363,0.056610697570415085,0.03546788688386165,1.5044808012177284,0.42775256373832493,0.05594854188722264,0.03203903908119269,1.431453105180087,0.7643067069886958
487,2022-05-06,0.0,-1.0,-1.0,0.0,-1.0,-1.0,-1.0,1.0,-1.0,3001.5605,0.027560330701313696,0.042870666774832644,0.12862536004188474,0.08384895123719804,0.078180033352651,0.028921289442608078,-0.0033752797010706765,-0.0010627795027048938,-2.8419918013425503,-0.9134025636571552,-0.002069475685438405,0.0021862539983655716,-0.8879170675086046,-1.1500102854010141,0.013396659018111757,0.012562258571413805,0.34084659659930305,-0.507869720848575,0.04544895641205263,0.023731986212642008,1.623179597477784,0.04105776385886434,0.057007360379206735,0.03565951610043007,1.4576245139494575,0.44840370656885054,0.055023337169411976,0.03157314610757429,1.3354662005344986,0.7639753422958949
488,2022-05-13,0.0,-1.0,-1.0,0.0,-1.0,-1.0,-1.0,1.0,-1.0,3084.2845,0.02019359757506156,0.06502305477980386,0.08812199393408737,0.04628049066161033,0.03313364898730953,-0.01941909055406532,-0.0024434090882618385,-0.0005990258617897982,-2.1812076940765235,-0.7297790672620286,-0.0007165486837157338,0.002860731706026544,-0.7051668044507252,-1.0595469759519738,0.01686105787994878,0.014296121952007542,0.7174301507782468,-0.3968822955629695,0.046605737232066805,0.024307578069745824,1.6079860628944267,0.07718232010193958,0.05764578801756001,0.035976283430637856,1.4230532053844116,0.4711293144541147,0.05423896872778643,0.031179993129305927,1.2526581725629293,0.7645475739256415
489,2022-05-20,0.0,-1.0,-1.0,0.0,-1.0,1.0,-1.0,1.0,-1.0,3146.5673,-0.00518911513508713,0.05409653879006493,0.02589920768578491,0.041416689228290116,0.03670250434497291,-0.03882859902599256,-0.0017816383102921057,-0.00026941347201114526,-1.745465745807163,-0.5895510936237286,0.0012032740620513578,0.003820006386509951,-0.4628643561394371,-0.9473053420417399,0.018941050959385693,0.015337059517655946,0.9320282968446972,-0.32132326161973684,0.04659897029800836,0.024300039976985238,1.535027685539018,0.09590172384491226,0.05692776845084431,0.035620830586380464,1.339859526137318,0.4725082784177646,0.05208766830958535,0.030105408699829046,1.117443055435368,0.7423901017541374
490,2022-05-27,0.0,-1.0,-1.0,0.0,-1.0,-1.0,-1.0,1.0,-1.0,3130.2394,0.0,0.07012486009855978,0.04464019589044854,0.04084000731701232,-0.0012272863219343622,-0.01860963094388235,-0.0018792167710735418,-0.00031677319494628244,-1.702817746589264,-0.5767116395365115,0.002700746452486201,0.004573514269068944,-0.374084039704519,-0.8876199193915983,0.019137260363220023,0.015437020896961508,0.9376792008312362,-0.3173761027204651,0.04645286704236842,0.02422555984656922,1.461293071362151,0.10381599873836166,0.056350986602573795,0.03533716393094139,1.2739608787277665,0.4502405321869426,0.04950613458869409,0.02881832167608738,0.9653243593144,0.6966638300982902
491,2022-06-03,0.0,-1.0,-1.0,0.0,-1.0,-1.0,-1.0,1.0,-1.0,3130.2394,0.04938750052152563,0.0822294614271355,0.03929373580819395,0.03385785764500948,-0.013375941788989043,-0.029170388692954297,-0.0018792167710735424,-0.0003167731949462831,-1.621411224968541,-0.547418797998816,0.003905400476997236,0.005175810151704729,-0.2034602450216442,-0.8044566391260373,0.019954990124005496,0.015845864646294224,1.0126092567387346,-0.2750672686379016,0.0476239051189743,0.024811048623926458,1.4563995705423167,0.13895515482084211,0.05526162454989359,0.034792511054946344,1.1861328089617,0.4421294505289164,0.048592146677724775,0.028361351339082,0.8969758852240458,0.6894508429448818
492,2022-06-10,0.0,-1.0,-1.0,0.0,-1.0,1.0,-1.0,1.0,-1.0,3284.8341,0.009727005695660429,0.02168867523629281,-0.017598270792427595,-0.02994245584579147,-0.07928668300173825,-0.11230655453802074,-0.00031447515478452205,0.000465557178508678,-0.8473736075225545,-0.23836787955097527,0.005138506605639385,0.005792331351171581,-0.11410438067616964,-0.7626643659902713,0.021371733616534855,0.016554199782307922,1.1715621200028499,-0.24413059485458216,0.04870636847884047,0.025352252331784505,1.4508361427846939,0.16060292179472568,0.05455458244342086,0.03443900827247608,1.120702483638523,0.41673081543703056,0.04721422203025699,0.027672424622476315,0.804272237937649,0.657788215644008
493,2022-06-17,0.0,-1.0,-1.0,0.0,-1.0,1.0,-1.0,1.0,-1.0,3316.7857,0.009937723742598159,-0.026750235928718613,-0.012029116020368713,-0.016501367574034087,-0.0881561929068857,-0.07416496640105497,-0.0012198280845211059,1.290410898199595e-05,-1.2255110843268149,-0.3731040546609193,0.005275671583999953,0.0058609102958540014,-0.07769427624377055,-0.725756053508344,0.02192793495159021,0.016832286076965294,1.2048361621260797,-0.2107323700397717,0.04669903934567068,0.024348639636850168,1.2946106768415568,0.14660235130101298,0.05181119634916421,0.033067386117540995,0.9774021802624436,0.38117422722908006,0.04327783362785694,0.025704332141995773,0.612834026421124,0.5997872941842762
494,2022-06-24,0.0,-1.0,-1.0,0.0,-1.0,-1.0,-1.0,1.0,-1.0,3349.747,0.011311391576737106,-0.023814664211953884,-0.027365827926706054,-0.06667646840194197,-0.08291975483521585,-0.07835051423286588,-0.000719585955739581,0.00026301224655150834,-0.9529547753597531,-0.24112247295883057,0.0052518185792869,0.00584898440988604,-0.06389533144545159,-0.6965968621638574,0.023270288387451595,0.017503428106968033,1.3220659601274836,-0.1556047417071577,0.04625338876168368,0.02412582586097078,1.2229980110279628,0.15807242516460324,0.049577940956306535,0.03195081613095227,0.8601295028162006,0.3560398146841404,0.04153100074725405,0.024830960841827683,0.5200219524557645,0.5795255628934654
495,2022-07-01,0.0,-1.0,-1.0,0.0,-1.0,-1.0,-1.0,1.0,-1.0,3387.6373,-0.009316079971135038,-0.03967340305291833,-0.044696254820431824,-0.08834115741965654,-0.10293551791981981,-0.08572172115356036,-0.0007051592299581501,0.00027022523663934486,-0.9104743563029639,-0.1966129690874902,0.004903225360122743,0.005674696808346214,-0.09617276502801796,-0.6825727822283523,0.02326965627935442,0.017503112069253833,1.278072079047173,-0.13409925155183247,0.044099280635670646,0.023048827462549673,1.0755429556894573,0.14586290100589902,0.04761352727823886,0.030968660054585193,0.757408949467918,0.3378374349878317,0.04014189435790545,0.024136443543230426,0.4443042460471433,0.5675693142322907
496,2022-07-08,0.0,-1.0,-1.0,0.0,-1.0,-1.0,-1.0,1.0,-1.0,3356.0778,-0.038144795093844386,-0.038452952431555665,-0.05053509188612981,-0.09883182684263159,-0.1311507438832319,-0.07579818322447707,-0.0002108847963279291,0.0005173496808451856,-0.6496832416023651,-0.037778200523840975,0.005127105916507068,0.0057866313012120965,-0.048495849281353615,-0.642560651861184,0.023177693506517726,0.017457133059257335,1.2260392887901892,-0.11382913207820762,0.042336401247195204,0.022167433323105185,0.954071975861012,0.14091625668065155,0.0452221252836792,0.02977302085383218,0.6417963965171517,0.31601538130009965,0.03889500207557602,0.023513029623169708,0.37605998903687976,0.5612217670453225
497,2022-07-15,0.0,-1.0,-1.0,0.0,-1.0,1.0,-1.0,1.0,-1.0,3228.0609,0.01298395578596434,0.015125736940093226,0.010530563410374283,-0.06309372911768796,-0.048717947049883636,-0.022278606949453716,-0.001231595673652338,7.0206185041681805e-06,-1.0893427396045747,-0.23773964609225628,0.005544383996396301,0.005995259558220128,0.025597664949062324,-0.5933835021760664,0.021075559749402846,0.016406120502208944,0.9585886022673544,-0.14468891379144413,0.039516925016906894,0.020757768066409277,0.7882151631870443,0.12181907278747157,0.041233779532770895,0.027778951041734033,0.4683831962092921,0.2733418486524362,0.03731160324508115,0.022721371124735296,0.2944600116200433,0.5540768489626424
498,2022-07-22,0.0,-1.0,-1.0,0.0,-1.0,-1.0,-1.0,1.0,-1.0,3269.9739,-0.005117991920363663,-0.0036377966197223,-0.04390744525514412,-0.060546997026490024,-0.05586628688381878,-0.01927345658630475,-0.0010605837226300304,9.252217487347946e-05,-0.9706033694523677,-0.14188869461677586,0.006947299986833266,0.006696681300505892,0.2389412490712719,-0.49490857058671206,0.020642800817866274,0.01618975221941992,0.8863753152410015,-0.12817371272389275,0.037247210644969345,0.019622969532421788,0.653556396636616,0.11458692475490445,0.039463777850324275,0.026893995939352072,0.3829952864227964,0.2676719642812896,0.03679780832464534,0.022464486941558073,0.2599029694924367,0.5694561747485652
499,2022-07-29,0.0,-1.0,-1.0,0.0,-1.0,1.0,-1.0,-1.0,-1.0,3253.2382,-0.008057049127235705,-0.005230357863128421,-0.050678336434141213,-0.06587562509256162,-0.04795068495138166,-0.02624480433065124,0.0020879652655557716,0.002944152124324223,0.5252178648456535,1.5550066455367957,0.0052638878429961955,0.004837892134611888,0.007312212219171311,-0.6555526805368099,0.006778903568058608,0.0032469295803782628,-0.6579350278115023,-0.8132260949501178,0.003735183989504587,-0.013061006554857887,-0.9576936250228066,-0.8935672502885578,0.005359184706228495,-0.006674395146488732,-0.9341158606213471,-0.7357571212921464,0.0069750235938436924,-0.006973441700013236,-1.0221622500416216,-0.37301304553429115
500,2022-08-05,0.0,-1.0,-1.0,0.0,-1.0,-1.0,-1.0,-1.0,-1.0,3227.0267,0.015451065217402915,-0.012565312831158137,-0.06279346867504998,-0.0964048422654824,-0.03883869321564637,-0.0561384571128587,0.0019966088071932094,0.002387118345054585,0.4932602002573252,1.3287929901224125,0.0051672194741524385,0.004729768392614624,0.007199274473671574,-0.6383310390559445,0.00624906346669798,0.0027779114698742906,-0.6976805558534904,-0.8106505759357285,0.003093917371209067,-0.01376903516715785,-0.9737836325362088,-0.8821369950066116,0.004869989620797814,-0.007627996008680636,-0.9373560483160522,-0.7344235951424462,0.0066680368306327965,-0.007103956695450724,-1.0126502556553973,-0.3526929880886315
501,2022-08-12,0.0,-1.0,-1.0,0.0,-1.0,-1.0,-1.0,-1.0,-1.0,3276.8877,-0.005739989197676931,-0.004526703798851672,-0.07705396800750919,-0.06289239023967774,-0.036847005773191444,-0.05725853833807004,0.0021183065436321483,0.0027659246217854932,0.5638488971310283,1.49857350412215,0.005000205884776895,0.0056736662658619565,-0.0020711768650495737,-0.5066686998016017,0.005615883064869587,0.002726174784967523,-0.7460756595527546,-0.7898685478695667,0.0021831054578281828,-0.014209557323508197,-1.000737268896859,-0.8628183847210543,0.0044710911114169746,-0.008085486636550539,-0.9365273245888568,-0.7185156305797397,0.006091173842530145,-0.006960813176056402,-1.0138450545719642,-0.3275189371089833
502,2022-08-19,0.0,-1.0,-1.0,0.0,-1.0,-1.0,-1.0,-1.0,-1.0,3258.0784,-0.006708187255407894,-0.04041667628378742,-0.057116980364867787,-0.05241918058202644,-0.015692746988531514,-0.030828570607754457,0.002045353759245012,0.003098945704337112,0.5380769115302848,1.6478198801163957,0.004909974615315466,0.006470726180118923,0.0014451636112929797,-0.3873119637479595,0.004865197010705974,0.0025374045562060327,-0.8045098117938227,-0.7826039382430475,0.00159310253304119,-0.014559905265379727,-1.0114918961884694,-0.8415333474890101,0.004097723480765982,-0.008580801662545228,-0.9342699332243631,-0.7040463742649435,0.005513778881230518,-0.006633346051334796,-1.0142463219895654,-0.30104711436720344
503,2022-08-26,0.0,-1.0,-1.0,0.0,-1.0,1.0,-1.0,-1.0,-1.0,3236.2226,-0.015371161427523594,-0.04568693760435405,-0.060964131453751125,-0.04294494451648667,-0.021124937450223702,-0.012643351542010794,0.00196705667739408,0.0029738158459384463,0.5139445046037862,1.5046151536139454,0.004500969253405342,0.0066166147259604435,-0.040330949773356176,-0.3366050987370504,0.0043094363202898014,0.0019519230774480718,-0.8387846153961501,-0.7982424844002868,0.0011112701493397707,-0.015617682313801132,-1.0160024815240225,-0.8451237794970271,0.003921327994076169,-0.009001944556002301,-0.9239842698313183,-0.6883609618388992,0.005185319642027352,-0.006400093926203245,-1.0038057274951475,-0.2897597600143054
504,2022-09-02,0.0,-1.0,-1.0,0.0,-1.0,1.0,-1.0,-1.0,-1.0,3186.4781,0.023717752838157136,-0.05086731962789881,-0.08490640497419388,-0.026607714642695846,-0.044127621652256144,0.024583787348169794,0.0014768989319422915,0.0024910649286401495,0.2942520833388999,1.1814008165211776,0.003948460354737721,0.006072454850650467,-0.10258768029632495,-0.3725771198570911,0.003549156657162771,0.0012031320847860757,-0.8926519882477943,-0.8355445161284296,0.0007290338940562184,-0.015994142554560397,-1.0155349594239567,-0.8284928594010302,0.0033629803874282212,-0.009551854909927575,-0.9276265956584484,-0.6761972210948776,0.004483780739701301,-0.007091031796227485,-1.00856720051037,-0.3069980904207214
505,2022-09-09,0.0,-1.0,-1.0,0.0,-1.0,-1.0,-1.0,-1.0,-1.0,3262.0542,-0.04158621889237768,-0.07285706656866708,-0.05863109202783934,-0.03246727169646657,-0.05297162137894584,0.0008459700025829076,0.0016896286191990404,0.0027005800339561306,0.42142117563948805,1.2675487717893548,0.003693858062781665,0.005821699882217301,-0.11981064681696611,-0.37651201294333,0.0029114105661905863,0.000575023045855238,-0.9310492600106198,-0.8814275872380077,0.000871984743812719,-0.01585335185097799,-0.9917567064906615,-0.7972822308323828,0.002950941144336687,-0.009957667782234607,-0.9256722039448587,-0.6593163185790165,0.004477344053502363,-0.0070973712169460895,-0.9856294885562185,-0.2986846066622231
506,2022-09-16,0.0,-1.0,-1.0,0.0,-1.0,1.0,-1.0,-1.0,-1.0,3126.3977,-0.012163583666914835,-0.017403703949756544,-0.012508037605068578,0.025765276119541713,0.009991946961834142,0.04382302353919987,0.0012961640898087618,0.0023130611907877497,0.24671271166530745,1.009593667001685,0.003117967765011422,0.005254511926724479,-0.1865766476317321,-0.4443787034997032,0.0024914354150542785,0.00016139418589166104,-0.9457029165250689,-0.9427444801669856,0.0008426779054713437,-0.01588221583042888,-0.9770257739051335,-0.776323346420742,0.0022241039882245003,-0.010673521621321107,-0.9351219295241562,-0.6527459748533804,0.004257997717112602,-0.007313402986474844,-0.9729789407176174,-0.2953874661115335
507,2022-09-23,0.0,-1.0,-1.0,0.0,-1.0,1.0,-1.0,-1.0,-1.0,3088.3695,-0.020716109260889848,-0.016008576693948062,0.002873263707597218,0.02573788531456489,0.03462552003573416,0.055791219282537385,0.0014086669947083836,0.002423864051791111,0.2940745230111483,1.0454717497228163,0.0031656475921019384,0.00530147125865007,-0.27772068236220615,-0.4322985467008451,0.002722639935463552,0.0003891049491036398,-1.025336850471785,-0.8935511256706135,0.0011894368094412227,-0.015540696838785653,-0.9732723257668298,-0.7373416585290753,0.0020576230971402,-0.010837486801162349,-0.9668961253621589,-0.6315864344558294,0.005040329883317446,-0.006542892728559323,-0.9411433762199177,-0.26529253332203306
508,2022-09-30,0.0,-1.0,-1.0,0.0,-1.0,1.0,-1.0,-1.0,-1.0,3024.3905,0.0,-0.03586335825350606,0.025559761545342896,0.007100901818068772,0.07949479407503768,0.06600794441061764,0.001222859701988988,0.0022408645137172527,0.2222350774648019,0.9256991510903368,0.0029524250905792393,0.005091470786039272,-0.29228942145021536,-0.45957542528666345,0.0028918080045407333,0.0005557167006925417,-0.9747615150014423,-0.8546677193170228,0.0011976872181774009,-0.015532571102892608,-0.9579368856669577,-0.7071262888383825,0.0019297587867590383,-0.010963418939742202,-0.9539425150921366,-0.6089342283829766,0.005587104316599984,-0.006004380664490828,-0.9014410564541496,-0.2660690749148174
509,2022-10-07,,,-1.0,0.0,-1.0,,,-1.0,-1.0,3024.3905,0.01573748495771299,0.015343884991042112,0.04356371969823347,0.021448090119315033,0.07949479407503768,0.08027045449322778,0.0010959494417508678,0.002115872008522733,0.1793545901203611,0.8416818886351334,0.002551128821726082,0.004696238549693227,-0.3405124965048223,-0.5179775154778211,0.0033051613530179023,0.0009628238207927227,-0.9002303344503205,-0.7940335664445688,0.0010384789989754915,-0.01568937350900435,-0.9503783038748216,-0.6841063335963603,0.0022043367608114376,-0.010692990143964366,-0.9272250493711425,-0.5736648159712324,0.005850305016463493,-0.005745157219647475,-0.8746711937306517,-0.27724296159811235
510,2022-10-14,0.0,-1.0,-1.0,0.0,-1.0,-1.0,-1.0,-1.0,-1.0,3071.9868,-0.010761016290825265,0.004982378179489544,0.0439335872146327,0.027880881519412704,0.06231117269123687,0.08346582088178245,0.0012139574450534918,0.0022320967797754463,0.2621952751062547,0.9337429930786033,0.0026030424498855176,0.0047473677052493595,-0.3082802931668211,-0.5006020335867745,0.0035226838716003604,0.0011770593324277098,-0.8501667525746469,-0.7533881864053121,0.0007126943512332888,-0.016010235188736222,-0.9499825786146074,-0.6686219633368617,0.0019143353099473764,-0.010978609350682044,-0.9221003913113265,-0.5572347562885037,0.006187371619492915,-0.005413184067508279,-0.8464294607291362,-0.2869701711629058
511,2022-10-21,0.0,-1.0,-1.0,0.0,-1.0,1.0,-1.0,-1.0,-1.0,3038.9291,-0.04047590317260119,0.01918902945119716,0.042425636057122906,0.05145786389027629,0.07296790833323508,0.06289962473951771,0.0010648432681846026,0.0020852358838014643,0.20637588618212946,0.83946718563828,0.0027922879963199238,0.004933753541204312,-0.25152301480712214,-0.43863022846220195,0.0038293227537952793,0.0014790645604027958,-0.7921011806817845,-0.7006947630948221,0.0004901989922403288,-0.016229368395637735,-0.9448603887986057,-0.6763143772465295,0.0026698026151635457,-0.01023455799585582,-0.8807054444672785,-0.5434126961687384,0.006645920376175114,-0.004961564492038173,-0.8148976374349954,-0.2927289487524813
512,2022-10-28,-1.0,-1.0,-1.0,1.0,-1.0,-1.0,-1.0,-1.0,-1.0,2915.9257,0.05311201859498693,0.06370789900442264,0.04456241803417704,0.11964917350260329,0.10566064834916755,0.11475611329877156,0.0006885157906849182,0.0017145951326284423,0.028705172904602064,0.5819673414234156,0.0031792633906773276,0.005314881307380318,-0.15899736808838963,-0.34006888795219475,0.00406013598990422,0.0017063899520549774,-0.7444453088304614,-0.658365159675123,0.0005866521099629346,-0.016134372791694038,-0.926444632466619,-0.6720398394377887,0.003446347838922682,-0.00946974723325571,-0.840665529214048,-0.5306663604972574,0.007421945227494899,-0.004197266238471671,-0.7730840372676215,-0.28889723710646975
513,2022-11-04,0.0,-1.0,-1.0,1.0,-1.0,1.0,-1.0,-1.0,-1.0,3070.7964,0.005371961488557231,0.02779337633716117,0.006011958331070044,0.06318146002776337,0.0639453986594487,0.06345497213686957,0.0009146844185695824,0.0019373461012472948,0.17240874756425495,0.7631237167769758,0.0037482932168985635,0.005875312460671984,-0.03293502771347015,-0.20454709618479713,0.004137219197338814,0.0017823083465772233,-0.7150342342195843,-0.6344220875380773,0.0007727254495208148,-0.01595111122704503,-0.9052296021949277,-0.6658944538054092,0.003691938293755588,-0.009227867923073606,-0.8210263522120294,-0.5371953026071509,0.00863067055766291,-0.0030068060910706292,-0.7170263195404796,-0.2712708073872076
514,2022-11-11,0.0,-1.0,-1.0,1.0,-1.0,-1.0,-1.0,-1.0,-1.0,3087.2926,0.0032230829044190834,0.03875810151587178,0.02278497995298534,0.05704457685675801,0.07809434713120478,0.06010690402328556,0.0011869388878756365,0.0022054865030171674,0.34471584364068797,0.9838199311568689,0.004160993669020219,0.006281776550406026,0.0652920025637986,-0.09137250292940169,0.003825045887143765,0.001474852321958456,-0.7277498914129893,-0.6513843853561108,0.0010057379912208758,-0.015721619763752893,-0.8835137595391578,-0.6600988238245546,0.004530574075432786,-0.008401904859875086,-0.7815062262782739,-0.5248845640912069,0.009796405646085651,-0.0018586865550951834,-0.6651659888058075,-0.2563453511639345
515,2022-11-18,0.0,-1.0,-1.0,1.0,-1.0,1.0,-1.0,-1.0,-1.0,3097.2432,0.0014367615691270874,0.022799113740890498,0.03166128510670396,0.05276634395387503,0.042887623419433085,0.07438954099568296,0.0012352800410452033,0.0022530971676499494,0.3958980164555077,1.013108878722084,0.004273341971203902,0.006392427144912267,0.10878107845883814,-0.03164532045606861,0.003400337058627333,0.0010565613157396021,-0.7514454891829536,-0.6813701081394103,0.0015727199456905018,-0.015163205536595253,-0.848849859966978,-0.6434584224125922,0.004790393646571025,-0.008146011451145163,-0.763727944897733,-0.5327572559869123,0.010743326593919949,-0.0009260746349170502,-0.623943545162669,-0.24975545478060024
516,2022-11-25,0.0,-1.0,-1.0,1.0,-1.0,1.0,-1.0,-1.0,-1.0,3101.6932,0.017555250145307788,-0.01799881432502748,0.05259082361853196,0.039440103231357604,0.04799081998180843,0.07623555418053596,0.00129027303217849,0.0023072591535838903,0.45179085068187563,1.0461537796180909,0.004103606672219535,0.006225256734890328,0.09951295319115715,-0.02740705387645576,0.003088844794282457,0.0007497760456114952,-0.7622091416172682,-0.6999851765795659,0.0019524995302864449,-0.01478916484349988,-0.8236381096050925,-0.6361512811284257,0.0051735707686423864,-0.0077686245611406565,-0.7428589780422215,-0.5360448831741045,0.011699000126520387,1.51576087463242e-05,-0.5844657304872448,-0.24167124699706
517,2022-12-02,0.0,-1.0,-1.0,1.0,-1.0,-1.0,-1.0,-1.0,-1.0,3156.1442,0.016097490095668077,-0.02119240939625,0.034431126435857884,0.03517440679674899,0.034697242286965135,0.04597803230917008,0.0013231510747162994,0.0023396403723677938,0.459556173857164,1.0306617523691817,0.003518773956051095,0.005649261490877319,-0.11426627371469544,-0.26699180241619647,0.0029227322206717603,0.0005861736175575847,-0.8731906379176302,-0.8313576009568457,0.0017802383459437996,-0.014958822969945785,-0.840927772731556,-0.6714956109558488,0.006009895488938466,-0.006944937636617937,-0.7395955986774019,-0.5575233150578138,0.012498103918120633,0.0008021860541623845,-0.5656246353291723,-0.2502247345598417
518,2022-12-09,0.0,-1.0,-1.0,1.0,-1.0,1.0,-1.0,-1.0,-1.0,3206.9502,-0.012189961665136084,-0.015377133078025351,0.01760417109065182,0.03786853316275374,0.02055223682612839,0.0362725931946184,0.0012957183435479155,0.0023126221802481787,0.4480281787362004,0.9729119381963287,0.002789816250324714,0.004931319146037481,-0.49161887841369156,-0.6999061126674821,0.0027253607208220553,0.0003917846203722831,-1.058035523058464,-1.0419077484306665,0.0021990281143535965,-0.014546361580258618,-0.8379471861815616,-0.6863335016373889,0.006761845291682479,-0.006204350630893139,-0.7522273403617243,-0.5928677407447275,0.013239200796959312,0.0015320841357208577,-0.5640654439555588,-0.26980873212146544
519,2022-12-16,0.0,-1.0,-1.0,1.0,-1.0,1.0,-1.0,-1.0,-1.0,3167.8576,-0.03850905419486028,0.008664625581654928,0.02929923365242182,0.01964071869897177,0.05044043015064825,0.05260501608405632,0.001070742497250902,0.0020910459689618753,0.34504436332870064,0.7931348723615298,0.0022682562312239148,0.004417640478336429,-0.6274638279344447,-0.85136499996527,0.003166373554581087,0.0008261332601989559,-0.970430497064102,-0.9600808160844655,0.0023385611566830184,-0.014408937037235515,-0.8242702373680983,-0.6870171933206805,0.007572701799979943,-0.005405747065387741,-0.7181170062505308,-0.5745303815884323,0.014056524487963948,0.0023370571576169716,-0.5326152025829853,-0.25449763495063477
520,2022-12-23,0.0,-1.0,-1.0,1.0,-1.0,1.0,-1.0,-1.0,-1.0,3045.8664,0.014246028650501508,0.07188345490137049,0.05849169878232363,0.06719913913492714,0.09596156285778012,0.07436160036434947,0.0007203399391388374,0.0017459383828390593,0.1663831838292097,0.5241930689924964,0.0021335558118679232,0.004284975531984038,-0.6419538290295276,-0.8759361289466375,0.0036987832085747675,0.0013504976127545164,-0.8771790235447404,-0.8747674849686973,0.002872658952171595,-0.013882910052878759,-0.7951821350317894,-0.6722187725451626,0.008661520251876538,-0.00433338187009759,-0.6758104846513693,-0.5465364264137991,0.014866362443027798,0.0031346575613598725,-0.5038552927998138,-0.2414211098682737
521,2022-12-30,0.0,-1.0,-1.0,1.0,-1.0,-1.0,-1.0,-1.0,-1.0,3089.2579,0.022134312580377236,0.056827855000386895,0.057587228311368976,0.05709973259273693,0.0686247658377761,0.06289011998642136,0.0006116044305393984,0.0016388459885917886,0.12978721778616234,0.4397819130085279,0.0025739146455112747,0.004718680054363445,-0.4654272554189762,-0.6910877672893103,0.004125780512228698,0.0017710425127087865,-0.8019742198778786,-0.808217534021932,0.004268451840312982,-0.012508209146158179,-0.7312649877210259,-0.6211422134569866,0.01003781665786683,-0.0029778828320200287,-0.6250052239466833,-0.5075471028697306,0.015955627385697963,0.004207462500451894,-0.4661956609325819,-0.21829602229946715
522,2023-01-06,0.0,-1.0,-1.0,1.0,-1.0,-1.0,-1.0,-1.0,-1.0,3157.6365,0.011929618877916992,0.0334963825000123,0.05407721883123662,0.036490489009738836,0.052456354618398926,0.017376065927791284,0.0007877653609468746,0.0018123449316064435,0.26477010170407383,0.5650280987452506,0.0031150082337324035,0.005251597117251457,-0.2510278756883852,-0.45481216800209257,0.005249236838186854,0.0028775221652969033,-0.6449723015965112,-0.659481065351023,0.005706175041374415,-0.011092211540135007,-0.6687128015166927,-0.5704316133725673,0.01147322475863351,-0.0015641653425538266,-0.5745657063236855,-0.46743946133678854,0.01732346183341164,0.005554627449844571,-0.4196710275266107,-0.18501980736271997
523,2023-01-13,0.0,-1.0,-1.0,1.0,-1.0,1.0,-1.0,-1.0,-1.0,3195.3059,0.021753128550227485,0.020457352768634918,0.010881806339731126,0.04141694227147408,0.043562933990138664,0.01087930266707815,0.0009456028596305014,0.0019677973303099594,0.38947700247820416,0.6741509489506358,0.004055557307926711,0.006177933449880158,0.10473818286210555,-0.04995046585992214,0.005910756840494379,0.0035290458653473404,-0.5507222962807403,-0.5722864170702985,0.0070031623659009,-0.00981482313517915,-0.6148102512131354,-0.5280133296466816,0.012784410235135954,-0.0002727933354740933,-0.5309755221787432,-0.43303686343905806,0.018186874483287117,0.006404992975233035,-0.39532107870376637,-0.1755907867575192
524,2023-01-20,0.0,-1.0,-1.0,1.0,-1.0,-1.0,-1.0,-1.0,-1.0,3264.8138,0.0,-0.012493668092189436,-0.00437017265731976,0.02246336376059177,0.0023119542070055843,-0.010232834717863515,0.0011433721578772982,0.0021625781147165853,0.5414752350474719,0.807537631329884,0.00471005496232334,0.006822540917499238,0.3605404880859364,0.24023500347425555,0.006565643668222049,0.004174036625456007,-0.46124546999971744,-0.4890996729326591,0.008204062203110572,-0.008632070228842863,-0.5671059043721931,-0.4910273189025022,0.013713012369632722,0.0006417765889902925,-0.5037382738814091,-0.4160003413645638,0.018713523350041242,0.006923683592445105,-0.386280713496759,-0.1841959975471922
525,2023-01-27,,,-1.0,0.0,-1.0,,,-1.0,-1.0,3264.8138,-0.00043123439382664053,0.0007185402120024609,0.00025725816277799574,0.011162566146957653,0.005736284256088409,0.0026097353545859736,0.0011433721578772986,0.0021625781147165853,0.5600569666015675,0.78711607246721,0.004702375199231599,0.006814977204160886,0.3791096494393061,0.25967274106607235,0.00750106895972924,0.005095326601447092,-0.3420238221648618,-0.3764416114982741,0.00910889200950215,-0.007740913406192319,-0.5348644308786928,-0.47002073442439574,0.014346057190809947,0.001265255399536383,-0.48935246260805215,-0.41292072127777824,0.019080920763548916,0.007285529222815323,-0.3848563779272261,-0.2023685538008353
526,2023-02-03,0.0,-1.0,-1.0,0.0,-1.0,-1.0,-1.0,-1.0,-1.0,3263.4059,-0.0008373153949375878,0.019913796196789235,0.0028970653022353243,0.01834546539245996,-0.01559784518376961,0.0030422816849107193,0.0011433721578772986,0.0021625781147165853,0.5790276487488416,0.7670341041507595,0.004702375199231599,0.006814977204160886,0.39684754708086895,0.2785802045654661,0.00750106895972924,0.005095326601447092,-0.343996917971791,-0.3844428160477252,0.00910889200950215,-0.007740913406192319,-0.5446634998268571,-0.49385123266601516,0.014346057190809947,0.001265255399536383,-0.49986931347831554,-0.4374948361988851,0.019080920763548916,0.007285529222815323,-0.3996000071935867,-0.24115128342236153
527,2023-02-10,0.0,-1.0,-1.0,0.0,-1.0,1.0,-1.0,-1.0,-1.0,3260.6734,-0.011239733485727266,-0.009383583158006692,0.020539407595989267,0.02264237810508707,-0.00938603663893478,-0.01797515200387756,0.001006010533799374,0.0020272921774025033,0.5093075906242508,0.6502583565153306,0.004382219093092217,0.006499659012514276,0.29761727110428304,0.16322928085440733,0.007881388346839015,0.005469898940040549,-0.29897363460468157,-0.3455344197496881,0.00948885461053393,-0.007366692462242784,-0.5379600839298401,-0.5007778613405219,0.014278892684029765,0.0011991058230808767,-0.513051853718666,-0.4659352711841197,0.01881878979199332,0.00702735934149657,-0.42541678501873587,-0.2963962394997289
528,2023-02-17,0.0,-1.0,-1.0,0.0,-1.0,-1.0,-1.0,-1.0,-1.0,3224.0243,0.013379365658007014,0.00822627174367141,0.03539929894449001,0.014992939104087943,0.0022894368383017394,-0.008503378836195563,0.0005215209999589964,0.00155012381874016,0.20996672293317423,0.29034871771929543,0.004389104628034674,0.006506440499373158,0.32027972907059166,0.1873895882369749,0.008443304445513772,0.006023323862113109,-0.23235900008683696,-0.28478286022586385,0.00976222726849509,-0.0070974507688908155,-0.5363545585641623,-0.5138072300355958,0.014150574484926447,0.0010727266545417988,-0.5286594644459282,-0.4981849492345531,0.017920427229414202,0.006142572035418656,-0.4777809072511126,-0.38962290124227295
529,2023-02-24,0.0,-1.0,-1.0,0.0,-1.0,-1.0,-1.0,-1.0,-1.0,3267.1597,0.018741967220029077,-0.0004609508375119642,0.01043652687072516,0.00501414118201815,0.0018898372185478518,-0.00901654730866086,0.0011198157282021892,0.002139377648867677,0.6183998710796305,0.6986426391358431,0.0053433892746635285,0.007446304844675175,0.806386064525033,0.7479189654516547,0.009366844142996104,0.006932907848611265,-0.06632015900114255,-0.12474322400316153,0.010410620091977067,-0.0064588558814081196,-0.477244443810858,-0.45221505055168565,0.01453009020432407,0.0014465074697351827,-0.48438204602275775,-0.4520580456171903,0.016815265581868685,0.005054110608324921,-0.49573153998983044,-0.417444215339215
530,2023-03-03,0.0,-1.0,-1.0,0.0,-1.0,-1.0,-1.0,-1.0,-1.0,3328.3927,-0.02953861183507578,-0.01668447956877195,-0.0015377091771652251,-0.03481827730243492,-0.016542098533024574,-0.04826578906990153,0.0008034607621143282,0.0018278031578229201,0.409511187135721,0.4465580525060001,0.0056804122964763705,0.007778235074158403,1.0004408239676326,1.052209133065795,0.009688280763685012,0.00724948720480976,0.02108600814295765,-0.03790389479740075,0.010666231425847314,-0.006207107118805256,-0.435432207154279,-0.4097138870199138,0.014271618038911117,0.0011919411059329067,-0.464859928053222,-0.43369718543576713,0.015679589892551665,0.003935596240535376,-0.5175081939461357,-0.4501621817518145
531,2023-03-10,0.0,-1.0,-1.0,0.0,-1.0,1.0,-1.0,-1.0,-1.0,3230.0766,0.0063371252557911095,0.030206435352028604,0.03232932618378159,-2.476721449817809e-06,-0.00867295221419817,0.014194431178505162,0.0009755822167611637,0.001997323666043981,0.5069334176676873,0.5435276501790423,0.006339226671229428,0.008427094031692969,1.2772409458636909,1.5299541715563685,0.010351352956081045,0.007902539639631808,0.14628020514046136,0.09894575228763726,0.010895439815217785,-0.005981362322874156,-0.39548771226826374,-0.3686229393526639,0.014321592121011644,0.0012411600241261436,-0.43300987852771994,-0.4013705448289435,0.014754650216657042,0.003024633430854266,-0.5317108084863875,-0.4737354766018731
532,2023-03-17,0.0,-1.0,-1.0,0.0,1.0,1.0,-1.0,-1.0,-1.0,3250.546,0.004647742256224108,0.026951318332366414,0.006711457090593509,-0.005888395364963328,-0.01659315081220203,0.01154827527436919,-0.001259114322767536,-0.00024499069833929226,-1.012641121902117,-1.1791868307558808,-0.006409692365827927,-0.004330294883486957,-3.5825061898253,-4.70644428126235,-0.011651433450447106,-0.014104311540240026,-2.79313047954051,-2.9514356472015026,-0.0018427325182890156,-0.018717470646995568,-0.9878652738339048,-1.021301217525157,-0.014145426215734308,-0.027212039777503902,-1.5781850634606291,-1.6991158016133285,-0.007985025032974115,-0.01969688562313123,-1.5896134211045214,-1.8024698328757536
533,2023-03-24,0.0,-1.0,-1.0,0.0,-1.0,-1.0,-1.0,-1.0,-1.0,3265.6537,0.0022067557255076586,0.010902503226230209,0.005477616931642393,0.0023518721534987463,-0.00855954199920217,-0.023396755142775838,0.0014055468968522463,0.0021796276534300453,0.7678496432079842,0.6530501423619787,0.006658923775365935,0.007380067829970082,1.2727297601060428,0.9404691628261245,0.010310733729700525,0.007112747651695428,0.20840178164628365,0.10430629522479516,0.010274947206134588,-0.006427788418383688,-0.3556491560576212,-0.31829196468578985,0.011398694149209217,-0.0015394842960099412,-0.4644700616224764,-0.4374646316479183,0.011648023636041505,-0.0008340541281112706,-0.5939203949642669,-0.6127344693579011
534,2023-03-31,0.0,-1.0,-1.0,1.0,-1.0,-1.0,-1.0,-1.0,-1.0,3272.8602,0.01673933399293981,0.015403774350031929,-0.018441484301712663,0.00014479689661039963,-0.032117167729926344,-0.04305322909912257,0.0014129959332551813,0.002150706338497989,0.7440213904758252,0.600824951596232,0.006696688702728694,0.007596707639254534,1.2394514446397942,1.1125888478390136,0.010266910824177975,0.007043730365017693,0.20639934243442873,0.1194984637113579,0.010200291679657438,-0.005924378225159374,-0.3314885398804826,-0.26026151394881164,0.01120829127997655,0.00024227176912116483,-0.4429047852539373,-0.31765752534368363,0.011315838751969145,0.0018248779260988468,-0.5826925706158479,-0.4114675957671375
535,2023-04-07,0.0,-1.0,-1.0,1.0,-1.0,-1.0,-1.0,-1.0,-1.0,3327.6457,0.0031574274869468066,0.002060646059765414,-0.029323163821196485,-0.03773941438537165,-0.015542520046530228,-0.07920644917215791,0.0015501169117260927,0.0024996462157957002,0.8058489685830031,0.8578729827185388,0.006774040662043563,0.007916095925275013,1.2190805266551494,1.2977794377283967,0.010007076683873559,0.007050285120513073,0.16985076501622912,0.14319946671557188,0.01010667367390786,-0.005345788520597338,-0.3082353219458857,-0.1961490630984152,0.01080868602154964,0.0019041158616629056,-0.4309664006721535,-0.19878588347066614,0.01081077148764113,0.004706607640408216,-0.5813299213250116,-0.18395330042924832
536,2023-04-14,0.0,-1.0,-1.0,1.0,-1.0,-1.0,-1.0,-1.0,-1.0,3338.1525,-0.011052520818027323,-0.019708686166974188,-0.031977867997342924,-0.04240168775992115,-0.014998805476981736,-0.06138299553420645,0.001563197201228117,0.0027973628072858717,0.7827195467514773,1.0688955599548287,0.006729275888642207,0.008471851189220626,1.1785160789191698,1.5166412792204964,0.009653370465121299,0.0072662908921258835,0.11718169925251429,0.1860823590141554,0.009671999458232258,-0.0041056145434969875,-0.30252082004113234,-0.09157715826839621,0.010561431563570225,0.004339447854911433,-0.41234694646017694,-0.03470993921662005,0.009991312096873688,0.007411610461949301,-0.598724925084804,0.04098547666813379
537,2023-04-21,0.0,-1.0,-1.0,1.0,-1.0,1.0,-1.0,-1.0,-1.0,3301.2575,0.006669307074652631,-0.005366379326665616,-0.00845841319557783,-0.019252148613066455,-0.03392934359104072,-0.05589942620349986,0.0014522660427898656,0.0025254374173815436,0.6800454196406853,0.8108798399854955,0.006494455814292972,0.008430443806565826,1.0904943418566995,1.4302514681950371,0.00928381784621197,0.007153153221797204,0.06464014962418366,0.18035279620430777,0.009197971194736393,-0.0015966296932313755,-0.29873768803314954,0.09541495930983092,0.010322652986433756,0.006944153629514487,-0.39345285558781534,0.14658827140744593,0.009345798491406283,0.009903556429955237,-0.6081313546832179,0.2613885817894299
538,2023-04-28,0.0,-1.0,-1.0,-1.0,-1.0,1.0,-1.0,-1.0,-1.0,3323.2746,0.003378655498404992,-0.03333182277504254,-0.015027497276331014,-0.046800044751041714,-0.05757020500201826,-0.06184598768937133,0.0014979181996014478,0.0025964798848779422,0.6943509285319353,0.8497214637318404,0.006390235990248021,0.008366673582852244,1.0466751697019394,1.3613081858568064,0.009124647514584285,0.007800356417701835,0.04688652951433906,0.2905180154470707,0.008938314590131318,0.00044517993651258057,-0.28284962843536693,0.2579544497676048,0.00991981239862769,0.009884973906542138,-0.3824269275292149,0.35273932229287996,0.008760441700031483,0.01228909868222195,-0.6167147898649498,0.4847655769698964
539,2023-05-05,0.0,-1.0,-1.0,-1.0,-1.0,-1.0,-1.0,-1.0,-1.0,3334.5028,-0.018635731839841463,-0.03131927194663031,-0.03971821526135777,-0.01756696680536618,-0.08109997688410997,-0.060600099061245416,0.0015114897061576254,0.003250079481120431,0.6991158970026133,1.435394531040059,0.006043438519490944,0.008339176855641943,0.8853003370681907,1.3077748676145713,0.008910842151096627,0.008457495074544153,0.029543074645285262,0.40690248881869023,0.008443351834352308,0.0023149323275599137,-0.2794797176022343,0.4173752576218556,0.009316610748548362,0.013038116973416001,-0.381897292834398,0.5820932771079906,0.008130148534850602,0.015413374729839946,-0.631153323390587,0.7768588767620248
540,2023-05-12,0.0,-1.0,-1.0,-1.0,1.0,-1.0,-1.0,-1.0,-1.0,3272.3619,0.0034164314160973763,-0.012515852846227027,-0.023149242753376376,0.00480457250159283,-0.04251216835155047,-0.042761254493275946,-0.0007798060806910156,0.0008256706356785989,-1.3771981430305533,-0.9520553276144864,-0.0037104175273719904,-0.001138927557285921,-3.335561882850768,-3.2647176126876403,-0.010196006966588244,-0.009038048087489503,-2.405260801596981,-2.1595067890721373,-0.0022250556713319623,-0.0056954272582520945,-0.8811559276624218,-0.07910814069655242,-0.0144449345893293,-0.0072343597558549464,-1.6164580026284618,-0.6194305044072909,-0.006513453478954412,0.0032531501996819,-1.5772003211416659,-0.16056106583828098
541,2023-05-19,0.0,-1.0,-1.0,-1.0,-1.0,-1.0,-1.0,-1.0,-1.0,3283.5417,-0.021634535660077114,-0.0031087164204433027,-0.01396068763189462,-0.02871707096029885,-0.050805689478528704,-0.0460204601634876,0.0013406052870042636,0.0024299372135488276,0.529243463976927,0.6249546010593502,0.005716935156354902,0.009036032807825813,0.677437992268848,1.4867486401270638,0.008466665196298864,0.013804256807920058,0.06579749098881077,1.2748753969413873,0.00819396836955605,0.00790187541606055,-0.2111164614708503,0.9084720457978247,0.008501819307428167,0.020421764606865872,-0.3262041127230569,1.1750824719836697,0.007508496856042374,0.021554417342349422,-0.5926884717350488,1.418014322978337
542,2023-05-26,0.0,-1.0,-1.0,-1.0,-1.0,1.0,-1.0,-1.0,-1.0,3212.5038,0.005467635555792993,0.018935479547137035,-0.013932621651684962,-0.025074149328632722,-0.029497365886384408,-0.03872515263639531,0.0011427421449815602,0.0025817674106754234,0.30357465241751186,0.7596589432398702,0.005636028154900508,0.010236060993101629,0.6179914735108399,1.9276926573939326,0.008261348713414954,0.01678829166348271,0.06783212634097054,1.709767574691847,0.00786004042140955,0.01188500867448309,-0.19494794408594698,1.244509518695915,0.007978943321427151,0.023636851773186106,-0.32212173879571954,1.436772149115907,0.007033502199814502,0.025170258204379528,-0.6034414125330897,1.7543435143800172
543,2023-06-02,0.0,-1.0,-1.0,-1.0,1.0,-1.0,-1.0,-1.0,-1.0,3230.0686,0.0004138921383898264,-0.008670496967154162,0.014196943061828282,-0.051390208864294684,-0.03022753139050982,-0.07647209102617825,-0.000470353941289884,0.0009715063304547767,-1.4782673990764268,-1.0755399619139634,-0.004380030424356598,0.00022276614290217458,-3.2476834055248807,-2.397640287091925,-0.011199544141106126,-0.002655273473795041,-2.4258822862731315,-1.1625861791572218,-0.001734992890540265,0.002317032095587217,-0.8217364036275083,0.6027088554275897,-0.016605686268947165,-0.0009220731834866103,-1.8172591916587355,-0.16318207189489248,-0.009292058371947853,0.008871511388217988,-1.846535065485958,0.3893268355580288
544,2023-06-09,0.0,-1.0,-1.0,-1.0,1.0,-1.0,-1.0,-1.0,-1.0,3231.4055,0.012975344629450047,-0.010768162646254131,0.017539952816197246,-0.03037650335125064,-0.030628746531501494,-0.06610785925814633,-0.0004075841915990516,0.001002661478257168,-1.4035309033877352,-1.0692855792476232,-0.004691759929726477,7.030990502000355e-05,-2.9910259407197666,-2.286012457500975,-0.009435761434627316,-0.0017674813646991958,-2.0948341652119495,-0.995868026089002,-0.005243194716540351,0.0005704965768960945,-1.0713649253277924,0.5347034933291308,-0.017575587571603716,-0.0014025463417521068,-1.8718446290665416,-0.1571719115841455,-0.014023748332169354,0.006511206841341526,-2.1907066409743376,0.22258351447622104
545,2023-06-16,0.0,-1.0,-1.0,-1.0,-1.0,1.0,-1.0,-1.0,-1.0,3273.3341,0.0,-0.010885812114321047,-0.025688211906019665,-0.04784571180803088,-0.043045560182811804,-0.0740946058637888,0.0008632026800460793,0.0018364884805581506,-0.05835577673944067,-0.145920740943544,0.003506238721062484,0.008486039124464748,-0.11282966192321656,1.0647879750056497,0.004822856926474026,0.011623775610255386,-0.19394342147985869,1.1194381521345333,0.0034557984840978204,0.010110939810118243,-0.37564424320265677,1.3937516025967436,0.004627404324418081,0.021240116490755613,-0.3558388519054205,1.5937045613343168,0.0033877680682619267,0.025642529997106603,-0.7375534278181324,2.03232336860775
546,2023-06-23,-1.0,-1.0,-1.0,-1.0,-1.0,-1.0,-1.0,-1.0,-1.0,3273.3341,-0.021773457222102666,-0.032257293870491366,-0.04319177196119395,-0.047532789274397635,-0.05658909061558981,-0.07159800767052771,0.02698761063751653,0.027960896438028602,6.891877598933876,6.912600443897201,0.03319858000882402,0.038189666713218696,5.799055561442609,6.170042736253691,0.024005915548418064,0.03082580794555108,2.409925091481577,3.680058173436402,0.06091557594160642,0.06758831470873232,4.051561198100721,4.852827657424546,0.0545108011772716,0.07114100897336198,3.1849618897648426,4.443733306209753,0.058244983464532336,0.08052259372324397,3.710134006997744,5.116434887876596
547,2023-06-30,-1.0,-1.0,-1.0,-1.0,-1.0,1.0,-1.0,-1.0,-1.0,3202.0623,-0.00170299622215353,0.02306744625174839,-0.04309335268086445,-0.02174557940362376,-0.06839460931163022,-0.046125523541500124,0.010506783937968929,0.011489483243348704,2.2682002534932586,2.2666422270577438,0.01109865233111462,0.01610139738631717,1.3074512800668017,1.7811529143310996,0.0011449526742093354,0.00798398120755087,-0.670521843142841,0.48833503522618305,0.024302444807351116,0.030994400209954476,1.3489144436483598,2.359193807456029,0.017016393246382207,0.03366571135744505,0.6097540692735133,2.044434436228032,0.01450571342250457,0.0368023163915361,0.24489239424368778,2.0702226675269433
548,2023-07-07,-1.0,-1.0,-1.0,-1.0,-1.0,-1.0,-1.0,-1.0,-1.0,3196.6092,0.01285487134304697,0.028616260004507232,-0.019821784908833906,-0.020076773851492424,-0.05594209013726159,-0.04868831010059027,0.007444869796571454,0.010977437671206094,1.4191123780348995,2.003695161498527,0.014095287253557333,0.02102752102124844,1.8042936863563495,2.484015338545967,-0.009942178771104556,-3.693553275517861e-05,-2.1975854890106645,-0.6538429847674149,0.012764168696657705,0.020442944959796858,0.4893559970993229,1.681782656014665,-0.004385318261026642,0.014308731836894422,-1.0256474965682263,0.8627763295549805,-0.0006886767193972805,0.02472725119086067,-1.0249935049697516,1.2683672669025785
549,2023-07-14,0.0,-1.0,-1.0,-1.0,-1.0,1.0,-1.0,-1.0,-1.0,3237.7012,-0.021606688103275262,-0.014965309337377941,-0.03736666620131601,-0.032513685944830284,-0.06390444553685182,-0.06364558903706119,0.0005961405464711294,0.004122200923511273,-0.31587268203583674,0.28373560578511525,0.0019815833242265426,0.008912112093734248,-0.4973165077296158,0.34019862970309667,0.0020267307975820256,0.011930927324515932,-0.4296367632565607,1.1863434186700568,0.0010615554395073147,0.008734925623432106,-0.5335296455669518,0.9522950089454786,0.002120754118838629,0.02080992638949828,-0.46376504106072963,1.3105427008533759,6.467039494355287e-05,0.025482728596305952,-0.9399275172965543,1.308972026868518
550,2023-07-21,-1.0,-1.0,-1.0,-1.0,-1.0,1.0,-1.0,-1.0,-1.0,3167.7452,0.03415063181217981,-0.011298951695988602,-0.015784666014173165,-0.025142836614510555,-0.040652038554110925,-0.06256368094252018,0.008588707338844382,0.012116826053211545,1.6241172040855274,2.1274895519762325,0.016916587093926794,0.023854785097589613,2.204180204272861,2.692218980792646,-0.01199490148462006,-0.0020841324149324368,-2.4753607502059443,-0.9389517648359237,0.006181892414741577,0.01386168228657074,0.02571485437131628,1.316088391600631,-0.014795532852677306,0.00390563019201832,-1.968572239944976,0.2357903375237652,-0.010557141943055908,0.014878107191291992,-1.899349223465948,0.6275806188088604
551,2023-07-28,0.0,-1.0,-1.0,0.0,1.0,-1.0,-1.0,-1.0,-1.0,3275.9257,0.003711470012888185,-0.06466904911793314,-0.04380261127412011,-0.08939982979467442,-0.06763285260102203,-0.10176326648678269,-0.004642034693340964,-0.0011099818690620596,-1.5792170666309173,-1.004876957303332,-0.00901534072748365,-0.0020693556342244843,-2.320014022928429,-1.4736351878124176,-0.013877049925291858,-0.003960737714023563,-2.5277281195887866,-1.1959333457704173,-0.00893685917129618,-0.0012508853509634885,-1.5361583123071998,0.2828933609883348,-0.02259079847843633,-0.0038847064288037997,-2.4784441279237592,-0.2954794408877057,-0.023772588065855825,0.0016699443208910494,-2.8489155355854243,-0.2596914299063911
552,2023-08-04,0.0,-1.0,-1.0,0.0,1.0,-1.0,-1.0,-1.0,-1.0,3288.0842,-0.030058901776298663,-0.04709049117416142,-0.047338386285849965,-0.08220592404537563,-0.07515394526697328,-0.11353389307974526,-0.004096176014125379,-0.0008363972519668181,-1.3914486038404057,-0.9179442715349346,-0.012668937927757043,-0.0038947239216933207,-2.674018558652343,-1.6903501971695074,-0.01583524948631439,-0.004941253630337857,-2.563308626829884,-1.3029907904701044,-0.014211862405749367,-0.003888817783874736,-1.9746448336446478,0.09229418508183296,-0.02554735811958134,-0.0053619642178060626,-2.5109768809582103,-0.3991206467898654,-0.02889093667781819,-0.000887788683708127,-2.9453728175319918,-0.4403706006903683
553,2023-08-11,0.0,-1.0,-1.0,0.0,-1.0,1.0,-1.0,-1.0,-1.0,3189.248,-0.017965050068229238,-0.022741693339621172,-0.017814983344035973,-0.049682652462273214,-0.04941986324048808,-0.06719866250602025,4.36319999290221e-05,0.004102522549383978,-0.4016610370230655,0.2348815747004312,0.0006503987814108231,0.010483770515615935,-0.5432062909441193,0.5229396506332835,0.0018092681068271766,0.013667634203060408,-0.1999089676692784,1.4781194206586437,0.0006052407609636948,0.01301584670500974,-0.47653041581954547,1.1887057741068043,0.0006163572204201766,0.022330059823143414,-0.3657752749481076,1.416285965423941,-0.0020365543961120176,0.028572907405473545,-0.7815258256871682,1.4653370647630213
554,2023-08-18,-1.0,-1.0,-1.0,0.0,-1.0,-1.0,-1.0,-1.0,-1.0,3131.953,-0.02167283480946225,-0.0045369774067490765,-0.0140020939011537,-0.02968853619450862,-0.05185058651901864,-0.06474225507215459,0.012744389994062662,0.016806186981943947,2.3996149426513522,2.8794984842681046,0.012091452429109771,0.02192398619968017,1.2287195585920951,2.141055118032145,-0.012573986674920446,-0.0007166317527303456,-1.991671007614077,-0.661829068492875,0.0009059052328679283,0.013320783828015062,-0.44466370847752246,1.1623142216677984,-0.01932944319596898,0.002393254978364335,-1.8864819524823517,0.07226419020250642,-0.019493902310536118,0.011124975859126689,-2.0406482412509677,0.29316861822567547
555,2023-08-25,-1.0,-1.0,-1.0,1.0,-1.0,-1.0,-1.0,-1.0,-1.0,3064.0747,0.022575167635436655,0.02230914931675776,-0.026440673916990343,-0.0031687217025094805,-0.03965892215356248,-0.05942994797091594,0.007821012394070816,0.01229451979034767,1.2597203769646326,1.8121379254582783,0.009712840770206664,0.019617393821279888,0.8360248544001614,1.7119467700822324,-0.01277836491851485,-0.0007683206405262877,-1.9034148552086878,-0.6593146746700211,-0.003470334735942238,0.00886374022068293,-0.8712799160424671,0.8342379031658932,-0.023981732261210288,-0.001645102683050093,-2.10974813255932,-0.20869140372010975,-0.0259682340360961,0.007607199806028853,-2.3474105292469774,0.04189454290135317
556,2023-09-01,0.0,-1.0,-1.0,1.0,-1.0,-1.0,-1.0,-1.0,-1.0,3133.2467,-0.0052749118031466535,-0.0002601454906184797,-0.03685075292666873,-0.029450282354083424,-0.06972687468241812,-0.09605608138037769,-7.618445416138382e-05,0.004395320331821152,-0.46021316602203166,0.16876077506712567,0.0012075344374427432,0.011104958671052653,-0.47268662347711227,0.4795689559381508,0.00222225025470525,0.01422760370677376,-0.048805456638581206,1.497111218549062,0.0003176403541411306,0.012650711787974722,-0.49115475404625797,1.0441888997115467,-9.929516792489199e-05,0.02223726445436725,-0.3108268100809597,1.340058940122814,-0.003316671206727722,0.03026567961342144,-0.7065134798649421,1.48997456618862
557,2023-09-08,-1.0,-1.0,-1.0,1.0,-1.0,-1.0,-1.0,-1.0,-1.0,3116.7191,0.00032864687741662735,0.005041359036815463,-0.027567899846989707,-0.027298995280004457,-0.04549152344207075,-0.066254414778669,0.009677947306221386,0.01338513622511585,1.5936408670529634,1.9146286724598574,0.011350729565895319,0.020350209266426996,1.0607503706949488,1.7089440634623387,-0.014487546769445452,-0.0032113819121870066,-1.9867977376142905,-1.0177341300844018,-0.0034579431311125616,0.010072434497254052,-0.8558866224233429,0.8410622869623109,-0.026020443452945824,-0.0021968972245842797,-2.1129715041909236,-0.2948692366671941,-0.030320853981884034,0.0073072907372371005,-2.4315514865676358,-0.04463150687478736
558,2023-09-15,-1.0,-1.0,-1.0,1.0,-1.0,1.0,-1.0,-1.0,-1.0,3117.7434,0.004711163850110278,-0.009508255233576901,-0.025266190925141485,-0.047529248237683674,-0.06047967257343878,-0.12431792815277865,0.008613736983347792,0.012324215326808628,1.3145171778519968,1.621667874980162,0.010646538829297465,0.01964642642758628,0.9233572273723779,1.5376237549407854,-0.015956637647119756,-0.004678437124185913,-2.029693937402814,-1.2014777661123741,-0.00616699795769708,0.007371156570767484,-1.1005155069482613,0.6355660528590139,-0.028229283293832896,-0.004399859096566034,-2.126254272224946,-0.4525519351575925,-0.03439116162508796,0.0032470446322590083,-2.4858146255741547,-0.3319521702890048
559,2023-09-22,-1.0,-1.0,-1.0,1.0,-1.0,1.0,-1.0,-1.0,-1.0,3132.4316,0.0,-0.04768598937643198,-0.02492188496629899,-0.06061578487460029,-0.07995536119607516,-0.12842406518948402,0.008255596321773345,0.011961453108802683,1.1951204054592024,1.4831909000041523,0.008630757917079105,0.017630688901792042,0.5998762543935122,1.2159239462543612,-0.016879121288591772,-0.005602139833472047,-2.0058789853265666,-1.297276464037648,-0.010310013701515144,0.003229118004664418,-1.456900883378528,0.3395821998142657,-0.031522478726112586,-0.0076832468710194,-2.193398322440021,-0.6793855100526764,-0.0434403664038277,-0.0057940258015253595,-2.7587022056462636,-0.9422369632406848
560,2023-09-29,-1.0,-1.0,-1.0,1.0,-1.0,1.0,-1.0,-1.0,-1.0,3132.4316,0.0,-0.03660012879451213,-0.02919773252191682,-0.0694848053505781,-0.0958208632552423,-0.12842406518948402,0.007504429241506691,0.01121039023393021,1.0057072820815733,1.2874350900466984,0.0034923063787289724,0.012495204844788027,-0.17841321562640977,0.5097693709942822,-0.017650986397874595,-0.006367561825411781,-1.9665839773401264,-1.362597192193398,-0.014933751648642414,-0.0013866285614441303,-1.8127581303261282,0.013795672752052636,-0.0360219627794723,-0.012167456870655364,-2.3050649513572106,-0.9785567844738484,-0.05125010653857021,-0.013590477681419596,-2.875704078962949,-1.4402578534953576
561,2023-10-06,,,-1.0,1.0,-1.0,,,-1.0,-1.0,3132.4316,-0.014152743191583217,-0.032445688518785154,-0.032178132796259584,-0.05027940594137792,-0.07093814913628127,-0.040719356808940343,-0.00019440383850636515,0.0035138582963181635,-0.5599013649157019,-0.15891401815708486,0.0009234249702488768,0.009926860167833104,-0.560899518439992,0.1533691163572782,0.0008194770229334285,0.012110781130033995,-0.030232040783783436,1.1433404079003562,-0.0016915288747010211,0.011863801534582108,-0.5699089195865988,0.8703373756705828,-0.004092961653415005,0.01977887858577748,-0.3370768574847166,1.1259890076136134,-0.007875048443562072,0.029806336466160016,-0.5663083138398434,1.3871724550760969
562,2023-10-13,-1.0,-1.0,-1.0,1.0,-1.0,-1.0,-1.0,-1.0,-1.0,3088.0991,-0.034014646744983,-0.015909204468211535,-0.038385976667652866,-0.05146071899052718,-0.11591179182041145,-0.019778737023044335,0.006850049109599399,0.010561019694161847,0.847615507683488,1.119989827264901,0.00013920745739052706,0.009144188889632483,-0.6696854220048382,0.037238261477694753,-0.018699877588488976,-0.007401488258304285,-1.9502154909422167,-1.4634415908308922,-0.01955861666262431,-0.005997861635349771,-2.1016653147884274,-0.34844593571882343,-0.041159803131820945,-0.017278601300684638,-2.406621451371243,-1.3344266992076912,-0.057870749596405854,-0.020178401571672496,-2.868504157676448,-1.8356829711470937
563,2023-10-20,-1.0,-1.0,-1.0,1.0,-1.0,1.0,-1.0,-1.0,-1.0,2983.0585,0.011640971841484049,0.02390398981448061,-0.01357723960157009,-0.03388522216376244,-0.08478093875798953,0.02110608960568494,0.0037044892464666774,0.006944219360922725,0.20079239061181026,0.43202431628770016,-0.0010962590600620426,0.008107530407639537,-0.8388420562093468,-0.11061820600241656,-0.020215571607491212,-0.008166781895756169,-1.9762776940586975,-1.506651537529762,-0.02201566433761824,-0.0050308233394907205,-2.1736950911050807,-0.3003941166051981,-0.046915264893900584,-0.019982986495049086,-2.50930017354911,-1.4793232756585373,-0.054939803648472924,-0.013555645928543362,-2.4992982721606865,-1.3836039886069547
564,2023-10-27,-1.0,-1.0,-1.0,0.0,-1.0,-1.0,-1.0,-1.0,-1.0,3017.7842,0.004312269909823252,0.007683617668884368,-0.03413398479586449,-0.061470565058959425,-0.09531238184625657,0.012211509358422745,0.004282644913809367,0.007520001386312393,0.30412104202612894,0.5182197192433213,0.0006704327376031577,0.009878234506176756,-0.566112248183235,0.11648460004256728,-0.019765263326505415,-0.007711446024963183,-1.8268497300039601,-1.3962006848061945,-0.022925690329008548,-0.005927742010595734,-2.1128851360026926,-0.37918746048440083,-0.04967065972034322,-0.022727696646246083,-2.4435461073514206,-1.609103459614387,-0.04954667483463816,-0.008154357610766789,-2.1082836574102104,-1.031953086180068
565,2023-11-03,-1.0,-1.0,-1.0,0.0,-1.0,-1.0,-1.0,-1.0,-1.0,3030.7977,0.002696385839279225,0.0002765278593157561,-0.018431748182994867,-0.03978325574154962,-0.008551115107418794,0.0056869186617107825,0.004266941875583854,0.0075082896795321125,0.28804556440823786,0.49627912363243537,0.0011018891915000068,0.010317839148905668,-0.49311053427578133,0.16458187765515955,-0.020758200395683737,-0.008696475789848435,-1.8151951375867916,-1.4645703098783707,-0.025575330356662068,-0.008559323839473658,-2.1763796710578687,-0.576249894244019,-0.0528132421703789,-0.02584774612228385,-2.398267283704786,-1.742976677830196,-0.04546872686432517,-0.00406754458017736,-1.826504146254668,-0.772147244812696
566,2023-11-10,-1.0,-1.0,-1.0,0.0,-1.0,-1.0,-1.0,-1.0,-1.0,3038.9699,0.005066058732598799,-0.02284014066740181,-0.03612625449169471,-0.10161926908193464,-0.003932088962118385,0.0007229423364805143,0.00416878482125177,0.007410131975453073,0.2566302406901828,0.4596160605570072,0.0010258747009932144,0.01024770801787113,-0.49424351087269464,0.14495499062870407,-0.020628593121077135,-0.008563064350911156,-1.711426304269,-1.3961482418358364,-0.026497902602814878,-0.009473568892643095,-2.1068835535854493,-0.6534016171799633,-0.05008573158942802,-0.023110873870459542,-2.118730859304419,-1.5244890842186245,-0.04229506046804488,-0.0008882038556854658,-1.6124997964229932,-0.5733999991733385
567,2023-11-17,-1.0,-1.0,-1.0,0.0,-1.0,-1.0,-1.0,-1.0,-1.0,3054.3655,-0.004385133344388503,-0.036606195296535415,-0.0564400691403828,-0.10614757795031404,-0.0027325806292664012,-0.004321224817396496,0.0042094488539080165,0.007453896487288789,0.2534038216052874,0.44938142730933156,-0.0003855494648378234,0.008838213442246163,-0.6869612856857782,-0.05242963882902827,-0.02158676647319021,-0.009509327319584194,-1.7045693847898236,-1.4562619079689803,-0.030954739878357604,-0.01392069966584056,-2.26339727256672,-0.9699530513930276,-0.04740728560477205,-0.02042309476664749,-1.8833816584620278,-1.3265554744100374,-0.03979953429207979,0.0016162640427158231,-1.444633313973253,-0.4192118203115365
568,2023-11-24,-1.0,-1.0,-1.0,0.0,-1.0,-1.0,-1.0,-1.0,-1.0,3040.9717,-0.0030700384354119814,-0.041498741997500366,-0.06862688001996198,-0.10221065194391643,0.00449336638022646,-0.007069516628517181,0.0037262998245640683,0.006972284265963181,0.14594610383000908,0.34376861985323987,-0.0024020219309070006,0.006822882794617918,-0.9571752088290433,-0.3275722940265619,-0.023555907545951583,-0.011469569133999503,-1.773718772894839,-1.620381613271432,-0.03515682750643183,-0.01811609310575071,-2.3627637824700467,-1.2548073909158017,-0.04494089394724781,-0.01795249375679233,-1.6858066892462138,-1.153687748184067,-0.037845307747315884,0.0035750397603638174,-1.310376532808463,-0.30036895555836857
569,2023-12-01,-1.0,-1.0,-1.0,0.0,-1.0,1.0,-1.0,-1.0,-1.0,3031.6358,-0.020476206277812103,-0.018703104112967717,-0.040048709017092454,-0.008825202552364741,0.005408895092213983,0.01109143783036215,0.0033623383630657527,0.006610112924266209,0.06409271531586858,0.2616760899441403,-0.004459326640222191,0.004765458714545482,-1.2172013389490028,-0.6037564324068317,-0.025961292636451284,-0.013865451268928002,-1.8625421622109761,-1.8072964136338496,-0.038735627525499854,-0.021680693487197082,-2.3963160529190475,-1.4786938770547498,-0.04234166848340401,-0.015352531101401914,-1.503509116419517,-0.9815870876859063,-0.036233353912272,0.005189231341000343,-1.1978488620063812,-0.20395233677375083
570,2023-12-08,-1.0,-1.0,-1.0,0.0,-1.0,-1.0,-1.0,-1.0,-1.0,2969.5594,-0.009093133479667115,-0.013596663531970421,-0.08062051225511768,0.019350008624174908,0.024113846653480042,0.040098978993314605,0.002170060277948943,0.004429673899125682,-0.18204533712747287,-0.1525766431993011,-0.005171869662809207,0.004037342466745719,-1.2768379403434535,-0.6990670297411121,-0.026666318936466846,-0.013371715854648025,-1.8145190065598709,-1.6730953210821087,-0.03723982964075623,-0.018294311458704665,-2.1503955123850136,-1.2318199817113533,-0.039953262333306774,-0.011681638490099608,-1.345068358927441,-0.7547970985290766,-0.03386658349069496,0.010176821513354056,-1.0636541793177343,0.101848985867407
571,2023-12-15,-1.0,-1.0,-1.0,0.0,-1.0,1.0,-1.0,-1.0,-1.0,2942.5568,-0.009441313078476399,-0.020587504037305138,-0.07218375529743382,0.03516071465468418,0.03351170655397384,0.04964352769672953,0.0016261039214975122,0.0038882473274077104,-0.2952112082555887,-0.2609133608133909,-0.005605748539973908,0.003614328005091115,-1.2952345359598412,-0.753108875994158,-0.029259730917802703,-0.015957098800907354,-1.8999730481524812,-1.8552431399539886,-0.034569411578164774,-0.015615807391163606,-1.8814493343057368,-1.0437433946036747,-0.036924946017140026,-0.008645846783434653,-1.1729443311087389,-0.5707620749598951,-0.03036251574674345,0.013686903852676112,-0.8930501402166616,0.3110752961339311
572,2023-12-22,-1.0,-1.0,-1.0,0.0,-1.0,1.0,-1.0,-1.0,-1.0,2914.7752,0.020639533367787566,-0.028302662929202915,-0.06334045932598853,0.04798335734433312,0.035919854128030115,0.08226088927887121,0.001122057373270484,0.003384542647378441,-0.39978271951180916,-0.3623008574605413,-0.0063112160742990805,0.0029173811283650596,-1.3464860411795825,-0.8414558757394044,-0.031227227097788558,-0.01791888493296292,-1.927839377432793,-1.9462526439708978,-0.03140976731481704,-0.012452714671428635,-1.6210379382812663,-0.8292059990210557,-0.03373366992177486,-0.0054509541059455414,-1.0039459339845938,-0.3809308378999398,-0.026732862812437697,0.01731898830345137,-0.7230234169126001,0.5237652964186261
573,2023-12-29,-1.0,-1.0,-1.0,0.0,-1.0,1.0,-1.0,-1.0,-1.0,2974.9348,-0.015378992507667721,-0.021752443112366793,0.010066170189679369,0.024571563719648637,0.030362413320789372,0.06020014287371955,0.001970515000279216,0.004233046958532742,-0.2325557987518652,-0.2131430878554669,-0.007296515171106195,0.0019426896522056242,-1.4257489404539285,-0.960141785750208,-0.03266551477419162,-0.019341866597280252,-1.9144407692119536,-1.9692066834735125,-0.027960787030842954,-0.009002680984378538,-1.3710081869167605,-0.5978856531165362,-0.030712060016171588,-0.002426868107876291,-0.8484169601292243,-0.2033437066653771,-0.022009594271416237,0.022047930249586158,-0.5144577181825531,0.797680685820501
574,2024-01-05,-1.0,-1.0,-1.0,0.0,-1.0,-1.0,-1.0,-1.0,-1.0,2929.1833,-0.016115891415876882,-0.06794771088582952,0.03340081175527665,0.03823031491405815,0.05443578761356438,0.05451594647559266,0.001224503236385283,0.003495812874748877,-0.38699894420951697,-0.3595528519801836,-0.007911315099989559,0.0013326247965357112,-1.4484114078015078,-1.0236721719763584,-0.03090074814390693,-0.017571130528161432,-1.7004986389138015,-1.7056783174332262,-0.025777078599921885,-0.006817020927642602,-1.2040689079005351,-0.45386192035780104,-0.028180269501822133,0.00010985099360630822,-0.716509696348936,-0.055717153627360703,-0.018599524481600467,0.025463823541139942,-0.3575635394617815,0.9801106578496152
575,2024-01-12,-1.0,-1.0,-1.0,0.0,-1.0,1.0,-1.0,-1.0,-1.0,2881.9769,-0.017244274234120338,-0.05268081780946965,0.0569200606708542,0.05523638999327174,0.07170730618971977,0.07107499716600785,0.0005303201330416193,0.002801854174583779,-0.5268919316246161,-0.49486587028164924,-0.010306219583181824,-0.0010648710821429775,-1.6775176574636224,-1.3031408116624927,-0.028321651394887896,-0.01499481622789593,-1.4573335948908241,-1.3992749738077697,-0.023208782432350625,-0.004251889340808737,-1.0271477610084927,-0.2841357861971989,-0.02486373277788164,0.0034216828544796894,-0.5556130032709539,0.13534381758947106,-0.015682569784766967,0.02838380980046107,-0.21940689607595745,1.1223748814434606
576,2024-01-19,-1.0,-1.0,-1.0,0.0,-1.0,-1.0,-1.0,-1.0,-1.0,2832.2793,0.027519672936210604,-0.03605834353977733,0.07850800590181906,0.0660931285978752,0.11378394072929177,0.07732267082557853,-0.00015896008088149907,0.0021148949174237663,-0.6607782362524272,-0.6249281320943417,-0.01192968174596799,-0.002690937270972588,-1.7850794473780631,-1.4609033818295187,-0.025030703022569684,-0.011708977520196538,-1.1875333866478481,-1.0531952279168564,-0.02018014462197838,-0.001227988823360098,-0.8342850956707774,-0.08354764095652638,-0.02113479841399912,0.007144584987213213,-0.3791994352937511,0.3470323079519492,-0.012352500144908615,0.03171666026712465,-0.06359795248625434,1.2779335194317503
577,2024-01-26,-1.0,-1.0,-1.0,0.0,-1.0,-1.0,-1.0,1.0,-1.0,2910.2227,-0.061875230373263146,0.03252613623005551,0.04735407362467492,0.053273689329686125,0.08377489461545329,0.04206227928879813,-7.14420212438267e-05,0.0021966860734759933,-0.6365908482027098,-0.6095871724924958,-0.014982888539518822,-0.005739326548321783,-2.0279882802077274,-1.764100620788076,-0.023241248925250837,-0.00992899058507287,-1.027538232969877,-0.857391495091813,-0.016797029292403842,0.0021472613392093925,-0.6287913610342848,0.1396270316545629,-0.022298997715717604,0.005975559833953764,-0.4022708341072824,0.2726605462179935,-0.02342323827105077,0.020646737025190535,-0.4840816627200312,0.5877534680636415
578,2024-02-02,0.0,-1.0,-1.0,0.0,-1.0,-1.0,-1.0,1.0,-1.0,2730.152,0.0,0.1087369494445729,0.11391852907823452,0.1313053998458693,0.13139140238345703,0.09815779487735488,-0.004981073155160967,-0.0014482480913780944,-1.5725982891925965,-1.2716251065887254,-0.002973113675840516,0.0053037845820258596,-0.587255507834848,-0.38884686048403777,-0.003106904171202768,0.008757442581030063,0.33407268815481006,0.8545372859656285,-0.0036377942066125445,0.013876539447623,0.08505066106888826,0.9279425597565859,-0.010580954711580038,0.015530271885102209,0.10751752893372843,0.8132760520957845,-0.024563680662843944,0.018178029961517038,-0.5031431840835265,0.42492079000799227
579,2024-02-09,0.0,-1.0,-1.0,0.0,-1.0,-1.0,-1.0,1.0,-1.0,2730.152,0.0,0.11569582938971901,0.11391852907823452,0.1313053998458693,0.13063792785163608,0.08690021654471969,-0.004775746702047641,-0.0013455048669446,-1.4786039649261182,-1.2261816299861474,0.0016405407692662447,0.007610557399381093,-0.03626377123804229,-0.10542731571556871,0.0017284842776943265,0.01117461694234689,0.6728944071686546,1.0574979511455798,0.0019421850209801281,0.0166650397346295,0.39328136176852385,1.0807147360299338,-0.004735297236467949,0.01845677107118486,0.3742613475717947,0.9560758374320991,-0.019516639891728384,0.0207059744881723,-0.26751663282959415,0.5605540316056135
580,2024-02-16,,,-1.0,0.0,-1.0,,,1.0,-1.0,2730.152,0.10062773061719632,0.11885195403039828,0.1059726711186777,0.15544746226583728,0.11762227890608279,0.08050148856180894,-0.004616311424924578,-0.0012592443706191691,-1.4028591580763383,-1.1887979881828385,0.006171421053560281,0.00987437311377953,0.494322928257672,0.16750872424507834,0.006185139624114351,0.013401374603139645,0.9816292414326528,1.2324113980878604,0.007083583664871582,0.01923337126823556,0.6739125540195771,1.2090989925319227,0.0006174492340486372,0.021136672845182235,0.6204703429827557,1.0762746955521485,-0.015304225025110203,0.022813946635268686,-0.06403126292364604,0.666140945020644
581,2024-02-23,0.0,-1.0,-1.0,0.0,-1.0,1.0,-1.0,1.0,-1.0,3004.881,0.007367812568950249,0.014360834921582688,0.020093973771340812,0.049634344920813867,0.009235740117495617,-0.011177148113352797,-0.004590657594489649,-0.0012520178277848426,-1.3528552235642812,-1.1632251643833107,0.006211044850689626,0.009885534919340688,0.49658407758152745,0.16305738006840462,0.006221085671171605,0.013411500406747892,0.9927716244508893,1.209253009606574,0.007109055055613895,0.019240546418812596,0.6805266378631671,1.1632809655092793,0.000626982156676413,0.02113935821701704,0.6394390155369994,1.0432402105072776,-0.015287366169359249,0.02281869568214218,-0.03746617323792112,0.644234428802491
582,2024-03-01,0.0,-1.0,-1.0,0.0,-1.0,1.0,-1.0,1.0,-1.0,3027.0204,0.006276403026553856,0.004673407552852948,0.02035509902741328,0.02043266705437463,-0.009541627139347919,-0.014770894837709103,-0.0041337120143406375,-0.0010237184734719503,-1.2316961762632703,-1.1022794531430866,0.006534109122053369,0.010044304206167889,0.532223768309697,0.17731628660753163,0.006753905320276409,0.013677091197398565,1.0377381110752577,1.2091871296807255,0.00873221988936081,0.020051913971201003,0.7715291921055456,1.1712874918499991,0.0009479714981574343,0.02130153472024236,0.6719552941940321,1.0198328874488019,-0.01514198681939409,0.02289397585270106,-0.0053223921762074215,0.6259131137566514
583,2024-03-08,0.0,-1.0,-1.0,0.0,-1.0,-1.0,-1.0,1.0,-1.0,3046.0192,0.002828839686893625,-0.0015929971813704036,0.013990883576833646,0.013392627334719354,-0.025809554975884663,-0.05092610709742085,-0.0037445529546738005,-0.0008307023271639137,-1.12922968697786,-1.0493338272094515,0.006467172060531212,0.010010497517380305,0.523971106575505,0.1692949021187299,0.0072600987612918486,0.013928677102119666,1.0819648936837758,1.2091069925675308,0.009145214248442553,0.020262403364409192,0.7969483360426387,1.1402528991686178,0.0005421175307797517,0.021103416629964657,0.6735253814664344,0.9779536976550862,-0.015142265319895609,0.022897115140752492,0.020585008882790905,0.6029341650480619
584,2024-03-15,0.0,-1.0,-1.0,0.0,-1.0,1.0,-1.0,1.0,-1.0,3054.6359,-0.0021614032624968083,-0.011511159153207107,0.03270808805723768,-0.0010990507903086977,-0.034276621969904886,-0.04887600515662116,-0.003505082695136394,-0.000712552389439324,-1.0700786834497553,-1.0249862149333993,0.006180692299114439,0.00986745376306215,0.46533112197984294,0.12083182040082444,0.00750201181510821,0.014048814415150369,1.061606235866494,1.1741453600436182,0.009273078979742944,0.020331875132869666,0.7876825058749621,1.104859305393445,-0.0004069353616731816,0.020632571369530152,0.6169935130304135,0.9201925865323406,-0.016410515508926228,0.022262980794401525,-0.0295055840095,0.5358785121242685
585,2024-03-22,0.0,-1.0,-1.0,0.0,-1.0,-1.0,-1.0,1.0,-1.0,3048.0336,-0.0022528294963677364,0.005651971815533674,0.03477412453720974,-0.005052536166268107,-0.025176428501313186,-0.06097029245346908,-0.0034613075941871537,-0.0006901036170916577,-1.0342574440235575,-1.0035271677290567,0.005570753066929503,0.00956358447203532,0.3958949627310567,0.07680003398050465,0.008351883847325884,0.014477020317599825,1.1257815852034303,1.1860238751981715,0.008888643688138414,0.020147093614145656,0.7693107805756058,1.0515200468205348,-0.0015889022346506597,0.020047307684762223,0.5812104940228549,0.8580730639030012,-0.017536750265759415,0.02170364397286623,-0.05596866232615487,0.47700702836911246
586,2024-03-29,0.0,-1.0,-1.0,0.0,-1.0,1.0,-1.0,1.0,-1.0,3041.1669,0.0,0.015608745445703676,0.015685952651924406,-0.014148911064368108,-0.019353853943366417,-0.05318257935794324,-0.0034305956423784376,-0.0006723187371957183,-1.002069360786268,-0.9836217339045906,0.00556489241033329,0.009562890458035702,0.39827174636132845,0.07191152624911323,0.009216002009010005,0.014911793923652763,1.1884636004084954,1.1965970914640653,0.008408776337462131,0.019911988245161487,0.7464024992511497,0.9975152631345888,-0.0023918987804073984,0.019651648726121223,0.5626914164249606,0.8099322020674201,-0.018995221105689124,0.02097989004619904,-0.09784426207749149,0.4104978299939707
587,2024-04-05,0.0,-1.0,-1.0,0.0,-1.0,-1.0,-1.0,1.0,-1.0,3041.1669,-0.007133248753956933,0.015608745445703676,0.015009534662500768,-0.024255196253780142,-0.04941182281051393,-0.06142359368701544,-0.003316711738244855,-0.0006164521884146902,-0.9564569626363605,-0.9561858963533407,0.005890646594230904,0.009724691089954777,0.43948555475625506,0.08811098988609949,0.00940654250402656,0.015011586813510187,1.2035331876566808,1.178635136669755,0.0076658057251557665,0.019545988736134,0.7102166599212077,0.9376508306721022,-0.0029498460676733833,0.019376605566256817,0.555224051667084,0.7713449343955721,-0.020090643009918425,0.02043222631524496,-0.12335702722320885,0.35804581795390605
588,2024-04-12,0.0,-1.0,-1.0,0.0,-1.0,1.0,-1.0,1.0,-1.0,3019.4735,0.01516406751044519,0.04473418958636333,0.01053335954099266,-0.02303057138934983,-0.037799967444655524,-0.05870536701183171,-0.003435198782580769,-0.0008929610506568282,-0.9517494223691655,-0.9836539040193245,0.006192430829857983,0.010068537761696372,0.4769523119062751,0.1280129782928251,0.009579960888744618,0.01783297176984626,1.2156985915304603,1.376637990330177,0.006673897777840443,0.0213239554260942,0.6611935080276137,1.0156577550751005,-0.004393127398241534,0.01982198389545893,0.5079740030771421,0.7749069005585493,-0.02137516687853852,0.023420173687231705,-0.15846278421893698,0.5262541967535398
589,2024-04-19,0.0,-1.0,-1.0,0.0,-1.0,-1.0,-1.0,1.0,-1.0,3065.261,0.007625680162309134,0.028958480207721404,-0.010644346435752183,-0.030655138338953836,-0.06624783338188811,-0.09769295338961348,-0.002881315352229149,-0.0006141109630979478,-0.8347348020232456,-0.9186064338908896,0.007344423947684135,0.010647165851115787,0.6115781402463276,0.19626675599945717,0.00958633684915407,0.017843151507317707,1.2151396901515727,1.3390299000530856,0.0057629073612487786,0.02087367770963302,0.6169365291894854,0.9515275510977291,-0.0054089817409737236,0.019317205888214502,0.48064124427140725,0.7299031077461844,-0.022525861521541974,0.022853210343595633,-0.18776500420298836,0.4743958801451905
590,2024-04-26,0.0,-1.0,-1.0,0.0,-1.0,1.0,-1.0,1.0,-1.0,3088.6357,0.0,7.602061971900831e-05,-0.02930031534635169,-0.034425264203220896,-0.0677340807787723,-0.12450354698678123,-0.0025712009228449147,-0.0004600280746492735,-0.7629811802743771,-0.8764568868786501,0.007973898887550096,0.010962629443233767,0.6813845823687676,0.2299996678344675,0.008986482800317887,0.017545985778121054,1.1743577511301897,1.281376399076757,0.004685946558334219,0.020339245513423705,0.5645242931257194,0.8862545036904982,-0.007198771167206512,0.018426058792736295,0.41739061474369493,0.6690745002644285,-0.02475871891957352,0.021748363737175216,-0.2708026262938406,0.3931538590802905
591,2024-05-03,0.0,-1.0,-1.0,0.0,-1.0,-1.0,-1.0,1.0,-1.0,3088.6357,0.021340004585196137,-0.0005900015984403595,-0.039251278485190055,-0.0640212764490159,-0.07584844013814906,-0.11390848069262416,-0.0024951848764919074,-0.0004230160770163416,-0.7326648247856858,-0.852350075308661,0.007729832442978732,0.010847164881839701,0.6471521300123321,0.20908274342681799,0.007877142489938552,0.01699864868620657,1.1012146025110732,1.2096543099018005,0.0035580584850867097,0.019781019907405512,0.5098009649224833,0.8236241184486022,-0.008921952777446028,0.017565837818785672,0.35685749546147677,0.615642752303013,-0.027620038626472818,0.020327268208682088,-0.38665576010544717,0.2978644346606512
592,2024-05-10,0.0,-1.0,-1.0,0.0,1.0,-1.0,-1.0,1.0,-1.0,3154.5472,-0.00016512670978574562,-0.03273639399023742,-0.06486316007571535,-0.07900014937167521,-0.09901040631124491,-0.02124507758197436,-0.0023200011499628186,-0.0005696489823069663,-0.69551625386849,-0.8695996166261049,-0.0026724690062949604,0.000578380806316876,-0.5887984106952026,-1.1082847611478643,-0.01335041523754361,-0.0035656160306584946,-0.3556315036515168,-0.4386535967981591,-0.023735630922932033,-0.006577409825150673,-0.9537079912852736,-0.8627367542297433,-0.040612430794248894,-0.013184706848354433,-1.132006343025998,-1.05433608722692,-0.07917788554742497,-0.030012365257059914,-2.7316500028426227,-2.6293587975624977
593,2024-05-17,0.0,-1.0,-1.0,0.0,-1.0,1.0,-1.0,1.0,-1.0,3154.0263,-0.020657976124041855,-0.03848826498371305,-0.05793588341352762,-0.09252687588559416,-0.12308702054894094,-0.021083432309996875,-0.0017937089338495012,-0.000153930322446539,-0.5931959410419523,-0.7871587307335215,0.00672954776186491,0.011555557706332105,0.524192214994563,0.29016777120120973,0.005306372112287433,0.01775185337718087,0.9357514308401953,1.2536599846604115,0.00035463131077277665,0.020352131285493288,0.36382511103080023,0.8392351896229039,-0.012226842172180993,0.018238925710887838,0.2413106015375898,0.658351883050922,-0.028674928453651986,0.01756826599305731,-0.314892750661281,0.15887647446056902
594,2024-05-24,0.0,-1.0,-1.0,0.0,-1.0,1.0,-1.0,1.0,-1.0,3088.8705,-0.000665971590586234,-0.02937410292856235,-0.034498662213258924,-0.06780494682441374,-0.12457009771047389,0.04171984549044705,-0.0023128048543469767,-0.0004118099142443849,-0.6673565129707775,-0.8161991373103232,0.005531592867763864,0.010919069537080644,0.3824431124212337,0.20703804470801143,0.003630853696865168,0.016861668977390408,0.8313028024067699,1.1825920332598128,-0.002097564288575826,0.01904135460248845,0.24183494968987204,0.7437346851200667,-0.015191422199824719,0.01668937010359502,0.12150855711436451,0.5845383938932415,-0.02851093716261371,0.017689831650522795,-0.27941827622493115,0.17500976383197364
595,2024-05-31,0.0,-1.0,-1.0,0.0,-1.0,1.0,-1.0,1.0,-1.0,3086.8134,-0.011511774569852529,-0.038684100567919044,-0.06346872149771021,-0.07530286735181346,-0.1133853766476457,0.05661174724717721,-0.002272840484904858,-0.00043434525081064064,-0.6527298379199115,-0.8128306500193533,0.004678209284930186,0.011265526916973759,0.2620796191255231,0.22714351491108456,0.002690360203016771,0.01706777925593679,0.7435193871748944,1.1547130849590412,-0.0037968952537025223,0.017762919093625658,0.15089236866390354,0.6420660062110054,-0.017876021711974097,0.017557196903610177,-0.008826371200710505,0.6112140191496094,-0.026590217552239302,0.02122597229128552,-0.16943056070397122,0.3688047481590786
596,2024-06-07,0.0,-1.0,-1.0,0.0,-1.0,1.0,-1.0,1.0,-1.0,3051.2787,-0.006110684022406665,-0.033214075135122756,-0.0478295214396508,-0.06851701222834872,0.011880232376020095,0.08141557177323722,-0.002504122820338967,-0.0005591541945823159,-0.6825939370854897,-0.8256644278640923,0.0036068444905692906,0.010672195268935135,0.11614235457895075,0.12575529555513734,0.0010712922180503293,0.016154220067470366,0.615302357662286,1.0453756278634323,-0.005575366410991895,0.01679076788339267,0.05367360226501642,0.560439162538642,-0.02027377140060171,0.016270600395563998,-0.1237457028973403,0.5218108370314591,-0.024526205789016858,0.022359995008828074,-0.05777489581391187,0.4178306404417494
597,2024-06-14,0.0,-1.0,-1.0,0.0,-1.0,1.0,-1.0,1.0,-1.0,3032.6333,-0.011374800903228177,-0.02022608536284287,-0.05620171749746328,-0.08798515138642049,0.01810152912322116,0.07893499685570293,-0.0026301379579467665,-0.0014406403519858903,-0.6893003857713176,-0.9544123836907931,0.0027088568269845303,0.010153805826035738,0.010135858696685738,0.05338737439741706,-0.0001320157794369621,0.015231857032611516,0.5415327367689826,0.9638437178827371,-0.007023403397098959,0.017803217867554667,-0.014758652613134114,0.6126875861088423,-0.019354482928725287,0.019672528196427407,-0.05680242283298612,0.710178316012281,-0.021814247353024768,0.02665092503404844,0.10200256496154148,0.6685135893665223
598,2024-06-21,-1.0,-1.0,-1.0,0.0,-1.0,1.0,-1.0,1.0,-1.0,2998.1377,-0.010251330350837584,-0.00527964409373205,-0.03959387856001417,-0.09807691621368841,0.07324546834523304,0.15148050071215868,-0.002220094818128123,-0.0009091319307832598,-0.658048797615092,-0.9203881939839075,-0.005180398294185199,0.002520278168065596,-0.9835636972905877,-1.003513836861471,-0.014657766701779014,0.0013132661643863778,-0.4334804631718471,-0.07340562460739504,-0.012465779439332386,0.013298932617637566,-0.27807800044205877,0.4648903306524401,-0.015058238288616927,0.023603407284109142,0.2585533088214912,1.1108869591529782,-0.005585659202188641,0.04180766288096393,1.1900930338189495,1.8416572344728297
599,2024-06-28,-1.0,-1.0,-1.0,0.0,-1.0,1.0,-1.0,1.0,-1.0,2967.4028,-0.005887134702440733,-0.02578197338089716,-0.03809233448185734,-0.07770731361445093,0.09913062695768837,0.1224382143199434,-0.0029811169114970677,-0.0016271448837217616,-0.7910432178013934,-1.0241799878450446,-0.005315241556220941,0.0023721752358924503,-0.965424907577226,-0.9876530575308065,-0.016734204017459453,-0.0005981388588768351,-0.5606351466434478,-0.21584663386988193,-0.017784220068368467,0.008746127721308863,-0.5945154372764576,0.16593592077933783,-0.009354766361943618,0.028541104582723947,0.6429168893507515,1.4389826693703678,0.004460718223606185,0.05048113424842893,1.8636088616203272,2.3283905932936886
600,2024-07-05,-1.0,-1.0,-1.0,0.0,-1.0,-1.0,-1.0,1.0,-1.0,2949.9333,0.0072414179669757495,-0.015117562149625563,-0.03651577478039936,0.04664352919437187,0.11856776558303861,0.10754761811055191,-0.0031231465712241785,-0.0017411927851526828,-0.7902367664808604,-1.010190245277257,-0.0068640413885298806,0.0009514918511841488,-1.1470659814350965,-1.1729825027383125,-0.01795592441174172,-0.0016365633555499649,-0.635892906629958,-0.2977840861390386,-0.020994153464575206,0.006077832333290303,-0.7796354569394437,-0.016393064430627553,-0.0024674471697800557,0.03458311028929668,1.0521908292883575,1.7443822665270705,0.01191454267400667,0.05701114332343382,2.249523445495634,2.5430951349771864
601,2024-07-12,-1.0,-1.0,-1.0,0.0,-1.0,-1.0,-1.0,1.0,-1.0,2971.295,0.0037066666217928645,-0.036718299596640525,-0.06915785877874803,0.03911883538995631,0.10120812642299071,0.11953060870765109,-0.0024755014562957587,-0.0011653950310489478,-0.6316833254584584,-0.8681162941551921,-0.0074857665718239715,0.00037198350503920945,-1.192690139466888,-1.2197950167583618,-0.01879836376454829,-0.0023054507869335297,-0.6694354345754303,-0.33176749804229005,-0.016798636199365002,0.009800108573413702,-0.4698722907063667,0.26858432723314796,0.004657894206728748,0.040807500066197544,1.4703314354647021,2.0297493371770505,0.017705993017759568,0.06211358348935129,2.4766095078148878,2.62159640542757
602,2024-07-19,-1.0,-1.0,-1.0,0.0,-1.0,1.0,-1.0,1.0,-1.0,2982.3086,-0.030651187472684693,-0.034496362985373175,-0.09328980910962736,0.07894189756217718,0.15759217540398063,0.1414232584783479,-0.0020956109441298163,-0.000823274480759901,-0.5187175969396673,-0.7707492794506215,-0.009091473099679335,-0.0010251501822203684,-1.393846317970296,-1.4198588925510625,-0.021017684788977007,-0.00407945781123173,-0.813099067675839,-0.4732982034167505,-0.013536409098689353,0.012693364876896906,-0.22201594306632766,0.49351031506892434,0.009919336301237841,0.04537346464221027,1.7058729777469228,2.1466082692142705,0.023622363108316634,0.06735427792799648,2.6058361838097186,2.653740012434386
603,2024-07-26,-1.0,-1.0,-1.0,0.0,-1.0,1.0,-1.0,1.0,-1.0,2890.8973,0.004995058108774764,-0.012636145877613969,-0.0532995066964157,0.12821832169548175,0.15214272745005486,0.17329598668205892,-0.003936175030519431,-0.0025319094421495034,-0.9422147303353868,-1.1079010219656842,-0.010685145129304578,-0.0024938683013890966,-1.6096391537554375,-1.6520715018413816,-0.024502344296124967,-0.007027125832643201,-1.0397526807394155,-0.7075118699197074,-0.008635372978598413,0.01698377738877506,0.11880299933648635,0.7947250655667665,0.017640285579433097,0.05210114212980498,2.0214813520613846,2.3356706456663168,0.030206281893946973,0.07321935399755795,2.690435292939576,2.691411576081589
604,2024-08-02,-1.0,-1.0,-1.0,0.0,-1.0,1.0,-1.0,1.0,-1.0,2905.3375,-0.014849703347717735,-0.02172666686744662,0.06270910006152475,0.1357373454891213,0.12454804304147116,0.159269551299978,-0.003331755815216896,-0.001954244491063701,-0.8105215505077434,-0.982425371466527,-0.010434720569406811,-0.0021653877536793836,-1.5973319475811223,-1.6199926733783483,-0.025299148197088714,-0.007520150114239401,-1.0730965601467806,-0.7417169358081058,-0.001360820552657259,0.023473210876357772,0.6062573615141815,1.2415512315303734,0.02482692035636859,0.05852314509877524,2.2476895762072338,2.462433775414411,0.03806055127139574,0.08029959846018488,2.7814898433760726,2.754149101201694
605,2024-08-09,-1.0,-1.0,-1.0,0.0,-1.0,1.0,-1.0,1.0,-1.0,2862.1941,0.006021848762807425,-0.03367608786559939,0.07872788920919094,0.1431838951802744,0.16220479247022412,0.18794948253160038,-0.0037111118377214976,-0.0022295351394283677,-0.8738804154462344,-1.0038071516564087,-0.010630708760260333,-0.0022233615060212346,-1.5552523797302582,-1.5538102643357343,-0.020771749505600123,-0.0034546974419341933,-0.7229114741975157,-0.3874432652251667,0.005376034731974962,0.029425830761179897,1.0613058288784545,1.6290273887292528,0.029947993132345314,0.06311897755956651,2.367101112185078,2.493912698276081,0.04437845315326021,0.08599817750965902,2.808199775054249,2.7373312120498223
606,2024-08-16,-1.0,-1.0,-1.0,0.0,-1.0,-1.0,-1.0,1.0,-1.0,2879.4298,-0.008703910753441568,-0.0608940700690116,0.11749128247544016,0.1989516466072554,0.1822050323991229,0.11530064042540644,-0.003475173474486826,-0.0020951264103512657,-0.8139803626548812,-0.9757162254362898,-0.011189288223401261,-0.002541527614426951,-1.5768539093144818,-1.5756742133011743,-0.016103366048636287,0.0006729623155724085,-0.3860944810471227,-0.05115060079198946,0.011600257208436465,0.0348479239713111,1.453389247692144,1.9285950038660808,0.036278091338997516,0.06875783482634659,2.466393076699018,2.5255737183943197,0.051353842661373016,0.09224605796541588,2.800750991171113,2.715218212070349
607,2024-08-23,,-1.0,-1.0,0.0,-1.0,-1.0,-1.0,1.0,-1.0,2854.3675,-0.004257790911646797,-0.04118376487960984,0.142657103543955,0.16688769053038888,0.18831166624479856,0.11006161610234155,-0.0032341494423145413,-0.0017689733066904917,-0.727316307425782,-0.8812571453251715,-0.0008292088448080635,0.008212211750630955,-0.06689965573989944,0.2312984412858622,-0.0012325115399726399,0.01487996092522603,0.6501417286488893,1.0771145312023052,4.010996088786231e-05,0.022319845408850774,0.6619115674301208,1.0034316788773519,-0.0013351970844408326,0.03050221742902061,0.6731843601696608,0.8050366580960082,-0.002267423808983461,0.038415922216899934,0.6590037862963433,0.58958924443308
608,2024-08-30,-1.0,-1.0,-1.0,0.0,-1.0,1.0,-1.0,1.0,-1.0,2842.2142,-0.02688312513532587,0.08631101765658622,0.16096116189976106,0.14952335401040506,0.18501599914601807,0.14059707392919218,-0.003311268614512677,-0.001810044955715202,-0.7272771356879241,-0.8594468579035153,-0.012597645400100044,-0.003498434816437731,-1.6964534393762831,-1.6832154534646693,-0.009769573225335712,0.006395130365268745,0.06394378557587622,0.4048799800655337,0.020276160285827016,0.042617325909481744,1.9390095035908892,2.275087538316777,0.043817886539474285,0.07577625737262263,2.576904710966996,2.570997681733246,0.05505339134701578,0.0958105307364478,2.6713408146460664,2.5906399368576203
609,2024-09-06,-1.0,-1.0,-1.0,0.0,-1.0,-1.0,-1.0,1.0,-1.0,2765.8066,-0.022314286183278353,0.11632122072454387,0.18302349846153376,0.20270726810761097,0.22934915261247846,0.17601368078303103,-0.003993662698282551,-0.0022925317743612023,-0.8871436891587818,-0.9556489403180152,-0.00842899026857994,0.00016020636033469218,-1.0705402063668958,-1.053307288278989,-0.002750955327791996,0.012488781435465588,0.5463759656707519,0.8733165893774439,0.02571664752177573,0.04738964040823231,2.154288454141978,2.3967682290531953,0.049955150945865216,0.0812323643219019,2.594614352127737,2.5553584626131145,0.05874622334158558,0.09908429653935377,2.5627424035441875,2.486460207045203
610,2024-09-13,-1.0,-1.0,-1.0,0.0,-1.0,-1.0,-1.0,1.0,-1.0,2704.0896,0.012101780946903729,0.18995232258576067,0.27669478851588347,0.25886228030313796,0.18761963360977396,0.2028545207969441,-0.0048870471592914275,-0.003136078170611747,-1.1174275670799931,-1.146419683929953,-0.0036894928742332673,0.004200639161597834,-0.35599394996020656,-0.31324925257570535,0.0042367332973237345,0.018416642684719244,1.0064153362905481,1.3002894618045917,0.03268608794789686,0.05343291805893754,2.3934149437552503,2.5411847170469892,0.05717449772231653,0.08755453303517989,2.6303418387207533,2.559689753467235,0.06297364381349836,0.10259360912310873,2.484537787782024,2.40474662166442
611,2024-09-20,-1.0,-1.0,-1.0,0.0,-1.0,1.0,-1.0,1.0,-1.0,2736.8139,0.12814707642342804,0.19173733369302148,0.21700869028763692,0.2393528840232797,0.15774178141962802,0.20712139031448196,-0.004228213352078578,-0.002558467221026051,-0.9198698410651373,-0.9941376253940201,0.003641872812563375,0.010555716924048738,0.7594894139992799,0.9246267366822141,0.014546969547242845,0.02735176250144649,1.6472941502350478,1.9007377174091205,0.04158902456848716,0.06129185466859935,2.6502252267871973,2.717839503553043,0.06233756223803147,0.0921235222285795,2.5827761390380353,2.502835033236645,0.06807333954484236,0.10693243588479383,2.4424409828871236,2.3617255304337927
612,2024-09-27,,-1.0,-1.0,0.0,1.0,-1.0,-1.0,-1.0,-1.0,3087.5286,0.0,0.06871894239295462,0.0581899063218394,0.09086254294130258,0.04997284883450148,0.08394921426800717,4.632908090583987e-05,0.0010786643699625634,0.45502995723972595,0.03584070925491446,-0.019653312384436166,-0.013101899450315892,-2.526612115918505,-3.208927168718135,-0.03469211637016088,-0.02189099396186346,-1.6674517744769997,-1.836920265997689,-0.051877768123584675,-0.030369898584252583,-2.2806712735187418,-2.1537438479642326,-0.06789430757252596,-0.03652136744209607,-1.9847356702972803,-1.815335496164452,-0.08427200128118469,-0.04402381012222888,-2.1084305203149736,-2.207310656212034
613,2024-10-04,0.0,-1.0,-1.0,0.0,-1.0,-1.0,-1.0,-1.0,-1.0,3087.5286,0.0421725972028244,0.05975186756164774,0.07738457872098725,0.10125036574559987,0.05347247633592778,0.09443935191401942,-0.0029069004318808553,-0.0018810870328406027,-0.4932484915094614,-0.7917555551882478,-0.008688405125845972,-0.0021585310042318267,-0.938779068783293,-1.2450993206829795,-0.015835242732803814,-0.003028954496987764,-0.3853879540913482,-0.3975715363652461,-0.028148218321720042,-0.006573430785500349,-1.018238359284535,-0.8861447316514868,-0.03772800559347128,-0.006326329141013462,-0.9112227449063894,-0.7898787725018741,-0.04188096735165932,-0.0016145809426961304,-0.8334575239716246,-0.9141713991954843
614,2024-10-11,0.0,-1.0,-1.0,0.0,1.0,-1.0,-1.0,-1.0,-1.0,3217.7377,0.013620003892796939,0.07289574908483054,0.05790984765476681,-0.0019603213773453643,0.010842617780809194,0.032059667262499314,0.0001309644946232212,0.001047120679889961,0.5836454635746564,0.11960687515005622,-0.019490605854938444,-0.013162540311083812,-2.27971856151709,-2.832808440225237,-0.034573359673932595,-0.021935254682705314,-1.5873085046316797,-1.7566689617341034,-0.05177909964797919,-0.03040667240832623,-2.1039225336952523,-2.0233387921752044,-0.06771805851341015,-0.03658705561507426,-1.8745374294395618,-1.7456627527503576,-0.08406140013960042,-0.04410230134531508,-2.0041447479401366,-2.107158833878481
615,2024-10-18,0.0,-1.0,-1.0,0.0,-1.0,1.0,-1.0,-1.0,-1.0,3261.5633,0.011692859065467243,0.02120547530075534,0.039954735816410514,-0.028526044550476692,0.01290893235155055,0.03402739416401945,-0.002259337955204857,-0.001981092957331278,-0.22539646259716853,-0.8097573552407326,-0.0072248375398185315,-0.005348343591749367,-0.6259743417866038,-1.514496598943801,-0.015229753103692605,-0.006951078197522525,-0.32431217389130557,-0.6575115008868335,-0.027206647109233116,-0.008167376101467144,-0.8905364827030333,-0.9062856639894201,-0.035528325198869344,-0.00823095586351707,-0.8107427005598622,-0.8393074331224177,-0.03980851735656625,-0.005427943145693524,-0.7540493525394045,-0.9985709766282456
616,2024-10-25,0.0,-1.0,-1.0,0.0,-1.0,-1.0,-1.0,1.0,-1.0,3299.7003,-0.00839048928170838,-0.00985201595429741,0.020719760518856933,-0.01754071422789516,0.014250960913025912,0.03632490502243502,-0.001936377173135036,-0.0017066371985436782,-0.06726706429384258,-0.6965605331392563,0.006770806077651543,0.008585566712455058,1.202531034581453,0.6683634669251148,0.009101647685021762,0.01732161885102946,1.2278712829815843,1.086411019857101,0.008833334234597423,0.0278982851621132,0.8383208561679779,0.858656552810882,0.005533861939171651,0.03272693744500535,0.5453178536716292,0.47227330110452476,0.004266143129854905,0.0383985522528181,0.4900959032745502,0.2519083171934428
617,2024-11-01,,-1.0,-1.0,0.0,-1.0,-1.0,-1.0,1.0,-1.0,3272.0142,0.05509844669989494,0.016638528035727962,0.03915869313770082,-0.00592534103305542,0.03273170391497682,0.028366777870340476,-0.002024993279141015,-0.00176685683567407,-0.0580446783690458,-0.6966809292265536,0.00640356428312123,0.008397700719167952,1.1287376957153508,0.6477446562255811,0.009231724882471122,0.017423080639846805,1.1878694645586996,1.052361914432534,0.008244488868990915,0.02759875858896267,0.7786892826966525,0.8112280858731984,0.005652753634656824,0.03280808417097071,0.5206082148274467,0.4464264022159613,0.005042684004897845,0.038776965633328796,0.48774827278173183,0.2410797531524678
618,2024-11-08,0.0,-1.0,-1.0,0.0,1.0,-1.0,-1.0,1.0,-1.0,3452.2971,-0.03521446633315539,-0.013967714424114819,-0.06977012494086898,-0.057837055796848946,-0.038061556173713984,-0.029253073265333995,0.0013971347967444464,0.001690498732064069,1.4096547562693968,0.6510712396335379,0.0034860213428141718,0.005572403564116519,0.7412748200434015,0.2188996632384182,-0.0004243271113432562,0.007899539572724112,0.5410198304043726,0.33815293473993824,-0.011046843084553594,0.00828562907915948,-0.17837753879027304,-0.17212927837980063,-0.018958774467274925,0.008250665683781562,-0.3644267902369453,-0.4140811863277656,-0.030551830854859113,0.003084701863418294,-0.5628924786766083,-0.8217042337719134
619,2024-11-15,0.0,-1.0,-1.0,0.0,-1.0,1.0,-1.0,1.0,-1.0,3330.7263,-0.01907532900556841,0.0183599294844492,-0.048698837848069276,-0.00812426406817035,0.012555669914997347,0.006178982644115871,-0.0026004267733402537,-0.00048572309230800545,-0.24299702075825003,-0.15664789920135905,0.00590319457440327,0.00897205085792375,1.0277378013856298,0.7580421998001775,0.008015711533985653,0.019825251161822998,1.0459105352107374,1.1643218805524922,0.007701421550566745,0.029267495963819584,0.713182200946421,0.8531794382008139,0.005288332745552255,0.03346372222120244,0.4684805438856727,0.429088965204567,0.005302721428920611,0.03877297184673296,0.4679172575245746,0.21948352916591865
620,2024-11-22,0.0,-1.0,-1.0,0.0,-1.0,-1.0,-1.0,1.0,-1.0,3267.1916,0.018139156577165583,0.030875966992569337,-0.0077652011593076775,0.024342802546382547,0.04663638336974163,-0.008865350902591773,-0.0029301076955558537,-0.000670213870423745,-0.3601423282032075,-0.19149719133229506,0.006055301714630441,0.009102431391526635,1.0157611106706188,0.7685451063678144,0.00689553690744487,0.019191528122142195,0.9369464591358115,1.076145405922631,0.007395049098562364,0.02909124297586647,0.6679175399270713,0.8127047623045607,0.005541254831918873,0.033555186410312486,0.44987427179279665,0.40457891246991673,0.005480602518770965,0.03879782407855496,0.45058861290856367,0.20127348735842585
621,2024-11-29,0.0,-1.0,-1.0,0.0,-1.0,1.0,-1.0,1.0,-1.0,3326.4557,0.023334355542447227,0.022151595164787485,-0.02219458386293849,0.015829791450401753,0.011536302738076376,-0.014948432952226032,-0.002571970109176403,-0.0004435666395372783,-0.13982366071238872,-0.021099496954217725,0.006454300046914111,0.009367498419698247,1.029668003303755,0.79150481205426,0.006600832997632408,0.019029975516555817,0.8831084608616429,1.0258919060829075,0.007698979146433062,0.02927489303592038,0.653691778490733,0.7933034019849936,0.0064947607333360365,0.03401879461424044,0.45735057393222234,0.39378691981511266,0.005408476363064456,0.038658007558348154,0.4265629689525358,0.1787882195406818
622,2024-12-06,0.0,-1.0,-1.0,0.0,-1.0,1.0,-1.0,1.0,-1.0,3404.0764,-0.003583409585049213,-0.05659288375548788,-0.044490775823950335,-0.02443514487512677,-0.015501884740307226,-0.032025250667111926,-0.00203234493460662,0.0007546659033663029,0.20042630391462646,0.7084934876063097,0.006812034787876946,0.010619105944786895,1.0362553634313705,0.9592982203570067,0.005951278707570874,0.016848148822212763,0.8082589097328582,0.8325795640506757,0.00787413491969819,0.029749920246830163,0.6332880224904996,0.7889602330284948,0.0064463682397661315,0.03163104259571107,0.4285167880631333,0.28079911833622734,0.004811050663686343,0.03475403905296822,0.3881588883976069,0.04627987703362906
623,2024-12-13,0.0,-1.0,-1.0,0.0,1.0,1.0,-1.0,1.0,-1.0,3391.8782,-0.0070193853069370205,-0.06584977019516802,-0.026006712151397493,-0.005699615039242878,-0.011961337526801619,-0.02854412637812298,-0.003027110162034483,-0.0005328979933441067,-0.32516942890501466,0.01675112648549422,0.0014575960719274321,0.0052540014506446695,0.3541741986636786,0.11941050923249086,-0.0003560936762254385,0.007976613398924075,0.3661803957083377,0.14254189671217804,-0.01642247651461755,0.005271800779030214,-0.6852831590044232,-0.5882128158353668,-0.011991513446213289,0.01081682455136475,-0.2912676590453943,-0.5095539888320907,-0.01532787453290338,0.009352945855683449,-0.22405428558112472,-0.7238785025286943
624,2024-12-20,0.0,-1.0,-1.0,0.0,-1.0,1.0,-1.0,1.0,-1.0,3368.0693,0.00952257722250538,-0.03748381899386699,-0.006337488364624777,0.015288373074746398,-0.03855101793778415,-0.0077404583094534685,-0.0021161369340307727,0.0005751351619241022,0.26364192453248675,0.7759087961560915,0.004958438515695442,0.012120840502575414,0.7614273900051269,1.1459445330148583,0.004663161065060168,0.014196846873794522,0.6729966043006066,0.5882776598384897,0.007566022048251301,0.0284827015384495,0.5825201057125953,0.686066673487131,0.006114651302409273,0.028658466646548735,0.3783433087813956,0.13598453703734287,0.004098573253348867,0.028939748962073186,0.3424821493116303,-0.13520135139068246
625,2024-12-27,0.0,-1.0,-1.0,0.0,-1.0,1.0,-1.0,1.0,-1.0,3400.142,-0.055501240830529985,-0.04338512920930937,-0.006184800517154865,-0.010385242733979894,-0.036296013519435344,-0.009611392700657806,-0.001932042315257704,0.0007088243621880209,0.46143891952135374,1.0041416485275187,0.004253540321427482,0.01163904920414331,0.6473110098813779,1.0338536590243865,0.0045278563576870365,0.014063886691859841,0.6352188235549275,0.5492728167894481,0.007945425606344623,0.02852752784460629,0.5744811498470628,0.6586962642287978,0.005566618154677603,0.028118382890445513,0.3333320274757476,0.09423541557857573,0.00425545359774409,0.028745062124549643,0.33228626395436983,-0.1452040961861711
626,2025-01-03,0.0,-1.0,-1.0,0.0,-1.0,1.0,-1.0,1.0,-1.0,3211.4299,-0.013360434864232995,0.01282808633001764,0.03408680974166689,0.04355595618014263,0.026041390472200554,0.04264200193191203,-0.002832483957915896,0.00011532797680601555,-0.10067472829490451,0.685059871309797,0.003629923227392069,0.011078532365345433,0.5445896280494545,0.9148509771055368,0.004454674956874648,0.013925453872681622,0.6012820595080608,0.5087126402130971,0.0079167822174201,0.028272810033754356,0.544474059612646,0.6143796660717962,0.00521104269885108,0.027590276817023217,0.296881425602278,0.05423578064949473,0.004347299172021049,0.028531401430933197,0.3218325870165941,-0.15357941695006883
627,2025-01-10,0.0,-1.0,-1.0,0.0,-1.0,1.0,-1.0,1.0,-1.0,3168.5238,0.023132980727492036,0.04265166005696419,0.06439023749797923,0.05768711600020171,0.039935379371302204,0.056481665058031094,-0.0029696751077204022,-6.713564803190967e-06,-0.1603484876823295,0.6848189096905797,0.0039617014056505,0.011143002953378313,0.5581011296796965,0.8896273231431715,0.005040072916085828,0.014229316076324605,0.6152616477237182,0.5052658921313488,0.00872602137320222,0.028617350292497436,0.562305505628528,0.6056995349342743,0.005953140974047408,0.027738118972522062,0.30495141693308014,0.04218091807680991,0.005323194773481199,0.02888045621118435,0.3389497392520907,-0.14322318534392764
628,2025-01-17,0.0,-1.0,-1.0,0.0,-1.0,-1.0,-1.0,1.0,-1.0,3241.8212,0.0033330647600182672,0.03235928002445054,0.05482732977377047,-0.0011087594837123627,0.0309016734173988,0.044276562815987575,-0.002530156060873796,0.0002698701253494481,0.22135515646780946,1.0101175668949283,0.0046565785167415365,0.011543710098948914,0.6164414116391556,0.9146478662494819,0.006200333129736257,0.014823897102530799,0.6733895254282682,0.5286655007397564,0.00973586341751486,0.029096624528930748,0.5924651937467793,0.6058939027708216,0.006916950380184701,0.02801473726697179,0.3234636713501746,0.03753065820432378,0.006467489438844946,0.029362245440661093,0.36218112327619484,-0.12711840619462383
629,2025-01-24,0.0,-1.0,-1.0,0.0,-1.0,-1.0,-1.0,1.0,-1.0,3252.6264,0.0,0.03888746644865204,0.03449652256404234,0.007410626686175759,0.03530546883589203,0.03823666929592662,-0.00229110511793128,0.0002987009795765162,0.4690159306586966,1.1472212151058294,0.005132988935159255,0.011828369886845682,0.6494743988882163,0.9265781637785094,0.007221214520654409,0.01528159915704461,0.7222738644824801,0.5412086873449713,0.009767935085787188,0.02893551031858469,0.5679717343408843,0.569027102294038,0.007636560759229603,0.028191381316614854,0.3312445231560335,0.027885323025950377,0.007239668001901588,0.029723031011508576,0.36824093857356505,-0.12160430860887525
630,2025-01-31,0.0,-1.0,-1.0,0.0,-1.0,1.0,-1.0,1.0,-1.0,3252.6264,0.015691995859100194,0.020989468695205904,0.030338682610459022,0.013045949574780558,0.02943630415100862,0.03297919490538459,-0.0022559513833682204,0.00032270997563607813,0.4688050245756089,1.1264431429441097,0.00558841833640699,0.012197179385542201,0.6861978360572268,0.9546634705771704,0.007775791686159292,0.0155345632699166,0.7454815104018226,0.5511003180743571,0.009925817132137957,0.02886394785093657,0.5604519091269027,0.5460223380477659,0.00822386856547816,0.028442024590229,0.34049275198526135,0.02804027307396992,0.007719034819945118,0.030046946947872747,0.3647658740494388,-0.11893155693354465
631,2025-02-07,0.0,-1.0,-1.0,0.0,-1.0,1.0,-1.0,1.0,-1.0,3303.6666,0.013033276420810758,0.020849319359284024,0.014420401865006482,-0.0026051660297682355,0.013264262198855015,0.036492816799370775,-0.001963815414036339,0.0005026018128977802,0.6925485881252783,1.2495313718999554,0.005839098857946004,0.012351543737485952,0.7054034051157836,0.9561494205772674,0.008143044382083369,0.015760710575091617,0.7607868207401596,0.5623736757317651,0.009976603046719774,0.028895220862274522,0.552767181840209,0.5322430147766407,0.00856914010812039,0.028654636314496103,0.3438030967621454,0.028732458044314263,0.008130190550031988,0.030300128916033536,0.3614119694741129,-0.11700410899415734
632,2025-02-14,0.0,-1.0,-1.0,0.0,-1.0,-1.0,-1.0,1.0,-1.0,3346.7242,0.009677702154243795,0.021763789200197614,-0.03241898451028624,-0.0014119179584621833,0.011543735811872402,0.03752774130596115,-0.001723619691820669,0.000650509822550265,0.8746601339843428,1.3341141180588503,0.006079504850897117,0.012499581227903872,0.7375230725128828,0.9652175392000673,0.008243583501988814,0.015822620674823006,0.7639029563831846,0.5626792840276339,0.009775091504124856,0.028771133843104136,0.5373050383234083,0.5121380020396153,0.008644337903392578,0.02870094170297831,0.3402229326662726,0.024816797224862124,0.008584450720664789,0.030579853788245716,0.36122053096187196,-0.11312633213402638
633,2025-02-21,0.0,-1.0,-1.0,0.0,-1.0,-1.0,-1.0,1.0,-1.0,3379.1128,-0.017228042816445743,-0.004226582788239508,-0.030298603822873305,-0.0034479168614910405,-0.000626436619694859,0.038786630620913254,-0.0015112890903121133,0.0007519216100784142,1.0340878736645949,1.369788857772131,0.006520985298647032,0.01259665793114506,0.7945676165885159,0.9660599097608074,0.007815133573493449,0.01536754096639591,0.7268604724191172,0.5158837029584143,0.009900506144418453,0.028576830847896716,0.5406712628139977,0.488228104817557,0.008803189170768298,0.028696948768791242,0.3398958134742745,0.01890312308443431,0.009086974361495026,0.03084766316547305,0.36223737968329855,-0.1097663880998192
634,2025-02-28,0.0,-1.0,-1.0,0.0,-1.0,-1.0,-1.0,1.0,-1.0,3320.8973,0.015552573697476202,0.009157013075953735,-0.0077802165095560705,0.008273185683881357,0.011743241803954474,0.06431556916860992,-0.0017658582899868402,0.0005952992130722576,0.7667704935787059,1.1801220307244489,0.007547319352178979,0.013228104703962087,0.925415101476566,1.044299561393103,0.009002952302388428,0.016098340359119175,0.8140740617965466,0.5784794224239654,0.011239248893217278,0.029400485471313048,0.6144241431413684,0.5258894498202421,0.009408529615437384,0.02906938137874558,0.35722379311969266,0.027784951095565075,0.010719456634845768,0.03185203952777041,0.3964753996953942,-0.08428633415073562
635,2025-03-07,,-1.0,-1.0,0.0,-1.0,1.0,-1.0,1.0,-1.0,3372.5458,0.013940744703897057,-0.00629761647714322,-0.022975462631226518,-0.0074301437211024,0.015324002419774496,0.0655616003791557,-0.0008896397874057259,0.001134388161581153,1.5202550579960135,1.5959389737769993,0.008446323547322408,0.013781212433184102,1.0340275061247608,1.1061935627268136,0.010712928105338419,0.017150394218827105,0.937928245704759,0.6685465582966175,0.012821899439213628,0.03037420311843522,0.7000683220419309,0.5712323254770098,0.010041660836956123,0.029458912121900695,0.37476970990159597,0.03691341554306871,0.012546779379123931,0.032976290492452716,0.4354333497776012,-0.055720684729761785
636,2025-03-14,0.0,-1.0,-1.0,0.0,-1.0,-1.0,-1.0,1.0,-1.0,3419.5616,-0.01600523880020177,-0.05302866893814695,-0.022682059595007686,-0.010002364045730294,0.015428176524148629,0.041055028808371086,-0.0006197949211986802,0.0013004088342279448,1.6837038153746604,1.6614322565205364,0.008862019115338082,0.01403696700353527,1.075056087601623,1.121074040925234,0.012376855575511811,0.018174117077507327,1.0527556931117381,0.7529412548471685,0.013896559236322787,0.031035382057617383,0.7544346239530345,0.5966023007555238,0.0098254392622271,0.029325882904847833,0.35777062543774685,0.024992970577435842,0.013021467547749709,0.033268339958356805,0.432700138474249,-0.0533206946127238
637,2025-03-21,0.0,-1.0,-1.0,0.0,-1.0,1.0,-1.0,1.0,-1.0,3364.8307,-0.004019191812533185,-0.026182684317520022,0.000781970991883707,0.0036154270703723235,0.04319578396618895,0.08033016341654275,-0.0006848714214665321,0.00126037085055299,1.550268302963124,1.5553788457854572,0.008208515626064932,0.013634902326926202,0.9779313244414535,1.0411183565986883,0.012835521503271493,0.018456308941733494,1.0748055747418048,0.7686667954971,0.013569837616833457,0.030834368253655493,0.7281907794608534,0.5702963815941032,0.009555074704932307,0.029159542494919505,0.33802249129457823,0.011402197540948204,0.013797940653714195,0.033746061062175974,0.43816835863420966,-0.045800676213619225
638,2025-03-28,0.0,-1.0,-1.0,0.0,-1.0,1.0,-1.0,-1.0,-1.0,3351.3068,0.0,-0.016783542467672552,-0.0008758076103326795,0.002562761487548748,0.054658051599453694,0.10308328082645257,-0.00046287902305187207,0.0016424287304324266,1.6637613825619795,1.7810049154640535,-0.004369452428700854,0.0009778192981059006,-0.6275028897782077,-0.7791513177393666,-0.009075318019473942,-0.0035854135845356785,-0.5760035912608159,-1.2101596059204391,-0.016506563226845267,0.0009363546799698308,-0.9601252130364538,-1.1841813479404333,-0.02148794641121641,-0.0021194560815343145,-0.8814580353883825,-1.2030242616807443,-0.02224116246008587,-0.0026642661286862615,-0.6486620282217098,-1.1442725372335707
639,2025-04-04,0.0,-1.0,-1.0,0.0,-1.0,-1.0,-1.0,-1.0,-1.0,3351.3068,-0.0337420614549524,-0.016783542467672552,-0.001139704666848207,0.021758646507684887,0.07231462664056898,0.14157235619251574,-0.0004285680989706746,0.0016229975742782946,1.6131282985770403,1.6804871987225973,-0.004339427084714883,0.000555190023978803,-0.5989239183746972,-0.8115420892254118,-0.00874186639297717,-0.003657148053579265,-0.525932663920827,-1.1704292740057691,-0.01618908978937653,0.0012244336901396091,-0.9099384348077043,-1.131620206798827,-0.02008453185526018,-0.0011039076139589717,-0.8075693108356128,-1.1341634036289445,-0.019934047120692328,-0.0009901636580945568,-0.5791202881707316,-1.0701281767276334
640,2025-04-11,0.0,-1.0,-1.0,0.0,-1.0,1.0,-1.0,-1.0,-1.0,3238.2268,0.011890334549760295,0.032045964167797036,0.04543569956248894,0.07229030406394021,0.09935221337801292,0.1913703512057896,-0.0009770536745844537,0.0011309995413754004,1.0982728532204868,1.2409927171607198,-0.004286280264736913,0.0001069647441446506,-0.5674026884088093,-0.8453208769286594,-0.008446867168652108,-0.003718927352779306,-0.4791648433072771,-1.130647762736774,-0.015613138861016125,0.0018349213142144286,-0.8482719409796088,-1.0619428437843967,-0.018431101527933896,0.00012529142124139032,-0.728122962361947,-1.0606029076767758,-0.017036212717846222,0.0011504165099839384,-0.4948448315164117,-0.9837971222852693
641,2025-04-18,0.0,-1.0,-1.0,0.0,-1.0,1.0,-1.0,-1.0,-1.0,3276.7304,0.005593868815084724,0.02768964453102396,0.030599282748437373,0.07124382280580677,0.1093766212807743,0.16351174329142237,-0.0006365451369963583,0.0011784088574382605,1.3326186922544228,1.2321611455144876,-0.003500884635472228,0.00042683534263316183,-0.4411598675217221,-0.7697882232107531,-0.007541747239271215,-0.0029702143069439066,-0.3861949761731938,-1.0238525246695762,-0.014197831769732655,0.0031211219295167996,-0.7440087361866202,-0.9590737072396688,-0.016379374110478843,0.0016845860515986976,-0.6370736331911361,-0.9790456102235833,-0.013364732678230603,0.003865978587678799,-0.39026041083478263,-0.885313130800386
642,2025-04-25,0.0,-1.0,-1.0,0.0,-1.0,-1.0,-1.0,1.0,-1.0,3295.06,0.0,0.016179280498686,0.019676546102347148,0.07266110480537535,0.12191295454407514,0.1746670470340448,3.4562871244440876e-05,0.0017427678808432804,1.7973633028640024,1.592144171355549,0.01201191186018675,0.015868791760988363,1.56061117937768,1.4187545191797215,0.014190122412274256,0.019004984130549157,1.2906481180048013,0.9214058861968653,0.012120438863252939,0.029332590558058536,0.7166319304010327,0.5284588415663407,0.011107113224969593,0.029020152029397957,0.4229795526467995,0.056276678608397517,0.01729988604135079,0.03411586286805881,0.5166002685069317,0.009264658773369832
643,2025-05-02,0.0,-1.0,-1.0,0.0,-1.0,1.0,-1.0,1.0,-1.0,3295.06,0.014245233774195398,0.015910878709340492,0.03920010561264453,0.0906190782565417,0.16105903989608694,0.15933834285263382,0.0002896411866369149,0.001900223800045554,1.891874930750328,1.6315407831018673,0.011821997319383633,0.015751560437165236,1.5062164916186371,1.369315172712474,0.012829412460703654,0.01816503881468577,1.1693465277826862,0.8437017449315052,0.012111981942897972,0.029327370231250018,0.7038957186773485,0.5163122047847788,0.012006635297300339,0.029575413163703497,0.4420905846663534,0.06876186561647837,0.019838712360555146,0.03568304128998845,0.5683368464810569,0.047297912657504
644,2025-05-09,0.0,-1.0,-1.0,0.0,-1.0,-1.0,-1.0,1.0,-1.0,3341.9989,0.007619092872831246,0.012973971954329366,0.038994716605083246,0.06521632906581742,0.15437722017203526,0.1454539976060436,6.219969820556062e-05,0.0017598276688785806,1.6318150434651588,1.4643589524741165,0.011361484387410829,0.015467292890169933,1.3871839918394138,1.2756081368662264,0.011301897258819145,0.017222127184435644,1.012362230691692,0.7296645359060784,0.012227625694841895,0.029398755339914838,0.6801439653003183,0.49143307051140817,0.013422330932948312,0.03044930029628324,0.46808582505137303,0.07187468598869422,0.022066427930841074,0.03705817583367117,0.6128446308219342,0.05178425098413986
645,2025-05-16,0.0,-1.0,-1.0,0.0,-1.0,1.0,-1.0,1.0,-1.0,3367.4619,-0.005669017368837848,0.0028312421292726597,0.04238067251777977,0.07948603664973919,0.1321625643336901,0.13679266868617002,-0.00015259138303227462,0.0016272404394203775,1.4144005629336578,1.3216045241022814,0.01047240930713841,0.01491848052331415,1.254849089914415,1.1804035251176732,0.010462730924586017,0.016704122718564147,0.9351463504278068,0.686294714660192,0.012551077735403236,0.029598417307597484,0.6819416853213843,0.49151702695429556,0.015493349900660397,0.03172770843828743,0.5297363467934606,0.11201839592501332,0.024882703379578992,0.03879661933415274,0.6749614955099055,0.09336883338478937
646,2025-05-23,0.0,-1.0,-1.0,0.0,-1.0,-1.0,-1.0,1.0,-1.0,3348.3717,-0.0002641283821627205,0.003441583262694392,0.05558253882028685,0.10405021640817225,0.1559643751618136,0.16385767446308308,-0.00016078882079358027,0.0016221802872242808,1.3523185814494585,1.2697811882751586,0.009596722450240028,0.014377932500742593,1.1265803649186563,1.0884182036243037,0.010744258645595946,0.016877905448877125,0.939398109338951,0.7017326970423786,0.01320135832205899,0.02999982550787407,0.6985270522927428,0.5013771991409227,0.017123948479733538,0.03273425185113239,0.5710189987866775,0.1397333152343831,0.027882573583099955,0.04064839305178973,0.7419085638395191,0.13770462769383146
647,2025-05-30,0.0,-1.0,-1.0,0.0,-1.0,1.0,-1.0,1.0,-1.0,3347.4873,0.011313142248515762,0.022924478309447327,0.07353814307226791,0.14287489604516201,0.14118114802108428,0.14705597240055246,-0.0001653005230143655,0.0016193952828649429,1.2972505585220286,1.2221971654859838,0.008457673758364549,0.013674815269787673,0.9708621539917823,0.9812433779469242,0.010931169997162607,0.016993282950194654,0.9343171655410365,0.7122036798458348,0.01428108189586718,0.03066632225628152,0.7356591294688407,0.5243458755589941,0.019809013834687642,0.03439170137965061,0.651300747245342,0.19257298013276167,0.03099938420483085,0.04257235229022577,0.8114817084598641,0.18532785462185467
648,2025-06-06,0.0,-1.0,-1.0,0.0,-1.0,-1.0,-1.0,1.0,-1.0,3385.3579,-0.0024700194918829688,0.025687476056815095,0.05157324724809742,0.13959218314849364,0.13078324746698144,0.1668814987035787,-0.0008156667024032053,0.001217934247511239,0.7978094118859943,0.9186169840243664,0.0074446572023819935,0.013049495737063248,0.8333839841310694,0.8863260564491587,0.011516114966111933,0.017354360478980077,0.9546651644899457,0.7412419333078885,0.01614325365577452,0.031815812230439396,0.8112564843757205,0.5725454227569621,0.022449076820817877,0.03602137163834523,0.7272164285215206,0.2423828730087238,0.03400959029550652,0.04443050619196509,0.8760594042827895,0.23053842309555508
649,2025-06-13,0.0,-1.0,-1.0,0.0,-1.0,-1.0,-1.0,1.0,-1.0,3376.996,-0.005063849646253726,0.03943777250550484,0.07643837896165695,0.1289661877005479,0.13358322011634005,0.17109703416882938,-0.0010240098769421502,0.0010893272116443346,0.6242113758855408,0.8000004675987993,0.007512962616569988,0.013091659618226233,0.8253314885251494,0.8796943435470193,0.01269766648663835,0.01808371405207028,1.0136528678111159,0.7985578056917242,0.019039155266148876,0.03360340773529153,0.9367402028501682,0.655456873622016,0.026037380978271508,0.03823637658151287,0.83855381271692,0.31601503723136354,0.03877853390358463,0.04737430170150651,0.9947489803540828,0.310347993265662
650,2025-06-20,0.0,-1.0,-1.0,0.0,-1.0,1.0,-1.0,1.0,-1.0,3359.8954,0.019146816296721658,0.051962123582775854,0.10026356772892409,0.15199967237075307,0.15986589939674922,0.18978575940191478,-0.0012802588700248539,0.0009311486511170959,0.42578260317193733,0.6682120579452439,0.008643551393879387,0.013789554674092198,0.9264265774500823,0.9385412669098967,0.014208821744962106,0.019016526940890774,1.0820625744089396,0.8489495918431395,0.021523955600026855,0.03513723674777692,1.0321171677818601,0.7174618167080096,0.029825017104237888,0.04057442608172287,0.9544679351194038,0.3952257084974652,0.04296797050856013,0.0499603764549057,1.091588979578233,0.385993133851997
651,2025-06-27,0.0,-1.0,-1.0,0.0,-1.0,-1.0,-1.0,1.0,-1.0,3424.2267,0.014044776883493038,0.04947937588361184,0.11726224201218916,0.11560645210785836,0.12134961741872985,0.16537030097919625,-0.0011464182625880745,0.0010137663986826762,0.4987561126242871,0.6941798252997283,0.009937930661181515,0.014588555079186754,1.0414247722776588,1.0067830244391653,0.016388920010442256,0.02036226805500427,1.195230780811239,0.9315229049197273,0.025259266519203932,0.03744298670296371,1.1880480671162343,0.8174106827231197,0.03397215406242518,0.04313438991402427,1.079556510556168,0.48418008322712147,0.04754813342526599,0.05278764054843112,1.1972012563526437,0.4728209080911957
652,2025-07-04,,-1.0,-1.0,0.0,-1.0,-1.0,-1.0,1.0,-1.0,3472.3192,0.0109027994891715,0.025237483927168958,0.11105205996038614,0.10246373662882147,0.13765793766886403,0.10441770445528165,-0.0007473803822683916,0.001260086342208996,0.7566094535477532,0.8281865649490997,0.011460791579889391,0.015528593692047392,1.1762226892086154,1.0879875532632683,0.019155409941784288,0.022069979721646982,1.3452583830075198,1.0414938298214034,0.028742992407708858,0.039593437089854924,1.3252513016595193,0.9047095384217886,0.03780327487916771,0.04549928184475152,1.1864959835861764,0.5674218651605629,0.051837155394817105,0.055435187815063035,1.288906180352725,0.5569137021594516
653,2025-07-11,0.0,-1.0,-1.0,0.0,1.0,-1.0,-1.0,1.0,-1.0,3510.1772,0.00692429430628172,0.03559674993045925,0.08613157763089552,0.090573433158873,0.12666391884717387,0.10780623838591397,-0.0030022647620000704,-0.001243526416687586,-0.8675576404264346,-0.882802212339006,-0.004535309423112579,-0.0007994811851319231,-0.7416903384769671,-1.0543126085178256,0.0010461699007195862,0.0034972315558487246,-0.011966183194066676,-0.6137500119080608,-0.010604895864744723,-0.0006029450760701265,-0.8234334657592495,-1.3671927424950059,-0.004174187772687844,0.002398114263978516,-0.46365191726619853,-1.0861572236385466,-0.0017490093081478572,0.001000126707258825,-0.3990057997621738,-1.1032197606342518
654,2025-07-18,0.0,-1.0,-1.0,0.0,-1.0,1.0,-1.0,1.0,-1.0,3534.4827,0.01674151637522514,0.045915573444453406,0.09509615084549705,0.10257382218902933,0.13101577778270057,,-0.00023560888684071957,0.001150393768796771,1.0909451885108628,0.7262831463724709,0.01265083751875926,0.014564343465436008,1.2700546407700744,0.9249107275468273,0.021327878237985567,0.01981609125613412,1.4571794804115485,0.8072548793914212,0.03355191422125538,0.03832292153515978,1.5195701418735899,0.8028708020714992,0.04352525444714724,0.04353574076035449,1.3648361546341343,0.5156449706210401,0.056413046073257034,0.053658755780414416,1.3984653340852389,0.5462855400654693
655,2025-07-25,0.0,-1.0,-1.0,0.0,-1.0,-1.0,-1.0,-1.0,-1.0,3593.6553,-0.009378612356059857,0.06458713499872948,0.06300940994535553,0.06848180458487496,0.1104270629406221,,-0.0005691852732296605,0.0006791778900319117,0.821229700653491,0.37424817279429845,-0.0031170622008216175,-0.0015155715387030078,-0.6522214828949584,-1.1977448805613884,-0.006166009296334517,-0.008553039405662,-0.6688940304594869,-1.7355728797295558,-0.009391069857458193,-0.005647160978210657,-0.7942015349498763,-1.6103240350468797,-0.009147253539660886,-0.010313479537043629,-0.650478145537283,-1.5092790020932698,-0.004156941255941061,-0.007396328403285874,-0.4663319631076693,-1.3111530080223992
656,2025-08-01,,-1.0,-1.0,0.0,-1.0,-1.0,-1.0,-1.0,-1.0,3559.9518,0.02111722411522532,0.08370214450656333,0.07532523333602459,0.10965308575245314,0.07723110183682835,,-0.0005915387577567488,0.0006624638039669773,0.7730589664940937,0.33407529630325117,-0.001936139326782359,-0.0006325751302986493,-0.5392329790333943,-1.0901856106669345,-0.004243046229425719,-0.007115206741986921,-0.5758671440493734,-1.6093044328388,-0.00711849094493344,-0.003947914514543523,-0.6637271115755994,-1.4560437414785543,-0.006468384712409323,-0.008310443094063445,-0.5248085936098643,-1.3745237453196555,-0.0037766520752191488,-0.007112394937914008,-0.43173808227790966,-1.255714568604737
657,2025-08-08,0.0,-1.0,-1.0,0.0,-1.0,1.0,-1.0,-1.0,-1.0,3635.1281,0.016957421665552808,0.0487977851454533,0.05308695998911306,0.08793690104070895,0.06972741895945833,,-0.0008675589317948958,0.0004560787574235156,0.541832436396397,0.1531676017442936,-0.001753259644337899,-0.0004958328363533675,-0.5508450109273292,-1.082249618125748,-0.0032356600333647697,-0.006361966701885558,-0.5399056576656323,-1.525769251777979,-0.005582279350550796,-0.0027992625998343942,-0.5680594636749836,-1.3378789133020577,-0.005911439081851648,-0.00789400523663011,-0.47930478257171116,-1.3079954117309704,-0.002859339618464244,-0.006427506390254682,-0.37842278214694514,-1.1950593778241776
658,2025-08-15,,-1.0,-1.0,0.0,-1.0,,-1.0,-1.0,-1.0,3696.7705,0.03489226610091145,0.047021555706528106,0.05417095813765016,0.08136431515021014,,,-0.000477039829884467,0.0007480766278862583,0.8015635631674656,0.3393525027054935,-0.0008357879706811372,0.0001901765639732494,-0.4726514435199603,-1.0062524115120957,-0.0009965271811959771,-0.004687728434620418,-0.3840783143834943,-1.3531928589129896,-0.0029871939583211125,-0.0008588724768082423,-0.41391499169864326,-1.1870063145085807,-0.004077778454919127,-0.006522945548137642,-0.38256644600009715,-1.2147502895055626,-0.0018893414686229869,-0.005703281379262057,-0.3207816761576765,-1.141384583535455
659,2025-08-22,,-1.0,-1.0,0.0,-1.0,,,-1.0,-1.0,3825.7592,0.008408318014369476,-0.0014820064995204607,0.0036583849814697533,0.043058878352824737,,,-0.0003679532694383181,0.0008296425312967562,0.8505625319456882,0.37249444355633216,-0.00014285893680945991,0.000708291558303902,-0.38323342319351117,-0.9095815374817516,-1.4045658866788241e-05,-0.003953110048770208,-0.3006208950775716,-1.2388120698680256,-0.00212180512564605,-0.00021180631531403024,-0.3651279073280996,-1.1162754618379434,-0.0038744391851994048,-0.0063709052677796765,-0.3724167281023115,-1.165915383406714,-0.0013639546310240218,-0.005311014354528274,-0.3044807989845665,-1.089014885080102
660,2025-08-29,,-1.0,-1.0,0.0,-1.0,,-1.0,-1.0,-1.0,3857.9274,-0.011771372369526745,-0.00772990181204547,0.023946562602499943,-0.005971237302184518,,,-0.00010061708809467121,0.0010295344066700912,1.017543481486215,0.4997265430803103,0.00066867283329629,0.0013150878648725082,-0.32298749652256986,-0.8534961747483961,0.0010719996067380198,-0.00314105526519785,-0.22691421131401732,-1.1386004100295162,-0.0013943938893149106,0.00033209161674687543,-0.3057891239999667,-1.0472779194274962,-0.003567059437891113,-0.006141072127228253,-0.33174186887253404,-1.127321623073062,-0.001155392669913654,-0.005155296749703428,-0.2689869713948136,-1.0610555728101883
661,2025-09-05,0.0,-1.0,-1.0,0.0,-1.0,1.0,-1.0,-1.0,-1.0,3812.5143,0.015235116626316714,0.004089610890115392,0.03731807642006757,0.01995583334598905,,,-0.0005327267095656407,0.0007064385871346757,0.6561294991624843,0.20286471132753603,0.0016036317857136776,0.0020141728052516204,-0.22637088404841907,-0.7670322989344334,0.002631808106361558,-0.0019747595373022404,-0.09840598850550518,-1.0047118372895176,-0.0009369772600281399,0.0006741099226699049,-0.25687466163155,-0.9926602292217709,-0.0028312152453889156,-0.005590868728337136,-0.27031099077001597,-1.0866070494595252,-0.0016402895983068724,-0.005517332990033718,-0.25403267284468145,-1.0589220019411882
662,2025-09-12,0.0,-1.0,-1.0,0.0,-1.0,-1.0,-1.0,-1.0,-1.0,3870.5984,-0.01304940342041172,0.006828324013155251,0.032800432098561316,,,,0.00049811821636678,0.0014772191243147242,1.4928503992596616,0.8578252394209092,0.002999587922641294,0.0030579532944727426,-0.04787431713631092,-0.6210789706104133,0.004372504845342966,-0.0006732105518172903,0.055810094761392856,-0.8610095174713566,1.4075567951556123e-05,0.0013852285314885325,-0.1751635773741528,-0.9246783067916307,-0.0019047673382670653,-0.004898147643373957,-0.19442925972302147,-1.0555932483540869,-0.0016880272291624962,-0.005552975105677805,-0.2218570586871017,-1.0592357687159175
663,2025-09-19,0.0,-1.0,-1.0,0.0,-1.0,1.0,-1.0,-1.0,-1.0,3820.0894,0.0020985372750701448,0.005148020881396098,0.04460699270545865,,,,0.0004820477951095654,0.0014652029930638064,1.4697838400397554,0.8431212709666766,0.003439202071844137,0.003386660378875397,0.015352593683186854,-0.5568850171475599,0.005194484928517594,-5.86018612932903e-05,0.14601634320053264,-0.7776020034658417,-0.00046173122534309136,0.0010294595826353704,-0.164281611740553,-0.9235049393297602,-0.002128721810984814,-0.005065602266705507,-0.1614101700919601,-1.0858849216802842,-0.0025789725510133484,-0.006218177287369439,-0.2163845489473366,-1.1095025980925086
664,2025-09-26,0.0,-1.0,-1.0,0.0,-1.0,1.0,-1.0,-1.0,-1.0,3828.106,0.0,0.03192322783120405,0.0017723647150835742,,,,0.0008959480036113249,0.0017746833203393707,1.7878541251238305,1.1306099906968066,0.0038230221820448633,0.003673649297653292,0.00644170983168302,-0.6090912612387416,0.005951612552938357,0.000507515526864814,0.1643449565798388,-0.8211432161266242,-0.0009549364212981387,0.0006606815479233488,-0.2803300927120557,-1.0450337737801698,-0.0028338915373089905,-0.005592869837982156,-0.28525582638360164,-1.2084841461230877,-0.003744470678577888,-0.007088367497923444,-0.3566980023576464,-1.2514737075909466
665,2025-10-03,0.0,-1.0,-1.0,0.0,-1.0,1.0,-1.0,-1.0,-1.0,3828.106,0.018004229767932145,0.03309312751527771,0.015801600060186383,,,,0.0008959480036113249,0.0017746833203393707,1.7139551555054042,1.1210680655805674,0.00505279718951041,0.004593173289108661,0.1686463003101839,-0.5027000959468122,0.005520064841154174,0.0001848398568973196,0.08173285541416979,-0.8617847708598634,-0.001109496356727021,0.0005451144174467501,-0.3389459825377683,-1.0715959524973153,-0.004444354533637847,-0.006797040807050257,-0.42340981578186954,-1.268989458300392,-0.005165618208838159,-0.008149431981286984,-0.4625141335941306,-1.2847713663990254
666,2025-10-10,0.0,-1.0,-1.0,0.0,-1.0,-1.0,-1.0,-1.0,-1.0,3897.0281,-0.014696532467908141,0.025795964878980504,,,,,0.0012007936518242336,0.002002621671274176,1.9101693707181389,1.3210506602244192,0.005552436650212369,0.004966762334587893,0.20681341605276576,-0.5561609181020265,0.0057032674158864795,0.0003218235829773614,0.022990666058585164,-0.9668708583404936,-0.001109496356727021,0.0005451144174467501,-0.4803731376198001,-1.2006952049067763,-0.004444354533637847,-0.006797040807050257,-0.5884332352520086,-1.3859935457517332,-0.005165618208838159,-0.008149431981286984,-0.6296014590362161,-1.4110452171202414
667,2025-10-17,0.0,-1.0,-1.0,0.0,1.0,1.0,-1.0,-1.0,-1.0,3839.7553,0.028792511856159164,0.039256876603569024,,,,,-0.0021223732143997435,-0.00130285376826282,-0.9178699201312983,-2.214316593895603,-0.013942616596701114,-0.014621854761797583,-3.438170543876962,-3.490017297815502,-0.015558756999984371,-0.02076522527732955,-2.7985452166729248,-2.8918250456787065,-0.041534354652425276,-0.03973667637619261,-3.4928718019962117,-3.4357570399910875,-0.04344242364007757,-0.04545909856923526,-3.07883057186987,-3.1640347756410967,-0.05216394682186115,-0.05468070239710815,-2.9467202200403846,-3.2349237090172362
668,2025-10-24,0.0,-1.0,-1.0,0.0,-1.0,1.0,-1.0,-1.0,-1.0,3950.3115,0.001133708063275618,-0.02921812621612241,,,,,0.002042293284725873,0.0014383806481764834,2.422571868773258,0.7298994250388374,0.00595489738718743,0.0031955305236508373,0.2947932894503643,-0.7355819233928189,0.004318361175729251,-0.000713694707775105,-0.14814830968876205,-0.94598878502699,-0.0027367090858330355,-0.0006715806158164167,-0.5337134757610398,-1.078493255229261,-0.007379299124679939,-0.008991549516913565,-0.7312151442156791,-1.286280998545306,-0.008493800890086334,-0.010634336864153972,-0.7472549429290822,-1.2872937015344534
669,2025-10-31,0.0,-1.0,1.0,1.0,-1.0,,-1.0,-1.0,-1.0,3954.79,0.010813646236589092,-0.01673762702950099,,,,,0.0017402906852360587,0.0011041989995643744,2.0454567862121626,0.3072119363269168,0.00496800899979963,0.0023134459644837246,0.11493086959247913,-0.8462777829614408,0.004058336331675542,-0.000995917549894785,-0.16988684169641163,-0.936525925013493,-0.0033988605903872322,-0.0013737350191152832,-0.5655623650759607,-1.0779834252538378,-0.007915746020907964,-0.009557058263927238,-0.7448223776360705,-1.2612351805653441,-0.009098612478611417,-0.011267321711849656,-0.7594302135669927,-1.2612430428688242
670,2025-11-07,0.0,-1.0,1.0,,-1.0,-1.0,-1.0,-1.0,-1.0,3997.5557,-0.0017669797571551182,,,,,,0.008992405684323666,0.004721706222132741,5.242634463403436,4.030729625216321,-0.012494721474853464,-0.006545756967964421,-2.8464287080818655,-2.0626016887965997,0.0040214960491633586,-0.0010234847231131716,-0.18723646289142984,-0.9152205469686234,-0.004756824914894254,-0.0023898846033563147,-0.6830353773642017,-1.114151376560717,-0.009411933468580321,-0.010676638672234968,-0.8640530469464991,-1.278759789930893,-0.010676178504481229,-0.012446085945488721,-0.8792783951731649,-1.2823249078635086
671,2025-11-14,0.0,-1.0,1.0,,-1.0,-1.0,-1.0,-1.0,-1.0,3990.4921,-0.0389930104109214,,,,,,0.004204912944422845,0.002314972506948561,2.4584498530546464,1.4236621430760987,-0.012620948555846504,-0.006773157902297851,-2.61119915922924,-1.9710788624229447,0.0036608644541093202,-0.001293341330363431,-0.2245143954984593,-0.9048736479924014,-0.0060435631374844805,-0.0033527364885755848,-0.757053085197524,-1.1248156514524346,-0.011272601104502317,-0.012068955547230396,-0.9551533422575693,-1.2910986079413338,-0.012249456189269401,-0.013621645911917519,-0.9338008139699868,-1.2773174409157126
672,2025-11-21,0.0,-1.0,1.0,,-1.0,1.0,-1.0,-1.0,-1.0,3834.8908,0.014004414415137889,,,,,,-0.00909122881694249,-0.004348234944826526,-3.6854752572397276,-4.4676948289843015,-0.01269204576822154,-0.0069012411344806365,-2.4142590572582874,-1.87731888482495,0.0031121540589649083,-0.0017039352096224463,-0.2882519923126668,-0.9077418742934501,-0.00729405270287849,-0.004288463907213165,-0.8252834567002865,-1.1330013242846004,-0.012449242539347035,-0.012949423232014597,-0.9985027195876273,-1.2792542572028525,-0.01421893437538417,-0.015093248625626037,-1.0035967499246217,-1.2837629993713802
673,2025-11-28,0.0,-1.0,1.0,,-1.0,1.0,-1.0,-1.0,-1.0,3888.5962,,,,,,,-0.0036733615539479847,-0.0017118818792795944,-1.2733306413177676,-2.1305760619241463,-0.012609895754224658,-0.006753246030803757,-2.231695997307041,-1.7602715856554187,0.0021231642994695528,-0.0024439852350859083,-0.40877662703295453,-0.9406186090215374,-0.008309361350101978,-0.00504820806332492,-0.8726451282028537,-1.1308194254514,-0.013791474939285352,-0.013953800792262605,-1.0477448352237608,-1.2735394691949895,-0.016322975406366028,-0.016665397285497773,-1.0749537352606178,-1.293298074487362
