date,f41_contrib_h1,f42_contrib_h1,f43_contrib_h1,f45_contrib_h1,f49_contrib_h1,f411_contrib_h1,intercept_h1,score_h1_predret,score_h1_noint,f41_contrib_h4,f42_contrib_h4,f43_contrib_h4,f45_contrib_h4,f49_contrib_h4,f411_contrib_h4,intercept_h4,score_h4_predret,score_h4_noint,f41_contrib_h8,f42_contrib_h8,f43_contrib_h8,f45_contrib_h8,f49_contrib_h8,f411_contrib_h8,intercept_h8,score_h8_predret,score_h8_noint,f41_contrib_h12,f42_contrib_h12,f43_contrib_h12,f45_contrib_h12,f49_contrib_h12,f411_contrib_h12,intercept_h12,score_h12_predret,score_h12_noint,f41_contrib_h16,f42_contrib_h16,f43_contrib_h16,f45_contrib_h16,f49_contrib_h16,f411_contrib_h16,intercept_h16,score_h16_predret,score_h16_noint,f41_contrib_h20,f42_contrib_h20,f43_contrib_h20,f45_contrib_h20,f49_contrib_h20,f411_contrib_h20,intercept_h20,score_h20_predret,score_h20_noint
2013-01-04,,,,,,,,,0.0,,,,,,,,,0.0,,,,,,,,,0.0,,,,,,,,,0.0,,,,,,,,,0.0,,,,,,,,,0.0
2013-01-11,,,,,,,,,0.0,,,,,,,,,0.0,,,,,,,,,0.0,,,,,,,,,0.0,,,,,,,,,0.0,,,,,,,,,0.0
2013-01-18,,,,,,,,,0.0,,,,,,,,,0.0,,,,,,,,,0.0,,,,,,,,,0.0,,,,,,,,,0.0,,,,,,,,,0.0
2013-01-25,,,,,,,,,0.0,,,,,,,,,0.0,,,,,,,,,0.0,,,,,,,,,0.0,,,,,,,,,0.0,,,,,,,,,0.0
2013-02-01,,,,,,,,,0.0,,,,,,,,,0.0,,,,,,,,,0.0,,,,,,,,,0.0,,,,,,,,,0.0,,,,,,,,,0.0
2013-02-08,,,,,,,,,0.0,,,,,,,,,0.0,,,,,,,,,0.0,,,,,,,,,0.0,,,,,,,,,0.0,,,,,,,,,0.0
2013-02-15,,,,,,,,,0.0,,,,,,,,,0.0,,,,,,,,,0.0,,,,,,,,,0.0,,,,,,,,,0.0,,,,,,,,,0.0
2013-02-22,,,,,,,,,0.0,,,,,,,,,0.0,,,,,,,,,0.0,,,,,,,,,0.0,,,,,,,,,0.0,,,,,,,,,0.0
2013-03-01,,,,,,,,,0.0,,,,,,,,,0.0,,,,,,,,,0.0,,,,,,,,,0.0,,,,,,,,,0.0,,,,,,,,,0.0
2013-03-08,,,,,,,,,0.0,,,,,,,,,0.0,,,,,,,,,0.0,,,,,,,,,0.0,,,,,,,,,0.0,,,,,,,,,0.0
2013-03-15,,,,,,,,,0.0,,,,,,,,,0.0,,,,,,,,,0.0,,,,,,,,,0.0,,,,,,,,,0.0,,,,,,,,,0.0
2013-03-22,,,,,,,,,0.0,,,,,,,,,0.0,,,,,,,,,0.0,,,,,,,,,0.0,,,,,,,,,0.0,,,,,,,,,0.0
2013-03-29,,,,,,,,,0.0,,,,,,,,,0.0,,,,,,,,,0.0,,,,,,,,,0.0,,,,,,,,,0.0,,,,,,,,,0.0
2013-04-05,,,,,,,,,0.0,,,,,,,,,0.0,,,,,,,,,0.0,,,,,,,,,0.0,,,,,,,,,0.0,,,,,,,,,0.0
2013-04-12,,,,,,,,,0.0,,,,,,,,,0.0,,,,,,,,,0.0,,,,,,,,,0.0,,,,,,,,,0.0,,,,,,,,,0.0
2013-04-19,,,,,,,,,0.0,,,,,,,,,0.0,,,,,,,,,0.0,,,,,,,,,0.0,,,,,,,,,0.0,,,,,,,,,0.0
2013-04-26,,,,,,,,,0.0,,,,,,,,,0.0,,,,,,,,,0.0,,,,,,,,,0.0,,,,,,,,,0.0,,,,,,,,,0.0
2013-05-03,,,,,,,,,0.0,,,,,,,,,0.0,,,,,,,,,0.0,,,,,,,,,0.0,,,,,,,,,0.0,,,,,,,,,0.0
2013-05-10,,,,,,,,,0.0,,,,,,,,,0.0,,,,,,,,,0.0,,,,,,,,,0.0,,,,,,,,,0.0,,,,,,,,,0.0
2013-05-17,,,,,,,,,0.0,,,,,,,,,0.0,,,,,,,,,0.0,,,,,,,,,0.0,,,,,,,,,0.0,,,,,,,,,0.0
2013-05-24,,,,,,,,,0.0,,,,,,,,,0.0,,,,,,,,,0.0,,,,,,,,,0.0,,,,,,,,,0.0,,,,,,,,,0.0
2013-05-31,,,,,,,,,0.0,,,,,,,,,0.0,,,,,,,,,0.0,,,,,,,,,0.0,,,,,,,,,0.0,,,,,,,,,0.0
2013-06-07,,,,,,,,,0.0,,,,,,,,,0.0,,,,,,,,,0.0,,,,,,,,,0.0,,,,,,,,,0.0,,,,,,,,,0.0
2013-06-14,,,,,,,,,0.0,,,,,,,,,0.0,,,,,,,,,0.0,,,,,,,,,0.0,,,,,,,,,0.0,,,,,,,,,0.0
2013-06-21,,,,,,,,,0.0,,,,,,,,,0.0,,,,,,,,,0.0,,,,,,,,,0.0,,,,,,,,,0.0,,,,,,,,,0.0
2013-06-28,,,,,,,,,0.0,,,,,,,,,0.0,,,,,,,,,0.0,,,,,,,,,0.0,,,,,,,,,0.0,,,,,,,,,0.0
2013-07-05,,,,,,,,,0.0,,,,,,,,,0.0,,,,,,,,,0.0,,,,,,,,,0.0,,,,,,,,,0.0,,,,,,,,,0.0
2013-07-12,,,,,,,,,0.0,,,,,,,,,0.0,,,,,,,,,0.0,,,,,,,,,0.0,,,,,,,,,0.0,,,,,,,,,0.0
2013-07-19,,,,,,,,,0.0,,,,,,,,,0.0,,,,,,,,,0.0,,,,,,,,,0.0,,,,,,,,,0.0,,,,,,,,,0.0
2013-07-26,,,,,,,,,0.0,,,,,,,,,0.0,,,,,,,,,0.0,,,,,,,,,0.0,,,,,,,,,0.0,,,,,,,,,0.0
2013-08-02,,,,,,,,,0.0,,,,,,,,,0.0,,,,,,,,,0.0,,,,,,,,,0.0,,,,,,,,,0.0,,,,,,,,,0.0
2013-08-09,,,,,,,,,0.0,,,,,,,,,0.0,,,,,,,,,0.0,,,,,,,,,0.0,,,,,,,,,0.0,,,,,,,,,0.0
2013-08-16,,,,,,,,,0.0,,,,,,,,,0.0,,,,,,,,,0.0,,,,,,,,,0.0,,,,,,,,,0.0,,,,,,,,,0.0
2013-08-23,,,,,,,,,0.0,,,,,,,,,0.0,,,,,,,,,0.0,,,,,,,,,0.0,,,,,,,,,0.0,,,,,,,,,0.0
2013-08-30,,,,,,,,,0.0,,,,,,,,,0.0,,,,,,,,,0.0,,,,,,,,,0.0,,,,,,,,,0.0,,,,,,,,,0.0
2013-09-06,,,,,,,,,0.0,,,,,,,,,0.0,,,,,,,,,0.0,,,,,,,,,0.0,,,,,,,,,0.0,,,,,,,,,0.0
2013-09-13,,,,,,,,,0.0,,,,,,,,,0.0,,,,,,,,,0.0,,,,,,,,,0.0,,,,,,,,,0.0,,,,,,,,,0.0
2013-09-20,,,,,,,,,0.0,,,,,,,,,0.0,,,,,,,,,0.0,,,,,,,,,0.0,,,,,,,,,0.0,,,,,,,,,0.0
2013-09-27,,,,,,,,,0.0,,,,,,,,,0.0,,,,,,,,,0.0,,,,,,,,,0.0,,,,,,,,,0.0,,,,,,,,,0.0
2013-10-04,,,,,,,,,0.0,,,,,,,,,0.0,,,,,,,,,0.0,,,,,,,,,0.0,,,,,,,,,0.0,,,,,,,,,0.0
2013-10-11,,,,,,,,,0.0,,,,,,,,,0.0,,,,,,,,,0.0,,,,,,,,,0.0,,,,,,,,,0.0,,,,,,,,,0.0
2013-10-18,,,,,,,,,0.0,,,,,,,,,0.0,,,,,,,,,0.0,,,,,,,,,0.0,,,,,,,,,0.0,,,,,,,,,0.0
2013-10-25,,,,,,,,,0.0,,,,,,,,,0.0,,,,,,,,,0.0,,,,,,,,,0.0,,,,,,,,,0.0,,,,,,,,,0.0
2013-11-01,,,,,,,,,0.0,,,,,,,,,0.0,,,,,,,,,0.0,,,,,,,,,0.0,,,,,,,,,0.0,,,,,,,,,0.0
2013-11-08,,,,,,,,,0.0,,,,,,,,,0.0,,,,,,,,,0.0,,,,,,,,,0.0,,,,,,,,,0.0,,,,,,,,,0.0
2013-11-15,,,,,,,,,0.0,,,,,,,,,0.0,,,,,,,,,0.0,,,,,,,,,0.0,,,,,,,,,0.0,,,,,,,,,0.0
2013-11-22,,,,,,,,,0.0,,,,,,,,,0.0,,,,,,,,,0.0,,,,,,,,,0.0,,,,,,,,,0.0,,,,,,,,,0.0
2013-11-29,,,,,,,,,0.0,,,,,,,,,0.0,,,,,,,,,0.0,,,,,,,,,0.0,,,,,,,,,0.0,,,,,,,,,0.0
2013-12-06,,,,,,,,,0.0,,,,,,,,,0.0,,,,,,,,,0.0,,,,,,,,,0.0,,,,,,,,,0.0,,,,,,,,,0.0
2013-12-13,,,,,,,,,0.0,,,,,,,,,0.0,,,,,,,,,0.0,,,,,,,,,0.0,,,,,,,,,0.0,,,,,,,,,0.0
2013-12-20,,,,,,,,,0.0,,,,,,,,,0.0,,,,,,,,,0.0,,,,,,,,,0.0,,,,,,,,,0.0,,,,,,,,,0.0
2013-12-27,,,,,,,,,0.0,,,,,,,,,0.0,,,,,,,,,0.0,,,,,,,,,0.0,,,,,,,,,0.0,,,,,,,,,0.0
2014-01-03,,,,,,,,,0.0,,,,,,,,,0.0,,,,,,,,,0.0,,,,,,,,,0.0,,,,,,,,,0.0,,,,,,,,,0.0
2014-01-10,,,,,,,,,0.0,,,,,,,,,0.0,,,,,,,,,0.0,,,,,,,,,0.0,,,,,,,,,0.0,,,,,,,,,0.0
2014-01-17,,,,,,,,,0.0,,,,,,,,,0.0,,,,,,,,,0.0,,,,,,,,,0.0,,,,,,,,,0.0,,,,,,,,,0.0
2014-01-24,,,,,,,,,0.0,,,,,,,,,0.0,,,,,,,,,0.0,,,,,,,,,0.0,,,,,,,,,0.0,,,,,,,,,0.0
2014-01-31,,,,,,,,,0.0,,,,,,,,,0.0,,,,,,,,,0.0,,,,,,,,,0.0,,,,,,,,,0.0,,,,,,,,,0.0
2014-02-07,,,,,,,,,0.0,,,,,,,,,0.0,,,,,,,,,0.0,,,,,,,,,0.0,,,,,,,,,0.0,,,,,,,,,0.0
2014-02-14,,,,,,,,,0.0,,,,,,,,,0.0,,,,,,,,,0.0,,,,,,,,,0.0,,,,,,,,,0.0,,,,,,,,,0.0
2014-02-21,,,,,,,,,0.0,,,,,,,,,0.0,,,,,,,,,0.0,,,,,,,,,0.0,,,,,,,,,0.0,,,,,,,,,0.0
2014-02-28,,,,,,,,,0.0,,,,,,,,,0.0,,,,,,,,,0.0,,,,,,,,,0.0,,,,,,,,,0.0,,,,,,,,,0.0
2014-03-07,,,,,,,,,0.0,,,,,,,,,0.0,,,,,,,,,0.0,,,,,,,,,0.0,,,,,,,,,0.0,,,,,,,,,0.0
2014-03-14,,,,,,,,,0.0,,,,,,,,,0.0,,,,,,,,,0.0,,,,,,,,,0.0,,,,,,,,,0.0,,,,,,,,,0.0
2014-03-21,,,,,,,,,0.0,,,,,,,,,0.0,,,,,,,,,0.0,,,,,,,,,0.0,,,,,,,,,0.0,,,,,,,,,0.0
2014-03-28,,,,,,,,,0.0,,,,,,,,,0.0,,,,,,,,,0.0,,,,,,,,,0.0,,,,,,,,,0.0,,,,,,,,,0.0
2014-04-04,,,,,,,,,0.0,,,,,,,,,0.0,,,,,,,,,0.0,,,,,,,,,0.0,,,,,,,,,0.0,,,,,,,,,0.0
2014-04-11,,,,,,,,,0.0,,,,,,,,,0.0,,,,,,,,,0.0,,,,,,,,,0.0,,,,,,,,,0.0,,,,,,,,,0.0
2014-04-18,,,,,,,,,0.0,,,,,,,,,0.0,,,,,,,,,0.0,,,,,,,,,0.0,,,,,,,,,0.0,,,,,,,,,0.0
2014-04-25,,,,,,,,,0.0,,,,,,,,,0.0,,,,,,,,,0.0,,,,,,,,,0.0,,,,,,,,,0.0,,,,,,,,,0.0
2014-05-02,,,,,,,,,0.0,,,,,,,,,0.0,,,,,,,,,0.0,,,,,,,,,0.0,,,,,,,,,0.0,,,,,,,,,0.0
2014-05-09,,,,,,,,,0.0,,,,,,,,,0.0,,,,,,,,,0.0,,,,,,,,,0.0,,,,,,,,,0.0,,,,,,,,,0.0
2014-05-16,,,,,,,,,0.0,,,,,,,,,0.0,,,,,,,,,0.0,,,,,,,,,0.0,,,,,,,,,0.0,,,,,,,,,0.0
2014-05-23,,,,,,,,,0.0,,,,,,,,,0.0,,,,,,,,,0.0,,,,,,,,,0.0,,,,,,,,,0.0,,,,,,,,,0.0
2014-05-30,,,,,,,,,0.0,,,,,,,,,0.0,,,,,,,,,0.0,,,,,,,,,0.0,,,,,,,,,0.0,,,,,,,,,0.0
2014-06-06,,,,,,,,,0.0,,,,,,,,,0.0,,,,,,,,,0.0,,,,,,,,,0.0,,,,,,,,,0.0,,,,,,,,,0.0
2014-06-13,,,,,,,,,0.0,,,,,,,,,0.0,,,,,,,,,0.0,,,,,,,,,0.0,,,,,,,,,0.0,,,,,,,,,0.0
2014-06-20,,,,,,,,,0.0,,,,,,,,,0.0,,,,,,,,,0.0,,,,,,,,,0.0,,,,,,,,,0.0,,,,,,,,,0.0
2014-06-27,,,,,,,,,0.0,,,,,,,,,0.0,,,,,,,,,0.0,,,,,,,,,0.0,,,,,,,,,0.0,,,,,,,,,0.0
2014-07-04,,,,,,,,,0.0,,,,,,,,,0.0,,,,,,,,,0.0,,,,,,,,,0.0,,,,,,,,,0.0,,,,,,,,,0.0
2014-07-11,,,,,,,,,0.0,,,,,,,,,0.0,,,,,,,,,0.0,,,,,,,,,0.0,,,,,,,,,0.0,,,,,,,,,0.0
2014-07-18,,,,,,,,,0.0,,,,,,,,,0.0,,,,,,,,,0.0,,,,,,,,,0.0,,,,,,,,,0.0,,,,,,,,,0.0
2014-07-25,,,,,,,,,0.0,,,,,,,,,0.0,,,,,,,,,0.0,,,,,,,,,0.0,,,,,,,,,0.0,,,,,,,,,0.0
2014-08-01,,,,,,,,,0.0,,,,,,,,,0.0,,,,,,,,,0.0,,,,,,,,,0.0,,,,,,,,,0.0,,,,,,,,,0.0
2014-08-08,,,,,,,,,0.0,,,,,,,,,0.0,,,,,,,,,0.0,,,,,,,,,0.0,,,,,,,,,0.0,,,,,,,,,0.0
2014-08-15,,,,,,,,,0.0,,,,,,,,,0.0,,,,,,,,,0.0,,,,,,,,,0.0,,,,,,,,,0.0,,,,,,,,,0.0
2014-08-22,,,,,,,,,0.0,,,,,,,,,0.0,,,,,,,,,0.0,,,,,,,,,0.0,,,,,,,,,0.0,,,,,,,,,0.0
2014-08-29,,,,,,,,,0.0,,,,,,,,,0.0,,,,,,,,,0.0,,,,,,,,,0.0,,,,,,,,,0.0,,,,,,,,,0.0
2014-09-05,,,,,,,,,0.0,,,,,,,,,0.0,,,,,,,,,0.0,,,,,,,,,0.0,,,,,,,,,0.0,,,,,,,,,0.0
2014-09-12,,,,,,,,,0.0,,,,,,,,,0.0,,,,,,,,,0.0,,,,,,,,,0.0,,,,,,,,,0.0,,,,,,,,,0.0
2014-09-19,,,,,,,,,0.0,,,,,,,,,0.0,,,,,,,,,0.0,,,,,,,,,0.0,,,,,,,,,0.0,,,,,,,,,0.0
2014-09-26,,,,,,,,,0.0,,,,,,,,,0.0,,,,,,,,,0.0,,,,,,,,,0.0,,,,,,,,,0.0,,,,,,,,,0.0
2014-10-03,,,,,,,,,0.0,,,,,,,,,0.0,,,,,,,,,0.0,,,,,,,,,0.0,,,,,,,,,0.0,,,,,,,,,0.0
2014-10-10,,,,,,,,,0.0,,,,,,,,,0.0,,,,,,,,,0.0,,,,,,,,,0.0,,,,,,,,,0.0,,,,,,,,,0.0
2014-10-17,,,,,,,,,0.0,,,,,,,,,0.0,,,,,,,,,0.0,,,,,,,,,0.0,,,,,,,,,0.0,,,,,,,,,0.0
2014-10-24,,,,,,,,,0.0,,,,,,,,,0.0,,,,,,,,,0.0,,,,,,,,,0.0,,,,,,,,,0.0,,,,,,,,,0.0
2014-10-31,,,,,,,,,0.0,,,,,,,,,0.0,,,,,,,,,0.0,,,,,,,,,0.0,,,,,,,,,0.0,,,,,,,,,0.0
2014-11-07,,,,,,,,,0.0,,,,,,,,,0.0,,,,,,,,,0.0,,,,,,,,,0.0,,,,,,,,,0.0,,,,,,,,,0.0
2014-11-14,,,,,,,,,0.0,,,,,,,,,0.0,,,,,,,,,0.0,,,,,,,,,0.0,,,,,,,,,0.0,,,,,,,,,0.0
2014-11-21,,,,,,,,,0.0,,,,,,,,,0.0,,,,,,,,,0.0,,,,,,,,,0.0,,,,,,,,,0.0,,,,,,,,,0.0
2014-11-28,,,,,,,,,0.0,,,,,,,,,0.0,,,,,,,,,0.0,,,,,,,,,0.0,,,,,,,,,0.0,,,,,,,,,0.0
2014-12-05,,,,,,,,,0.0,,,,,,,,,0.0,,,,,,,,,0.0,,,,,,,,,0.0,,,,,,,,,0.0,,,,,,,,,0.0
2014-12-12,,,,,,,,,0.0,,,,,,,,,0.0,,,,,,,,,0.0,,,,,,,,,0.0,,,,,,,,,0.0,,,,,,,,,0.0
2014-12-19,,,,,,,,,0.0,,,,,,,,,0.0,,,,,,,,,0.0,,,,,,,,,0.0,,,,,,,,,0.0,,,,,,,,,0.0
2014-12-26,,,,,,,,,0.0,,,,,,,,,0.0,,,,,,,,,0.0,,,,,,,,,0.0,,,,,,,,,0.0,,,,,,,,,0.0
2015-01-02,,,,,,,,,0.0,,,,,,,,,0.0,,,,,,,,,0.0,,,,,,,,,0.0,,,,,,,,,0.0,,,,,,,,,0.0
2015-01-09,,,,,,,,,0.0,,,,,,,,,0.0,,,,,,,,,0.0,,,,,,,,,0.0,,,,,,,,,0.0,,,,,,,,,0.0
2015-01-16,,,,,,,,,0.0,,,,,,,,,0.0,,,,,,,,,0.0,,,,,,,,,0.0,,,,,,,,,0.0,,,,,,,,,0.0
2015-01-23,,,,,,,,,0.0,,,,,,,,,0.0,,,,,,,,,0.0,,,,,,,,,0.0,,,,,,,,,0.0,,,,,,,,,0.0
2015-01-30,,,,,,,,,0.0,,,,,,,,,0.0,,,,,,,,,0.0,,,,,,,,,0.0,,,,,,,,,0.0,,,,,,,,,0.0
2015-02-06,,,,,,,,,0.0,,,,,,,,,0.0,,,,,,,,,0.0,,,,,,,,,0.0,,,,,,,,,0.0,,,,,,,,,0.0
2015-02-13,,,,,,,,,0.0,,,,,,,,,0.0,,,,,,,,,0.0,,,,,,,,,0.0,,,,,,,,,0.0,,,,,,,,,0.0
2015-02-20,,,,,,,,,0.0,,,,,,,,,0.0,,,,,,,,,0.0,,,,,,,,,0.0,,,,,,,,,0.0,,,,,,,,,0.0
2015-02-27,,,,,,,,,0.0,,,,,,,,,0.0,,,,,,,,,0.0,,,,,,,,,0.0,,,,,,,,,0.0,,,,,,,,,0.0
2015-03-06,,,,,,,,,0.0,,,,,,,,,0.0,,,,,,,,,0.0,,,,,,,,,0.0,,,,,,,,,0.0,,,,,,,,,0.0
2015-03-13,,,,,,,,,0.0,,,,,,,,,0.0,,,,,,,,,0.0,,,,,,,,,0.0,,,,,,,,,0.0,,,,,,,,,0.0
2015-03-20,,,,,,,,,0.0,,,,,,,,,0.0,,,,,,,,,0.0,,,,,,,,,0.0,,,,,,,,,0.0,,,,,,,,,0.0
2015-03-27,,,,,,,,,0.0,,,,,,,,,0.0,,,,,,,,,0.0,,,,,,,,,0.0,,,,,,,,,0.0,,,,,,,,,0.0
2015-04-03,,,,,,,,,0.0,,,,,,,,,0.0,,,,,,,,,0.0,,,,,,,,,0.0,,,,,,,,,0.0,,,,,,,,,0.0
2015-04-10,,,,,,,,,0.0,,,,,,,,,0.0,,,,,,,,,0.0,,,,,,,,,0.0,,,,,,,,,0.0,,,,,,,,,0.0
2015-04-17,,,,,,,,,0.0,,,,,,,,,0.0,,,,,,,,,0.0,,,,,,,,,0.0,,,,,,,,,0.0,,,,,,,,,0.0
2015-04-24,,,,,,,,,0.0,,,,,,,,,0.0,,,,,,,,,0.0,,,,,,,,,0.0,,,,,,,,,0.0,,,,,,,,,0.0
2015-05-01,,,,,,,,,0.0,,,,,,,,,0.0,,,,,,,,,0.0,,,,,,,,,0.0,,,,,,,,,0.0,,,,,,,,,0.0
2015-05-08,,,,,,,,,0.0,,,,,,,,,0.0,,,,,,,,,0.0,,,,,,,,,0.0,,,,,,,,,0.0,,,,,,,,,0.0
2015-05-15,,,,,,,,,0.0,,,,,,,,,0.0,,,,,,,,,0.0,,,,,,,,,0.0,,,,,,,,,0.0,,,,,,,,,0.0
2015-05-22,,,,,,,,,0.0,,,,,,,,,0.0,,,,,,,,,0.0,,,,,,,,,0.0,,,,,,,,,0.0,,,,,,,,,0.0
2015-05-29,,,,,,,,,0.0,,,,,,,,,0.0,,,,,,,,,0.0,,,,,,,,,0.0,,,,,,,,,0.0,,,,,,,,,0.0
2015-06-05,,,,,,,,,0.0,,,,,,,,,0.0,,,,,,,,,0.0,,,,,,,,,0.0,,,,,,,,,0.0,,,,,,,,,0.0
2015-06-12,,,,,,,,,0.0,,,,,,,,,0.0,,,,,,,,,0.0,,,,,,,,,0.0,,,,,,,,,0.0,,,,,,,,,0.0
2015-06-19,,,,,,,,,0.0,,,,,,,,,0.0,,,,,,,,,0.0,,,,,,,,,0.0,,,,,,,,,0.0,,,,,,,,,0.0
2015-06-26,,,,,,,,,0.0,,,,,,,,,0.0,,,,,,,,,0.0,,,,,,,,,0.0,,,,,,,,,0.0,,,,,,,,,0.0
2015-07-03,,,,,,,,,0.0,,,,,,,,,0.0,,,,,,,,,0.0,,,,,,,,,0.0,,,,,,,,,0.0,,,,,,,,,0.0
2015-07-10,,,,,,,,,0.0,,,,,,,,,0.0,,,,,,,,,0.0,,,,,,,,,0.0,,,,,,,,,0.0,,,,,,,,,0.0
2015-07-17,,,,,,,,,0.0,,,,,,,,,0.0,,,,,,,,,0.0,,,,,,,,,0.0,,,,,,,,,0.0,,,,,,,,,0.0
2015-07-24,,,,,,,,,0.0,,,,,,,,,0.0,,,,,,,,,0.0,,,,,,,,,0.0,,,,,,,,,0.0,,,,,,,,,0.0
2015-07-31,,,,,,,,,0.0,,,,,,,,,0.0,,,,,,,,,0.0,,,,,,,,,0.0,,,,,,,,,0.0,,,,,,,,,0.0
2015-08-07,,,,,,,,,0.0,,,,,,,,,0.0,,,,,,,,,0.0,,,,,,,,,0.0,,,,,,,,,0.0,,,,,,,,,0.0
2015-08-14,,,,,,,,,0.0,,,,,,,,,0.0,,,,,,,,,0.0,,,,,,,,,0.0,,,,,,,,,0.0,,,,,,,,,0.0
2015-08-21,,,,,,,,,0.0,,,,,,,,,0.0,,,,,,,,,0.0,,,,,,,,,0.0,,,,,,,,,0.0,,,,,,,,,0.0
2015-08-28,,,,,,,,,0.0,,,,,,,,,0.0,,,,,,,,,0.0,,,,,,,,,0.0,,,,,,,,,0.0,,,,,,,,,0.0
2015-09-04,,,,,,,,,0.0,,,,,,,,,0.0,,,,,,,,,0.0,,,,,,,,,0.0,,,,,,,,,0.0,,,,,,,,,0.0
2015-09-11,,,,,,,,,0.0,,,,,,,,,0.0,,,,,,,,,0.0,,,,,,,,,0.0,,,,,,,,,0.0,,,,,,,,,0.0
2015-09-18,,,,,,,,,0.0,,,,,,,,,0.0,,,,,,,,,0.0,,,,,,,,,0.0,,,,,,,,,0.0,,,,,,,,,0.0
2015-09-25,,,,,,,,,0.0,,,,,,,,,0.0,,,,,,,,,0.0,,,,,,,,,0.0,,,,,,,,,0.0,,,,,,,,,0.0
2015-10-02,,,,,,,,,0.0,,,,,,,,,0.0,,,,,,,,,0.0,,,,,,,,,0.0,,,,,,,,,0.0,,,,,,,,,0.0
2015-10-09,,,,,,,,,0.0,,,,,,,,,0.0,,,,,,,,,0.0,,,,,,,,,0.0,,,,,,,,,0.0,,,,,,,,,0.0
2015-10-16,,,,,,,,,0.0,,,,,,,,,0.0,,,,,,,,,0.0,,,,,,,,,0.0,,,,,,,,,0.0,,,,,,,,,0.0
2015-10-23,,,,,,,,,0.0,,,,,,,,,0.0,,,,,,,,,0.0,,,,,,,,,0.0,,,,,,,,,0.0,,,,,,,,,0.0
2015-10-30,,,,,,,,,0.0,,,,,,,,,0.0,,,,,,,,,0.0,,,,,,,,,0.0,,,,,,,,,0.0,,,,,,,,,0.0
2015-11-06,,,,,,,,,0.0,,,,,,,,,0.0,,,,,,,,,0.0,,,,,,,,,0.0,,,,,,,,,0.0,,,,,,,,,0.0
2015-11-13,,,,,,,,,0.0,,,,,,,,,0.0,,,,,,,,,0.0,,,,,,,,,0.0,,,,,,,,,0.0,,,,,,,,,0.0
2015-11-20,,,,,,,,,0.0,,,,,,,,,0.0,,,,,,,,,0.0,,,,,,,,,0.0,,,,,,,,,0.0,,,,,,,,,0.0
2015-11-27,,,,,,,,,0.0,,,,,,,,,0.0,,,,,,,,,0.0,,,,,,,,,0.0,,,,,,,,,0.0,,,,,,,,,0.0
2015-12-04,,,,,,,,,0.0,,,,,,,,,0.0,,,,,,,,,0.0,,,,,,,,,0.0,,,,,,,,,0.0,,,,,,,,,0.0
2015-12-11,,,,,,,,,0.0,,,,,,,,,0.0,,,,,,,,,0.0,,,,,,,,,0.0,,,,,,,,,0.0,,,,,,,,,0.0
2015-12-18,,,,,,,,,0.0,,,,,,,,,0.0,,,,,,,,,0.0,,,,,,,,,0.0,,,,,,,,,0.0,,,,,,,,,0.0
2015-12-25,,,,,,,,,0.0,,,,,,,,,0.0,,,,,,,,,0.0,,,,,,,,,0.0,,,,,,,,,0.0,,,,,,,,,0.0
2016-01-01,,,,,,,,,0.0,,,,,,,,,0.0,,,,,,,,,0.0,,,,,,,,,0.0,,,,,,,,,0.0,,,,,,,,,0.0
2016-01-08,,,,,,,,,0.0,,,,,,,,,0.0,,,,,,,,,0.0,,,,,,,,,0.0,,,,,,,,,0.0,,,,,,,,,0.0
2016-01-15,,,,,,,,,0.0,,,,,,,,,0.0,,,,,,,,,0.0,,,,,,,,,0.0,,,,,,,,,0.0,,,,,,,,,0.0
2016-01-22,,,,,,,,,0.0,,,,,,,,,0.0,,,,,,,,,0.0,,,,,,,,,0.0,,,,,,,,,0.0,,,,,,,,,0.0
2016-01-29,,,,,,,,,0.0,,,,,,,,,0.0,,,,,,,,,0.0,,,,,,,,,0.0,,,,,,,,,0.0,,,,,,,,,0.0
2016-02-05,,,,,,,,,0.0,,,,,,,,,0.0,,,,,,,,,0.0,,,,,,,,,0.0,,,,,,,,,0.0,,,,,,,,,0.0
2016-02-12,,,,,,,,,0.0,,,,,,,,,0.0,,,,,,,,,0.0,,,,,,,,,0.0,,,,,,,,,0.0,,,,,,,,,0.0
2016-02-19,,,,,,,,,0.0,,,,,,,,,0.0,,,,,,,,,0.0,,,,,,,,,0.0,,,,,,,,,0.0,,,,,,,,,0.0
2016-02-26,,,,,,,,,0.0,,,,,,,,,0.0,,,,,,,,,0.0,,,,,,,,,0.0,,,,,,,,,0.0,,,,,,,,,0.0
2016-03-04,,,,,,,,,0.0,,,,,,,,,0.0,,,,,,,,,0.0,,,,,,,,,0.0,,,,,,,,,0.0,,,,,,,,,0.0
2016-03-11,,,,,,,,,0.0,,,,,,,,,0.0,,,,,,,,,0.0,,,,,,,,,0.0,,,,,,,,,0.0,,,,,,,,,0.0
2016-03-18,,,,,,,,,0.0,,,,,,,,,0.0,,,,,,,,,0.0,,,,,,,,,0.0,,,,,,,,,0.0,,,,,,,,,0.0
2016-03-25,,,,,,,,,0.0,,,,,,,,,0.0,,,,,,,,,0.0,,,,,,,,,0.0,,,,,,,,,0.0,,,,,,,,,0.0
2016-04-01,,,,,,,,,0.0,,,,,,,,,0.0,,,,,,,,,0.0,,,,,,,,,0.0,,,,,,,,,0.0,,,,,,,,,0.0
2016-04-08,,,,,,,,,0.0,,,,,,,,,0.0,,,,,,,,,0.0,,,,,,,,,0.0,,,,,,,,,0.0,,,,,,,,,0.0
2016-04-15,,,,,,,,,0.0,,,,,,,,,0.0,,,,,,,,,0.0,,,,,,,,,0.0,,,,,,,,,0.0,,,,,,,,,0.0
2016-04-22,,,,,,,,,0.0,,,,,,,,,0.0,,,,,,,,,0.0,,,,,,,,,0.0,,,,,,,,,0.0,,,,,,,,,0.0
2016-04-29,,,,,,,,,0.0,,,,,,,,,0.0,,,,,,,,,0.0,,,,,,,,,0.0,,,,,,,,,0.0,,,,,,,,,0.0
2016-05-06,,,,,,,,,0.0,,,,,,,,,0.0,,,,,,,,,0.0,,,,,,,,,0.0,,,,,,,,,0.0,,,,,,,,,0.0
2016-05-13,,,,,,,,,0.0,,,,,,,,,0.0,,,,,,,,,0.0,,,,,,,,,0.0,,,,,,,,,0.0,,,,,,,,,0.0
2016-05-20,,,,,,,,,0.0,,,,,,,,,0.0,,,,,,,,,0.0,,,,,,,,,0.0,,,,,,,,,0.0,,,,,,,,,0.0
2016-05-27,,,,,,,,,0.0,,,,,,,,,0.0,,,,,,,,,0.0,,,,,,,,,0.0,,,,,,,,,0.0,,,,,,,,,0.0
2016-06-03,,,,,,,,,0.0,,,,,,,,,0.0,,,,,,,,,0.0,,,,,,,,,0.0,,,,,,,,,0.0,,,,,,,,,0.0
2016-06-10,,,,,,,,,0.0,,,,,,,,,0.0,,,,,,,,,0.0,,,,,,,,,0.0,,,,,,,,,0.0,,,,,,,,,0.0
2016-06-17,0.0,0.0036097060274530514,-0.0,-0.0,0.01242937931827438,-0.0,0.002423618922837622,0.018462704268565052,0.01603908534572743,-0.0,-0.020948890251610355,-0.0,-0.0,0.048796638306457384,-0.0,0.050933410778706056,0.07878115883355308,0.027847748054847028,-0.0,-0.044213099387847496,-0.0,-0.0,0.08243177165987785,-0.0,0.09885313233716886,0.1370718046091992,0.03821867227203035,-0.0,-0.10041698729946166,-0.0,-0.0,0.07448691418845342,-0.0,0.15964613965723254,0.1337160665462243,-0.025930073111008242,-0.0,-0.1517863475331725,-0.0,-0.0,0.05622151653677729,-0.0,0.19673175947374102,0.10116692847734582,-0.0955648309963952,-0.0,-0.2514749835791215,-0.0,-0.0,0.029430336035158947,-0.0,0.2627313440185946,0.04068669647463202,-0.22204464754396258
2016-06-24,0.0,0.0036306839426021855,-0.0,-0.0,0.01176086157304559,-0.0,0.001625941767721498,0.01701748728336927,0.015391545515647774,-0.0,-0.020934395111114088,-0.0,-0.0,0.048334711629162024,-0.0,0.0503822386363854,0.07778255515443333,0.027400316518047935,-0.0,-0.044155742309711594,-0.0,-0.0,0.0806039339421658,-0.0,0.0966721515014556,0.1331203431339098,0.03644819163245421,-0.0,-0.10036907802419576,-0.0,-0.0,0.07296015614557924,-0.0,0.15782440789187255,0.13041548601325603,-0.027408921878616516,-0.0,-0.15174336694741627,-0.0,-0.0,0.05485182445467685,-0.0,0.1950974392313357,0.09820589673859628,-0.09689154249273943,-0.0,-0.25150562662390075,-0.0,-0.0,0.030406859157533554,-0.0,0.2638965340105143,0.04279776654414713,-0.2210987674663672
2016-07-01,0.0,0.003623568051146346,-0.0,-0.0,0.01198762861245438,-0.0,0.001896520803447519,0.017507717467048246,0.015611196663600727,-0.0,-0.020919142404895896,-0.0,-0.0,0.047848643080541285,-0.0,0.04980226034886445,0.07673176102450985,0.02692950067564539,-0.0,-0.044125433860334,-0.0,-0.0,0.07963807360307841,-0.0,0.0955196843709698,0.1310323241137142,0.03551263974274441,-0.0,-0.1003335975609698,-0.0,-0.0,0.07182947566056723,-0.0,0.15647527692404595,0.12797115502364337,-0.028504121900402565,-0.0,-0.1517263600749253,-0.0,-0.0,0.054309854675031966,-0.0,0.1944507594459871,0.09703425404609378,-0.09741650539989333,-0.0,-0.25155838836805955,-0.0,-0.0,0.03208825418602791,-0.0,0.26590277903920273,0.04643264485717108,-0.21947013418203165
2016-07-08,0.0,0.0036226129640276666,-0.0,-0.0,0.01201806503487956,-0.0,0.0019328376237941636,0.01757351562270139,0.015640677998907226,-0.0,-0.020879360260707823,-0.0,-0.0,0.0465808779502163,-0.0,0.04828955961693848,0.07399107730644697,0.025701517689508478,-0.0,-0.04407040773072223,-0.0,-0.0,0.07788451783573035,-0.0,0.0934273369563816,0.1272414470613897,0.033814110105008115,-0.0,-0.10027244477263589,-0.0,-0.0,0.06988067741818788,-0.0,0.15414996566795572,0.1237581983135077,-0.030391767354448013,-0.0,-0.15169820443718002,-0.0,-0.0,0.053412599474639555,-0.0,0.19338015214981535,0.09509454718727489,-0.09828560496254046,-0.0,-0.2515861268176511,-0.0,-0.0,0.03297221456270119,-0.0,0.2669575229162838,0.048343610661333886,-0.2186139122549499
2016-07-15,0.0,0.003619742171858109,-0.0,-0.0,0.012109550556418313,-0.0,0.0020419983918907258,0.017771291120167145,0.01572929272827642,-0.0,-0.020830609493779694,-0.0,-0.0,0.04502730350999066,-0.0,0.04643583045479607,0.07063252447100704,0.024196694016210964,-0.0,-0.04400730138973839,-0.0,-0.0,0.07587346437860117,-0.0,0.09102774261215028,0.12289390560101306,0.03186616298886277,-0.0,-0.10019838410156555,-0.0,-0.0,0.06752053474042949,-0.0,0.15133383713539406,0.118655987774258,-0.03267784936113606,-0.0,-0.1516629817546942,-0.0,-0.0,0.052290133866945296,-0.0,0.19204082319549562,0.09266797530774672,-0.0993728478877489,-0.0,-0.2516132582756464,-0.0,-0.0,0.033836831517974716,-0.0,0.2679891861714025,0.05021275941373082,-0.21777642675767167
2016-07-22,0.0,0.00363857367388888,-0.0,-0.0,0.011509434044011061,-0.0,0.0013259377700572525,0.016473945487957192,0.01514800771789994,-0.0,-0.020787470797088505,-0.0,-0.0,0.043652572797272145,-0.0,0.04479549810490971,0.06766060010509335,0.02286510200018364,-0.0,-0.0439383155131246,-0.0,-0.0,0.07367504368907637,-0.0,0.08840458118691696,0.11814130936286873,0.029736728175951778,-0.0,-0.10011736129990625,-0.0,-0.0,0.06493852502720825,-0.0,0.1482529762648739,0.1130741399921759,-0.03517883627269801,-0.0,-0.15162128792820212,-0.0,-0.0,0.05096144783311808,-0.0,0.19045543147916638,0.08979559138408234,-0.10065984009508404,-0.0,-0.25162037374167473,-0.0,-0.0,0.03406358499992262,-0.0,0.2682597490303321,0.05070296028858001,-0.2175567887417521
2016-07-29,0.0,0.003654484356843513,-0.0,-0.0,-0.011002397295207772,-0.0,0.0007209401702010084,-0.006626972768163251,-0.007347912938364259,-0.0,-0.020766687363189183,-0.0,-0.0,-0.042990252720671696,-0.0,0.044005216024516895,-0.01975172405934398,-0.06375694008386087,-0.0,-0.043882816856336354,-0.0,-0.0,-0.0719064295710608,-0.0,0.086294266108184,-0.02949498031921316,-0.11578924642739716,-0.0,-0.10006190484616032,-0.0,-0.0,-0.06317125582275628,-0.0,0.14614426594058916,-0.01708889472832742,-0.16323316066891658,-0.0,-0.1516045732628751,-0.0,-0.0,-0.05042879002144919,-0.0,0.18981986275882226,-0.012213500525502047,-0.2020333632843243,-0.0,-0.2516332593344024,-0.0,-0.0,-0.0344742191041631,-0.0,0.26874971873779624,-0.01735775970076925,-0.2861074784385655
2016-08-05,0.0,0.003659266948020697,-0.0,-0.0,-0.010953852497079154,-0.0,0.0007814364540063255,-0.006513149095052131,-0.007294585549058457,-0.0,-0.020724788414598894,-0.0,-0.0,-0.04256496527172422,-0.0,0.04453520710908565,-0.018754546577237463,-0.06328975368632311,-0.0,-0.04384298312165376,-0.0,-0.0,-0.07150210469000312,-0.0,0.08679813374584955,-0.02854695406580733,-0.11534508781165688,-0.0,-0.10001645453349457,-0.0,-0.0,-0.06270992091632828,-0.0,0.1467191791857655,-0.01600719626405736,-0.16272637544982285,-0.0,-0.1515346829455642,-0.0,-0.0,-0.04971938141442923,-0.0,0.19070392420471544,-0.01055014015527797,-0.2012540643599934,-0.0,-0.25157862417495663,-0.0,-0.0,-0.033919655126670376,-0.0,0.26944081358346117,-0.016057465718165853,-0.285498279301627
2016-08-12,0.0,0.0036848913604620105,-0.0,-0.0,-0.010693756686453674,-0.0,0.001105566547914126,-0.005903298778077538,-0.007008865325991664,-0.0,-0.020684582932355675,-0.0,-0.0,-0.042156867036514674,-0.0,0.04504377708175791,-0.01779767288711244,-0.06284144996887035,-0.0,-0.04381197247205305,-0.0,-0.0,-0.07118733688550172,-0.0,0.08719039580415261,-0.027808913553402148,-0.11499930935755476,-0.0,-0.09996836071082953,-0.0,-0.0,-0.06222175355558748,-0.0,0.1473275309008463,-0.014862583365570697,-0.162190114266417,-0.0,-0.151447772083419,-0.0,-0.0,-0.04883720894731435,-0.0,0.1918032831060409,-0.008481697924692472,-0.20028498103073336,-0.0,-0.2515288741734038,-0.0,-0.0,-0.03341467703157734,-0.0,0.2700701147513275,-0.014873436453653688,-0.28494355120498116
2016-08-19,0.0,0.0037047111918277957,-0.0,-0.0,-0.010492579191463253,-0.0,0.0013562729325597486,-0.005431595067075709,-0.006787867999635457,-0.0,-0.02066291395026277,-0.0,-0.0,-0.04193692008257666,-0.0,0.04531787387194955,-0.017281960160889884,-0.06259983403283943,-0.0,-0.04380176051029621,-0.0,-0.0,-0.07108368227576646,-0.0,0.08731956965861352,-0.02756587312744914,-0.11488544278606266,-0.0,-0.09993683802759991,-0.0,-0.0,-0.06190178844939933,-0.0,0.1477262698104304,-0.01411235666656882,-0.16183862647699923,-0.0,-0.15139022541701908,-0.0,-0.0,-0.0482530922624751,-0.0,0.19253120638729235,-0.007112111292201823,-0.19964331767949417,-0.0,-0.2515030382483935,-0.0,-0.0,-0.03315243430213939,-0.0,0.2703969203246856,-0.014258552225847265,-0.28465547255053286
2016-08-26,0.0,0.003699420104497427,-0.0,-0.0,0.01054628538478287,-0.0,0.0012893445439700023,0.015535050033250298,0.014245705489280296,-0.0,-0.020656723082502316,-0.0,-0.0,0.04187408083612468,-0.0,0.04539618382551838,0.06661354157914075,0.02121735775362236,-0.0,-0.04379128904858307,-0.0,-0.0,0.07097739366021887,-0.0,0.08745202599789788,0.11463813060953368,0.027186104611635793,-0.0,-0.09990348772086793,-0.0,-0.0,0.06156327239234807,-0.0,0.14814812682188033,0.10980791149336047,-0.03834021532851986,-0.0,-0.15135305905787352,-0.0,-0.0,0.047875842078422756,-0.0,0.19300133367342306,0.0895241166939723,-0.10347721697945077,-0.0,-0.2514801300682553,-0.0,-0.0,0.032919909099999756,-0.0,0.27068669206466006,0.0521264710964045,-0.21856022096825556
2016-09-02,0.0,0.0037087209621493758,-0.0,-0.0,0.01025311297257873,-0.0,0.0009432067435128258,0.014905040678240932,0.013961833934728106,-0.0,-0.020612483647839585,-0.0,-0.0,0.04047960924434953,-0.0,0.04374978290413563,0.06361690850064558,0.01986712559650995,-0.0,-0.04373044993016792,-0.0,-0.0,0.06905968329737662,-0.0,0.08518785645371305,0.11051708982092175,0.0253292333672087,-0.0,-0.0998640846674169,-0.0,-0.0,0.06032124841335551,-0.0,0.146681715146338,0.10713887889227659,-0.039542836254061395,-0.0,-0.15131226118393762,-0.0,-0.0,0.04658985195118989,-0.0,0.19148301279628863,0.0867606035635409,-0.10472240923274773,-0.0,-0.251458539086673,-0.0,-0.0,0.03223933958801375,-0.0,0.26988316886762703,0.050663969368967804,-0.21921919949865923
2016-09-09,0.0,0.0037147782487524416,-0.0,-0.0,0.010062181190660435,-0.0,0.0007177806656166225,0.014494740105029498,0.013776959439412876,-0.0,-0.02056684786295435,-0.0,-0.0,0.03904112328549677,-0.0,0.042051415850965716,0.06052569127350814,0.01847427542254242,-0.0,-0.04367697303295763,-0.0,-0.0,0.0673740375710448,-0.0,0.08319767702422298,0.10689474156231016,0.023697064538087176,-0.0,-0.09984035428239521,-0.0,-0.0,0.05957324274771041,-0.0,0.14579857258224174,0.10553146104755695,-0.0402671115346848,-0.0,-0.15127272615278967,-0.0,-0.0,0.045343667902203955,-0.0,0.1900116894802976,0.08408263122971188,-0.10592905825058571,-0.0,-0.2514409037525212,-0.0,-0.0,0.03168345607210937,-0.0,0.2692268578045916,0.04946941012417977,-0.21975744768041183
2016-09-16,0.0,0.003722369884605319,-0.0,-0.0,0.009822885173146459,-0.0,0.0004352527274054333,0.013980507785157211,0.013545255057751778,-0.0,-0.020522533299724362,-0.0,-0.0,0.037644283565536486,-0.0,0.040402218968410536,0.05752396923422266,0.017121750265812124,-0.0,-0.043628890553482624,-0.0,-0.0,0.06585842933146746,-0.0,0.08140825455279066,0.1036377933307755,0.022229538777984836,-0.0,-0.09981314855224194,-0.0,-0.0,0.05871569069894077,-0.0,0.14478609266400147,0.1036886348107003,-0.04109745785330117,-0.0,-0.15123290355736166,-0.0,-0.0,0.044088419537083645,-0.0,0.18852966426222312,0.0813851802419451,-0.10714448402027801,-0.0,-0.251422527331092,-0.0,-0.0,0.031104212737820557,-0.0,0.26854296666983973,0.048224652076568286,-0.22031831459327145
2016-09-23,0.0,0.003736827359075821,-0.0,-0.0,0.00936717099887214,-0.0,-0.00010279210680849043,0.013001206251139472,0.013103998357947962,-0.0,-0.020490965485502485,-0.0,-0.0,0.036649234228162894,-0.0,0.039227401097945605,0.055385669840606014,0.01615826874266041,-0.0,-0.04359572215709296,-0.0,-0.0,0.06481292803011952,-0.0,0.08017386991849756,0.10139107579152412,0.021217205873026564,-0.0,-0.0997860064968375,-0.0,-0.0,0.05786014574240747,-0.0,0.1437759824451723,0.10185012169074228,-0.04192586075443003,-0.0,-0.15120413625756385,-0.0,-0.0,0.043181645238354265,-0.0,0.1874590694579135,0.07943657843870391,-0.10802249101920958,-0.0,-0.2514082080597084,-0.0,-0.0,0.03065285486411681,-0.0,0.2680100651582432,0.0472547119626516,-0.2207553531955916
2016-09-30,0.0,0.003747891393865346,-0.0,-0.0,0.009018421465295816,-0.0,-0.0005145477544664405,0.012251765104694723,0.012766312859161162,-0.0,-0.0204730744841401,-0.0,-0.0,0.036085291823876195,-0.0,0.03856157520410803,0.05417379254384412,0.015612217339736095,-0.0,-0.0435717604284244,-0.0,-0.0,0.06405763017940243,-0.0,0.07928211774177764,0.09976798749275567,0.020485869750978027,-0.0,-0.09975055688719296,-0.0,-0.0,0.056742738298917406,-0.0,0.14245670089410023,0.09944888230582467,-0.043007818588275556,-0.0,-0.15117800097681985,-0.0,-0.0,0.04235783483441648,-0.0,0.18648642704906923,0.07766626090666585,-0.10882016614240338,-0.0,-0.25141134123846304,-0.0,-0.0,0.030751615817998578,-0.0,0.2681266685558495,0.04746694313538502,-0.22065972542046447
2016-10-07,,,-0.0,-0.0,0.00883561179407142,-0.0,-0.0007303843573178959,0.008105227436753524,0.00883561179407142,,,-0.0,-0.0,0.035771400758992884,-0.0,0.038190975658383405,0.0739623764173763,0.035771400758992884,,,-0.0,-0.0,0.06384638939510304,-0.0,0.07903271357753694,0.14287910297263998,0.06384638939510304,,,-0.0,-0.0,0.055782515021795896,-0.0,0.14132300086212343,0.19710551588391934,0.055782515021795896,,,-0.0,-0.0,0.04178711185348741,-0.0,0.18581259557971677,0.22759970743320418,0.04178711185348741,,,-0.0,-0.0,0.03102349217771744,-0.0,0.26844766289648964,0.2994711550742071,0.03102349217771744
2016-10-14,0.0,0.0037536910075352276,-0.0,-0.0,0.00883561179407142,,-0.0007303843573178959,0.011858918444288751,0.012589302801606648,-0.0,-0.02046311632985566,-0.0,-0.0,0.035771400758992884,,0.038190975658383405,0.05349926008752063,0.015308284429137224,-0.0,-0.04356505884129267,-0.0,-0.0,0.06384638939510304,,0.07903271357753694,0.09931404413134731,0.020281330553810366,-0.0,-0.09972009392532229,-0.0,-0.0,0.055782515021795896,,0.14132300086212343,0.09738542195859703,-0.04393757890352639,-0.0,-0.15115989486252224,-0.0,-0.0,0.04178711185348741,,0.18581259557971677,0.07643981257068194,-0.10937278300903483,-0.0,-0.2514199664815465,-0.0,-0.0,0.03102349217771744,,0.26844766289648964,0.048051188592660554,-0.22039647430382908
2016-10-21,0.0,0.0037536910075352276,-0.0,-0.0,0.00883561179407142,-0.0,-0.0007303843573178959,0.011858918444288751,0.012589302801606648,-0.0,-0.02046311632985566,-0.0,-0.0,0.035771400758992884,-0.0,0.038190975658383405,0.05349926008752063,0.015308284429137224,-0.0,-0.04356505884129267,-0.0,-0.0,0.06384638939510304,-0.0,0.07903271357753694,0.09931404413134731,0.020281330553810366,-0.0,-0.09972009392532229,-0.0,-0.0,0.055782515021795896,-0.0,0.14132300086212343,0.09738542195859703,-0.04393757890352639,-0.0,-0.15115989486252224,-0.0,-0.0,0.04178711185348741,-0.0,0.18581259557971677,0.07643981257068194,-0.10937278300903483,-0.0,-0.2514199664815465,-0.0,-0.0,0.03102349217771744,-0.0,0.26844766289648964,0.048051188592660554,-0.22039647430382908
2016-10-28,0.0,0.003757152370685747,-0.0,-0.0,0.008726506137117195,-0.0,-0.0008592013624093265,0.011624457145393615,0.012483658507802942,-0.0,-0.020453701311447903,-0.0,-0.0,0.03547462988464528,-0.0,0.03784058928705293,0.05286151786025031,0.015020928573197378,-0.0,-0.04352426172321244,-0.0,-0.0,0.06256042309326469,-0.0,0.07751442083016082,0.09655058220021306,0.01903616137005225,-0.0,-0.09967866521115148,-0.0,-0.0,0.05447664017427827,-0.0,0.13978120283278744,0.09457917779591424,-0.04520202503687321,-0.0,-0.1511405281253577,-0.0,-0.0,0.041176652768570125,-0.0,0.18509184916523108,0.07512797380844352,-0.10996387535678756,-0.0,-0.25141600384839907,-0.0,-0.0,0.030898585984967697,-0.0,0.2683001907844422,0.04778277292101085,-0.22051741786343138
2016-11-04,0.0,0.003759307383317359,-0.0,-0.0,0.008658577965846945,-0.0,-0.000939401636424845,0.011478483712739459,0.012417885349164303,-0.0,-0.02045278011732722,-0.0,-0.0,0.03544559291702556,-0.0,0.03780630641565901,0.05279911921535735,0.014992812799698337,-0.0,-0.043482155170535115,-0.0,-0.0,0.06123318209248423,-0.0,0.07594739657561812,0.09369842349756724,0.017751026921949117,-0.0,-0.09963929630342422,-0.0,-0.0,0.05323569250297566,-0.0,0.13831606191383897,0.09191245811339041,-0.046403603800448556,-0.0,-0.15112112357779287,-0.0,-0.0,0.040565001861724764,-0.0,0.18436969561077,0.07381357389470189,-0.1105561217160681,-0.0,-0.2514138323455149,-0.0,-0.0,0.030830138024322835,-0.0,0.26821937681437796,0.047635682493185894,-0.22058369432119207
2016-11-11,0.0,0.003754491671154113,-0.0,-0.0,0.00881037406941205,-0.0,-0.0007601816033699894,0.011804684137196174,0.012564865740566164,-0.0,-0.02044635679326185,-0.0,-0.0,0.035243123265181094,-0.0,0.03756725800239992,0.05236402447431916,0.014796766471919243,-0.0,-0.04343869782417905,-0.0,-0.0,0.05986336271280486,-0.0,0.07433010160730573,0.09075476649593153,0.01642466488862581,-0.0,-0.09959930476046298,-0.0,-0.0,0.05197511874122227,-0.0,0.13682774919734983,0.08920356317810912,-0.04762418601924071,-0.0,-0.1511069505990876,-0.0,-0.0,0.0401182552808375,-0.0,0.18384223848167888,0.07285354316342878,-0.1109886953182501,-0.0,-0.2514131762360344,-0.0,-0.0,0.030809456791838493,-0.0,0.2681949592497485,0.04759123980555263,-0.22060371944419588
2016-11-18,0.0,0.003759862922638499,-0.0,-0.0,0.00864106680623608,-0.0,-0.0009600764135144746,0.011440853315360105,0.01240092972887458,-0.0,-0.02042922305744132,-0.0,-0.0,0.03470305063440802,-0.0,0.0369296142654006,0.051203441842367296,0.0142738275769667,-0.0,-0.04339514378569855,-0.0,-0.0,0.05849049549987358,-0.0,0.07270920817524237,0.0878045598894174,0.015095351714175025,-0.0,-0.09955454388111544,-0.0,-0.0,0.050564210687194903,-0.0,0.13516194235421317,0.08617160916029262,-0.048990333193920536,-0.0,-0.15107930750012222,-0.0,-0.0,0.03924691692609579,-0.0,0.1828134815829752,0.07098109100894877,-0.11183239057402643,-0.0,-0.2513966838046384,-0.0,-0.0,0.030289598723283316,-0.0,0.26758118209709164,0.04647409701573654,-0.2211070850813551
2016-11-25,0.0,0.0037557034964403606,-0.0,-0.0,0.008772176114380125,-0.0,-0.0008052805130433151,0.01172259909777717,0.012527879610820485,-0.0,-0.020399405825425133,-0.0,-0.0,0.03376318141345976,-0.0,0.03581994551311067,0.0491837211011453,0.01336377558803463,-0.0,-0.04334908907681223,-0.0,-0.0,0.05703880463405257,-0.0,0.07099525057786404,0.08468496613510439,0.013689715557240342,-0.0,-0.09951988001363983,-0.0,-0.0,0.04947157062920231,-0.0,0.13387190273717853,0.083823593352741,-0.05004830938443752,-0.0,-0.15105289300556446,-0.0,-0.0,0.03841430542116996,-0.0,0.18183044804041362,0.06919186045601913,-0.11263858758439449,-0.0,-0.2513897041391677,-0.0,-0.0,0.030069592629326777,-0.0,0.26732142905663075,0.04600131754678982,-0.22132011150984093
2016-12-02,0.0,0.003762559536989213,-0.0,-0.0,0.008556066802625332,-0.0,-0.0010604327671954444,0.0112581935724191,0.012318626339614544,-0.0,-0.020361407434481085,-0.0,-0.0,0.03256543381320079,-0.0,0.034405809316803766,0.046609835695523474,0.012204026378719705,-0.0,-0.043298577204456,-0.0,-0.0,0.05544661948104823,-0.0,0.06911541658312324,0.08126345885971548,0.012148042276592233,-0.0,-0.09947931707076368,-0.0,-0.0,0.048192985765950325,-0.0,0.13236232498074288,0.08107599367592952,-0.05128633130481336,-0.0,-0.15102244364175124,-0.0,-0.0,0.037454510768551746,-0.0,0.18069725406950005,0.06712932119630055,-0.1135679328731995,-0.0,-0.2513695103239188,-0.0,-0.0,0.029433063209194015,-0.0,0.26656990236366956,0.04463345524894477,-0.2219364471147248
2016-12-09,0.0,0.003768218123969612,-0.0,-0.0,0.008377702434866588,-0.0,-0.001271020965013195,0.010874899593823005,0.0121459205588362,-0.0,-0.02032667865055223,-0.0,-0.0,0.03147074752313487,-0.0,0.033113353789405435,0.04425742266198807,0.011144068872582638,-0.0,-0.04325277560027474,-0.0,-0.0,0.05400290673074855,-0.0,0.06741087845102733,0.07816100958150114,0.010750131130473808,-0.0,-0.09944911619861088,-0.0,-0.0,0.047241023821002016,-0.0,0.1312383787974521,0.07903028641984322,-0.052208092377608865,-0.0,-0.150999542854253,-0.0,-0.0,0.03673265485333276,-0.0,0.17984498554647652,0.0655780975455563,-0.11426688800092022,-0.0,-0.2513438301864141,-0.0,-0.0,0.028623599379040427,-0.0,0.26561419842272976,0.042893967615356104,-0.22272023080737366
2016-12-16,0.0,0.0037851219464833208,-0.0,-0.0,0.007844876903363322,-0.0,-0.001900108320523071,0.009729890529323573,0.011629998849846643,-0.0,-0.0203008505396092,-0.0,-0.0,0.030656619421055947,-0.0,0.032152142915485515,0.042507911796932266,0.010355768881446747,-0.0,-0.043212525892949424,-0.0,-0.0,0.05273419536791523,-0.0,0.06591295797056836,0.07543462744553417,0.009521669474965806,-0.0,-0.09941764496863201,-0.0,-0.0,0.046249018916368366,-0.0,0.13006715537587904,0.0768985293236154,-0.05316862605226364,-0.0,-0.15097362920385138,-0.0,-0.0,0.035915830461248716,-0.0,0.17888059126288774,0.06382279252028508,-0.11505779874260266,-0.0,-0.25131855505012385,-0.0,-0.0,0.02782690159560756,-0.0,0.26467356687996973,0.04118191342545344,-0.2234916534545163
2016-12-23,0.0,0.003790205209407156,-0.0,-0.0,0.007684647330024955,-0.0,-0.002089285438746958,0.009385567100685152,0.01147485253943211,-0.0,-0.020284033041260422,-0.0,-0.0,0.030126514914283125,-0.0,0.031526268173018325,0.04136875004604103,0.009842481873022703,-0.0,-0.04319348577619625,-0.0,-0.0,0.05213403168773939,-0.0,0.0652043669588546,0.07414491287039775,0.00894054591154314,-0.0,-0.09939995634938771,-0.0,-0.0,0.04569145580053319,-0.0,0.12940886127146362,0.07570036072260909,-0.053708500548854524,-0.0,-0.15096943174929453,-0.0,-0.0,0.03578352246090963,-0.0,0.17872438011097175,0.06353847082258685,-0.1151859092883849,-0.0,-0.25130108052382316,-0.0,-0.0,0.02727608690528072,-0.0,0.26402324039141595,0.0399982467728735,-0.22402499361854245
2016-12-30,0.0,0.0037943204364770263,-0.0,-0.0,0.0075549312229718606,-0.0,-0.0022424364383299097,0.009106815221118978,0.011349251659448887,-0.0,-0.02027070133372095,-0.0,-0.0,0.02970628604889909,-0.0,0.031030119527724345,0.04046570424290249,0.009435584715178143,-0.0,-0.043177503114215685,-0.0,-0.0,0.05163024206514494,-0.0,0.06460956122475763,0.07306230017568688,0.008452738950929253,-0.0,-0.09938749264049546,-0.0,-0.0,0.04529858712781056,-0.0,0.12894501579152062,0.07485611027883574,-0.054088905512684894,-0.0,-0.15096232072758822,-0.0,-0.0,0.0355593758859523,-0.0,0.17845973855806255,0.06305679371642663,-0.11540294484163592,-0.0,-0.25128367328509565,-0.0,-0.0,0.026727393187070198,-0.0,0.26337541805602566,0.03881913795800021,-0.22455628009802545
2017-01-06,0.0,0.0037917925949440103,-0.0,-0.0,0.007634611337176768,-0.0,-0.0021483610808851234,0.009278042851235655,0.011426403932120778,-0.0,-0.020258739538166665,-0.0,-0.0,0.029329238190718265,-0.0,0.030584953097102054,0.03965545174965365,0.0090704986525516,-0.0,-0.043168825314644825,-0.0,-0.0,0.05135670907195885,-0.0,0.06428661095838653,0.07247449471570055,0.008187883757314024,-0.0,-0.09937999254458743,-0.0,-0.0,0.045062176541681605,-0.0,0.12866589457519484,0.074348078572289,-0.054317816002905826,-0.0,-0.1509480923599086,-0.0,-0.0,0.03511088338877307,-0.0,0.17793022009031814,0.06209301111918261,-0.11583720897113553,-0.0,-0.25126862234436914,-0.0,-0.0,0.026252972357970826,-0.0,0.262815286967834,0.03779963698143571,-0.2250156499863983
2017-01-13,0.0,0.003799467747964707,-0.0,-0.0,0.007392682774314273,-0.0,-0.0024339971678122223,0.008758153354466757,0.01119215052227898,-0.0,-0.020243650193909037,-0.0,-0.0,0.02885360684357275,-0.0,0.03002339279512268,0.03863334944478639,0.008609956649663714,-0.0,-0.043150985498625116,-0.0,-0.0,0.05079438008128621,-0.0,0.06362268996220119,0.07126608454486227,0.007643394582661091,-0.0,-0.09936196768563316,-0.0,-0.0,0.04449401481112017,-0.0,0.12799508707921697,0.07312713420470399,-0.05486795287451299,-0.0,-0.15092690311597565,-0.0,-0.0,0.03444297705271598,-0.0,0.17714164783573194,0.06065772177247228,-0.11648392606325966,-0.0,-0.25125090417897045,-0.0,-0.0,0.025694477917582968,-0.0,0.26215589328303845,0.03659946702165098,-0.22555642626138747
2017-01-20,0.0,0.003801280343612259,-0.0,-0.0,0.007335547931676137,-0.0,-0.0025014541587738033,0.008635374116514593,0.011136828275288396,-0.0,-0.02023975164884947,-0.0,-0.0,0.028730720771986264,-0.0,0.02987830576525528,0.03836927488839208,0.008490969123136793,-0.0,-0.043137908154690284,-0.0,-0.0,0.05038216901321842,-0.0,0.06313600763301354,0.07038026849154166,0.007244260858528133,-0.0,-0.0993561957452928,-0.0,-0.0,0.04431207743113095,-0.0,0.1277802803582953,0.07273616204413347,-0.055044118314161845,-0.0,-0.15090559321674393,-0.0,-0.0,0.03377126753992673,-0.0,0.17634858531134667,0.059214259634529476,-0.1171343256768172,-0.0,-0.2512379007782196,-0.0,-0.0,0.025284597613180686,-0.0,0.26167196280012117,0.03571865963508225,-0.22595330316503892
2017-01-27,0.0,0.0038041015981470864,-0.0,-0.0,0.007246619143777411,-0.0,-0.0026064490824406488,0.00844427165948385,0.011050720741924498,-0.0,-0.020235473564754965,-0.0,-0.0,0.02859587124728889,-0.0,0.02971909392973343,0.038079491612267355,0.008360397682533924,-0.0,-0.04312687197428298,-0.0,-0.0,0.05003429747784515,-0.0,0.0627252886052908,0.06963271410885297,0.006907425503562173,-0.0,-0.09934529157301404,-0.0,-0.0,0.043968366925078654,-0.0,0.12737447410366073,0.07199754945572534,-0.05537692464793539,-0.0,-0.15088210217243103,-0.0,-0.0,0.033030806134713764,-0.0,0.17547434997591155,0.05762305393819428,-0.11785129603771727,-0.0,-0.25122991984699566,-0.0,-0.0,0.025033030612981576,-0.0,0.26137494696748664,0.035178057733472545,-0.2261968892340141
2017-02-03,0.0,0.0038050576506965064,-0.0,-0.0,0.007216483403330716,-0.0,-0.002642029234184516,0.008379511819842707,0.011021541054027223,-0.0,-0.020236636836352816,-0.0,-0.0,0.02863253874110757,-0.0,0.02976238588057966,0.038158287785334415,0.008395901904754755,-0.0,-0.043119588496032146,-0.0,-0.0,0.04980471489871482,-0.0,0.06245422896374347,0.06913935536642614,0.0066851264026826715,-0.0,-0.09932739707925102,-0.0,-0.0,0.04340431443684295,-0.0,0.12670851823778367,0.0707854355953756,-0.05592308264240807,-0.0,-0.15086035679543294,-0.0,-0.0,0.03234536992368085,-0.0,0.17466508084769655,0.05615009397594446,-0.11851498687175209,-0.0,-0.25121867848778073,-0.0,-0.0,0.024678691634798255,-0.0,0.26095659206975474,0.034416605216772256,-0.2265399868529825
2017-02-10,0.0,0.0038020471772039414,-0.0,-0.0,0.0073113765635892,-0.0,-0.0025299923971460795,0.008583431343647061,0.011113423740793141,-0.0,-0.020232484001256344,-0.0,-0.0,0.028501637191127083,-0.0,0.02960783527247169,0.03787698846234243,0.008269153189870738,-0.0,-0.04310616156723539,-0.0,-0.0,0.049381484563265514,-0.0,0.0619545365939954,0.06822985959002553,0.006275322996030126,-0.0,-0.09930669454129624,-0.0,-0.0,0.04275174956396387,-0.0,0.1259380590801316,0.06938311410279921,-0.05655494497733238,-0.0,-0.15083978953398694,-0.0,-0.0,0.031697069102753134,-0.0,0.17389965609813401,0.05475693566690021,-0.1191427204312338,-0.0,-0.25120967463887733,-0.0,-0.0,0.02439488123775979,-0.0,0.26062150765359715,0.03380671425247961,-0.22681479340111754
2017-02-17,0.0,0.0038041615855614417,-0.0,-0.0,0.007244728279984688,-0.0,-0.0026086815552345665,0.008440208310311564,0.01104888986554613,-0.0,-0.02022241894879132,-0.0,-0.0,0.028184376587797377,-0.0,0.02923325743759752,0.037195215076603574,0.007961957639006059,-0.0,-0.04309387562464197,-0.0,-0.0,0.048994219263537156,-0.0,0.06149730680885432,0.06739765044774951,0.005900343638895189,-0.0,-0.09927646129376605,-0.0,-0.0,0.04179876711450377,-0.0,0.12481290802498826,0.06733521384572598,-0.05747769417926228,-0.0,-0.1508142771028992,-0.0,-0.0,0.03089289154804438,-0.0,0.1729501934666704,0.053028807911815565,-0.11992138555485483,-0.0,-0.25119890787510735,-0.0,-0.0,0.024055501986479478,-0.0,0.26022081515093054,0.03307740926230268,-0.22714340588862786
2017-02-24,0.0,0.0038018809743370894,-0.0,-0.0,0.0073166154455512975,-0.0,-0.0025238070433961026,0.008594689376492284,0.011118496419888386,-0.0,-0.020214570642658927,-0.0,-0.0,0.027936990064251654,-0.0,0.028941177338794456,0.03666359676038718,0.007722419421592727,-0.0,-0.043077770299590395,-0.0,-0.0,0.04848656317725789,-0.0,0.06089793608439766,0.06630672896206516,0.005408792877667497,-0.0,-0.09924513806133338,-0.0,-0.0,0.04081142724180298,-0.0,0.12364719243370469,0.06521348161417428,-0.0584337108195304,-0.0,-0.1507942672070611,-0.0,-0.0,0.030262159453231564,-0.0,0.1722055114608318,0.051673403707002255,-0.12053210775382954,-0.0,-0.2511904685937644,-0.0,-0.0,0.023789487328437702,-0.0,0.2599067415041898,0.03250576023886306,-0.22740098126532673
2017-03-03,0.0,0.003807584652632024,-0.0,-0.0,0.007136829754088978,-0.0,-0.002736073345428345,0.008208341061292656,0.010944414406721002,-0.0,-0.020205233446541203,-0.0,-0.0,0.027642672226952526,-0.0,0.02859368717738403,0.036031125957795354,0.0074374387804113234,-0.0,-0.04305100684438078,-0.0,-0.0,0.04764295208067244,-0.0,0.05990191573167183,0.06449386096796349,0.00459194523629166,-0.0,-0.0992112351019994,-0.0,-0.0,0.039742771775692694,-0.0,0.12238547053530227,0.06291700720899557,-0.05946846332630671,-0.0,-0.15076728888352392,-0.0,-0.0,0.029411775490241432,-0.0,0.17120149463578416,0.04984598124250167,-0.12135551339328249,-0.0,-0.25117810239099486,-0.0,-0.0,0.023399692146917752,-0.0,0.2594465247813927,0.03166811453731558,-0.2277784102440771
2017-03-10,0.0,0.0038104495691870938,-0.0,-0.0,0.007046524695278363,-0.0,-0.0028426931811483132,0.008014281083317143,0.010856974264465457,-0.0,-0.02019521819836731,-0.0,-0.0,0.02732698150511091,-0.0,0.028220962843393836,0.03535272615013744,0.007131763306743602,-0.0,-0.04302670158278548,-0.0,-0.0,0.04687682572570516,-0.0,0.05899737874134879,0.06284750288426846,0.0038501241429196795,-0.0,-0.09918338776590684,-0.0,-0.0,0.038864995660758565,-0.0,0.12134911281175881,0.06103072070661054,-0.06031839210514827,-0.0,-0.15074749634407533,-0.0,-0.0,0.028787894688029753,-0.0,0.17046490169717127,0.04850530004112569,-0.12195960165604558,-0.0,-0.25117073163288045,-0.0,-0.0,0.02316735841856285,-0.0,0.2591722169599261,0.031168843745608493,-0.2280033732143176
2017-03-17,0.0,0.00381054298797093,-0.0,-0.0,0.007043580041010639,-0.0,-0.0028461698252967007,0.00800795320368487,0.010854123028981569,-0.0,-0.020191720467714044,-0.0,-0.0,0.02721672950778979,-0.0,0.02809079239672134,0.03511580143679709,0.007025009040075747,-0.0,-0.042999261706671524,-0.0,-0.0,0.04601189316011141,-0.0,0.05797618492045909,0.060988816373898976,0.0030126314534398846,-0.0,-0.09915668215439703,-0.0,-0.0,0.03802320785590211,-0.0,0.12035524515199625,0.059221770853501325,-0.06113347429849492,-0.0,-0.15073198448343228,-0.0,-0.0,0.028298945198294224,-0.0,0.1698876171578834,0.04745457787274533,-0.12243303928513806,-0.0,-0.25116547871259304,-0.0,-0.0,0.02300178107396676,-0.0,0.2589767259263994,0.03081302828777313,-0.2281636976386263
2017-03-24,0.0,0.003810022336977588,-0.0,-0.0,0.007059991485345765,-0.0,-0.002826793441271392,0.008043220381051961,0.010870013822323353,-0.0,-0.020182712470776434,-0.0,-0.0,0.026932788360624495,-0.0,0.027755553608732376,0.03450562949858044,0.006750075889848061,-0.0,-0.042969135384043684,-0.0,-0.0,0.04506228109140421,-0.0,0.0568550131489451,0.05894815885630563,0.002093145707360529,-0.0,-0.0991334668867625,-0.0,-0.0,0.037291439209727426,-0.0,0.11949127303495326,0.05764924535791818,-0.061842027677035075,-0.0,-0.15071714157088478,-0.0,-0.0,0.02783108162718228,-0.0,0.16933522798114795,0.04644916803744545,-0.1228860599437025,-0.0,-0.2511590380233607,-0.0,-0.0,0.02279876405459288,-0.0,0.25873703125658537,0.030376757287817552,-0.22836027396876782
2017-03-31,0.0,0.0038161244674275656,-0.0,-0.0,0.006867646180152891,-0.0,-0.0030538884137047257,0.007629882233875731,0.010683770647580457,-0.0,-0.020165287314684074,-0.0,-0.0,0.026383529869010935,-0.0,0.0271070644663189,0.03332530702064576,0.006218242554326861,-0.0,-0.04293817448434909,-0.0,-0.0,0.04408636231196431,-0.0,0.05570278201914487,0.056850969846760094,0.0011481878276152213,-0.0,-0.09910557106375811,-0.0,-0.0,0.03641213473840256,-0.0,0.11845311083767011,0.05575967451231456,-0.06269343632535555,-0.0,-0.15070056779389288,-0.0,-0.0,0.0273086594633659,-0.0,0.16871842349625754,0.045326515165730566,-0.12339190833052698,-0.0,-0.25114568684650507,-0.0,-0.0,0.02237792149675871,-0.0,0.25824015804736167,0.029472392697615313,-0.22876776534974635
2017-04-07,0.0,0.003812844280488488,-0.0,-0.0,0.00697104098022549,-0.0,-0.0029318140056567425,0.007852071255057236,0.010783885260713978,-0.0,-0.020150739625164844,-0.0,-0.0,0.025924972025419206,-0.0,0.02656566221714466,0.03233989461739902,0.005774232400254362,-0.0,-0.042913631142341396,-0.0,-0.0,0.043312731422278344,-0.0,0.054789384702841455,0.0551884849827784,0.0003991002799369481,-0.0,-0.09908528883517811,-0.0,-0.0,0.03577281844086033,-0.0,0.11769829378185084,0.05438582338753306,-0.06331247039431778,-0.0,-0.15068972654699114,-0.0,-0.0,0.026966932428625186,-0.0,0.16831495905268265,0.0445921649343167,-0.12372279411836595,-0.0,-0.2511416387356238,-0.0,-0.0,0.022250320959575087,-0.0,0.2580895048227109,0.029198187046662216,-0.2288913177760487
2017-04-14,0.0,0.003818149091390503,-0.0,-0.0,0.006803827991204401,-0.0,-0.0031292361839322155,0.007492740898662689,0.010621977082594904,-0.0,-0.020127566272006136,-0.0,-0.0,0.025194524565771998,-0.0,0.025703249976064647,0.03077020826983051,0.005066958293765862,-0.0,-0.042884654410716615,-0.0,-0.0,0.042399355621237235,-0.0,0.053710995749439334,0.053225696959959955,-0.00048529878947937977,-0.0,-0.09906346915472956,-0.0,-0.0,0.035085040110096256,-0.0,0.11688625939968285,0.05290783035504955,-0.0639784290446333,-0.0,-0.15067534185005482,-0.0,-0.0,0.026513512275634813,-0.0,0.16777962268436872,0.043617793109948705,-0.12416182957442001,-0.0,-0.25113755698498036,-0.0,-0.0,0.022121660063273915,-0.0,0.25793759967134977,0.02892170274964334,-0.22901589692170643
2017-04-21,0.0,0.003825882199746703,-0.0,-0.0,0.0065600726177237854,-0.0,-0.003417029118444164,0.006968925699026324,0.010385954817470488,-0.0,-0.020106695277577497,-0.0,-0.0,0.024536649774996304,-0.0,0.024926521595166784,0.02935647609258559,0.004429954497418807,-0.0,-0.04286394208928642,-0.0,-0.0,0.0417464823633776,-0.0,0.05294017249307038,0.051822712767161556,-0.0011174597259088204,-0.0,-0.09904757528592721,-0.0,-0.0,0.03458404933800093,-0.0,0.11629475816462972,0.05183123221670344,-0.06446352594792629,-0.0,-0.15066535534460543,-0.0,-0.0,0.02619872755341666,-0.0,0.1674079680305537,0.042941340239364925,-0.12446662779118876,-0.0,-0.25113971782643935,-0.0,-0.0,0.02218977196501086,-0.0,0.2580180168691187,0.02906807100769021,-0.22894994586142847
2017-04-28,0.0,0.003829128966823219,-0.0,-0.0,0.006457731245421237,-0.0,-0.0035378597833701417,0.006749000428874314,0.010286860212244456,-0.0,-0.020092648949362833,-0.0,-0.0,0.024093895345308203,-0.0,0.024403777851024044,0.028405024246969415,0.00400124639594537,-0.0,-0.042846797138033535,-0.0,-0.0,0.04120605621086372,-0.0,0.052302111366055136,0.05066137043888532,-0.0016407409271698148,-0.0,-0.09903836398453561,-0.0,-0.0,0.03429369982944417,-0.0,0.11595195326187568,0.05120728910678424,-0.06474466415509145,-0.0,-0.1506572901090864,-0.0,-0.0,0.025944503196871645,-0.0,0.16710781475577657,0.042395027843561806,-0.12471278691221477,-0.0,-0.2511477018853163,-0.0,-0.0,0.02244143755200983,-0.0,0.25831514909953296,0.029608884766226473,-0.22870626433330649
2017-05-05,0.0,0.0038348938653108185,-0.0,-0.0,0.006276015831750063,-0.0,-0.0037524044368878917,0.006358505260172991,0.010110909697060882,-0.0,-0.02008203751248809,-0.0,-0.0,0.023759412154405645,-0.0,0.02400886594536961,0.027686240587287164,0.0036773746419175544,-0.0,-0.042834414843720324,-0.0,-0.0,0.040815753807759585,-0.0,0.051841295785531025,0.049822634749570285,-0.0020186610359607393,-0.0,-0.09903217949121387,-0.0,-0.0,0.03409875836346348,-0.0,0.11572179309862929,0.050788371970878904,-0.06493342112775038,-0.0,-0.1506557343886193,-0.0,-0.0,0.025895465318927568,-0.0,0.16704991755091086,0.04228964848121915,-0.12476026906969172,-0.0,-0.25115604781285605,-0.0,-0.0,0.02270450960407615,-0.0,0.2586257485204671,0.03017421031168721,-0.2284515382087799
2017-05-12,0.0,0.003837996876244896,-0.0,-0.0,0.006178205798021365,-0.0,-0.0038678851183168244,0.006148317555949436,0.010016202674266261,-0.0,-0.02007544426429862,-0.0,-0.0,0.023551586322826702,-0.0,0.023763493689228043,0.027239635747756126,0.003476142058528083,-0.0,-0.04282925999989383,-0.0,-0.0,0.04065326793219784,-0.0,0.05164945473490285,0.04947346266720686,-0.0021759920676959893,-0.0,-0.09903159488846944,-0.0,-0.0,0.03408033109547004,-0.0,0.11570003670632757,0.050748772913328175,-0.0649512637929994,-0.0,-0.1506634223322356,-0.0,-0.0,0.02613779705431095,-0.0,0.16733602964868796,0.04281040437076332,-0.12452562527792464,-0.0,-0.25116836806378484,-0.0,-0.0,0.02309285633722341,-0.0,0.25908425511395883,0.031008743387397397,-0.22807551172656143
2017-05-19,0.0,0.0038389233818699655,-0.0,-0.0,0.006149001406430135,-0.0,-0.003902365660988284,0.006085559127311816,0.009987924788300101,-0.0,-0.020074731698219037,-0.0,-0.0,0.023529125521436288,-0.0,0.02373697505355131,0.02719136887676856,0.0034543938232172514,-0.0,-0.0428278430506618,-0.0,-0.0,0.0406086042635269,-0.0,0.05159672199679261,0.049377483209657715,-0.0022192387871348973,-0.0,-0.09903332284095526,-0.0,-0.0,0.03413479790025363,-0.0,0.11576434364388821,0.050865818703186585,-0.06489852494070163,-0.0,-0.15067528462132115,-0.0,-0.0,0.026511708368200413,-0.0,0.16777749287772525,0.04361391662460451,-0.12416357625312074,-0.0,-0.25118165557303135,-0.0,-0.0,0.023511692027751267,-0.0,0.2595787588893419,0.031908795344061824,-0.22766996354528007
2017-05-26,0.0,0.0038388757905571096,-0.0,-0.0,-0.0061505015326009035,-0.0,-0.0039005945176215947,-0.006212220259665389,-0.002311625742043794,-0.0,-0.020070775643084904,-0.0,-0.0,-0.02340442667431266,-0.0,0.023589747746798735,-0.01988545457059883,-0.043475202317397564,-0.0,-0.04282624369916558,-0.0,-0.0,-0.04055819109158556,-0.0,0.05153720103327904,-0.0318472337574721,-0.08338443479075114,-0.0,-0.09903030436005777,-0.0,-0.0,-0.03403965233854299,-0.0,0.11565200880580967,-0.017417947892791108,-0.13306995669860078,-0.0,-0.15068602423830874,-0.0,-0.0,-0.026850231925548237,-0.0,0.16817717509428176,-0.009359081069575226,-0.177536256163857,-0.0,-0.25119392195693474,-0.0,-0.0,-0.023898340817898725,-0.0,0.2600352607844703,-0.015057001990363139,-0.27509226277483345
2017-06-02,0.0,0.003842663248971295,-0.0,-0.0,-0.00610964420844429,-0.0,-0.0038583172849372457,-0.00612529824441024,-0.0022669809594729946,-0.0,-0.02004271598586272,-0.0,-0.0,-0.023101732258831862,-0.0,0.023902961656414357,-0.01924148658828023,-0.043144448244694586,-0.0,-0.04276816656523014,-0.0,-0.0,-0.03993168222263668,-0.0,0.052185482872045795,-0.030514365915821025,-0.08269984878786682,-0.0,-0.09897584366844506,-0.0,-0.0,-0.033452155952403764,-0.0,0.11625992236673677,-0.016168077254112068,-0.13242799962084884,-0.0,-0.1506162538715459,-0.0,-0.0,-0.026097581947756306,-0.0,0.16895598180514185,-0.007757854014160348,-0.1767138358193022,-0.0,-0.2511101741267251,-0.0,-0.0,-0.022994908523187904,-0.0,0.26097008992774967,-0.013134992722163341,-0.274105082649913
2017-06-09,0.0,0.003860753022004446,-0.0,0.0,-0.005914500225354549,-0.0,-0.003656391491940843,-0.0057101386952909455,-0.0020537472033501027,-0.0,-0.020005812527134233,-0.0,0.0,-0.02270363506254045,-0.0,0.02431489386553505,-0.01839455372413963,-0.04270944758967468,-0.0,-0.04270714889539285,-0.0,0.0,-0.03927345223218665,-0.0,0.05286658823174557,-0.02911401289583393,-0.0819806011275795,-0.0,-0.09890633794080594,-0.0,0.0,-0.03270236077730076,-0.0,0.11703577506237345,-0.014572923655733261,-0.1316086987181067,-0.0,-0.15054803435710323,-0.0,0.0,-0.0253616618370774,-0.0,0.16971747723829803,-0.006192218955882595,-0.17590969619418062,-0.0,-0.2510311792743623,-0.0,0.0,-0.022142749123213228,-0.0,0.2618518642969857,-0.011322064100589835,-0.27317392839757554
2017-06-16,0.0,0.0038599048892006445,-0.0,0.0021704428126418803,-0.00592364948406693,-0.0,-0.005836301526126444,-0.005729603308350849,0.00010669821777559499,-0.0,-0.020000010781791953,-0.0,-0.014847151792770722,-0.02264104855618196,-0.0,0.03922680722423885,-0.018261403906505783,-0.057488211130744635,-0.0,-0.04269750176830672,-0.0,-0.024687805438345423,-0.039169383551970374,-0.0,0.07766207903371868,-0.028892611724903844,-0.10655469075862252,-0.0,-0.098893775882918,-0.0,-0.032147357267574374,-0.032566847191387596,-0.0,0.14932335539941724,-0.014284624942462715,-0.16360798034187995,-0.0,-0.15053767388182462,-0.0,-0.026513323152153098,-0.025249897891291197,-0.0,0.1963464484520719,-0.005954446473197039,-0.20230089492526893,-0.0,-0.25101667306440834,-0.0,-0.037122605080722626,-0.021986262937084295,-0.0,0.29913639390505836,-0.010989147177156877,-0.31012554108221524
2017-06-23,0.0,0.003872790311189443,-0.0,0.0022887307750896163,-0.005784647597969229,-0.0,-0.005810756890541339,-0.005433883402231509,0.00037687348830982986,-0.0,-0.019961726839130924,-0.0,-0.014495705827263186,-0.0222280593470005,-0.0,0.039302703020657664,-0.017382788992736944,-0.05668549201339461,-0.0,-0.042654483278208165,-0.0,-0.024292896405041224,-0.03870532026665884,-0.0,0.07774736080826486,-0.027905339141643365,-0.10565269994990822,-0.0,-0.09882354725772473,-0.0,-0.03150265964053564,-0.03180925373668003,-0.0,0.14946257976007452,-0.012672880874865872,-0.1621354606349404,-0.0,-0.15047781115808104,-0.0,-0.02596378433035063,-0.02460412691735795,-0.0,0.19646512298709878,-0.004580599418690823,-0.2010457224057896,-0.0,-0.25094737305454745,-0.0,-0.0364864321272007,-0.021238686948843167,-0.0,0.29927377733723926,-0.009398714793352081,-0.30867249213059134
2017-06-30,0.0,0.0038851028195839533,-0.0,0.002401759400141059,-0.0056518260348949415,-0.0,-0.005786348024432975,-0.005151311839602904,0.0006350361848300708,-0.0,-0.019929584208931064,-0.0,-0.014200637009388924,-0.021881319734918112,-0.0,0.039366424005186834,-0.016645116948051264,-0.0560115409532381,-0.0,-0.042607109602684066,-0.0,-0.023858006840984238,-0.038194275284589414,-0.0,0.07784127649675684,-0.026818115231500878,-0.10465939172825772,-0.0,-0.09876741355688166,-0.0,-0.03098735318777449,-0.031203709711997315,-0.0,0.14957386171369047,-0.011384614742963012,-0.16095847645665348,-0.0,-0.1504189751929307,-0.0,-0.025423671135584195,-0.023969432133330672,-0.0,0.19658176203007086,-0.00323031643177471,-0.19981207846184557,-0.0,-0.25087487903653255,-0.0,-0.0358209382312225,-0.020456655499376353,-0.0,0.2994174927137249,-0.007734980053406504,-0.3071524727671314
2017-07-07,0.0,0.003894820837130188,-0.0,0.00249097064177298,-0.005546992621660411,-0.0,-0.005767082592765858,-0.004928283735523101,0.0008387988572427568,-0.0,-0.019903202168813812,-0.0,-0.013958450313959194,-0.021596722665563953,-0.0,0.03941872493886,-0.01603965020947696,-0.05545837514833696,-0.0,-0.042555084894402885,-0.0,-0.023380420872525433,-0.03763305714357274,-0.0,0.07794441260014719,-0.02562415031035388,-0.10356856291050107,-0.0,-0.09872193228238985,-0.0,-0.03056983583414282,-0.03071307906427639,-0.0,0.14966402582192523,-0.01034082135888384,-0.16000484718080907,-0.0,-0.15037347384601601,-0.0,-0.02500596951743757,-0.023478584953727802,-0.0,0.19667196593077318,-0.0021860623864082274,-0.1988580283171814,-0.0,-0.250825062122267,-0.0,-0.03536361977559739,-0.01991925400421353,-0.0,0.2995162519877342,-0.006591683914343727,-0.3061079359020779
2017-07-14,0.0,0.0038994099367403554,-0.0,0.002533098500901748,-0.005497487568441288,-0.0,-0.005757984956901996,-0.00482296408770118,0.0009350208692008154,-0.0,-0.01988157935153534,-0.0,-0.013759953206106703,-0.021363465858992244,-0.0,0.03946159097678854,-0.015543407439845752,-0.05500499841663429,-0.0,-0.04250277315091179,-0.0,-0.02290019992555199,-0.03706874260140262,-0.0,0.07804811773494609,-0.024423597942920303,-0.10247171567786639,-0.0,-0.09868483330521592,-0.0,-0.030229267832369067,-0.03031287270674451,-0.0,0.14973757248988,-0.009489401354449506,-0.15922697384432952,-0.0,-0.1503269732050778,-0.0,-0.024579094396561134,-0.02297695785911768,-0.0,0.19676415087653948,-0.0011188745842171388,-0.19788302546075662,-0.0,-0.25078958633107884,-0.0,-0.035037952594545896,-0.019536557815442158,-0.0,0.29958658077935185,-0.005777515961715052,-0.3053640967410669
2017-07-21,0.0,0.0039063105625331005,-0.0,0.002596446132461024,-0.005423046855419005,-0.0,-0.005744304848378109,-0.004664595008802988,0.0010797098395751202,-0.0,-0.019873546164446195,-0.0,-0.013686208680427938,-0.02127680760614373,-0.0,0.03947751632536905,-0.015359046125648819,-0.05483656245101787,-0.0,-0.04245362948603455,-0.0,-0.02244906188827276,-0.03653860380473562,-0.0,0.07814554232932076,-0.02329575284972217,-0.10144129517904293,-0.0,-0.09864998131185378,-0.0,-0.02990932710511566,-0.02993690575619919,-0.0,0.14980666463685274,-0.0086895495363159,-0.15849621417316864,-0.0,-0.1502930467951326,-0.0,-0.02426765050989028,-0.022610975668157424,-0.0,0.19683140810564043,-0.00034026486753988006,-0.1971716729731803,-0.0,-0.2507643370568457,-0.0,-0.03480616467134756,-0.01926418049291052,-0.0,0.29963663606738467,-0.005198046153719105,-0.30483468222110377
2017-07-28,0.0,0.003912905581197568,-0.0,0.002656988295597378,-0.005351902888693686,-0.0,-0.005731230589063366,-0.004513239600962106,0.00121799098810126,-0.0,-0.019856066304273647,-0.0,-0.013525743850834576,-0.021088243076801395,-0.0,0.039512169180244194,-0.014957884051665427,-0.05447005323190962,-0.0,-0.042412127674825446,-0.0,-0.022068075942290565,-0.036090901739602534,-0.0,0.07822781737195184,-0.022343287984766702,-0.10057110535671854,-0.0,-0.09861073641300654,-0.0,-0.02954905957758826,-0.029513550202601022,-0.0,0.14988446547569834,-0.007788880717497476,-0.1576733461931958,-0.0,-0.15025051879172138,-0.0,-0.02387724413633189,-0.022152203523078364,-0.0,0.19691571751748765,0.0006357510663560217,-0.19627996645113163,-0.0,-0.25074938399379937,-0.0,-0.03466889579792204,-0.019102873865306,-0.0,0.299666279686872,-0.004854873970155438,-0.3045211536570274
2017-08-04,0.0,0.003917910271400369,-0.0,0.002702931269547211,-0.005297914639172642,-0.0,-0.0057213090678624665,-0.004398382166087528,0.0013229269017749389,-0.0,-0.0198290583669311,-0.0,-0.013277811429145013,-0.02079689412187415,-0.0,0.039565710920508784,-0.01433805299744148,-0.053903763917950265,-0.0,-0.04237553853100219,-0.0,-0.02173218820230362,-0.03569619522501604,-0.0,0.07830035332352255,-0.02150356863479931,-0.09980392195832186,-0.0,-0.09857866413820697,-0.0,-0.029254636621127445,-0.029167569551555486,-0.0,0.14994804698454456,-0.0070528233263453255,-0.15700087031088988,-0.0,-0.15022337138090483,-0.0,-0.023628031350430394,-0.02185934999374923,-0.0,0.19696953575619428,0.0012587830311098225,-0.19571075272508445,-0.0,-0.2507432798621078,-0.0,-0.034612859969128454,-0.01903702535688491,-0.0,0.29967838078994974,-0.004714784398171412,-0.30439316518812115
2017-08-11,0.0,0.003909724624665091,-0.0,-0.0026277871668182588,-0.005386217555143983,-0.0,-0.005737536659249278,-0.00984181675654643,-0.004104280097297151,-0.0,-0.019797351002092685,-0.0,0.012986738340147208,-0.020454849948268104,-0.0,0.039628569015560985,0.012363106405347407,-0.02726546261021358,-0.0,-0.042342745463386955,-0.0,0.021431148379626966,-0.03534243899930493,-0.0,0.07836536376421109,0.022111327681146174,-0.056254036083064916,-0.0,-0.09854154141088667,-0.0,0.02891385059339292,-0.028767106988581096,-0.0,0.15002164073585156,0.05162684292977672,-0.09839479780607484,-0.0,-0.15020506809548856,-0.0,0.023460007490605853,-0.02166190273925498,-0.0,0.19700582100602046,0.048598857661882766,-0.1484069633441377,-0.0,-0.25073276115025384,-0.0,0.03451629836688214,-0.018923554429166625,-0.0,0.2996992335537469,0.06455921634120856,-0.23514001721253833
2017-08-18,0.0,0.003911888887042995,-0.0,-0.003705457078077251,-0.005362870508163092,-0.0,0.0006198660090887638,-0.004536572690108584,-0.005156438699197348,-0.0,-0.01979459065605556,-0.0,-0.021064292074685704,-0.020425072630476684,-0.0,0.04773693491460042,-0.013547020446617528,-0.061283955361217946,-0.0,-0.04234110726514182,-0.0,-0.02622498008554854,-0.03532476688534109,-0.0,0.08317748174045239,-0.020713372495579058,-0.10389085423603145,-0.0,-0.09854159905617543,-0.0,-0.028745164162976344,-0.02876772883890986,-0.0,0.14985231084403366,-0.006202181214027963,-0.15605449205806163,-0.0,-0.1502061732206648,-0.0,-0.02022609845284908,-0.0216738243110935,-0.0,0.1937595760878066,0.0016534801031992397,-0.19210609598460737,-0.0,-0.25073532045836283,-0.0,-0.027027038506419073,-0.018951163044128104,-0.0,0.29218140560022027,-0.004532116408689724,-0.29671352200891
2017-08-25,0.0,0.0039278146004343845,-0.0,-0.00354301509180881,0.005191071385031925,-0.0,0.0006351936554017616,0.00621106454905926,0.005575870893657499,-0.0,-0.019768089098842437,-0.0,-0.020793976674233106,0.02013918626677596,-0.0,0.04776244124425233,0.027339561737952746,-0.020422879506299584,-0.0,-0.04230222874993879,-0.0,-0.025828419939230327,0.0349053637065739,-0.0,0.08321490022937997,0.049989615246784753,-0.033225284982595214,-0.0,-0.09850380444847241,-0.0,-0.02835965985340158,0.028360018345646203,-0.0,0.1498886861300355,0.0513852401738077,-0.0985034459562278,-0.0,-0.15020291873289787,-0.0,-0.02019290273696347,0.021638716424198817,-0.0,0.19376270835800202,0.04500560331233949,-0.14875710504566253,-0.0,-0.2507070414817853,-0.0,-0.02673859346086412,0.018646102714368402,-0.0,0.2922086226008268,0.0334090903725458,-0.258799532228281
2017-09-01,0.0,0.003926732367910116,-0.0,-0.003541210742929761,0.0052244187344447955,-0.0,0.0006718786734377135,0.006281819032862864,0.00560994035942515,-0.0,-0.01976300104136731,-0.0,-0.020802459722557832,0.01998240551342287,-0.0,0.04758996862301821,0.027006913372515935,-0.020583055250502275,-0.0,-0.04229355814703373,-0.0,-0.02584287597550892,0.0346381922640098,-0.0,0.08292098813856258,0.049422746280029725,-0.033498241858532854,-0.0,-0.09849510551690542,-0.0,-0.028374163120555684,0.028091973998441697,-0.0,0.14959381376732137,0.05081651912830194,-0.09877729463901942,-0.0,-0.15018728447403432,-0.0,-0.020218968907424445,0.021156970513357062,-0.0,0.19323274547522054,0.043983462607118856,-0.14924928286810168,-0.0,-0.2507060333448463,-0.0,-0.026740274274105396,0.018615038507714943,-0.0,0.29217444924068275,0.03334318012944598,-0.2588312691112368
2017-09-08,0.0,0.003928360998609412,-0.0,-0.0035439260725014785,0.005174234956213067,-0.0,0.0006166721025420456,0.006175341984863045,0.005558669882321,-0.0,-0.0197552843714169,-0.0,-0.020815325317023854,0.01974462806414839,-0.0,0.0473283925107108,0.026502410886418432,-0.020825981624292365,-0.0,-0.04228530345593075,-0.0,-0.02585663858410267,0.0343838365111194,-0.0,0.08264117443382701,0.048883068904912994,-0.03375810552891402,-0.0,-0.098482063988099,-0.0,-0.028395906569727607,0.027690119121375374,-0.0,0.14915173804998372,0.04996388661353249,-0.09918785143645123,-0.0,-0.1501718560588083,-0.0,-0.02024469188570794,0.02068156736116374,-0.0,0.19270976018494682,0.04297477960159432,-0.1497349805833525,-0.0,-0.25070663265741805,-0.0,-0.02673927507204681,0.018633505413183198,-0.0,0.29219476446129594,0.03338236214501428,-0.25881240231628166
2017-09-15,0.0,0.003930618884915736,-0.0,-0.0035476905265670305,0.005104661623400343,-0.0,0.0005401353158410527,0.006027725297590101,0.0054875899817490486,-0.0,-0.019747934358204183,-0.0,-0.020827579604160987,0.01951814858464682,-0.0,0.0470792451590751,0.02602187978135675,-0.021057365377718348,-0.0,-0.04227429431745995,-0.0,-0.02587499353667887,0.034044606651461834,-0.0,0.08226799174497838,0.0481633105423014,-0.034104681202676984,-0.0,-0.09846703001839303,-0.0,-0.02842097190991922,0.02722687020802781,-0.0,0.14864212349169065,0.04898099177140619,-0.09966113172028446,-0.0,-0.15015773310120528,-0.0,-0.020268238343746598,0.02024638990032715,-0.0,0.19223102669395883,0.042051445149334093,-0.15017958154462474,-0.0,-0.2507122449135474,-0.0,-0.026729918055114304,0.01880643855085529,-0.0,0.29238500612626295,0.033749281708456536,-0.2586357244178064
2017-09-22,0.0,0.003932085978256296,-0.0,-0.0035501365334696367,0.005059455373215548,-0.0,0.0004904044636874524,0.005931809281689661,0.005441404818002208,-0.0,-0.019744466180618765,-0.0,-0.020833361912674358,0.019411281966640714,-0.0,0.04696168247784187,0.025795136351189463,-0.021166546126652405,-0.0,-0.042268615350519914,-0.0,-0.025884461777008292,0.03386961792159128,-0.0,0.08207548874775604,0.04779202954181912,-0.03428345920593692,-0.0,-0.09845133678203509,-0.0,-0.028447136410426718,0.026743306995411865,-0.0,0.1481101614170824,0.04795499522003244,-0.10015516619704995,-0.0,-0.15015064752781085,-0.0,-0.02028005174440115,0.02002805873169664,-0.0,0.19199084320111576,0.0415882026606004,-0.15040264054051536,-0.0,-0.25071191983575764,-0.0,-0.02673046004006744,0.018796421773158864,-0.0,0.2923739867895854,0.03372802868691921,-0.2586459581026662
2017-09-29,0.0,0.0039336788674492005,-0.0,-0.0035527922731237306,0.005010372915148265,-0.0,0.00043640944185963397,0.005827668951333369,0.005391259509473735,-0.0,-0.0197403700809468,-0.0,-0.020840191122373553,0.019285066884459422,-0.0,0.0468228347838646,0.025527340465003667,-0.021295494318860932,-0.0,-0.04225980388144544,-0.0,-0.025899152671978374,0.033598105902245795,-0.0,0.08177680164062345,0.047215950989445435,-0.03456085065117802,-0.0,-0.09843456409566952,-0.0,-0.028475100620671375,0.02622648217239202,-0.0,0.14754160864489116,0.04685842610094229,-0.10068318254394887,-0.0,-0.15014637131728914,-0.0,-0.020287181243365683,0.01989629380759066,-0.0,0.1918458901927824,0.041308631439718246,-0.15053725875306415,-0.0,-0.2506891353559454,-0.0,-0.026768447394620514,0.01809435267762165,-0.0,0.29160164902104463,0.03223841894810037,-0.25936323007294426
2017-10-06,,,-0.0,-0.0035549703578669823,0.004970118309275123,-0.0,0.00039212583406214455,0.001807273785470285,0.0014151479514081405,,,-0.0,-0.020842157584984637,0.019248723405346335,-0.0,0.04678285375957849,0.04518941957994019,-0.001593434179638302,,,-0.0,-0.025916255230668633,0.033282022351488,-0.0,0.08142908192782534,0.08879484904864471,0.007365767120819367,,,-0.0,-0.028498403829909206,0.02579580035142316,-0.0,0.1470678207532541,0.14436521727476806,-0.0027026034784860473,,,-0.0,-0.020287116442336838,0.019897491437703706,-0.0,0.19184720769126623,0.1914575826866331,-0.00038962500463313177,,,-0.0,-0.026804947615100258,0.017419768277612817,-0.0,0.29085954683550935,0.2814743674980219,-0.009385179337487441
2017-10-13,0.0,0.0039349852634444835,-0.0,0.0035549703578669823,0.004970118309275123,0.0,0.00039212583406214455,0.012852199764648733,0.012460073930586589,-0.0,-0.019739190614037627,-0.0,0.020842157584984637,0.019248723405346335,0.0,0.04678285375957849,0.06713454413587183,0.020351690376293346,-0.0,-0.04224954591776794,-0.0,0.025916255230668633,0.033282022351488,0.0,0.08142908192782534,0.09837781359221404,0.016948731664388695,-0.0,-0.09842058703654864,-0.0,0.028498403829909206,0.02579580035142316,0.0,0.1470678207532541,0.10294143789803784,-0.04412638285521628,-0.0,-0.15014641018437386,-0.0,0.020287116442336838,0.019897491437703706,0.0,0.19184720769126623,0.08188540538693291,-0.10996180230433332,-0.0,-0.2506672428460187,-0.0,0.026804947615100258,0.017419768277612817,0.0,0.29085954683550935,0.08441701988220374,-0.20644252695330562
2017-10-20,0.0,0.003937441161787604,-0.0,-0.0028734659855318635,0.004930136324256257,0.005980029118549986,-0.00627346798206842,0.005700672636993563,0.011974140619061983,-0.0,-0.019730976155222586,-0.0,-0.018562670075017253,0.01911499214965104,0.02000192843703843,0.024487856886229335,0.02531113124267896,0.0008232743564496256,-0.0,-0.04223032054058848,-0.0,-0.02058127113225802,0.03296903352418571,0.04681314097249607,0.029249171630736766,0.04621975445457205,0.016970582823835283,-0.0,-0.09840518317235802,-0.0,-0.024223878043256954,0.025545025693325077,0.037507886537231756,0.10525994129274102,0.04568379230768287,-0.05957614898505815,-0.0,-0.15013728311857408,-0.0,-0.017754383250516873,0.019748902955160057,0.022224095473819525,0.1670752892904233,0.04115662135031195,-0.12591866794011136,-0.0,-0.250648543199715,-0.0,-0.021615852246824153,0.01711533834040638,0.045533004131578195,0.2401065312978716,0.030490478323317,-0.2096160529745546
2017-10-27,0.0,0.003936216501247774,-0.0,-0.002868208977426449,0.004968039761871931,0.006008073164825514,-0.006262823681625562,0.005781296768893208,0.01204412045051877,-0.0,-0.01972571193192517,-0.0,-0.01858526741006924,0.018952063605077923,0.019881380646889636,0.02444210218722984,0.024964567097202985,0.0005224649099731457,-0.0,-0.04221291492458233,-0.0,-0.02065598690977279,0.03243032695285215,0.046414562031752184,0.029097888397433484,0.0450738755476827,0.015975987150249213,-0.0,-0.09839844194688306,-0.0,-0.024252815594364333,0.025336383697506168,0.03735351621744465,0.10520134903229686,0.04523999140600028,-0.05996135762629658,-0.0,-0.15011215655447255,-0.0,-0.017862242160676983,0.01897123181778039,0.02164871110934707,0.16685689840683257,0.0395024426188105,-0.12735445578802207,-0.0,-0.2506372384402072,-0.0,-0.021664379336924396,0.016765454243710558,0.045274131416699455,0.24000827447264117,0.029746242355919605,-0.21026203211672156
2017-11-03,0.0,0.003940310034281315,-0.0,-0.0028857809785139085,0.004841344266326556,0.005914333531602746,-0.006298403170035342,0.005511803683661365,0.011810206853696707,-0.0,-0.01971634729110774,-0.0,-0.018625466298726075,0.018662226489008945,0.01966693557259794,0.02436070816238701,0.02434805663416008,-1.2651528226929887e-05,-0.0,-0.04219562695791011,-0.0,-0.020730197662849836,0.031895261647023054,0.04601867719541491,0.028947627729007462,0.043935741950685475,0.014988114221678013,-0.0,-0.09839316730724076,-0.0,-0.024275457642877543,0.0251731327653977,0.037232729898773645,0.10515550379824337,0.044892741512296414,-0.06026276228594696,-0.0,-0.1500855112271913,-0.0,-0.01797662055121013,0.018146554719471915,0.021038547911437885,0.1666253069904629,0.03774827784297127,-0.12887702914749163,-0.0,-0.2506215412807367,-0.0,-0.021731761351688486,0.016279624672628057,0.04491467518184269,0.23987184051720398,0.02871283773924954,-0.21115900277795444
2017-11-10,0.0,0.003937638164294027,-0.0,-0.0028743116433606083,0.004924039065489833,0.005975517870553616,-0.006275180255631728,0.005687703201345139,0.011962883456976867,-0.0,-0.019707751916218496,-0.0,-0.01866236301744389,0.018396198275222354,0.019470106260869723,0.02428600031497421,0.023782189917403898,-0.0005038103975703104,-0.0,-0.04218220520152051,-0.0,-0.020787812226099506,0.031479856161602385,0.045711326427540847,0.028830970742977725,0.043052135904500945,0.01422116516152322,-0.0,-0.09839537687257649,-0.0,-0.024265972808100982,0.025241519162382427,0.03728332771792405,0.10517470853009653,0.045038205729725535,-0.06013650280037099,-0.0,-0.15007226075383379,-0.0,-0.018033499860683554,0.017736450471005912,0.02073511942987414,0.16651013873375234,0.03687594802011504,-0.1296341907136373,-0.0,-0.25060161513365814,-0.0,-0.021817296823192323,0.01566290726548984,0.04445837747924185,0.23969864975185856,0.027401022539739806,-0.21229762721211876
2017-11-17,0.0,0.003941873296323557,-0.0,0.0028924914757983058,0.004792961058599037,0.005878535698956875,-0.0063119904706032594,0.011193871059074515,0.017505861529677775,-0.0,-0.019694041164020192,-0.0,0.01872121813124523,0.017971848323766654,0.01915613764946544,0.024166831483323853,0.060321994423780986,0.03615516294045713,-0.0,-0.042170671026458724,-0.0,0.020837324111082373,0.03112287161715175,0.04544720022385101,0.02873071992184896,0.08396744484747537,0.05523672492562641,-0.0,-0.09838772476014739,-0.0,0.024298820455066723,0.025004685071084897,0.037108098592710755,0.1051081991741793,0.09313207853289429,-0.011976120641285011,-0.0,-0.15005363512599507,-0.0,0.018113452691149806,0.017159984340269555,0.020308602895659833,0.16634825160486227,0.0718766564059464,-0.09447159519891588,-0.0,-0.25057974346781897,-0.0,0.02191118367661843,0.01498597574466753,0.043957528477423194,0.23950854925068765,0.06978349368157782,-0.16972505556910983
2017-11-24,0.0,0.003967316855819528,-0.0,-0.00020366003365452823,0.004151147467169642,0.0032516762451424664,-0.006947078177247674,0.004219402357229434,0.011166480534477108,-0.0,-0.019597856162240045,-0.0,-0.0055015274626384015,0.015704629290861964,0.006993789097290424,0.02131403335479269,0.01891306811806663,-0.0024009652367260586,-0.0,-0.04206897950799739,-0.0,-0.011425096377395976,0.028488236273558714,0.03592316425446717,0.02638983752659129,0.037307162169223806,0.01091732464263252,-0.0,-0.09825011226169114,-0.0,-0.00046405455817546785,0.02201716520317287,0.016111939361595124,0.10029863359385285,0.039713571338754236,-0.06058506225509862,-0.0,-0.14993844429870573,-0.0,-0.005228908628933226,0.01429133138785677,0.007896280063525768,0.16336777354400123,0.03038803206774482,-0.1329797414762564,-0.0,-0.2503874960283369,-0.0,-0.004112693580520147,0.010005452495301333,0.025948933830989257,0.2350824231870191,0.016536619904452682,-0.21854580328256643
2017-12-01,0.0,0.003989150638172527,-0.0,-0.0004881316170858154,0.003465457998552788,0.002891052036869584,-0.007108630386824429,0.0027488986696846554,0.009857529056509084,0.0,-0.01955783361741668,-0.0,-0.006022979793470915,0.014447722125215546,0.006332744743790182,0.02101789911453287,0.016217552572651,-0.004800346541881868,-0.0,-0.04202576137860429,-0.0,-0.011988183867352105,0.02713097184272995,0.035209339070930525,0.02607005856276587,0.034396424230469944,0.008326365667704078,-0.0,-0.0981962416277056,-0.0,-0.0011659331563301663,0.020325359093061043,0.01522216889415454,0.09990003477066356,0.03608538797384338,-0.06381464679682018,-0.0,-0.1498613777948818,-0.0,-0.006233005400526442,0.011871059480733368,0.006623388061739487,0.16279754417302802,0.025197608520092646,-0.13759993565293538,-0.0,-0.25025205924852745,-0.0,-0.005877294627848857,0.005752063317131129,0.023711951676446106,0.23408030130623644,0.007414962423437366,-0.22666533888279908
2017-12-08,0.0,0.002207972526889547,-0.0,-0.0005247485380281453,0.0034468017911605587,0.002879435375614574,-0.005362837980974072,0.0026466231746624623,0.008009461155636534,0.0,-0.015372883797371919,-0.0,-0.006057381021721395,0.014201622141671727,0.006207544675252618,0.016856847946975104,0.015835749944806132,-0.0010210980021689697,-0.0,-0.040133200029990955,-0.0,-0.011879411824770446,0.027318988675626665,0.03531014574004024,0.024249462427502068,0.03486598498840757,0.010616522560905502,-0.0,-0.1069797511139229,-0.0,-0.0013201980085333705,0.020296683909714015,0.01519818974921833,0.10852198587062038,0.035716910407096444,-0.07280507546352394,-0.0,-0.15245613872614733,-0.0,-0.006442245918947713,0.011468572010334393,0.006409066794138689,0.16526407015487007,0.02424332431424811,-0.14102074584062196,-0.0,-0.24514545054248305,-0.0,-0.00607305269225012,0.00508155252230459,0.02336446140000777,0.2289272099159598,0.006154720603538999,-0.2227724893124208
2017-12-15,0.0,0.020781300937036794,-0.0,-0.0004739246802923616,0.0028444877277001967,0.0025814548349928786,-0.023729999280857714,0.0020033195385797953,0.02573331881943751,0.0,0.013046913986742605,-0.0,-0.005900464139598078,0.013470541237376477,0.005851811528237702,-0.011208551771243226,0.015260250841515478,0.026468802612758704,-0.0,-0.05365195722892457,-0.0,-0.011889609731777488,0.027821893727943924,0.035560960897010926,0.037631339402567396,0.035472627066820195,-0.002158712335747201,-0.0,-0.13960860977233655,-0.0,-0.001576700381113717,0.020952245572123995,0.015509939182137044,0.14070640464342182,0.0359832792442326,-0.10472312539918922,-0.0,-0.13557544619513417,-0.0,-0.006532309119388706,0.01059312694066558,0.005965715309276713,0.1485037322657918,0.02295481920121123,-0.12554891306458058,-0.0,-0.23154573599351266,-0.0,-0.006198273818929835,0.0042494806773435995,0.02294059915710978,0.21539855272092373,0.004844622742934596,-0.21055392997798913
2017-12-22,0.0,0.020748799428721695,-0.0,-0.0004546515253969859,0.0028905564015939923,0.0026056937441207378,-0.02368793492784925,0.0021024631211901887,0.02579039804903944,-0.0,0.011338872283579438,-0.0,-0.005785698409458336,0.013411833516955492,0.005829630526160944,-0.009360308120634469,0.015434329796603068,0.024794637917237537,-0.0,-0.0540594227705316,-0.0,-0.012076752417221295,0.02721556950551765,0.03524610236795756,0.03798569868757686,0.034311195373299186,-0.003674503314277676,-0.0,-0.14206783697175615,-0.0,-0.001595272602975411,0.020360192860710755,0.015212752062564068,0.14329333165303348,0.035203167001576746,-0.10809016465145674,-0.0,-0.14281005122137985,-0.0,-0.0065463391053034595,0.008963532831115265,0.005150041380381877,0.15613039052233077,0.020887574407144588,-0.13524281611518618,-0.0,-0.2399275268796599,-0.0,-0.006207922061123964,0.0023797243477870116,0.02200511797719436,0.2242372299245603,0.0024866233087578182,-0.22175060661580248
2017-12-29,0.0,0.02106169936875074,-0.0,-0.0004345979423980461,-0.002795523521040602,0.0025594306527814787,-0.023955143041334847,-0.0035641344832412734,0.020391008558093573,-0.0,0.00865909034316381,-0.0,-0.005819548573874548,-0.014487826937958307,0.006365511601386336,-0.006986548152799763,-0.012269321720082473,-0.00528277356728271,-0.0,-0.05605419243378713,-0.0,-0.01241919461721491,-0.02741352461329816,0.035323677284348216,0.03955643341764424,-0.021006800962307733,-0.06056323437995197,-0.0,-0.14915052067287157,-0.0,-0.002108054240374392,-0.022399452032654102,0.016200332796198296,0.14930534564525794,-0.008152348504443824,-0.15745769414970176,-0.0,-0.15660647918953916,-0.0,-0.0074856549234800064,-0.013048987007131332,0.007134061229753873,0.16787807827035547,-0.0021289816200411316,-0.1700070598903966,-0.0,-0.2535895439012174,-0.0,-0.007086216158542633,-0.0065239669235690224,0.02402234588399669,0.2359025521331207,-0.007274828966211733,-0.24317738109933243
2018-01-05,0.0,0.020142910926395495,-0.0,-0.00035931937132263527,-0.0029172786313919757,0.0026250131186493753,-0.02298445743945372,-0.0034931313971234626,0.019491326042330257,-0.0,0.007711537320010627,-0.0,-0.005492571471037548,-0.014274418947647706,0.006279243675158338,-0.005628011925840963,-0.011404221349357254,-0.00577620942351629,-0.0,-0.059856274913043905,-0.0,-0.012558540975227295,-0.028530300241844938,0.03587335595124581,0.04292691191068829,-0.022144848268182055,-0.06507176017887034,-0.0,-0.15867448667479225,-0.0,-0.0027893224212938725,-0.025648540311229547,0.017782297674178535,0.15727190250465412,-0.012058149228483028,-0.16933005173313714,-0.0,-0.17462168924339083,-0.0,-0.00875810920418599,-0.019172815470061527,0.010116447068674829,0.18297058433895247,-0.009465582510011061,-0.19243616684896353,-0.0,-0.27388451251487994,-0.0,-0.008302073920551635,-0.013126892284621458,0.02724781745439733,0.25321694497932273,-0.014848716286332997,-0.26806566126565573
2018-01-12,0.0,0.01946112102284638,-0.0,-0.000334012534539729,-0.0030491647402342854,0.0026925378503694637,-0.022307959710383872,-0.0035374781119420426,0.01877048159844183,-0.0,0.009400137392504147,-0.0,-0.005267568499714327,-0.013556678471446286,0.005934436122765337,-0.006891079879399354,-0.010380753335290482,-0.003489673455891129,-0.0,-0.062171299552008556,-0.0,-0.01275799195315704,-0.029366089800889908,0.03627878504464768,0.04481483965278104,-0.023201756608626785,-0.06801659626140782,-0.0,-0.1703891613847305,-0.0,-0.003633394330499472,-0.029653276026140634,0.019731911037308734,0.16706218963517092,-0.01688173106889096,-0.18394392070406188,-0.0,-0.19406413933875113,-0.0,-0.010128315314210642,-0.02577764281307377,0.013333222858304402,0.1992631646657202,-0.01737370994201093,-0.21663687460773112,-0.0,-0.29548389271541037,-0.0,-0.009689345223169131,-0.020280999910953397,0.0307381668111497,0.27151047028603226,-0.023205600752350897,-0.29471607103838315
2018-01-19,0.0,0.020177208768107097,-0.0,0.00021078102161740722,-0.002706978546577574,0.00252914672309875,-0.02280371643997163,-0.00259355847372595,0.02021015796624568,-0.0,0.010254948129245467,-0.0,0.005544827675558151,-0.013725116057139636,0.006001326217121772,-0.008091252236143197,-1.5266271357441616e-05,0.008075985964785756,-0.0,-0.06547523080034538,-0.0,0.012978593004822287,-0.030471829173660005,0.03681786716530364,0.047601053657666474,0.0014504538537870176,-0.04615059980387946,-0.0,-0.18543079113107316,-0.0,0.004649842180729425,-0.03470380564979904,0.022193647858498554,0.17972944713941,-0.01356165960223421,-0.1932911067416442,-0.0,-0.2136935314242358,-0.0,0.011472471156734507,-0.032392650973496764,0.016556717198358165,0.2157686342583387,-0.002288359784301197,-0.2180569940426399,-0.0,-0.32541205423781294,-0.0,0.011555814991586545,-0.030117977836064735,0.03554000141317927,0.29693793601795054,-0.011496279651161345,-0.3084342156691119
2018-01-26,0.0,-0.0,-0.0,-0.0027043109265126935,-0.002471167923032763,0.004441283869834991,-0.002016021233110639,-0.0027502162128211043,-0.0007341949797104652,-0.0,-0.0,-0.0,0.005883589079432457,-0.014093814259604832,-0.003018077349342516,-0.0003056909040687521,-0.011533993433583644,-0.011228302529514891,-0.0,-0.0,-0.0,-0.0059811997033282875,-0.031194933212471736,0.031474021396801444,-0.019615656532749954,-0.02531776805174853,-0.005702111518998576,-0.0,-0.0,-0.0,0.004005220723756479,-0.03632216021219364,0.015843759848789805,-0.008189467664135006,-0.024662647303782356,-0.01647317963964735,-0.0,-0.0,-0.0,-0.001746820438968141,-0.03424810375290584,0.009434633116886576,-0.0007378253497472165,-0.02729811642473462,-0.026560291074987405,-0.0,-0.0,-0.0,1.7933561442554885e-05,-0.032818914752829165,0.0272415152833772,-0.032049035778300934,-0.037608501686310344,-0.005559465908009407
2018-02-02,0.0,-0.0,-0.0,0.002742655379120564,-0.0029526195705010705,0.004714573170645078,-0.0021258833819716907,0.00237872559729288,0.004504608979264571,-0.0,-0.0,-0.0,-0.0055271754060828284,-0.01447183805052523,-0.002819035834214169,-0.0007415660956462812,-0.02355961538646851,-0.022818049290822227,-0.0,-0.0,-0.0,0.006654305903904008,-0.031084578882811093,0.03137890910363462,-0.020321076843415296,-0.013372440718687761,0.006948636124727535,-0.0,-0.0,-0.0,-0.0028070485905881837,-0.03496608900285879,0.01501180619901904,-0.009279499062624662,-0.032040830457052596,-0.02276133139442793,-0.0,-0.0,-0.0,0.0029295046528232216,-0.032009927146720206,0.008099356760311224,-0.0016852474922797456,-0.022666313225865507,-0.02098106573358576,-0.0,-0.0,-0.0,0.0012755826718905293,-0.031153857963442527,0.026228458249759463,-0.033197080772674026,-0.03684689781446656,-0.0036498170417925344
2018-02-09,0.0,-0.0,-0.0,0.00610591041339474,-0.003028329973785542,-0.002463217602361964,-0.004119714152251425,-0.0035053513150041906,0.0006143628372472345,-0.0,-0.0,-0.0,0.008763984476915246,-0.01434123385319312,-0.005574192144530604,-0.0015068872929563822,-0.01265832881376486,-0.011151441520808478,-0.0,-0.0,-0.0,-0.0005529953558073951,-0.02980799620018537,0.025342451005770882,-0.021997870759488523,-0.027016411309710407,-0.005018540550221884,-0.0,-0.0,-0.0,0.00921633087102092,-0.032576397880285886,0.007812646142014441,-0.01127926574512586,-0.026826686612376385,-0.015547420867250524,-0.0,-0.0,-0.0,0.002653918713700601,-0.029047808621182798,0.001107549757715698,-0.0036274161041117605,-0.028913756253878257,-0.0252863401497665,-0.0,-0.0,-0.0,0.009809452620826949,-0.029250762618621008,0.015601805909954854,-0.0361489286448419,-0.0399884327326811,-0.003839504087839205
2018-02-16,0.0,-0.0,-0.0,0.006129350151665857,-0.003020601957084264,-0.002467071776552323,-0.004094327658564566,-0.0034526512405352954,0.0006416764180292704,-0.0,-0.0,-0.0,0.009082810430364064,-0.013576774251377936,-0.006032366285899604,-0.001110862949745881,-0.011637193056659357,-0.010526330106913475,-0.0,-0.0,-0.0,-0.0007125172007786325,-0.027929708323421728,0.024180446087571302,-0.02202211210499551,-0.026483891541624567,-0.004461779436629058,-0.0,-0.0,-0.0,0.008840100130784005,-0.030545802446782313,0.006548578539080051,-0.011521002456260776,-0.026678126233179035,-0.015157123776918257,-0.0,-0.0,-0.0,0.0018230203439143727,-0.025185796371675385,-0.0013010307946652565,-0.0042091730529619925,-0.02887297987538826,-0.024663806822426266,-0.0,-0.0,-0.0,0.009314692671318075,-0.028690269974887217,0.015237858131137566,-0.03662911761884288,-0.040766836791274456,-0.004137719172431574
2018-02-23,0.0,-0.0,0.0,0.006371070371642502,-0.0024113768677561974,-0.0028326825922935627,-0.0037917985728717235,-0.0026647876612789817,0.0011270109115927417,-0.0,-0.0,0.0,0.009196302513655425,-0.012362588698381992,-0.0067751923153089675,-0.0008974243575726457,-0.01083890285760818,-0.009941478500035534,-0.0,-0.0,0.0,-0.0010383956507992907,-0.025473796881509532,0.02265658218293224,-0.022177874970062572,-0.026033485319439154,-0.003855610349376582,-0.0,-0.0,0.0,0.008519777840618529,-0.028067129994959916,0.005010921557567622,-0.011669137766872553,-0.02620556836364632,-0.014536430596773765,-0.0,-0.0,0.0,0.0008768724828908802,-0.02091511723912589,-0.00396553133242737,-0.004881392588079191,-0.028885168676741572,-0.02400377608866238,-0.0,-0.0,0.0,0.008548915418125315,-0.027897960780023722,0.01472083027071418,-0.037378127467807276,-0.04200634255899151,-0.00462821509118423
2018-03-02,0.0,-0.0,-0.0031224438954896103,0.006401945897447307,-0.0025889982647222774,-0.002722189597014253,-0.0068952488466036375,-0.00892693470638247,-0.002031685859778834,-0.0,-0.0,-0.012190784984064394,0.008990808895936866,-0.011675959014585837,-0.0072056372598650175,-0.013252740692393494,-0.03533431305497188,-0.022081572362578385,-0.0,-0.0,-0.015959842614918035,-0.001597383998919793,-0.023347487190585468,0.02132658435974355,-0.03856539297696006,-0.0581435224216398,-0.019578129444679744,-0.0,-0.0,-0.001119055543041012,0.00787338972802409,-0.025347820917266353,0.003312639505425622,-0.013262695423027392,-0.028543542649885047,-0.015280847226857653,-0.0,-0.0,-0.020838486778075167,0.0002406442864716418,-0.018535175952335156,-0.005454580901083961,-0.026209740628767724,-0.07079733997379037,-0.04458759934502264,-0.0,-0.0,-0.038747329030651124,0.008134317781553864,-0.026725320353540694,0.013983259329933391,-0.07647377011971795,-0.11982884239242252,-0.04335507227270456
2018-03-09,0.0,-0.0,0.002441521873846653,0.00635091650147418,-0.002289373191477206,-0.0029085369265486475,-0.0013622083942970288,0.0022323198629979504,0.003594528257294979,-0.0,-0.0,-0.010172584759701737,0.00868502000509094,-0.010351239214875957,-0.00803261055548823,-0.011456069502601734,-0.03132748402757672,-0.019871414524974984,-0.0,-0.0,-0.014770759956617238,-0.002174464794205115,-0.02088686359926169,0.019790159042187196,-0.037797405498955355,-0.0558393348068522,-0.01804192930789685,-0.0,-0.0,-0.002459105034204063,0.007179765247874304,-0.0224318840494244,0.0014915389529017726,-0.015112083355284103,-0.03133176823813649,-0.016219684882852387,-0.0,-0.0,-0.0299514639549003,-0.0002786496631977615,-0.01647398971717236,-0.00674297604386371,-0.03571341823426913,-0.08916049761340325,-0.05344707937913413,-0.0,-0.0,-0.041121071042177514,0.007703866580372312,-0.024938917547787612,0.012867378710963011,-0.07916538145512844,-0.12465412475375826,-0.04548874329862981
2018-03-16,0.0,-0.0,0.00037881927562875004,0.0062213579448150355,-0.0017719587158348561,-0.003231928856046215,-0.0035221429677780784,-0.0019258533192153646,0.0015962896485627138,0.0,-0.0,-0.01175820974148334,0.008353123715760982,-0.008970169690461499,-0.008895264735486746,-0.013286502519296597,-0.0345570229709672,-0.021270520451670605,-0.0,-0.0,-0.01620275486132391,-0.0025852647676828803,-0.019169489993333736,0.018717513747251616,-0.03953179471361522,-0.05877179058870413,-0.01923999587508891,-0.0,-0.0,-0.008358212550820506,0.006336241555528477,-0.018949949249646113,-0.0006836333735904832,-0.02163553825420646,-0.04329109187273509,-0.02165555361852863,-0.0,-0.0,-0.03758534421256138,-0.0004564269512299004,-0.01583619654170417,-0.00714230173984537,-0.04348627114846664,-0.10450654059380746,-0.06102026944534082,-0.0,-0.0,-0.04210044186749857,0.007562782014425714,-0.024356432787690254,0.012503500221443604,-0.08024916982057784,-0.12663976223989734,-0.046390592419319504
2018-03-23,0.0,-0.0,-0.003592495678175692,0.006175764650884768,-0.0016386491767294315,-0.0033157190837237904,-0.0075314270179237235,-0.00990252630566787,-0.002371099287744146,0.0,-0.0,-0.011659229745374186,0.008035123609388838,-0.007622604222911191,-0.009736766565762785,-0.013420209907423344,-0.03440368683208267,-0.020983476924659322,-0.0,-0.0,-0.013113668579606025,-0.002896691747899354,-0.017804810213304864,0.01786573284491783,-0.036667126985585614,-0.05261656468147803,-0.015949437695892413,-0.0,-0.0,-0.01050203805580851,0.005586337819546503,-0.015807865090416984,-0.0026460660768077167,-0.024330832390773164,-0.04770046379425987,-0.023369631403486708,-0.0,-0.0,-0.04406434576579275,-0.0005982837720848313,-0.015333096276538389,-0.007457357934595662,-0.0500766135495126,-0.11752969729852422,-0.06745308374901163,-0.0,-0.0,-0.04623265074732428,0.007500211733978255,-0.024153678606857062,0.01237632186860596,-0.08443196232927427,-0.1349417580808714,-0.05050979575159713
2018-03-30,0.0,-0.0,0.0021665839319655105,0.006174346879002089,-0.0016112179345916602,-0.003332654377804063,-0.0061049047425788625,-0.0027078462440069872,0.0033970584985718753,-0.0,-0.0,0.010836980413559379,0.008007811817925014,-0.007494637326080658,-0.009816565878868654,-0.012617004439900627,-0.011083415413365546,0.0015335890265350816,-0.0,-0.0,0.006896341186034206,-0.0029270199918227263,-0.017582992732100344,0.017728063308641063,-0.030464814659147788,-0.02635042288839559,0.004114391770752198,-0.0,-0.0,0.00991045862433509,0.005532835605363068,-0.015572502211987072,-0.00279296254869472,-0.023777737002883763,-0.0266999075338674,-0.002922170530983636,-0.0,-0.0,0.042587387277461204,-0.0006378147911814956,-0.015143566465242616,-0.0075755120884352396,-0.04862688749974131,-0.02939639356713946,0.01923049393260185,-0.0,-0.0,0.04418270240253439,0.0074568340461821404,-0.023939254638824833,0.012242700284901662,-0.08241140007980473,-0.042468417985011366,0.03994298209479336
2018-04-06,0.0,-0.0,0.002179863220134368,0.006109778812645155,-0.0012575505387189512,-0.0035527792393548444,-0.006159271993558112,-0.002679959738852385,0.0034793122547057266,-0.0,-0.0,0.01070949589828705,0.007680262199693545,-0.00658707068776851,-0.010387666487761946,-0.012766153817887572,-0.011351132895437432,0.00141502092245014,-0.0,-0.0,0.006994850058306163,-0.0031679883454533457,-0.016040379423857182,0.01676949479765947,-0.030699531343279574,-0.02614355425662447,0.004555977086655104,-0.0,-0.0,0.009480307371388616,0.005060997467786669,-0.015386758871400733,-0.002925413763577715,-0.023832357369251836,-0.027603225165055,-0.003770867795803162,-0.0,-0.0,0.04204836080063094,-0.0011458884903506963,-0.015288635551093574,-0.007505780100956545,-0.048636405826713164,-0.030528349168483036,0.018108056658230128,-0.0,-0.0,0.04340491026641383,0.0070218902500955045,-0.025502839117613238,0.0131881775104604,-0.08221392038022106,-0.04410178147086456,0.0381121389093565
2018-04-13,0.0,-0.0,0.0021763708871229983,0.006098248708671414,-0.0012210747650399391,-0.0035756693348486124,-0.0061651691340821255,-0.0026872936381762648,0.0034778754959058607,-0.0,-0.0,0.01061963639779631,0.007601896778476552,-0.006640021793640863,-0.010358095246502698,-0.01276325398259729,-0.01153983784646799,0.0012234161361293003,-0.0,-0.0,0.006968022144240145,-0.003240360710434566,-0.015833755275234552,0.016639557922930884,-0.030733356957665027,-0.026199892876163117,0.00453346408150191,-0.0,-0.0,0.008980905258923425,0.004661874816812765,-0.015846356443277563,-0.002657935359767885,-0.02379045787392263,-0.028651969601231887,-0.004861511727309258,-0.0,-0.0,0.04162378988106421,-0.001496917610122053,-0.015626175982827437,-0.007311564032188431,-0.04860908035549948,-0.03141994809957319,0.01718913225592629,-0.0,-0.0,0.042765707556912606,0.006517128054521339,-0.026118749807611374,0.0135477855429372,-0.08215597850757694,-0.045444107160817176,0.03671187134675977
2018-04-20,0.0,-0.0,0.0020096102841560526,0.0059655008501311385,-0.0013769389843357952,-0.0034848585790719384,-0.006150804475286306,-0.0030374909044068492,0.003113313570879457,-0.0,-0.0,0.010705089678564693,0.007664570212087263,-0.006535851210460044,-0.010419789704090467,-0.012774404932955822,-0.011360385956854378,0.001414018976101444,-0.0,-0.0,0.006944977411480756,-0.003313638839509692,-0.015605803973073595,0.01649646180894435,-0.030770283222799635,-0.02624828681495782,0.004521996407841818,-0.0,-0.0,0.008302916153482217,0.0041234698655241995,-0.016485951052599545,-0.0022850465598500437,-0.023731135129215243,-0.030075746722658416,-0.006344611593443173,-0.0,-0.0,0.04094943390255158,-0.002039735304265197,-0.016229198657493036,-0.006961350759092009,-0.048555244836150986,-0.03283609565444964,0.01571914918170134,-0.0,-0.0,0.04215390595560296,0.006040491319332736,-0.026737721921255286,0.01391035927690316,-0.08209592515415093,-0.04672889052356735,0.03536703463058358
2018-04-27,0.0,-0.0,0.002052458999140381,0.005999582201725387,-0.0013367634696476534,-0.0035082711515110176,-0.006154515182646858,-0.002947508602939761,0.0032070065797070967,-0.0,-0.0,0.011038833384950819,0.007906884852950656,-0.0061178296736577676,-0.010667713932858676,-0.012819698804828555,-0.010659524173443522,0.0021601746313850336,-0.0,-0.0,0.007009214650006431,-0.0032932752481744567,-0.015406009181762563,0.016374294383188884,-0.030797613217312215,-0.02611338861405392,0.004684224603258295,-0.0,-0.0,0.007985565176701995,0.0038619795260700757,-0.01674229603859535,-0.0021373531199855144,-0.02371007931808812,-0.03074218377389691,-0.007032104455808793,-0.0,-0.0,0.04057244026263848,-0.0023635543865535695,-0.016473841387037887,-0.006823255967152481,-0.04853957082016179,-0.033627782298267246,0.014911788521894544,-0.0,-0.0,0.04167160770975371,0.005669008268109439,-0.027245026748896815,0.014208259053481607,-0.08204556512229878,-0.047741716839850845,0.03430384828244794
2018-05-04,0.0,-0.0,0.0020908137267091815,0.006040930557181698,-0.0013500399069070177,-0.0034985107149107814,-0.006150157337118357,-0.0028669636750452768,0.0032831936620730806,-0.0,-0.0,0.011230756924742694,0.008037239976997302,-0.0058366070893166025,-0.010835760326143739,-0.012852114226160238,-0.010256484739880582,0.0025956294862796558,-0.0,-0.0,0.006772476481673483,-0.0034985469499180335,-0.015550892202258837,0.016455558099581106,-0.030789134196630825,-0.026610538767553107,0.004178595429077718,-0.0,-0.0,0.007651406695536595,0.003576644257553158,-0.01696681945005036,-0.0020101593001868815,-0.02369498878719676,-0.03144391658434425,-0.007748927797147488,-0.0,-0.0,0.039920902913904294,-0.002883586531949956,-0.017076523663436694,-0.006472375802653002,-0.04848442764647364,-0.034996010730609,0.01348841691586464,-0.0,-0.0,0.041139687708237484,0.005265419515693931,-0.027832297171908636,0.014554133592549897,-0.08198569248760754,-0.04885874884303486,0.03312694364457268
2018-05-11,0.0,-0.0,0.0022581822812287144,0.006166865266524501,-0.001160466455441723,-0.003610327657760851,-0.006169743145104902,-0.0025154897105542605,0.0036542534345506417,-0.0,-0.0,0.011259103437634548,0.007993279510636699,-0.00550797667093759,-0.011039685216929312,-0.012901678123212044,-0.010196957062807701,0.002704721060404343,-0.0,-0.0,0.006438496042422462,-0.0037641949664198203,-0.015864018459238655,0.016638033949395524,-0.030760214256139763,-0.02731189768998025,0.0034483165661595115,-0.0,-0.0,0.007401590833797048,0.0033637010997649634,-0.01713636477934385,-0.0019140138343827558,-0.023683443213832693,-0.03196852989399729,-0.008285086680164595,-0.0,-0.0,0.03939629974186749,-0.003301833589178061,-0.017563929377959784,-0.00618852024976298,-0.048439693916852974,-0.03609767739188632,0.012342016524966658,-0.0,-0.0,0.040845272242415694,0.005040029227728611,-0.02814823998355532,0.01473989108094918,-0.08195397388879881,-0.04947702132126065,0.03247695256753816
2018-05-18,-0.0,-0.0,0.0023323136418301866,0.0061996139241059615,-0.0009719022512208132,-0.003725107604297512,-0.006194731563708989,-0.002359813853291166,0.0038349177104178233,-0.0,-0.0,0.011125742100586093,0.007795950521028269,-0.005218568260036452,-0.011225372277084183,-0.012954767955103176,-0.01047701587060945,0.002477752084493726,-0.0,-0.0,0.005780367929813166,-0.004291791239076608,-0.016462334966628037,0.016985936558840637,-0.030706145009408922,-0.02869396672645976,0.0020121782829491588,-0.0,-0.0,0.006758730321448148,0.0028391907401844317,-0.01767922889410307,-0.0016001170852840486,-0.023637112052175425,-0.033318536969929965,-0.00968142491775454,-0.0,-0.0,0.03875024074147063,-0.0038126142020202904,-0.018183702546440306,-0.005826766785038137,-0.04838155850069156,-0.03745440129271966,0.010927157207971903,-0.0,-0.0,0.04047639294346209,0.004764067086494459,-0.02857331273568899,0.014990860384522398,-0.08190967552785312,-0.05025166784906316,0.031658007678789964
2018-05-25,-0.0,-0.0,0.002245804679827959,0.006134616968077052,-0.0010703235196996821,-0.0036670405527731574,-0.006184540248928018,-0.0025414826734958458,0.003643057575432172,-0.0,-0.0,0.010854467768637261,0.007546839773089017,-0.0053214884901795646,-0.011171617933455303,-0.01295489308579341,-0.011046691967702,0.00190820111809141,-0.0,-0.0,0.005253004984852295,-0.004705311243816285,-0.016983766344673974,0.017290912791302005,-0.030656269098541647,-0.029801428910877607,0.0008548401876640396,-0.0,-0.0,0.0061885032308895225,0.0023652464173599713,-0.01812126502331714,-0.0013463234797224553,-0.023602175005313,-0.0345160138601031,-0.010913838854790102,-0.0,-0.0,0.03802732756449007,-0.004360930547460046,-0.018982687432829694,-0.005356172868238474,-0.04830005568034072,-0.038972518964378866,0.009327536715961857,-0.0,-0.0,0.04006620503399429,0.004475779598150214,-0.029130362047537526,0.015322571980723669,-0.08184725702427625,-0.051113062458945605,0.030734194565330646
2018-06-01,-0.0,-0.0,0.0021286697268615754,0.005990327638450361,-0.0009479735169755076,-0.0037478824517429123,-0.006210607471318772,-0.002787466074725256,0.003423141396593516,-0.0,-0.0,0.010428295847367673,0.007181705615345177,-0.005602253098869587,-0.011012883334174679,-0.012936518032036718,-0.011941653002368133,0.0009948650296685846,-0.0,-0.0,0.0048242383673079954,-0.005064778236152954,-0.017302075197638253,0.017472969508805534,-0.03063219325004298,-0.03070183880772066,-6.964555767767847e-05,-0.0,-0.0,0.005476888174035673,0.001812358374143558,-0.018848080335727664,-0.0009203174429781685,-0.023531254248969596,-0.0360104054794962,-0.012479151230526602,-0.0,-0.0,0.03736976304135791,-0.004841929905067485,-0.019790067263947282,-0.004877823716689499,-0.048213346618610056,-0.04035340446295642,0.007859942155653641,-0.0,-0.0,0.03933652396718398,0.003929881360914046,-0.02997112307407695,0.015818967295623453,-0.08175964224889182,-0.0526453926992473,0.029114249549644523
2018-06-08,-0.0,-0.0,0.0021263893214178756,0.005933503795130972,-0.0007002744066687757,-0.003902498205905491,-0.006249375430131604,-0.002792254926157023,0.0034571205039745805,-0.0,-0.0,0.010056741127282323,0.006975053698397452,-0.006354282952453655,-0.010558043882620929,-0.01284138590515256,-0.012721917914547371,0.00011946799060518973,-0.0,-0.0,0.004617837283099565,-0.0051469313923370235,-0.017868087879783886,0.017818125268734233,-0.030556224364271224,-0.031135281084558333,-0.0005790567202871091,-0.0,-0.0,0.0050196765408209,0.001556192502026343,-0.01976497326432246,-0.00036592817430894197,-0.023415517513463047,-0.03697054990924721,-0.01355503239578416,-0.0,-0.0,0.03707354613596113,-0.004965821224420201,-0.020575181108109002,-0.004399441786411223,-0.048108561981310353,-0.04097545996428965,0.007133102017020705,-0.0,-0.0,0.03862662782779841,0.0034672840642873833,-0.03110018778610177,0.016495984145460784,-0.08162588284340178,-0.054136174591956965,0.027489708251444808
2018-06-15,0.0,-0.0,0.0020618403161461215,0.005998291616503889,-0.0012882170693905828,-0.003538195497254651,-0.00616152720323248,-0.0029278078372277036,0.0032337193660047767,0.0,-0.0,0.00952175670230889,0.0067778280878341025,-0.007892729104774218,-0.009618893389291488,-0.01263334750306886,-0.013845385206991575,-0.0012120377039227144,0.0,-0.0,0.004181487412591336,-0.005241189062798538,-0.019425392870583574,0.018772841506516286,-0.030339362798351106,-0.0320516158126256,-0.0017122530142744882,0.0,-0.0,0.004593804807493062,0.0015545860481594395,-0.021695393672985216,0.0008219610597194038,-0.023139838791622333,-0.03786488054923565,-0.014725041757613312,0.0,-0.0,0.03686057533233947,-0.004780945817080339,-0.022383840739589395,-0.003279309882140992,-0.04783917754542385,-0.04142269865189511,0.006416478893528739,0.0,-0.0,0.038055518441395875,0.0033326166789809106,-0.033087121119299644,0.017713532835686146,-0.08135005114016552,-0.05533550430340224,0.026014546836763287
2018-06-22,-0.0,-0.0,0.001827404344478076,0.005928876859352398,-0.0020396420517504957,-0.0030784499218466867,-0.006058312607963891,-0.0034201233777305996,0.002638189230233291,-0.0,-0.0,0.009243158851961246,0.006771356884083414,-0.0091309592734883,-0.008857154485611687,-0.012456842669666304,-0.014430440692721633,-0.0019735980230553285,-0.0,-0.0,0.003940679449347497,-0.005212932456340927,-0.02064940119100472,0.0195271641885623,-0.03016282252600183,-0.032557312535437685,-0.0023944900094358505,-0.0,-0.0,0.004223608181864188,0.0017827888631605888,-0.024416209437726846,0.002505086253983542,-0.02273756732433777,-0.038642293463056296,-0.015904726138718527,-0.0,-0.0,0.03674454082200816,-0.004352914713784655,-0.024855772355731474,-0.00174165846054217,-0.04746056641554075,-0.04166637112359089,0.005794195291949862,-0.0,-0.0,0.037729307882521504,0.0034502139808402204,-0.03510546690812247,0.018960114755802497,-0.08105471618808022,-0.05602054647703846,0.025034169711041755
2018-06-29,-0.006313625884110151,-0.0,0.002491632713008208,0.006443551563642902,-0.0013548839235910995,-0.0034800443582412937,-0.006125499798636039,-0.008338869687927474,-0.0022133698892914345,-0.0033221579529391964,-0.0,0.00931103315031078,0.006823949013668721,-0.009060987137864508,-0.008898191487165353,-0.012463708205137248,-0.017610062619126805,-0.005146354413989557,-0.0226047092250159,-0.0,0.00458876613413645,-0.00471076507136987,-0.019981283648625198,0.019135329061904547,-0.030228376973426813,-0.05380103972239679,-0.023572662748969974,-0.017974118045555567,-0.0,0.005448219731431729,0.002731674242053907,-0.02315374798300173,0.001764682488725528,-0.022861437688173912,-0.054044727254520045,-0.031183289566346133,-0.028864865808588137,-0.0,0.03746681388933129,-0.0037932643059525595,-0.02411117550164859,-0.0021783468935227066,-0.04753362487041971,-0.06901446349080041,-0.0214808386203807,-0.022743196675759685,-0.0,0.03813170159548558,0.0037620071457218004,-0.034690636137973144,0.018716826326667588,-0.08109541860971575,-0.07791871635557361,0.0031767022541421414
2018-07-06,-0.014734510819541805,-0.0,0.0021143476470711483,0.006151213733847889,-0.0017438299966190502,-0.003251936691370056,-0.006087337135215083,-0.017552053261826957,-0.011464716126611874,0.00560424445947629,-0.0,0.009316661612113291,0.006828310204865998,-0.009055184713350732,-0.008901594471820089,-0.012464277528210804,-0.008671840436926046,0.0037924370912847585,-0.01929314813066415,-0.0,0.0051672816493502855,-0.004262504629890941,-0.019384887559452415,0.018785556870162808,-0.030286894245601576,-0.04927459604609599,-0.018987701800494413,-0.006960936211839019,-0.0,0.0062741337592961055,0.0033716304351342034,-0.022302306866458472,0.0012653324244327683,-0.022944979502853874,-0.04129712596228829,-0.018352146459434414,-0.04081260392720287,-0.0,0.03760233765219505,-0.003688254258383246,-0.02397146301332917,-0.0022602849614281537,-0.047547333199252896,-0.08067760170740129,-0.033130268508148396,-0.01619046593376647,-0.0,0.03792965313371568,0.0036054507003175033,-0.03489892944948166,0.018838985424311137,-0.08107498125839337,-0.07179028738329718,0.009284693875096187
2018-07-13,-0.002598212813803503,-0.0,0.0020455895139128927,0.00609793676838328,-0.001814713284337353,-0.0032103653206766586,-0.006080382199199649,-0.005560147335720991,0.000520234863478658,0.0069465519069303915,-0.0,0.009448825175139373,0.006930716614982073,-0.008918936280859227,-0.008981500952964235,-0.012477645970345537,-0.007051989507117164,0.005425656463228373,-0.010380888066119883,-0.0,0.0060601824076738685,-0.003570644035668052,-0.018464389307842385,0.018245706430488277,-0.030377211817604017,-0.038487244389072195,-0.008110032571468175,0.008333295231839406,-0.0,0.007401229111275842,0.004244955776945547,-0.02114037560901054,0.0005838872406883245,-0.023058986031191,-0.02363599427945242,-0.0005770082482614194,-0.03505157098929433,-0.0,0.03817726693013373,-0.0032427725985651884,-0.023378764003715174,-0.0026078889035053053,-0.04760548772087524,-0.07370921728582151,-0.02610372956494627,-0.014091674445523302,-0.0,0.03830032883466172,0.003892667289988698,-0.03451679702160046,0.018614873799063892,-0.08111247537965785,-0.0689130769230673,0.01219939845659055
2018-07-20,-0.001303899470427124,-0.0,0.0018566690509930525,0.0059515525005706,-0.002009472840973374,-0.0030961434499703635,-0.006061272754669065,-0.004662566964476273,0.001398705790192792,0.0060000694307991995,-0.0,0.009343283190927068,0.0068489378291182465,-0.009027740323227031,-0.008917689957117267,-0.012466970320594423,-0.008220110150094207,0.004246860170500216,-0.01346185859572149,-0.0,0.00705654450519006,-0.0027986168350831214,-0.017437231966800266,0.01764330295910024,-0.030477994580575214,-0.039475854513889796,-0.008997859933314579,0.010630976534377258,-0.0,0.00843388032892309,0.005045101457645597,-0.02007580753522829,-4.0456740073822585e-05,-0.023163439465499175,-0.019169745419855343,0.0039936940456438315,-0.03183830039914863,-0.0,0.03853426206288075,-0.002966156342643586,-0.02301073497869353,-0.0028237292167523995,-0.04764159804254968,-0.06974625691690708,-0.022104658874357398,-0.01800287286427755,-0.0,0.03861468439970115,0.004136244446798114,-0.03419272545451395,0.018424813494580264,-0.0811442726775268,-0.07216412865523877,0.008980144022288031
2018-07-27,0.000992334833496782,-0.0,-0.002480563488590055,0.006434974619215264,-0.0013662952720848783,-0.0034733518724154085,-0.006124380138400479,-0.006017281318778774,0.00010709881962170462,-0.003339511364991824,-0.0,-0.010066907628610516,0.007409635340888571,-0.008281750331057595,-0.009355195432614986,-0.012540165467584678,-0.036173894883971026,-0.023633729416386348,-0.01788024514497398,-0.0,-0.008371528316034984,-0.001779706869688134,-0.016081605053624805,0.016848259857353613,-0.030611006165469634,-0.05787583169243793,-0.02726482552696829,-0.0006611156956161436,-0.0,-0.009227221321510158,0.0056598185641504465,-0.019257946211000024,-0.0005201130508871838,-0.023243686493573168,-0.04725026420843623,-0.024006577714863062,-0.03466505988546924,-0.0,-0.03903640690016162,-0.0025770714166106377,-0.022493070008131895,-0.00312732747071214,-0.04769239036417559,-0.14959132604526112,-0.10189893568108553,-0.020236951501150183,-0.0,-0.039244601859999624,0.004624333480580228,-0.03354333870524967,0.01804396353479386,-0.08120798929445851,-0.1515645843454839,-0.07035659505102539
2018-08-03,-0.003952553933594858,-0.0,-0.005306214212642414,0.006431702067094522,-0.001370649297347481,-0.0034707983396430656,-0.00895382714067767,-0.01662234085681097,-0.0076685137161332986,-0.00615767626031155,-0.0,-0.011677287568793196,0.007960244543675506,-0.007549182509276896,-0.009784829122834373,-0.013511818918528824,-0.040720549836069334,-0.02720873091754051,-0.015138347054786174,-0.0,-0.006804729407356223,-0.001222352929174078,-0.015340063575391886,0.016413363329999278,-0.028397656629075393,-0.05048978626578447,-0.022092129636709083,-0.00942777489774317,-0.0,-0.01423674086558273,0.006040376289718184,-0.01875162640619128,-0.0008170576336322604,-0.027811745381386886,-0.06500456889481815,-0.037192823513431256,-0.02387485800880512,-0.0,-0.032870577256353506,-0.0029430627308160706,-0.022980009671473987,-0.002841748882278744,-0.041951123815264904,-0.12746138036499233,-0.08551025654972742,-0.01299018419367732,-0.0,-0.03510359197001507,0.004327146276041172,-0.03393873671528713,0.018275855110026953,-0.07741172725620084,-0.13684123874911225,-0.0594295114929114
2018-08-10,0.0003161872827960808,-0.0,-0.002866933517561885,0.006048838771458347,-0.0018800365889226089,-0.003172054748505923,-0.0069586816461027256,-0.008512680446838715,-0.0015539988007359897,-0.0037290828708230733,-0.0,-0.01028951991765694,0.008497720843603642,-0.006834087592039445,-0.010204215368060194,-0.011500559418065697,-0.03405974432304171,-0.022559184904976014,-0.00840781054520744,-0.0,-0.0029587085447398066,-0.0006538787857829987,-0.01458372702515845,0.015969789843062982,-0.023892185303238923,-0.034526520361064635,-0.010634335057825711,-0.008705656111195571,-0.0,-0.01382410155898411,0.006351790831280469,-0.018337299382181496,-0.0010600506275782026,-0.027037854000135107,-0.06261317084879402,-0.03557531684865891,-0.017309947004460507,-0.0,-0.0291191995395852,-0.0028797244474682657,-0.022895740124156988,-0.002891170977421989,-0.03812627141054667,-0.11322205350363962,-0.07509578209309295,-0.007206483725195973,-0.0,-0.03179862027374004,0.004092213211018078,-0.03425130759648041,0.01845917053441422,-0.07437928636956126,-0.12508431421954538,-0.050705027849984124
2018-08-17,-0.0037296057566280688,-0.0,-0.005178815254375674,0.006675983345650907,-0.0010456409189402987,-0.0036614080617953207,-0.008543053108675742,-0.015482539754764197,-0.006939486646088455,-0.00525116083715502,-0.0,-0.011159278755560893,0.009406490397021546,-0.005624998951896269,-0.01091331724070915,-0.011316112871381998,-0.034858378259681785,-0.023542265388299788,-0.006270833695898177,-0.0,-0.0017375789165630837,0.00014322682391408798,-0.01352320366799449,0.015347817992873507,-0.021746384483485353,-0.02778695594715351,-0.006040571463668156,-0.007614989450766611,-0.0,-0.013200863467310397,0.006653700651873658,-0.01793561808349143,-0.0012956272029031185,-0.02606438965216551,-0.059457787204763406,-0.033393397552597896,-0.014669275067859885,-0.0,-0.02761024414724194,-0.0025888862776129937,-0.022508789300409116,-0.0031181084778108582,-0.036279933275183564,-0.10677523654611834,-0.07049530327093478,-0.006028417860428789,-0.0,-0.031125439779587313,0.004212788111245505,-0.034090886572687204,0.01836508740055024,-0.07356623465218387,-0.12223310335309143,-0.04866686870090755
2018-08-24,-0.0016575568596907198,-0.0,-0.003994787313268628,0.0070016889736148145,-0.0006123000644621276,-0.003915552217321735,-0.00698119491841624,-0.010159702399544637,-0.003178507481128396,-0.0033471318258258254,-0.0,-0.010071262177658509,0.009892871182068714,-0.004977884972590213,-0.011292834274703364,-0.009663877080117723,-0.02946011914882692,-0.019796242068709197,-0.006074557052001067,-0.0,-0.0016254208343361753,0.00021197533077310047,-0.013431735992435362,0.015294174365870165,-0.02155447565934532,-0.02718003984147466,-0.005625564182129339,-0.004856981238102899,-0.0,-0.011624858774359736,0.006367002506962658,-0.018317060737306448,-0.0010719201138212236,-0.02482096512431803,-0.054324783480945674,-0.02950381835662765,-0.00860219692399402,-0.0,-0.024143342350747214,-0.0028047272535177584,-0.022795958771549902,-0.0029496903792590235,-0.033063414777906634,-0.09435933045697455,-0.06129591567906791,-0.0017434950173973107,-0.0,-0.028676912440712247,0.0042971915893759045,-0.03397859046174002,0.018299228389126215,-0.07101979624136726,-0.11282237418271471,-0.04180257794134745
2018-08-31,-0.0011170356995597772,-0.0,0.0036859180789080917,0.006986689899954302,-0.0006322558491903792,-0.0039038486218605215,-0.006689725149252653,-0.0016702573410009363,0.005019467808251717,-0.0002744417548465054,-0.0,0.00831543927995605,0.010004880822074447,-0.004828859751830882,-0.011380234039785806,-0.007778118969273872,-0.0059413344137065685,0.0018367845555673033,-0.007853381163139675,-0.0,0.0026418917549868052,-0.00010744650950485572,-0.013856716469654442,0.015543415357994285,-0.022941487409306804,-0.026573724438624685,-0.0036322370293178814,-0.0013929498347456722,-0.0,0.009645412258155612,0.005554871327947579,-0.019397575130818107,-0.00043822399393000493,-0.02378362000080382,-0.029812085374194414,-0.006028465373390592,-0.004632560185466428,-0.0,0.021874978500160024,-0.003605549454138107,-0.02386142693331088,-0.0023248185181991925,-0.031724033498111044,-0.04427341008906563,-0.012549376590954585,0.0008675057099912772,-0.0,0.027184912025061656,0.004475988672620584,-0.033740706697447054,0.018159715191224585,-0.0693203847750315,-0.05237296987358045,0.016947414901451047
2018-09-07,-0.0018852794162454451,-0.0,0.0035459092330308636,0.0070225186779516585,-0.0005845868132902564,-0.003931805383260699,-0.006508153631578209,-0.0023413973333920868,0.004166756298186122,0.003566097270399832,-0.0,0.009609520981635589,0.010275190642090749,-0.0044692212367951935,-0.011591153517499448,-0.008758631552471871,-0.0013681974126403436,0.007390434139831528,-0.00927863039238577,-0.0,0.0018017036481508986,-0.0004800223619713179,-0.01435241664921548,0.015834131781860064,-0.02253350069869974,-0.02900873467226134,-0.006475233973561603,-0.002974850945730537,-0.0,0.008578236487078611,0.005039502877711343,-0.02008325626562861,-3.6088235978778826e-05,-0.023314290177846732,-0.0327907462603947,-0.00947645608254797,-0.006470280474741859,-0.0,0.020243793966718472,-0.004500337259315341,-0.02505191330745212,-0.0016266264343113956,-0.03113083501815629,-0.04853619852725853,-0.017405363509102243,0.0009716763815613987,-0.0,0.027525239415120854,0.004714193241706199,-0.033423783185398924,0.017973847051852104,-0.06938438629301567,-0.05162321338817405,0.017761172904841627
2018-09-14,-0.002671411818615497,-0.0,0.0035595993088519125,0.007177905137937946,-0.00037785012972193295,-0.004053051555457115,-0.006341589822139275,-0.0027063988791439612,0.0036351909429953137,0.007722260148204585,-0.0,0.010728006462977313,0.01035445141123002,-0.004363767334631695,-0.011652999735402398,-0.009785171689365263,0.00300277926301256,0.012787950952377823,-0.006147783605710396,-0.0,0.0016329584922730965,-0.0011852617317468297,-0.015290714931073937,0.016384421518012365,-0.02318285859022745,-0.027789238848473154,-0.004606380258245703,-0.002587431768616536,-0.0,0.007746089018660637,0.004338594920800134,-0.021015791742086856,0.0005108217511912475,-0.023295221162043172,-0.03430293898209454,-0.011007717820051372,-0.00741306235274885,-0.0,0.018737940240581934,-0.005465429813903995,-0.0263359378877775,-0.0008735764062107305,-0.030744523384782778,-0.05209458960484192,-0.021350066220059142,0.0014140627025346875,-0.0,0.028299716958251172,0.005218391374429134,-0.03275296379849947,0.0175804273573264,-0.06957397585831217,-0.04981434126427024,0.019759634594041925
2018-09-21,0.0011441120179543345,-0.0,0.004597917654004476,0.007259371226365468,-0.0002694621212282954,-0.00411661855728291,-0.007285404573109366,0.001329915646703709,0.008615320219813075,0.0061448288411214925,-0.0,0.00958449227450884,0.009780516166811484,-0.005127369704005002,-0.011205165017496457,-0.009307443037829708,-0.00013014047688935174,0.009177302560940357,-0.004618719707194384,-0.0,0.0007594004195922143,-0.0021281113347612884,-0.01654514598026651,0.01712011564047647,-0.02340303998605745,-0.02881550094821095,-0.0054124609621535,-0.0006695781018754943,-0.0,0.00724575140007117,0.003606321546750959,-0.021990057896484543,0.0010822057933571657,-0.02364434700865169,-0.03436970426683243,-0.010725357258180742,-0.007519295815197775,-0.0,0.018179383458709557,-0.005868321947375975,-0.026871972903422442,-0.0005592045555627613,-0.030653335976055386,-0.053292747738904786,-0.022639411762849396,0.003028579564643624,-0.0,0.029144114314068888,0.005559233645970899,-0.032299484126946,0.01731447226219895,-0.07002298391372581,-0.04727606825378945,0.022746915659936365
2018-09-28,0.0016946665289839942,-0.0,-0.004747470218459367,0.007270922151684817,-0.0002540939868819829,-0.00412563160436836,-0.00742155764852677,-0.007583164777567669,-0.00016160712904089887,0.0005367404439887314,-0.0,-0.0072686763797352345,0.009063459501347024,-0.006081390517412839,-0.010645654388686423,-0.007823438678713351,-0.022218960019212093,-0.014395521340498742,-0.0035655694370378046,-0.0,0.0004130345243069806,-0.0032092306490310706,-0.01798354042977979,0.017963699943474267,-0.02348474235144463,-0.02986634839951205,-0.00638160604806742,-0.0016071598150675462,-0.0,-0.00559009283161802,0.00252695765031146,-0.023426116819076487,0.0019244203650891465,-0.023240789401632014,-0.049412780851993465,-0.026171991450361448,-0.010282813065181228,-0.0,-0.017553904330086564,-0.005831599260148763,-0.026823114550064364,-0.0005878588235051587,-0.029985257208760666,-0.09106454723774675,-0.06107929002898608,0.0011489993802990194,-0.0,-0.029049804201539332,0.005834656116089032,-0.03193304339551134,0.017099563445551403,-0.0696091738246148,-0.10650880247972602,-0.03689962865511122
2018-10-05,,,-0.004345865049758974,0.007100032820014515,-0.0004814567422330137,-0.003992288729216582,-0.007218190254120044,-0.008937767955314098,-0.001719577701194055,,,-0.008864726088965907,0.008605290783598528,-0.006690969249243368,-0.010288150889011811,-0.009950980588011145,-0.027189536031633703,-0.017238555443622558,,,-0.0009954180820384297,-0.003865559268021952,-0.018856764532015752,0.01847582521335059,-0.025654559774202387,-0.030896476442927933,-0.005241916668725546,,,-0.006788244108339637,0.0014878230005506445,-0.024808652023826233,0.0027352445430212655,-0.025644374265966018,-0.05301820285455998,-0.02737382858859396,,,-0.017199015975693652,-0.005789870649101307,-0.026767595976189745,-0.0006204191531569383,-0.029581962163923364,-0.079958863918065,-0.05037690175414164,,,-0.027095967045174457,0.005876850870858792,-0.03187690463241803,0.01706663938960051,-0.0676063892343132,-0.10363577065144639,-0.03602938141713319
2018-10-12,0.0030005860855425257,-0.0,-0.0040533498244238264,0.006738590816090907,-0.0009623436946743967,,-0.007344960760045774,-0.002621477377510565,0.004723483382535209,0.0008191731144883679,-0.0,-0.008253062951021978,0.007849498499448656,-0.007696526556523973,,-0.010216063697324243,-0.017496981590933172,-0.007280917893608928,-0.0028818470706485685,-0.0,-0.00038815316791959096,-0.004615916953575414,-0.0198550912807879,,-0.02591773677740143,-0.05365874525033291,-0.027741008472931476,0.00016878426465965715,-0.0,-0.005989975278868412,0.0005014542224356895,-0.026120983934732903,,-0.025990328714186113,-0.05743104944069208,-0.031440720726505965,-0.010960566846279985,-0.0,-0.01761966232899579,-0.005270105359255301,-0.026076064987800077,,-0.02939966207693528,-0.08932606159926644,-0.059926399522331156,0.0022900120558564737,-0.0,-0.02745786742427231,0.006324027588214211,-0.031281950403309645,,-0.06744954852935374,-0.11757532671286501,-0.05012577818351127
2018-10-19,0.003081018511938083,-0.0,-0.0040196895389249514,0.006696998994573196,-0.0010176802744825517,-0.003677806318041586,-0.007359548484214319,-0.006296707109152129,0.0010628413750621902,0.0015474242393191597,-0.0,-0.0079482960569322,0.007472917906752409,-0.008197554914059673,-0.009404574052080575,-0.010348143842242835,-0.026878226719243715,-0.01653008287700088,-0.002409694845342324,-0.0,-0.00019056148238996896,-0.004860068124491909,-0.020179926555167964,0.01925182842542621,-0.026003369236062675,-0.034391791818028636,-0.008388422581965958,-2.9161144891326192e-05,-0.0,-0.0060728137470989945,0.000603812319949831,-0.0259847997806032,0.003425027367168529,-0.025954428105882096,-0.054012363091357256,-0.02805793498547516,-0.012484284421726386,-0.0,-0.018257325158622974,-0.004482186950208385,-0.025027764905391565,-0.0016407889006138372,-0.02912331119834677,-0.09101566153490992,-0.06189235033656315,0.0011630300545778772,-0.0,-0.02792949979463706,0.006906792977142529,-0.030506599810882978,0.016262988041974395,-0.06724515207739604,-0.10134844060922127,-0.03410328853182524
2018-10-26,0.003910567177907968,-0.0,0.0032277959277507108,0.006698788174683636,-0.0010152998279341758,-0.00367920239360557,-0.006565579359727239,0.002577069699075331,0.00914264905880257,0.005156671324065554,-0.0,0.005085250852853735,0.006916643388705538,-0.008937660255443507,-0.008970519785000007,-0.008130397096974253,-0.008880011571792941,-0.0007496144748186887,0.0003078678307021094,-0.0,-0.001842713914788721,-0.005397500867466169,-0.020894963521280254,0.01967118068368861,-0.024593535160576926,-0.032749664949721355,-0.008156129789144425,0.0007958373314618214,-0.0,0.004745900774053904,0.0011279957830508443,-0.02528739055490603,0.00301601336147416,-0.024019443452580384,-0.03962108675744568,-0.015601643304865298,-0.009851237039537764,-0.0,0.01507614234847397,-0.0038298454108221082,-0.024159845484236907,-0.0021498031005787697,-0.02518538872760423,-0.05009997741430581,-0.02491458868670158,0.009329953347689221,-0.0,0.019829021660004317,0.007219110112605494,-0.030091071914740246,0.01601929076494282,-0.058782374826704925,-0.036476070856203316,0.022306303970501606
2018-11-02,0.006482562619922536,-0.0,0.0035418407160974757,0.006381781734725004,-0.0014370666927731772,-0.0034318461090876696,-0.007247363026094787,0.004289909242789385,0.011537272268884171,0.005592055379320867,-0.0,0.004984314456047618,0.006746895839541532,-0.009163503905920606,-0.00883806782890503,-0.00822637396566676,-0.008904680025582378,-0.0006783060599156177,0.0015657651651911197,-0.0,-0.0022869893698224124,-0.006002927108314487,-0.02170046364779875,0.020143587444590442,-0.0248515759315573,-0.033132603447711385,-0.008281027516154085,0.0023292873810355345,-0.0,0.006007829694409649,0.0017485831226106135,-0.024461719074544135,0.002531776578926817,-0.02456146872683546,-0.03640571102439698,-0.01184424229756152,-0.005521680169849745,-0.0,0.017357690528237206,-0.0030429759899628065,-0.023112941046848128,-0.0027637877766311402,-0.02655414006319791,-0.043637834518252525,-0.017083694455054612,0.022030204290215922,-0.0,0.024491078329578857,0.007997603801352978,-0.029055311119335514,0.015411841571184033,-0.06254135080276543,-0.021665933929769156,0.04087541687299628
2018-11-09,0.00435974412106726,-0.0,0.0028719042833169747,0.006334008385028677,-0.0015006275968573542,-0.0033945691431011096,-0.0066328453981149525,0.0020376146513394963,0.008670460049454449,0.004016779540917349,-0.0,0.004514319159458796,0.006731892302518686,-0.00918346562900878,-0.008826360750736258,-0.007773783311935808,-0.010520618688786017,-0.0027468353768502086,-0.0001358655366875068,-0.0,-0.0031933672095207366,-0.006319471450398917,-0.02212161570628974,0.020390583159735493,-0.024312400919716814,-0.03569213766287822,-0.011379736743161409,0.0005353806419401344,-0.0,0.007050658673938822,0.0029202811959518535,-0.02290281250155614,0.0016175147676011743,-0.02424508577702385,-0.03502406299914801,-0.010778977222124154,-0.0019501433394221526,-0.0,0.020039468137614615,-0.001791452282571517,-0.021447829037114223,-0.003740336563106181,-0.027784105135162704,-0.036674398219762164,-0.008890293084599456,0.03209520004090614,-0.0,0.028706588672114543,0.009006903250281148,-0.027712470688984255,0.014624297439003576,-0.06558603746429238,-0.008865518750971225,0.05672051871332116
2018-11-16,-0.0,-0.0,0.003346380082424304,0.006279310837430012,-0.0015734009233805658,-0.0033518893093790825,-0.0071707723207611145,-0.0024703716336664456,0.004700400687094669,-0.0,-0.0,0.00487957264964995,0.006906507955518836,-0.008951145123067952,-0.008962611229276765,-0.007936476360996737,-0.014064152108172669,-0.006127675747175931,0.0,-0.0,-0.0028029478659603994,-0.0058730458129545365,-0.021527660764827854,0.020042242643352966,-0.024184950458944685,-0.034346362259334504,-0.010161411800389823,-0.0,-0.0,0.008697925290917678,0.004121731177343469,-0.021304321972535525,0.0006800379028727716,-0.02449862718068309,-0.03230325478208469,-0.007804627601401606,-0.0,-0.0,0.02432090321657866,-0.0005592889698423639,-0.01980847540932284,-0.004701778668180526,-0.030636186431217727,-0.0313848262619848,-0.0007486398307670694,-0.0,-0.0,0.032973281330639356,0.009991754370841415,-0.026402157972605086,0.01385583004125334,-0.06871026738250313,-0.0382915596123741,0.03041870777012903
2018-11-23,-0.0,-0.0,0.003417786836322532,0.006375835365985362,-0.0014449781449847592,-0.0034272062296012993,-0.007130207148041512,-0.0022087693203196763,0.004921437827721835,-0.0,-0.0,0.00480218448892353,0.006801898022675093,-0.009090325271623557,-0.008880985366044236,-0.007980439486820864,-0.014347667612890034,-0.00636722812606917,0.0,-0.0,-0.0021276625289603154,-0.004960224612775449,-0.02031318153907979,0.019329979319822575,-0.023801330355313188,-0.031872419716306166,-0.008071089360992982,0.0,-0.0,0.00964434202907339,0.005401055953786471,-0.019602221535264794,-0.0003182037209691078,-0.023960981140887867,-0.028836008414261906,-0.00487502727337404,-0.0,-0.0,0.025785679073954796,0.001420731005214897,-0.017174122563659903,-0.006246764266470916,-0.029804067865309234,-0.026018544616270362,0.0037855232490388727,-0.0,-0.0,0.03442500140953417,0.01195412611524769,-0.023791285529777478,0.01232461514352888,-0.06788556562075072,-0.03297310848221746,0.03491245713853326
2018-11-30,-0.0,-0.0,0.003319527353623352,0.006243012492435492,-0.001621694703056401,-0.003323566150539895,-0.007186026978371736,-0.002568747985909189,0.004617278992462547,-0.0,-0.0,0.004450602499346147,0.006326644857675094,-0.00972263431062295,-0.008510151079159993,-0.008180168270916499,-0.0156357063036782,-0.0074555380327617025,0.0,-0.0,-0.0014371711786510743,-0.004026848588497171,-0.019071354781468444,0.018601677316072453,-0.023409071929358004,-0.02934276916190224,-0.0059336972325442355,0.0,-0.0,0.010553563018916258,0.0066301011435775355,-0.01796701646967913,-0.0012772127924913976,-0.023444465482637455,-0.02550503058231419,-0.002060565099676735,0.0,-0.0,0.02714986906134662,0.0032647833980823195,-0.014720670209694956,-0.007685656007646745,-0.029029090717632454,-0.02102076447554521,0.00800832624208724,-0.0,-0.0,0.035915802463692095,0.013969325813689419,-0.021110127194485677,0.010752179233289376,-0.06703866250653441,-0.0275114821903492,0.03952718031618521
2018-12-07,0.00595359061952025,-0.0,0.0034618135607032232,0.006435348767487117,-0.0013657974798519739,-0.003473643815779097,-0.007105196185054359,0.003906115467025159,0.011011311652079518,0.006475774407672558,-0.0,0.004163162973439171,0.005938096671240415,-0.01023958516642519,-0.008206971636606096,-0.008343458623415616,-0.010212981374094758,-0.0018695227506791423,-0.007424688354718296,-0.0,-0.00043594266509358674,-0.0026734316500231178,-0.017270677107429112,0.0175456224758357,-0.022840288090757215,-0.03309940539218563,-0.010259117301428412,-0.008074860019328795,-0.0,0.011860678326567184,0.008397002479245387,-0.015616211114047481,-0.0026559044984313424,-0.022701911657898796,-0.02879120648389384,-0.006089294825995047,-0.004867690034670345,-0.0,0.02870083031779216,0.005361305028226499,-0.011931315661792233,-0.00932154643596597,-0.028148011438509903,-0.02020642822491979,0.007941583213590111,0.029105523756644935,-0.0,0.037773858499788135,0.016480964743099444,-0.017768472441342206,0.008792377805562985,-0.0659831270016665,0.008401125362086787,0.07438425236375329
2018-12-14,0.006029404991300681,-0.0,0.0031161596916981617,0.006158642019148552,-0.0017339469021216952,-0.003257732892395369,-0.007080532101581988,0.0032319948060483446,0.010312526907630333,0.004392640343389614,-0.0,0.003966661049735716,0.006238430716894211,-0.009840000385572329,-0.008441318653836566,-0.007798558399051187,-0.011482145328440541,-0.0036835869293893545,-0.007444882848353616,-0.0,0.0009811426114210865,-0.0016015628444578684,-0.015844590161999936,0.016709256232708723,-0.023013966980967946,-0.03021460399164956,-0.007200637010681615,7.751693764776794e-05,-0.0,0.015648542131592513,0.009495808677197617,-0.014154284835084656,-0.0035132896624872384,-0.0252151207320929,-0.017660827483226893,0.007554293248866006,0.005310926344386583,-0.0,0.03284766069870919,0.006294411179363728,-0.010689847961708611,-0.010049637860973688,-0.031212405105717662,-0.007498892705940466,0.023713512399777197,0.03739592739759551,-0.0,0.04144899855816473,0.01746514543089834,-0.016459051714172737,0.008024433538374039,-0.06851658204585813,0.019358871165001734,0.08787545321085986
2018-12-21,0.004496547830772886,-0.0,0.002487157239172022,0.006014724827297743,-0.0019254240935985293,-0.003145436051173117,-0.006618478770550113,0.0013090909819208898,0.007927569752471003,0.0019297688652370997,-0.0,0.004663053446059836,0.007293134940656229,-0.008436750363753817,-0.009264291581734033,-0.00727145594164099,-0.011086540635175675,-0.003815084693534686,-0.008018850315732481,-0.0,0.0025483587234096635,-0.00029740577213775005,-0.014109451154344931,0.015691638269241026,-0.023068313958182943,-0.027254024207747415,-0.004185710249564472,0.006099595758601516,-0.0,0.019248766176029147,0.010911776346979575,-0.012270385426368356,-0.004618152080551809,-0.027172771325128135,-0.007801170550438059,0.019371600774690075,0.013826834579812649,-0.0,0.03686811445418893,0.007490187967405611,-0.009098905433836017,-0.010982688001662905,-0.03384571475631675,0.004257828809591524,0.038103543565908275,0.044213323979719894,-0.0,0.045054633330279426,0.01871400890205843,-0.01479747906311909,0.007049960502001036,-0.07067349025031862,0.029560957400621063,0.10023444765093968
2018-12-28,0.004030517535540416,-0.0,0.0023107110470991926,0.005982109970740229,-0.001968817110469832,-0.0031199870737352972,-0.00647986698574937,0.0007546673834253389,0.007234534369174709,0.0016117671229229974,-0.0,0.006151426285276729,0.008482804816598749,-0.00685393288586548,-0.010192576572898302,-0.007379768913773418,-0.008180280147738724,-0.0008005112339653057,-0.005942065253229306,-0.0,0.004882524559358528,0.0010139770629795466,-0.012364698501864804,0.014668382130603922,-0.023881228514490045,-0.021623108516642158,0.002258119997847887,0.014216869447213143,-0.0,0.02332973436069056,0.012238940125296407,-0.010504636736904445,-0.005653721897978957,-0.02971418176814952,0.00391300353016719,0.03362718529831671,0.02504845134180298,-0.0,0.041683277316096216,0.008702273831871287,-0.00748626420472386,-0.011928463917098635,-0.03725481439779981,0.018764459970148188,0.056019274367948,0.048365674160600974,-0.0,0.048169938393597615,0.020167107237243347,-0.012864178499213539,0.005916125475566253,-0.07210314895419848,0.037651517813596186,0.10975466676779466
2019-01-04,0.002759258265045526,-0.0,0.002951181078365366,0.006738209959421835,-0.0009628504122139199,-0.0037099627346357986,-0.006243233821428774,0.0015326023345542334,0.007775836155983007,0.0007954593259948102,-0.0,0.007973605207289227,0.01003119123587704,-0.0047938545931231836,-0.011400763736921326,-0.007405763869799863,-0.004800126430683295,0.0026056374391165687,-0.0020842266062476343,-0.0,0.008075347680301609,0.0025888606874588114,-0.010269366530471467,0.0134395195183803,-0.02524712995789596,-0.013496995208474343,0.011750134749421617,0.023291819357403896,-0.0,0.027721407059939657,0.013594039164286665,-0.008701721082270275,-0.006711089260869592,-0.03253389081811015,0.016660564420380206,0.04919445523849036,0.03645144555302751,-0.0,0.0469042596505658,0.01018103386577321,-0.005518821576651632,-0.013082322456146864,-0.040760381878867574,0.034175213157700446,0.07493559503656802,0.05105248258823742,-0.0,0.0508901407474325,0.021638001691163648,-0.010907200772136454,0.004768404353284989,-0.0731170608104579,0.04432476779752419,0.1174418286079821
2019-01-11,0.002134269800140161,-0.0,0.003546477335116823,0.007321179427197635,-0.00018722829944944514,-0.004164846747576413,-0.006162264517050873,0.0024875869983778855,0.008649851515428759,0.0010581590152802056,-0.0,0.009202508907456266,0.010900409892555458,-0.003637387148062236,-0.012079004524009666,-0.007626342648860041,-0.0021816565056400105,0.00544468614322003,0.005871041576317516,-0.0,0.011404224242983525,0.003384326169796737,-0.00921102530996789,0.012818827439698791,-0.02765323793575865,-0.0033858438169299676,0.02426739411882868,0.03215626666413559,-0.0,0.03100210830566477,0.014157525923187466,-0.007952020086571593,-0.007150771152111061,-0.035160927146097976,0.027052182508207206,0.06221310965430518,0.04407068246233915,-0.0,0.050026370446045965,0.010893063732950457,-0.004571488756566758,-0.013637910735153821,-0.043056512405596034,0.043724204744018974,0.08678071714961501,0.053578191966092446,-0.0,0.05267138220946695,0.022436229919778734,-0.009845183806635977,0.004145556537154488,-0.07397232880257248,0.049013848023284165,0.12298617682585665
2019-01-18,0.002809188764267517,-0.0,0.00371712887196949,0.007304468886004615,-0.00020946113664247368,-0.0041518077147342765,-0.006352300883026391,0.00311721678783848,0.00946951767086487,0.0015900015060851945,-0.0,0.009778271169131233,0.011219673446526855,-0.0032126172656792586,-0.01232812200724644,-0.007831747699035801,-0.0007845408502182155,0.007047206848817586,0.012684101821349367,-0.0,0.013793633626750696,0.0037179130048435064,-0.008767198763139371,0.012558533673767646,-0.029655674586547227,0.004331308777024617,0.033986983363571845,0.04051139648148686,-0.0,0.033372511656117564,0.014144887734679493,-0.007968834789594488,-0.007140909726731878,-0.0375459912500129,0.03537306010594464,0.07291905135595754,0.05120771263342245,-0.0,0.05227603757041155,0.011051649909406802,-0.0043604949532246836,-0.013761653607346746,-0.04512221385845266,0.0512910376942167,0.09641325155266936,0.057524568548868664,-0.0,0.05377743106691864,0.022420043046092797,-0.009866719921066181,0.0041581869585851855,-0.07509715501599436,0.052916354683404734,0.1280135096993991
2019-01-25,0.0018486737325615265,-0.0,0.003984542484992782,0.0077126540381613,-0.00033361606999541724,-0.0044703096437361855,-0.006146205030757966,0.0025957395112260386,0.008741944541984004,0.0027306886101518078,-0.0,0.010304336209335161,0.011370454291817336,0.0030120082042222234,-0.01244577447409346,-0.008182901532762719,0.00678881130867035,0.014971712841433069,0.01954849746211905,-0.0,0.01580063419044577,0.003752373491906034,0.008721350194286688,0.01253164457320687,-0.03162269974516827,0.02873180016679614,0.06035449991196441,0.04932050368943529,-0.0,0.0356411850315777,0.013957902240083786,0.008217612971628568,-0.006995007210656902,-0.040031574527990346,0.060110622194078075,0.10014219672206842,0.0540622887459311,-0.0,0.053482046329224854,0.011345758758669987,0.003969192595798372,-0.01399114317925283,-0.04598704576843558,0.0628810974819359,0.10886814325037149,0.060316004027049785,-0.0,0.054561658269246374,0.02241000442737994,0.009880075980149373,0.004166019971147415,-0.07589302737727478,0.07544073529769808,0.15133376267497287
2019-02-01,0.0021605560083441896,-0.0,0.003976771266024905,0.00764566784972535,-0.00020928361556576123,-0.00439637375595009,-0.006218848622976552,0.0029584891296020417,0.009177337752578594,0.006620446068051995,-0.0,0.010818256973165767,0.011037437495384864,0.004142392550825781,-0.011762961676046334,-0.009136004242558723,0.011719567168823355,0.020855571411382078,0.02951785648782499,-0.0,0.016672336764203304,0.0025324580854906727,0.011924989967892931,0.014456195379794782,-0.03403113128906564,0.04107270539614104,0.07510383668520668,0.060849254659618046,-0.0,0.03682439124828838,0.012691235602083389,0.011801851411047462,-0.004838039964783689,-0.04283023495331062,0.07449845800294297,0.11732869295625359,0.056858472300378556,-0.0,0.05369773134676516,0.01097990447198161,0.004887563062757341,-0.013440063441381447,-0.0466603359328162,0.06632327180768502,0.11298360774050122,0.06284557761614952,-0.0,0.054545539339068076,0.021905286541067097,0.010856219411337985,0.00474731139471305,-0.0764858326292496,0.07841410167308613,0.15489993430233573
2019-02-08,,,0.003960536379081172,0.007663831759414534,-0.00026000251021441576,-0.004426886771515059,-0.00617950045504243,0.0007579784017238004,0.00693747885676623,,,0.01159559206977925,0.01030260619444259,0.006306010472465618,-0.010459767235842674,-0.010856996901448833,0.006887444599395949,0.017744441500844782,,,0.01722040454637685,0.00137816814414258,0.014699721942300837,0.016119326981686246,-0.03601352358415798,0.013404098030348532,0.04941762161450651,,,0.037247319685179234,0.011845145010295266,0.013855371927908889,-0.00360687697716853,-0.04430603001742824,0.015034929628786622,0.059340959646214865,,,0.053768939399289194,0.010758348221317481,0.005388638299738548,-0.01314023084364934,-0.047004426576387384,0.00977126850030851,0.056775695076695894,,,0.054865439519690556,0.021412429525530702,0.012120596429873612,0.005506433520906623,-0.07742428365465372,0.016480615341347774,0.09390489899600149
2019-02-15,-0.0,-0.0,0.003960536379081172,0.007663831759414534,-0.00026000251021441576,,-0.00617950045504243,0.005184865173238859,0.01136436562828129,-0.0,-0.0,0.01159559206977925,0.01030260619444259,0.006306010472465618,,-0.010856996901448833,0.017347211835238623,0.028204208736687456,-0.0,-0.0,0.01722040454637685,0.00137816814414258,0.014699721942300837,,-0.03601352358415798,-0.00271522895133771,0.03329829463282027,-0.0,-0.0,0.037247319685179234,0.011845145010295266,0.013855371927908889,,-0.04430603001742824,0.01864180660595515,0.0629478366233834,-0.0,-0.0,0.053768939399289194,0.010758348221317481,0.005388638299738548,,-0.047004426576387384,0.02291149934395785,0.06991592592034523,-0.0,-0.0,0.054865439519690556,0.021412429525530702,0.012120596429873612,,-0.07742428365465372,0.010974181820441145,0.08839846547509486
2019-02-22,-0.0,-0.0,0.003960536379081172,0.007663831759414534,-0.00026000251021441576,-0.004426886771515059,-0.00617950045504243,0.0007579784017238004,0.00693747885676623,-0.0,-0.0,0.01159559206977925,0.01030260619444259,0.006306010472465618,-0.010459767235842674,-0.010856996901448833,0.006887444599395949,0.017744441500844782,-0.0,-0.0,0.01722040454637685,0.00137816814414258,0.014699721942300837,0.016119326981686246,-0.03601352358415798,0.013404098030348532,0.04941762161450651,-0.0,-0.0,0.037247319685179234,0.011845145010295266,0.013855371927908889,-0.00360687697716853,-0.04430603001742824,0.015034929628786622,0.059340959646214865,-0.0,-0.0,0.053768939399289194,0.010758348221317481,0.005388638299738548,-0.01314023084364934,-0.047004426576387384,0.00977126850030851,0.056775695076695894,-0.0,-0.0,0.054865439519690556,0.021412429525530702,0.012120596429873612,0.005506433520906623,-0.07742428365465372,0.016480615341347774,0.09390489899600149
2019-03-01,-0.0,-0.0,0.0037631570814906376,0.007538000837787693,0.0005632270976901627,-0.003925123586713275,-0.006178536909780641,0.0017607245204745757,0.007939261430255216,-0.0,-0.0,0.01116718036394717,0.009931156718172159,0.007773631535926322,-0.009570902330492657,-0.010934358377322827,0.008366707910230163,0.01930106628755299,-0.0,-0.0,0.016769342369284658,0.0010907266257028333,0.01658138323988638,0.01726621695256811,-0.03601122926676822,0.01569643992067376,0.051707669187441976,-0.0,-0.0,0.03707607493394296,0.011637482413442082,0.014249884353890803,-0.003372087122597126,-0.0443847755071699,0.015206579071508831,0.05959135457867873,-0.0,-0.0,0.05354735641551498,0.010492656060977046,0.005908902861002008,-0.012830286965961855,-0.047103884497685815,0.010014743873846363,0.05711862837153218,-0.0,-0.0,0.054301409628509816,0.020698825640573404,0.013323841505918917,0.006219445725974589,-0.07770758441687353,0.016835938084103205,0.09454352250097674
2019-03-08,-0.0,-0.0,0.0038814145590442242,0.007679557350001398,0.0002847803175716377,-0.004091030970162606,-0.006125652170175994,0.001629069086278659,0.007754721256454653,-0.0,-0.0,0.01088610572941666,0.009595985565810754,0.008439601649067558,-0.00917396576672735,-0.011059020162646961,0.008688707014920659,0.01974772717756762,-0.0,-0.0,0.016563623551914198,0.0008403452519452893,0.017052352231429112,0.01754641397144985,-0.03610656528637535,0.015896169720363104,0.05200273500673845,-0.0,-0.0,0.03711130420582256,0.011552380733530562,0.013753799529803965,-0.003680643232801018,-0.04447185580017997,0.014264985436176096,0.058736841236356065,-0.0,-0.0,0.05357451363502017,0.010514243312015623,0.005809510254020579,-0.012890621368295111,-0.04710056346267084,0.009907082370090435,0.05700764583276127,-0.0,-0.0,0.054009992071343285,0.020212038321061353,0.013562195127799423,0.006347402288689033,-0.07794937295702788,0.01618225485186521,0.09413162780889309
2019-03-15,-0.0,-0.0,0.003616038556095339,0.007348174247781661,0.0008650840903665597,-0.0037466664600664906,-0.006255416277097599,0.0018272141570794707,0.00808263043417707,-0.0,-0.0,0.010515011592037484,0.009153416776522535,0.009318690319639585,-0.008650009999809444,-0.011223649834751269,0.009113458853638888,0.020337108688390157,-0.0,-0.0,0.01627451672549289,0.0004921743994303229,0.01772624677238735,0.01794772711771213,-0.036237554134034004,0.016203110880988685,0.05244066501502269,-0.0,-0.0,0.036809141323199644,0.011056261633553803,0.0140289144520463,-0.003530423246035548,-0.04471559695962809,0.013648297203136109,0.0583638941627642,-0.0,-0.0,0.053339801066643586,0.010177058385803196,0.006179634753492906,-0.012675821096551045,-0.047250959912363,0.009769713197025645,0.057020673109388645,-0.0,-0.0,0.05364257027466973,0.01965474697357122,0.01404596886973438,0.006623674924207134,-0.07820860729650238,0.015758353745680104,0.09396696104218248
2019-03-22,-0.0,-0.0,0.0035696020062786515,0.007337271027313885,0.00111946488091347,-0.0035905437897479258,-0.006240079732817742,0.0021957143919403366,0.008435794124758079,-0.0,-0.0,0.010237190589072707,0.00886747988554586,0.010124175534123673,-0.008165324363626051,-0.011310222482972128,0.00975329916214406,0.021063521645116188,-0.0,-0.0,0.016408127370680575,0.0005852906245029846,0.01719475197767274,0.017624234791159748,-0.036231792249262935,0.015580612514753116,0.05181240476401605,-0.0,-0.0,0.036769102952131136,0.010888125719414542,0.013732979164638927,-0.0037190040349839304,-0.044830630398713975,0.012840573402486698,0.05767120380120067,-0.0,-0.0,0.05326845022343983,0.010051304643047097,0.006216671655149744,-0.012657865839483638,-0.04731546682797101,0.009563093854182025,0.05687856068215304,-0.0,-0.0,0.05354674155910637,0.019384295921726684,0.013766053423757262,0.006441017301611802,-0.0783773006206994,0.014760807585502703,0.09313810820620211
2019-03-29,-0.0,-0.0,0.003515365610802816,-0.007249396259020409,0.0011726623798983841,-0.0035611866660761895,-0.006282879919112694,-0.012405434853508092,-0.006122554934395398,-0.0,-0.0,0.01021166941813484,-0.00892246998581362,0.010461935188435396,-0.007955357264808557,-0.011252520217851949,-0.007456742861903889,0.0037957773559480594,-0.0,-0.0,0.016597007176315338,-0.0006663934250771221,0.016279369804954185,0.017064042023354993,-0.036264476233312075,0.01300954934623532,0.049274025579547395,-0.0,-0.0,0.03687180187556498,-0.01085620522611187,0.01298850043336806,-0.004178372503969971,-0.044909823787658634,-0.010084099208807436,0.0348257245788512,-0.0,-0.0,0.053124563955577464,-0.009719328250512601,0.0060369288573254975,-0.012781245114780647,-0.04750888306776442,-0.010847963620154707,0.03666091944760971,-0.0,-0.0,0.05336250586279084,-0.01888333136145954,0.013289549915360457,0.0061285165056649965,-0.07868627717017437,-0.024789036247817614,0.05389724092235676
2019-04-05,-0.0,-0.0,0.0035159114087780128,0.006311586252485133,0.001225719798117869,-0.002763703492140904,-0.006078068380939772,0.0022114455863003393,0.008289513967240111,-0.0,-0.0,0.010262778493202913,0.008525229546658892,0.010397896153793178,-0.007611135047753199,-0.011120497371849633,0.010454271774052148,0.02157476914590178,-0.0,-0.0,0.01715140341272184,0.008122531131353621,0.014907452683107515,0.010794108727665125,-0.03739571758513033,0.013579778369717771,0.0509754959548481,-0.0,-0.0,0.037140477731311385,0.0125825076504809,0.012432265890016154,-0.005612324724381358,-0.04504689100630135,0.011496035541125736,0.05654292654742708,-0.0,-0.0,0.05324818070139322,0.013120811885518044,0.005630921624045357,-0.01565790345603986,-0.04813999645718347,0.008202014297733283,0.05634201075491675,-0.0,-0.0,0.053320963937475235,0.023492584203651558,0.01309485428916343,0.002204052713087145,-0.0797274824653367,0.01238497267804066,0.09211245514337736
2019-04-12,-0.0,-0.0,0.0033376115043445877,-0.006184236433625665,0.0017330635330018735,-0.0025059567199059206,-0.006147841871897345,-0.00976735998808247,-0.0036195181161851244,-0.0,-0.0,0.010340278321198186,-0.008583207328399796,0.010183481668543354,-0.0077199303375034166,-0.011088797867479475,-0.0068681755436411475,0.004220622323838327,-0.0,-0.0,0.017152930363294447,-0.007912390434560403,0.014411438351351126,0.010531322598474922,-0.03750555009452501,-0.003322249215964926,0.034183300878560086,-0.0,-0.0,0.03716761735387734,-0.012480946925436252,0.012073525402882056,-0.005800757257258483,-0.0450994996660935,-0.014140061092028838,0.030959438574064663,-0.0,-0.0,0.05324571214908773,-0.012962538569086711,0.005273647180220099,-0.015847408759834564,-0.04822278473317611,-0.01851337273278955,0.029709412000386556,-0.0,-0.0,0.05308910846400879,-0.023010039349910826,0.01301685952571846,0.0021482313882851744,-0.07998390906936893,-0.03473974904126733,0.0452441600281016
2019-04-19,-0.0,-0.0,0.0034428296722948384,0.003976104204809573,0.0016791872838847115,-0.0006169266916882279,-0.005573770977219994,0.002907423492080902,0.008481194469300896,-0.0,-0.0,0.010965575041411525,0.01388162309185042,0.00881834418005851,-0.012143482435227854,-0.011685869482344007,0.009836190395748592,0.0215220598780926,-0.0,-0.0,0.01758678760273127,0.014072430204288767,0.013323352795173087,0.005351956978755215,-0.03846033043763492,0.01187419714331342,0.05033452758094834,-0.0,-0.0,0.03738574855454549,0.015415228151258413,0.011535702438073918,-0.008266476616619034,-0.04554410571517216,0.010526096812086626,0.056070202527258785,-0.0,-0.0,0.05366736593932327,0.01875050434840858,0.004227444599259794,-0.020712192726343524,-0.049107446112892916,0.006825676047755198,0.055933122160648115,-0.0,-0.0,0.05320987973017834,0.027052814458040055,0.012581912544583684,-0.0012713307961337915,-0.08075630152290285,0.010816974413765446,0.0915732759366683
2019-04-26,-0.0,-0.0,0.0034833267699906465,-0.0038214358282694675,0.0012288423077040716,-0.0008213763582279609,-0.005625265975084866,-0.005555909083887577,6.93568911972896e-05,-0.0,-0.0,0.01118713438210653,-0.013684238960800217,0.007605714520259921,-0.012687911843223081,-0.01170882740628344,-0.01928812930794029,-0.007579301901656847,-0.0,-0.0,0.017651071093229533,-0.013705444635818529,0.012374239112808688,0.0049199346319135275,-0.038590519334501555,-0.017350719132368332,0.021239800202133223,-0.0,-0.0,0.037130651132813886,-0.014771906809564618,0.0112529925054855,-0.008409995512816503,-0.04586489804684213,-0.020663156730923865,0.025201741315918263,-0.0,-0.0,0.05348427932469306,-0.018035972717965008,0.003536999038880594,-0.021038905520691046,-0.04943851475984835,-0.03149211463493075,0.017946400124917602,-0.0,-0.0,0.052895438370061394,-0.026417190134871465,0.012536889069620824,-0.0013089974606497487,-0.08108896100776554,-0.043382821163604535,0.037706139844161005
2019-05-03,-0.0,-0.0,0.003515940143623272,0.0035332966042155123,0.0011893610762457943,-0.0005727914987062802,-0.005533660052030649,0.0021321462733476498,0.007665806325378299,-0.0,-0.0,0.01153803086614055,0.017236535041886103,0.006808976241465602,-0.015660256634641455,-0.012169206717564829,0.007754078797285971,0.0199232855148508,-0.0,-0.0,0.017761097650824394,0.014380243620650013,0.012148963175232676,0.004360620852605235,-0.038639441638651364,0.010011483660660951,0.048650925299312316,-0.0,-0.0,0.036989928869531535,0.016468746594643188,0.011397989572566472,-0.009867607761904514,-0.0463587514391942,0.00863030583564249,0.05498905727483669,-0.0,-0.0,0.053278601940070884,0.020915590672073905,0.0037265853339374586,-0.023508480800089215,-0.05024716863527144,0.00416512851072158,0.05441229714599302,-0.0,-0.0,0.05247852266026468,0.025157128394742316,0.013317999189987313,-0.00029050678509589324,-0.08118548114513374,0.009477662314764684,0.09066314345989843
2019-05-10,-0.0,-0.0,0.003692837524594659,0.0035133216367295083,0.0005655036728955378,-0.0008167352406840859,-0.005472590610104494,0.0014823369834311255,0.00695492759353562,-0.0,-0.0,0.011450143522430551,0.016902688940140385,0.0065327085287857425,-0.015776211012802993,-0.012312829330163005,0.006796500648390678,0.019109329978553684,-0.0,-0.0,0.01763522618837432,0.014098662574968357,0.012088463991754476,0.00433014358476786,-0.03878036794016083,0.009372128399704187,0.048152496339865014,-0.0,-0.0,0.03676780107907341,0.016062277182010965,0.011445452530881872,-0.009858999519943191,-0.046577643656741725,0.007838887615281336,0.05441653127202306,-0.0,-0.0,0.05293378795643554,0.020355906441814477,0.0039218265594540055,-0.023445939937211033,-0.05056346881309479,0.003202112207398196,0.05376558102049299,-0.0,-0.0,0.05212538858520828,0.024700300991387737,0.01371637787973339,-0.00014618406234998156,-0.08147106907905909,0.008924814314920343,0.09039588339397943
2019-05-17,-0.0,-0.0,0.0036984414249902962,0.003442747818225471,0.0004264731267522464,-0.0008727123762157127,-0.00549370348615832,0.0012012465075939812,0.006694949993752301,-0.0,-0.0,0.011167947999464429,0.016567194208633965,0.006901473895091963,-0.015640485375500723,-0.012531305449056125,0.006464825278633506,0.01899613072768963,-0.0,-0.0,0.01719276820437082,0.013744665166683573,0.012960009850925788,0.004661624958876532,-0.03906623116245039,0.009492837018406315,0.04855906818085671,-0.0,-0.0,0.03634843516020345,0.015558117617672406,0.0119839418024243,-0.00966115393993489,-0.0469041582037403,0.007325182436624972,0.05422934064036527,-0.0,-0.0,0.052380905729309354,0.019767992878911837,0.004762651456796696,-0.023132152503196887,-0.050968643895192685,0.0028107536666283003,0.053779397561820985,-0.0,-0.0,0.05162371384945842,0.024195685537010833,0.014528516210256725,0.00015844027506457976,-0.08182921162208767,0.008677144249702881,0.09050635587179055
2019-05-24,-0.0,-0.0,0.003710410651494124,0.003413042830025446,0.00033591177929890887,-0.000908777901763359,-0.005498914641730302,0.0010516727173248185,0.006550587359055121,-0.0,-0.0,0.010988349451292038,0.01637781322338425,0.007177331458346318,-0.015537452691919744,-0.012662396424016354,0.0063436450170865025,0.019006041441102857,-0.0,-0.0,0.016577993422626402,0.01320309907471807,0.014086225573357005,0.0050879148483139475,-0.03947980336094658,0.009475429558068842,0.04895523291901542,-0.0,-0.0,0.035739760608531596,0.014836164140701042,0.012782211746747131,-0.009367242583052104,-0.04737484003803848,0.006616053874889186,0.05399089391292766,-0.0,-0.0,0.05177295548414107,0.019342581780411015,0.006064187620185492,-0.022634611832081757,-0.051341329905241366,0.0032037831474144435,0.05454511305265581,-0.0,-0.0,0.051094797906430275,0.023738323473019664,0.01551205886418558,0.0005311066262565502,-0.0821822008701916,0.00869408599970048,0.09087628686989208
2019-05-31,-0.0,-0.0,0.00371009058556222,0.00332067469949232,-0.00017946746001418993,-0.0009720822246679604,-0.005529474871403704,0.00034974072896868606,0.00587921560037239,-0.0,-0.0,0.01098885343941655,0.01652325963373848,-0.007423674699558873,-0.015437771270706202,-0.01261427511117887,-0.007963608008288917,0.0046506671028899525,-0.0,-0.0,0.016577457251509928,0.013048364944223312,-0.013824151678652781,0.004981868105734386,-0.03953099753948998,-0.018747458916675133,0.020783538622814846,-0.0,-0.0,0.035738364972242406,0.014433396141720735,-0.012100041770301134,-0.009643278866518354,-0.04750809684948296,-0.019079656372339313,0.02842844047714365,-0.0,-0.0,0.05177245694231464,0.019198707122386766,-0.005820506462983214,-0.022733216055819808,-0.05138893119984398,-0.008971489653945598,0.04241744154589838,-0.0,-0.0,0.05109425249462949,0.023580922564684154,-0.015245468235824696,0.0004232322125465594,-0.08223427735893042,-0.022381338322894913,0.05985293903603551
2019-06-07,-0.0,-0.0,0.0037079371648486,0.003321260436653817,-0.00018764602955389422,-0.0009688763015021853,-0.005530105398319629,0.00034256987212670856,0.005872675270446337,-0.0,-0.0,0.011208634584541558,0.016758994401669985,-0.007092889164821813,-0.01556110868016624,-0.01245254206782536,-0.00713891092660187,0.0053136311412234905,-0.0,-0.0,0.01679061444106771,0.013227361728944722,-0.013418698250637877,0.004828008152965677,-0.03939049444546452,-0.01796320837312429,0.021427286072340228,-0.0,-0.0,0.03585313267100036,0.014395269292981057,-0.011652377792569927,-0.009818906927309553,-0.047476769510436195,-0.01869965226633425,0.028777117244101945,-0.0,-0.0,0.05205690997666295,0.019353465586976624,-0.0051360124234345805,-0.022996561084312223,-0.051229149272792394,-0.007951347216899614,0.04327780205589278,-0.0,-0.0,0.05131600016235763,0.023626979721673828,-0.014584676921240526,0.0001664857765378519,-0.0821342962090978,-0.02160950746976903,0.060524788739328775
2019-06-14,-0.0,-0.0,0.0036710527099738663,0.0033569625121966603,-0.0003715040129997261,-0.0008962560622174008,-0.005532446492420708,0.00022780865453269142,0.0057602551469534,-0.0,-0.0,0.011485446091196895,0.016978940775955603,-0.006545034978741402,-0.015769540889995527,-0.012274201328858605,-0.006124390330443038,0.006149810998415568,-0.0,-0.0,0.016834747123959135,0.013253203296915452,-0.013315621657422942,0.004788413423124998,-0.03936510106193129,-0.01780435887535465,0.021560742186576644,-0.0,-0.0,0.035940041603162394,0.0143312956463866,-0.011253522498387977,-0.009976118106663337,-0.04746461356404141,-0.01842291691954373,0.029041696644497676,-0.0,-0.0,0.05217452112890884,0.019387993789938086,-0.004802763641977064,-0.023125767237979496,-0.05117279267112023,-0.00753880863222986,0.04363398403889037,-0.0,-0.0,0.05156337995834611,0.023675976865688148,-0.013843438762844239,-0.00012158284273839308,-0.08202354363159003,-0.020749208413138404,0.06127433521845163
2019-06-21,-0.0,-0.0,0.00391521437914888,0.0036263991977578854,-1.6901632780777527e-05,-0.0010280658524111032,-0.005350283781106106,0.0011463623106087789,0.006496646091714885,-0.0,-0.0,0.011621423402093012,0.016911745820476283,-0.005977087258606625,-0.015992817926035425,-0.01224434142915911,-0.005681077391231866,0.006563264037927244,-0.0,-0.0,0.01672074107579214,0.012966357035235356,-0.013206583354126958,0.004738865639846566,-0.03950322464706606,-0.018283844250318954,0.021219380396747103,-0.0,-0.0,0.03628998674176621,0.014419522294073226,-0.010237216838496705,-0.01037057332399441,-0.047301709221063915,-0.01719999034771559,0.030101718873348324,-0.0,-0.0,0.0523220522030289,0.019377392519450736,-0.00429280123929792,-0.023325035523671055,-0.05111986504158584,-0.007038257082075179,0.04408160795951066,-0.0,-0.0,0.051842426406433,0.023649113863364442,-0.012867259483844283,-0.0005031860492340837,-0.08192567861274418,-0.019804583876025093,0.06212109473671908
2019-06-28,-0.0,-0.0,0.0038645826377283524,0.0034802272277324395,6.354754095578951e-05,-0.0010630258219186766,-0.005417814790235818,0.0009275167942620873,0.006345331584497905,-0.0,-0.0,0.011505423549760686,0.016617723018047623,-0.0058624586629217835,-0.016044722324410704,-0.012385592381133511,-0.00616962680065769,0.006215965580475821,-0.0,-0.0,0.016484971225587657,0.012442014911772875,-0.01309852707817209,0.004683908504755325,-0.03976617634700605,-0.019253808783062282,0.020512367563943767,-0.0,-0.0,0.03638585622333719,0.014222699273603494,-0.009581943706411595,-0.010631090229697627,-0.047329903949574356,-0.01693438238874289,0.030395521560831466,-0.0,-0.0,0.05230932538971149,0.019093433936833687,-0.003851011285009577,-0.023504367178579122,-0.05121830433895921,-0.007170923476002726,0.04404738086295648,-0.0,-0.0,0.05188582503076715,0.02325825263374982,-0.012056044721926977,-0.0008292908643631609,-0.08203788092746925,-0.019779138849242414,0.062258742078226834
2019-07-05,-0.0,-0.0,0.003920792190547895,0.003462530122825255,0.00028113437189161326,-0.0011483693926474666,-0.0054021499731199026,0.0011139373194973944,0.006516087292617297,-0.0,-0.0,0.011475379181693869,0.016549827073008457,-0.005846849750945536,-0.01605246960579263,-0.012419455968202518,-0.006293569070238359,0.006125886897964158,-0.0,-0.0,0.016440141710032805,0.012246570446327695,-0.012914710362186055,0.004607408213993808,-0.03984772501705259,-0.019468315008884334,0.020379410008168255,-0.0,-0.0,0.036534571212923854,0.01423621731296269,-0.009109163637576577,-0.010815260060478133,-0.04726857557713757,-0.01642221074930574,0.03084636482783183,-0.0,-0.0,0.05227375272410473,0.01885490437543363,-0.0035628600474136357,-0.023622634236211675,-0.051310510583605425,-0.007367347767692371,0.04394316281591305,-0.0,-0.0,0.05183340896385513,0.022885201866091408,-0.01159465789512441,-0.0010184430593997366,-0.08218085709396793,-0.02007534721854553,0.0621055098754224
2019-07-12,-0.0,-0.0,0.0037672424747787685,0.0032359071540402798,0.00015563359836824614,-0.0011049208705111507,-0.005535551216454647,0.0005183111402214963,0.006053862356676144,-0.0,-0.0,0.01124666788798994,0.016373605814216197,-0.0063088952256152644,-0.01587645725613595,-0.012564992883475557,-0.007130071663020633,0.005434921220454924,-0.0,-0.0,0.016319023359342145,0.0120556413107201,-0.012992948647366076,0.004633283419537071,-0.03995696127883469,-0.019941961836601452,0.020014999442233238,-0.0,-0.0,0.03648055365860014,0.014171450856237536,-0.009178820496681292,-0.010789656565625682,-0.04731057609636505,-0.016627048643834345,0.030683527452530703,-0.0,-0.0,0.052212482297551405,0.01864559655704361,-0.0034102185136138086,-0.023687306732777216,-0.05140291518649059,-0.007642361578286606,0.04376055360820398,-0.0,-0.0,0.0517158754219892,0.02243113029422404,-0.01121221841039852,-0.001178762652752915,-0.08237543502927328,-0.020619410376211462,0.06175602465306181
2019-07-19,-0.0,-0.0,0.0037521992560870044,0.003276473151647367,3.630241107903489e-05,-0.0010573631877249447,-0.005527936663265699,0.00047967496782276315,0.006007611631088462,-0.0,-0.0,0.010996761617825805,0.01616801453210883,-0.006791523582241606,-0.015693128904333182,-0.012728313724340953,-0.008048190060981106,0.0046801236633598475,-0.0,-0.0,0.016555064420879003,0.012266866589462497,-0.012566155806463595,0.00447188195183713,-0.03979708642227658,-0.01906942926656154,0.020727657155715038,-0.0,-0.0,0.03657310126297295,0.014328427202036444,-0.00913794190807651,-0.010801780494208067,-0.047223454659207735,-0.016261648596482922,0.030961806062724813,-0.0,-0.0,0.05230596508593214,0.01863716372688343,-0.003084156671634422,-0.023814756057212103,-0.05136994294970446,-0.007325726865735412,0.04404421608396905,-0.0,-0.0,0.051721450519757045,0.022198001660636773,-0.010796086066732755,-0.0013468418267099937,-0.08245012517789821,-0.020673600890947136,0.06177652428695107
2019-07-26,-0.0,-0.0,0.003786150371153724,0.0033542557609119576,1.6859705784115134e-05,-0.0010478786537253548,-0.005489321073363363,0.000620066110761079,0.006109387184124442,-0.0,-0.0,0.010858135949984955,0.015934474354590042,-0.006855470348519094,-0.015673870170603395,-0.012858286899701723,-0.008595017114249214,0.004263269785452509,-0.0,-0.0,0.01679421651871645,0.012425424452873925,-0.012039178926579568,0.004270099702697293,-0.03965337715052832,-0.018202815402820222,0.0214505617477081,-0.0,-0.0,0.0367501096183064,0.014433039104274051,-0.008726167206673015,-0.010959921550798758,-0.047121287995786146,-0.015624228030677471,0.031497059965108674,-0.0,-0.0,0.052420212363140616,0.0184945470374725,-0.0024600457439004565,-0.02406178999704515,-0.051373246898339456,-0.006980323238671954,0.0443929236596675,-0.0,-0.0,0.0518122321712789,0.021992832851001974,-0.010143544588401407,-0.0016064962770254967,-0.08248301583619684,-0.020427991679342866,0.062055024156853975
2019-08-02,-0.0,-0.0,0.0036523645661176826,0.003229948991651155,-0.00021722153221134677,-0.0009595617503432426,-0.005581447920510418,0.00012408235470382986,0.0057055302752142475,-0.0,-0.0,0.010610714654248812,0.015704583433718465,-0.007288376389610336,-0.015510538323369539,-0.01302866479507761,-0.009512281420090208,0.003516383374987402,-0.0,-0.0,0.01680863659610566,0.012438822834206388,-0.012013948525145368,0.004260580482170112,-0.03964344727594166,-0.018149355888604866,0.02149409138733679,-0.0,-0.0,0.036539388914028116,0.014237248452506951,-0.00909485926122577,-0.010820817106382245,-0.047266393331202944,-0.0164054323322759,0.030860960998927045,-0.0,-0.0,0.05194311123167064,0.018051249631983717,-0.0032948160954593786,-0.02374683808925359,-0.051701785662229854,-0.008749078983288465,0.04295270667894139,-0.0,-0.0,0.05159766233635292,0.02179346578845536,-0.010518971357948603,-0.0014648508806789603,-0.08263077173884484,-0.021223465852664124,0.061407305886180714
2019-08-09,-0.0,-0.0,0.0033476617561933025,0.0029468350852379526,-0.0007503514180656873,-0.0007584162804101592,-0.0057912706979539605,-0.0010055415549985527,0.004785729142955408,-0.0,-0.0,0.01048289765657606,0.015585822567922302,-0.007512014174232118,-0.015426161648048744,-0.013116681434841609,-0.00998613703262411,0.003130544402217498,-0.0,-0.0,0.016877876646528855,0.012503157065848099,-0.011892801167863622,0.004214872592295327,-0.039595767572253575,-0.01789266243544492,0.021703105136808655,-0.0,-0.0,0.0364729912624634,0.014175555229146729,-0.00921103335364218,-0.010776985587960228,-0.04731211571778185,-0.016651588167774126,0.030660527550007723,-0.0,-0.0,0.051465970130484366,0.01760791508872605,-0.0041296563809001124,-0.023431859795990304,-0.052030351949847065,-0.010517982907527063,0.04151236904232,-0.0,-0.0,0.051613462364662556,0.021808146347972613,-0.010491326495430645,-0.0014752810572831096,-0.08261989161002546,-0.02116489045010405,0.06145500115992141
2019-08-16,-0.0,-0.0,0.0033415879214470433,0.0029411915958249464,-0.0007609786348799155,-0.0007544067199317554,-0.005795453228717324,-0.0010280590662570055,0.004767394162460318,-0.0,-0.0,0.010864618919815603,0.01594049799091413,-0.006844127279622985,-0.015678149816115913,-0.012853822632580966,-0.00857098281759013,0.004282839814990835,-0.0,-0.0,0.017259619206501122,0.012857852276649548,-0.01122487701096376,0.003962870365475908,-0.03933289410475366,-0.016477429267090837,0.02285546483766282,-0.0,-0.0,0.0366944012841241,0.014381277835272174,-0.008823638502888224,-0.010923146441763598,-0.04715964956326818,-0.01583075538852373,0.03132889417474445,-0.0,-0.0,0.0513155953656003,0.017468194726045907,-0.004392762852605815,-0.023332591913438814,-0.052133902195521616,-0.011075466869920038,0.04105843532560158,-0.0,-0.0,0.051962404124438026,0.022132364771640076,-0.009880792970632891,-0.0017056302761391056,-0.08237960524961976,-0.019871259600313662,0.0625083456493061
2019-08-23,-0.0,-0.0,0.0035448220491603897,0.0031300261124074594,-0.000405385631532123,-0.0008885690013215632,-0.00565550325858508,-0.0002746097298709166,0.005380893528714163,-0.0,-0.0,0.011245619002029786,0.016294503330235337,-0.006177502215050231,-0.01592966190620964,-0.012591460446041782,-0.007158502235036526,0.0054329582110052566,-0.0,-0.0,0.01761750567188787,0.013190381652710106,-0.010598693187822125,0.0037266164192757724,-0.03908644829023842,-0.015150637734186796,0.023935810556051623,-0.0,-0.0,0.03680824518588696,0.014487055631536665,-0.008624449048852326,-0.010998298965380902,-0.04708125500015662,-0.015408702196966217,0.0316725528031904,-0.0,-0.0,0.051268187644675375,0.01742414595252611,-0.004475710800646047,-0.023301296342826038,-0.052166547840237554,-0.011251221386508158,0.040915326453729396,-0.0,-0.0,0.05237281649689748,0.022513698471963148,-0.009162706053952325,-0.001976558494835848,-0.08209698933312068,-0.018349738913048225,0.06374725042007245
2019-08-30,-0.0,-0.0,0.0035260464392528603,0.003118674423349357,0.0004486279854275701,-0.0008719708068515899,-0.005666424399926138,0.0005549536412520597,0.006221378041178198,-0.0,-0.0,0.011478309846745135,0.01658040950817661,0.0058892295267288656,-0.01603518524365356,-0.012408257430660371,0.005504506207336682,0.017912763637997053,-0.0,-0.0,0.017769806043014924,0.013329277354585287,0.010327760278230602,0.00362427420338334,-0.03898243337373739,0.006068684505476762,0.045051117879214155,-0.0,-0.0,0.03687948388850521,0.014398156625174489,0.008235335830953108,-0.011152316294472367,-0.04708330548487503,0.001277354565285417,0.048360660050160445,-0.0,-0.0,0.05145421479224101,0.017517868684670947,0.004015297633947438,-0.02347868385343659,-0.05206452035487558,-0.0025558230974527738,0.04950869725742281,-0.0,-0.0,0.05281983606605799,0.02287297675404197,0.00828495662809953,-0.002310331971215493,-0.08180764140891905,-0.0001402039319350623,0.08166743747698399
2019-09-06,-0.0,-0.0,0.003524328019175552,0.003261852736194689,0.0006985132847341098,-0.0007709624385162214,-0.005619900413806989,0.0010938311877811404,0.00671373160158813,-0.0,-0.0,0.011476552223719504,0.01672685420045583,0.006144815551140107,-0.015931872534315526,-0.01236067207575972,0.006055677365240193,0.018416349440999912,-0.0,-0.0,0.01776923696117697,0.01337669310496244,0.010410513725588518,0.0036577247133371057,-0.03896702622394957,0.0062471422811154614,0.04521416850506503,-0.0,-0.0,0.03688256817476651,0.014141174697963456,0.007786832111909666,-0.011333609987933481,-0.0471668085194956,0.00031015647721056167,0.04747696499670616,-0.0,-0.0,0.051452900500054945,0.01762737516697505,0.004206416383447757,-0.023401430036990026,-0.05202893760521589,-0.002143675591728164,0.049885262013487724,-0.0,-0.0,0.05281754408918134,0.02306394366988213,0.008618246104515651,-0.0021756100556423632,-0.08174558911925868,0.0005785346886780784,0.08232412380793676
2019-09-13,-0.0,-0.0,0.003524328019175542,0.0032618527361946885,0.000698513284734111,-0.0007709624385162212,-0.0056199004138069815,0.0010938311877811387,0.00671373160158812,-0.0,-0.0,0.011476474679619864,0.016733315154618914,0.006156091682509211,-0.01592731450855775,-0.01235857267022943,0.006079994337960814,0.018438567008190243,-0.0,-0.0,0.017770634485746287,0.013260251722180117,0.010207291678827432,0.0035755785150210087,-0.039004862382014276,0.00580889401976057,0.044813756401774846,-0.0,-0.0,0.03688721800023581,0.013753752452072207,0.0071106743758066965,-0.011606925744605165,-0.04729269648976067,-0.0011479774062511244,0.04614471908350955,-0.0,-0.0,0.05145320220185826,0.01760223745136218,0.004162544197325661,-0.023419164005125788,-0.05203710578871362,-0.002238285943293304,0.04979881984542032,-0.0,-0.0,0.05281701599130684,0.02310794464709482,0.008695039839139823,-0.002144568574393602,-0.08173129155692249,0.0007441403462253859,0.08247543190314788
2019-09-20,-0.0,-0.0,0.003523511333956694,0.0033298987357174487,0.0008172721569365398,-0.0007229578542537397,-0.005597789724874079,0.0013499346474828639,0.006947724372356943,-0.0,-0.0,0.011476656679498095,0.016718150972212815,0.006129626038488249,-0.01593801242286852,-0.012363500079958942,0.006022921187371695,0.018386421267330637,-0.0,-0.0,0.017773046607496925,0.013059274366763664,0.009856531248605534,0.003433794509192556,-0.03907016743770214,0.005052479294356538,0.04412264673205868,-0.0,-0.0,0.03689105012335064,0.013434460953187692,0.006553423419434708,-0.011832177129991413,-0.047396446233467414,-0.002349688867485794,0.04504675736598162,-0.0,-0.0,0.051453030291583476,0.017616560970641525,0.004187542654362306,-0.023409059155568096,-0.05203245154185958,-0.0021843767808403663,0.04984807476101921,-0.0,-0.0,0.05281675545093358,0.02312965280307094,0.00873292650609157,-0.0021292540664130328,-0.08172423776555399,0.0008258429281290669,0.08255008069368305
2019-09-27,-0.0,-0.0,0.0035242409516383173,0.0032691071806975813,0.0007111742736777829,-0.0007658446271113035,-0.0056175431736031544,0.0011211346052992233,0.006738677778902378,-0.0,-0.0,0.011478665050908934,0.016550813989848794,0.00583757725615445,-0.01605606406920279,-0.012417874120901402,0.005393118106807981,0.017810992227709384,-0.0,-0.0,0.01777743268679918,0.012693827382760297,0.009218726352294168,0.0031759816963880375,-0.03918891482390319,0.0036770532943384976,0.042865968118241685,-0.0,-0.0,0.036893094146558815,0.013264153472365434,0.006256190305189372,-0.011952324381424287,-0.04745178550040182,-0.002990671957712493,0.04446111354268933,-0.0,-0.0,0.05145290658598726,0.01762686808866793,0.004205531393172192,-0.023401787766812385,-0.05202910237391326,-0.0021455840728982697,0.04988351830101499,-0.0,-0.0,0.05282145022819962,0.02273848518520436,0.008050232071947725,-0.002405212080173223,-0.08185134274718306,-0.0006463873420045757,0.08120495540517848
2019-10-04,-0.0,-0.0,0.0035242409516383173,0.003269107180697581,0.0007111742736777828,-0.0007658446271113032,-0.005617543173603155,0.0011211346052992233,0.006738677778902379,-0.0,-0.0,0.011479892304483066,0.01644855954199955,0.0056591152894050955,-0.016128201774467152,-0.012451100413471972,0.005008264947948586,0.017459365361420558,-0.0,-0.0,0.017782346865166575,0.012284379322326022,0.008504127548195786,0.0028871273323390523,-0.03932195980467995,0.0021360212633474845,0.041457981068027436,-0.0,-0.0,0.03689359125122729,0.01322273484098327,0.006183903470024735,-0.011981544088595421,-0.04746524396204453,-0.0031465584884046577,0.044318685473639874,-0.0,-0.0,0.051452448797165304,0.017665010933967145,0.004272101086057848,-0.023374879036776524,-0.05201670833762397,-0.0020020265572102056,0.05001468178041377,-0.0,-0.0,0.05282487752627162,0.02245292360335075,0.007551849042186659,-0.0026066679352471354,-0.08194413237995848,-0.001721150143396591,0.0802229822365619
2019-10-11,-0.0,-0.0,0.0035236202013804083,0.0033208279303552878,0.0008014411217201614,-0.0007293570583714085,-0.005600737168620078,0.0013157950264643722,0.00691653219508445,-0.0,-0.0,0.011479707920511152,0.016463922366469343,0.005685927618133742,-0.016117363723634783,-0.012446108457510343,0.005066085723969112,0.017512194181479455,-0.0,-0.0,0.017783426618894503,0.012194414523207745,0.008347114378338051,0.002823659636806294,-0.03935119273096753,0.0017974224262790606,0.04114861515724659,-0.0,-0.0,0.03689225726172966,0.013333882498149735,0.006377886518339197,-0.011903132468346721,-0.04742912793332181,-0.002728234123449934,0.044700893809871876,-0.0,-0.0,0.051450024407822856,0.01786701042193209,0.004624645417016745,-0.023232373944500777,-0.05195107115286181,-0.0012417648505908888,0.05070930630227092,-0.0,-0.0,0.05282304867512573,0.02260530300403507,0.007817792755249391,-0.0024991684520840516,-0.08189461861644633,-0.0011476426341201773,0.08074697598232615
2019-10-18,-0.0,-0.0,0.003524242631190221,0.0032689672408716007,0.0007109300404234295,-0.0007659433508160726,-0.005617588645283838,0.00112060791638534,0.006738196561669178,-0.0,-0.0,0.011480095260716987,0.016431649281502963,0.00562960226175752,-0.016140131498927093,-0.012456595189244808,0.004944620115805574,0.017401215305050382,-0.0,-0.0,0.017784484131345025,0.012106302861530832,0.008193335439943213,0.002761499278855231,-0.039379823503626704,0.0014657982080475973,0.0408456217116743,-0.0,-0.0,0.03689039058538582,0.013489413484481856,0.006649330609966693,-0.011793409628044921,-0.047378590101820654,-0.002142865050031209,0.045235725051789445,-0.0,-0.0,0.05144835839040595,0.01800582255878897,0.004866910545558596,-0.023134445793439082,-0.05190596590053741,-0.000719320199222967,0.05118664570131444,-0.0,-0.0,0.05282446852929954,0.0224870011244484,0.007611323632925285,-0.0025826271798101656,-0.08193305931947187,-0.0015928932126088174,0.08034016610686305
2019-10-25,-0.0,-0.0,0.0035241767823645637,0.003274453747858587,0.0007205054950669727,-0.0007620727707847654,-0.005615805874067778,0.0011412573804375804,0.006757063254505358,-0.0,-0.0,0.011482390847046582,0.016240381626986027,0.0052957879141317474,-0.01627506557737902,-0.012518745200143473,0.004224749610641863,0.016743494810785336,-0.0,-0.0,0.017784498862127598,0.01210507549656874,0.008191193352536147,0.002760633406575347,-0.03938022232038412,0.0014611787974237109,0.04084140111780783,-0.0,-0.0,0.036888259092957836,0.013667008877898719,0.006959283124125571,-0.01166812095438738,-0.047320882719648384,-0.0014744525790536325,0.04584643014059475,-0.0,-0.0,0.05145095807124772,0.017789217828797565,0.004488876074349367,-0.02328725448293515,-0.05197634887440546,-0.0015345513829459617,0.0504417974914595,-0.0,-0.0,0.05282477892680043,0.02246113888559685,0.007566186955674895,-0.002600872279196945,-0.08194146292765406,-0.0016902304387788336,0.08025123248887522
2019-11-01,-0.0,-0.0,0.003524443172623425,0.0032522581809387293,0.000681768162765554,-0.0007777311338028759,-0.005623018043472241,0.0010577203390525914,0.006680738382524832,-0.0,-0.0,0.011485881618734596,0.015949531439992358,0.004788174822554208,-0.016480252398165224,-0.012613253298426916,0.003130082184689017,0.015743335483115933,-0.0,-0.0,0.01778379342987425,0.012163851928009667,0.008293774294236823,0.0028020985650790533,-0.03936112366063496,0.0016823945565648396,0.0410435182171998,-0.0,-0.0,0.03688662907809838,0.013802821291039498,0.007196312914690908,-0.011572309026041372,-0.04727675218969448,-0.0009632979319070673,0.04631345425778741,-0.0,-0.0,0.05145303965077812,0.01761578116499641,0.004186181680321302,-0.023409609287038818,-0.05203270492986446,-0.0021873117208074527,0.04984539320905701,-0.0,-0.0,0.05282786536565811,0.022203977604615593,0.007117370215269023,-0.0027822925018182692,-0.08202502424101918,-0.0026581035572947193,0.07936692068372446
2019-11-08,-0.0,-0.0,0.003525410554483675,0.003171656176541065,0.0005410956293814358,-0.0008345936347429609,-0.005649208647756167,0.0007543600779070488,0.006403568725663215,-0.0,-0.0,0.011489030181785582,0.015687193987421338,0.004330324247615266,-0.016665324267716306,-0.012698496543436587,0.0021427276056692895,0.014841224149105877,-0.0,-0.0,0.017782724526286157,0.012252912696303722,0.008449209683154076,0.002864928491688081,-0.03933218448775653,0.002017590909675508,0.04134977539743204,-0.0,-0.0,0.036884734952474844,0.013960639344190949,0.00747174856317718,-0.011460972722896695,-0.04722547120468875,-0.0003693210677424702,0.04685615013694628,-0.0,-0.0,0.05145367117016042,0.017563163134701687,0.004094348832260562,-0.023446729862630696,-0.05204980249486854,-0.002385349220376566,0.049664453274491975,-0.0,-0.0,0.05283340378342343,0.021742518080286877,0.00631199718730704,-0.003107839525518787,-0.08217496969070197,-0.004394890165203391,0.07778007952549858
2019-11-15,-0.0,-0.0,0.003526517341503326,0.0030794389706056604,0.0003801513938443579,-0.0008996503414387803,-0.005679173465217873,0.00040728389929669054,0.0060864573645145635,-0.0,-0.0,0.011490397534475484,0.01557326651777084,0.004131489666545689,-0.01674569696934468,-0.012735515837149996,0.0017139409122973407,0.014449456749447337,-0.0,-0.0,0.01778021753678241,0.012461794408178323,0.008813765376360434,0.003012288803960677,-0.03926431101117564,0.0028037551141062017,0.04206806612528184,-0.0,-0.0,0.036882151404045736,0.014175899925766552,0.007847437127925285,-0.01130911229320047,-0.04715552499488781,0.00044085116964929366,0.0475963761645371,-0.0,-0.0,0.051455326692237104,0.017425225466870413,0.0038536098912388527,-0.023544041099805776,-0.052094623599517415,-0.00290450264897682,0.049190120950540595,-0.0,-0.0,0.0528368330457366,0.021456792838370077,0.005813328525992822,-0.00330941083827352,-0.08226781250274982,-0.005470268930923838,0.07679754357182599
2019-11-22,-0.0,-0.0,0.00352763135878019,0.0029866193415243733,0.00021815576522177764,-0.0009651320411227482,-0.005709334032479397,5.794039192419647e-05,0.005767274424403593,-0.0,-0.0,0.01148813081269897,0.015762129185250502,0.0044611066542941625,-0.016612459543211614,-0.012674147296442718,0.0024247598125893,0.015098907109032018,-0.0,-0.0,0.017775777318938233,0.012831752201381367,0.009459442867931335,0.0032732838687981767,-0.03914409789444308,0.004196158362606034,0.04334025625704911,-0.0,-0.0,0.036882457612772715,0.014150386694465245,0.007802909564264946,-0.011327111177343549,-0.04716381519747039,0.00034482749668895973,0.04750864269415935,-0.0,-0.0,0.051453294829690605,0.017594519724535008,0.004149074654069898,-0.02342460864948963,-0.0520396135666632,-0.0022673330078573223,0.04977228055880588,-0.0,-0.0,0.05284027937464484,0.021169645612202553,0.005312178113406081,-0.003511985321872426,-0.08236111737063723,-0.00655099959225619,0.07581011777838104
2019-11-29,-0.0,-0.0,0.003527587453270184,0.002990277537171836,0.00022454031673745185,-0.000962551284539864,-0.005708145347963277,7.170867467633148e-05,0.005779854022639608,-0.0,-0.0,0.011483999674293985,0.01610633456015741,0.005061839135507604,-0.0163696321023745,-0.012562302103088573,0.0037202391644959275,0.0162825412675845,-0.0,-0.0,0.017770685049805047,0.013256038737992628,0.010199938869636353,0.0035726063703565114,-0.03900623133806615,0.00579303768972439,0.044799269027790536,-0.0,-0.0,0.0368810800141378,0.014265167853584072,0.008003234066846157,-0.011246136221235787,-0.04712651850813623,0.0007768272051960137,0.04790334571333224,-0.0,-0.0,0.05145290757881328,0.017626785366677777,0.004205387020684203,-0.023401846124904955,-0.052029129253380386,-0.00214589541211007,0.049883233841270316,-0.0,-0.0,0.05284149344225017,0.02106848981583731,0.005135633593855656,-0.0035833479586814916,-0.08239398667027101,-0.0069317177770093635,0.07546226889326164
2019-12-06,-0.0,-0.0,0.0035267744857878365,0.00305801377585839,0.0003427585715954612,-0.0009147652280419422,-0.0056861353119055024,0.0003266462932942438,0.006012781605199746,-0.0,-0.0,0.011479795770702404,0.01645660271144096,0.0056731528189953246,-0.016122527539274806,-0.012448486887051646,0.005038536874812233,0.01748702376186388,-0.0,-0.0,0.017765611653681845,0.013678752780332617,0.010937690438935187,0.0038708195203838525,-0.038868875743860776,0.007383998649472728,0.046252874393333504,-0.0,-0.0,0.03687847782046674,0.014481981951858581,0.00838163394294843,-0.011093179828164783,-0.04705606750268643,0.0015928463844225443,0.04864891388710897,-0.0,-0.0,0.0514553435817062,0.017423818240710317,0.003851153896869198,-0.023545033859222207,-0.05209508085990164,-0.002909798999838127,0.04918528186006351,-0.0,-0.0,0.05284101776360419,0.02110812323660899,0.005204804748447847,-0.0035553876685779197,-0.08238110829029016,-0.0067825502102070445,0.07559855808008312
2019-12-13,-0.0,-0.0,0.0035242812802302108,0.003265747012935724,0.0007053098623000779,-0.0007682151332041085,-0.005618635017718408,0.0011084880045434961,0.006727123022261904,-0.0,-0.0,0.011475885839463249,0.016782377162959695,0.0062417183000826795,-0.01589270260881343,-0.01234263058968904,0.006264648104003156,0.018607278693692195,-0.0,-0.0,0.017761629884312936,0.014010512766093589,0.011516702313655121,0.0041048670809028754,-0.0387610745226723,0.008632637522292215,0.047393712044964516,-0.0,-0.0,0.03687877742598784,0.014457018897949024,0.00833806658924917,-0.01111079057726473,-0.04706417893206774,0.001498893403853556,0.048563072335921297,-0.0,-0.0,0.051457446896334136,0.017248570614248535,0.0035452988779008615,-0.023668666247757708,-0.05215202536482626,-0.0035693752241004323,0.048582650140725825,-0.0,-0.0,0.05284155013698527,0.02106376602528935,0.005127389287916583,-0.00358668046320767,-0.08239552160640423,-0.006949496619420695,0.07544602498698354
2019-12-20,-0.0,-0.0,0.003523499035887238,0.003330923407659445,0.0008190604896094718,-0.0007222349763340126,-0.005597456770655963,0.0013537911861661788,0.006951247956822142,-0.0,-0.0,0.011473761023749118,0.016959416254317447,0.006550699915061466,-0.015767806390983713,-0.012285103970851379,0.006930966831292939,0.019216070802144318,-0.0,-0.0,0.017764188764010952,0.01379730757676146,0.011144600970293735,0.003954456673997652,-0.03883035285869889,0.007830201126364907,0.046660553985063795,-0.0,-0.0,0.03687906973089336,0.014432664129426303,0.008295560859848549,-0.011127972197726502,-0.04707209270678803,0.0014072298156536794,0.048479322522441706,-0.0,-0.0,0.05146312871223555,0.016775163194606858,0.0027190735061933167,-0.024002642183537277,-0.052305853132331166,-0.0053511299028327144,0.04695472322949845,-0.0,-0.0,0.052843767822874456,0.020878989015159014,0.0048049028892169065,-0.003717035570264375,-0.08245556256430915,-0.0076449384073231375,0.07481062415698601
2019-12-27,-0.0,-0.0,0.003523399137654954,0.0033392469023298217,0.0008335872633620813,-0.00071636297938981,-0.005594752156089612,0.0013851181678674355,0.006979870323957048,-0.0,-0.0,0.011472854723121298,0.017034928986352674,0.006682490276821487,-0.015714534231954555,-0.012260567061404612,0.007215172692936296,0.019475739754340908,-0.0,-0.0,0.01776694989961278,0.01356725047825048,0.0107430884382868,0.003792157707884922,-0.03890510700997388,0.006964339514061106,0.04586944652403498,-0.0,-0.0,0.03688282689335673,0.014119618332477588,0.007749210360861425,-0.011348817411890953,-0.04717381298845967,0.0002290251863451137,0.047402838174804784,-0.0,-0.0,0.051468434426073885,0.016333092500807347,0.001947539288199899,-0.02431451091967616,-0.052449498426183926,-0.007014943130778953,0.04543455529540497,-0.0,-0.0,0.05284507781738472,0.020769840614081745,0.004614409089352932,-0.003794036770237559,-0.08249102895999251,-0.008055738209410676,0.07443529075058183
2020-01-03,-0.0,-0.0,0.003522935527969618,0.003377874740447801,0.0009010034013082158,-0.0006891121002372219,-0.00558220052750355,0.0015305010419848627,0.007112701569488413,-0.0,-0.0,0.011472048974683983,0.017102063736089506,0.006799658769021706,-0.015667172509395033,-0.012238752471591405,0.007467846498808757,0.019706598970400162,-0.0,-0.0,0.017768674605876868,0.013423548401962464,0.010492289028581566,0.0036907798388222004,-0.03895180118641482,0.006423490688828276,0.0453752918752431,-0.0,-0.0,0.03688938744815956,0.0135729946166576,0.006795202535784718,-0.011734445434257963,-0.04735143146755629,-0.0018282923012123767,0.045523139166343915,-0.0,-0.0,0.0514720875642762,0.016028713978172657,0.0014163155524291625,-0.02452924160979728,-0.05254840238643189,-0.00816052690135114,0.04438787548508075,-0.0,-0.0,0.05284701468340371,0.0206084614423244,0.004332758315328326,-0.003907885344777835,-0.08254346708555464,-0.008663117989276034,0.07388034909627861
2020-01-10,-0.0,-0.0,0.0035221875871834876,0.0034401929717585203,0.0010097657520711722,-0.0006451482991758079,-0.005561951004577537,0.0017650470072598347,0.007326998011837372,-0.0,-0.0,0.011471964574278258,0.017109095955891065,0.006811931915107732,-0.015662211471415083,-0.012236467440500219,0.007494313533361755,0.019730780973861974,-0.0,-0.0,0.017772724565567992,0.013086106816331208,0.009903361208800457,0.0034527240655995405,-0.039061448571790086,0.005153468084509116,0.0442149166562992,-0.0,-0.0,0.03689514556616286,0.013093229725777655,0.005957881638702981,-0.012072906391433273,-0.04750732501512076,-0.0036339744759105383,0.043873350539210224,-0.0,-0.0,0.05147628281977728,0.015679166383534775,0.0008062594372804839,-0.02477583783996842,-0.052661983466678886,-0.009476112666054776,0.04318587080062411,-0.0,-0.0,0.052850466469851275,0.020320859495403326,0.0038308142907109307,-0.004110780621382696,-0.08263691970921316,-0.009745560074630316,0.07289135963458285
2020-01-17,-0.0,-0.0,0.0035225990184919384,0.0034059126223995612,0.0009499371705656099,-0.0006693321443818552,-0.005573089971548453,0.0016360266955268016,0.007209116667075254,-0.0,-0.0,0.011476514510379841,0.016729996466086184,0.006150299663726331,-0.015929655752193312,-0.012359651036192621,0.006067503851806419,0.01842715488799904,-0.0,-0.0,0.017775109787880175,0.012887370715112987,0.009556512379888958,0.0033125212030677806,-0.03912602536020663,0.00440548872574327,0.0435315140859499,-0.0,-0.0,0.03690275149432523,0.012459505774172175,0.004851860089924688,-0.012519981238556646,-0.04771324561679538,-0.006019109496929936,0.041694136119865444,-0.0,-0.0,0.051480443953659666,0.015332461793272441,0.00020116514201355272,-0.025020428408615583,-0.0527746407485274,-0.010780998268197318,0.04199364248033008,-0.0,-0.0,0.05285400007343273,0.020026440566216296,0.0033169727683507212,-0.004318485091796127,-0.08273258742524157,-0.01085365910903796,0.07187892831620361
2020-01-24,-0.0,-0.0,0.003522599018491937,0.0034059126223995604,0.0009499371705656102,-0.0006693321443818549,-0.005573089971548452,0.0016360266955268007,0.0072091166670752525,-0.0,-0.0,0.011480120189470321,0.016429572224275428,0.005625977229050663,-0.01614159680576944,-0.012457270102782388,0.004936802734244584,0.017394072837026972,-0.0,-0.0,0.01777969867195718,0.01250502609014912,0.008889216480470512,0.0030427875685395075,-0.03925026342162145,0.0029664653894948684,0.042216728811116315,-0.0,-0.0,0.03690885584692747,0.01195089270677171,0.003964191238037352,-0.012878793792156595,-0.04787851301531067,-0.007933367015730733,0.039945145999579934,-0.0,-0.0,0.051482598167504674,0.015152973257314002,-0.00011209142344491976,-0.02514705264235446,-0.052832963283480694,-0.011456535924461414,0.04137642735901928,-0.0,-0.0,0.05285673874623611,0.019798255062215855,0.002918726680438249,-0.004479463699371729,-0.08280673342549634,-0.011712476635977867,0.07109425678951847
2020-01-31,,,0.003522855016336109,0.003384582948762303,0.000912711058768115,-0.0006843796434647141,-0.005580020779856674,0.0015557486005451388,0.007135769380401813,,,0.011482625515912738,0.01622082907823748,0.005261663371111649,-0.016288859363649006,-0.012525098554143091,0.004151160047469769,0.01667625860161286,,,0.017786933093468054,0.011902255975892633,0.00783721784030823,0.002617549803738217,-0.03944612596442847,0.0006978307489786673,0.04014395671340714,,,0.03691322518712221,0.011586840420841703,0.003328820471159263,-0.013135622683765847,-0.0479968072119712,-0.009303543816613878,0.03869326339535732,,,0.05148526975361114,0.014930377399411733,-0.0005005820507677381,-0.025304087908087816,-0.052905292998766625,-0.012294315804599311,0.040610977194167314,,,0.05285911660429624,0.019600132548557726,0.00257294872956723,-0.004619233692727689,-0.08287111083637752,-0.012458146646684015,0.0704129641896935
2020-02-07,-0.0,-0.0,0.003523638608112593,0.0033192942862281865,0.0007987644934367665,-0.0007304390021924193,-0.0056012355069274865,0.0013100228786576407,0.006911258385585127,-0.0,-0.0,0.01148361337880963,0.01613852059920134,0.005118012572951743,-0.0163469257355904,-0.01255184365582823,0.003841377159544088,0.01639322081537232,-0.0,-0.0,0.01778814925664018,0.011800925577438934,0.0076603685923790675,0.0025460639899498928,-0.03947905199880764,0.0003164554176004336,0.039795507416408075,-0.0,-0.0,0.036913888296213115,0.011531590344245536,0.0032323939827296143,-0.013174600095753015,-0.048014760027209294,-0.00951148749977404,0.03850327252743525,-0.0,-0.0,0.05148539864771358,0.01491963797637902,-0.0005193252800012387,-0.02531166427615544,-0.0529087826387696,-0.012334735570833692,0.04057404706793591,-0.0,-0.0,0.05285997879263155,0.019528295241211607,0.0024475729887106445,-0.004669912940558288,-0.08289445346294823,-0.012728519380952708,0.07016593408199552
2020-02-14,-0.0,-0.0,0.003523038769540458,0.0033692726796792373,0.0008859904535573245,-0.0006951806179148588,-0.005584995658608516,0.0014981256262536439,0.00708312128486216,-0.0,-0.0,0.011481226114165919,0.01633742686695033,0.005465158388981125,-0.01620660282524359,-0.012487211573944706,0.004589996970909078,0.017077208544853784,-0.0,-0.0,0.017791344548599524,0.011534694684406625,0.007195722899410969,0.0023582454050591136,-0.039565560368167364,-0.0006855528306911329,0.03888000753747623,-0.0,-0.0,0.036913609481798115,0.011554821088616846,0.0032729379826900887,-0.013158211443466697,-0.04800721148995398,-0.009424054380315634,0.03858315710963835,-0.0,-0.0,0.05148443113291667,0.015000251057024622,-0.0003786334155363018,-0.025254793961226547,-0.05288258843539867,-0.012031333622220232,0.04085125481317844,-0.0,-0.0,0.05285839641804013,0.019660138279640346,0.002677675135219677,-0.004576901297080888,-0.08285161273122102,-0.01223230419540175,0.07061930853581927
2020-02-21,-0.0,-0.0,0.003521799414857852,0.003472535388731661,0.0010662121117538661,-0.0006223316120563931,-0.005551441744282328,0.0018867735590046581,0.007438215303286986,-0.0,-0.0,0.011482235606050533,0.01625331626630099,0.005318362395925827,-0.016265940544500524,-0.012514542252308754,0.004273431471468071,0.016787973723776824,-0.0,-0.0,0.017793965334728035,0.011316331467424591,0.006814619387651901,0.0022041961512755193,-0.03963651474019423,-0.0015074023991141841,0.038129112341080046,-0.0,-0.0,0.036912199153472096,0.011672329277065496,0.00347802189699198,-0.013075312643045262,-0.04796902868684904,-0.00898179100236473,0.03898723768448431,-0.0,-0.0,0.05148355598921387,0.015073167802189352,-0.00025137376057981847,-0.025203353199654156,-0.052858895059129045,-0.011756898227959799,0.041101996831169246,-0.0,-0.0,0.05285478112514547,0.01996136354110933,0.003203395568189049,-0.004364395146130183,-0.08275373338340065,-0.011098588295086989,0.07165514508831367
2020-02-28,-0.0,-0.0,0.0035237830819215997,0.0033072567661265317,0.0007777557299324824,-0.000738931142099009,-0.005605146947193751,0.0012647174886878543,0.006869864435881605,-0.0,-0.0,0.011487079268560393,0.015849743568733476,0.004614017706290171,-0.016550650001372173,-0.012645678108057957,0.0027545124341539096,0.015400190542211867,-0.0,-0.0,0.017795942981629505,0.011151554443171388,0.006527038432086189,0.0020879504850973684,-0.03969005695505041,-0.0021275706130659613,0.03756248634198445,-0.0,-0.0,0.0369124986254843,0.011647377347081917,0.003434473957584738,-0.01309291554452085,-0.047977136501650974,-0.009075702116020865,0.03890143438563011,-0.0,-0.0,0.051483528102784906,0.015075491292181366,-0.00024731863532687136,-0.025201714041262948,-0.052858140070374204,-0.011748153351997748,0.04110998671837646,-0.0,-0.0,0.05284894024219769,0.020448024385587776,0.004052751789578788,-0.004021069283039579,-0.08259559908272829,-0.009266951948403615,0.07332864713432467
2020-03-06,-0.0,-0.0,0.0035211499935445265,0.003526645003252025,0.0011606481820712275,-0.0005841587647491214,-0.00553385950780509,0.002090424906313568,0.007624284414118658,-0.0,-0.0,0.011488929679940302,0.015695567774964763,0.004344938796180818,-0.016659416790531165,-0.012695775586835706,0.0021742438737190114,0.014870019460554718,-0.0,-0.0,0.017796187908702174,0.01113114718332763,0.006491422184536208,0.002073553723618255,-0.03969668803663554,-0.002204377036451273,0.03749231100018427,-0.0,-0.0,0.03691199665483528,0.011689201410689094,0.003507468382822769,-0.013063409816047295,-0.04796354629992248,-0.008918289667622634,0.039045256632299845,-0.0,-0.0,0.05148118871230569,0.015270408697020626,9.286552441334162e-05,-0.02506420516417313,-0.05279480411916122,-0.011014546349594687,0.04178025776956654,-0.0,-0.0,0.052843709322826615,0.020883863223869797,0.004813409715972727,-0.0037135969498545834,-0.08245397875169165,-0.007626593438877088,0.07482738531281456
2020-03-13,-0.0,-0.0,0.003523825537322766,0.00330371939316973,0.0007715820470436201,-0.0007414266615911703,-0.005606296371901095,0.00125140394404385,0.006857700315944945,-0.0,-0.0,0.011494272569932113,0.015250399573751546,0.0035679985809257,-0.01697347073309934,-0.012840427376637863,0.0004987726148721564,0.01333919999151002,-0.0,-0.0,0.017798108926081243,0.010971088516118251,0.006212076051959376,0.0019606367287782955,-0.03974869708090711,-0.0028067868579699368,0.03694191022293717,-0.0,-0.0,0.036913266717309615,0.011583380136440037,0.003322781328874236,-0.013138063819399146,-0.0479979315877251,-0.009316567224500354,0.038681364363224745,-0.0,-0.0,0.051481937228988105,0.015208042482188081,-1.59805707133883e-05,-0.02510820281629168,-0.05281506923372723,-0.011249272909556123,0.04156579632417111,-0.0,-0.0,0.05284176199863499,0.021046113767849577,0.00509658127274914,-0.003599133646137458,-0.08240125748472095,-0.007015934091624695,0.07538532339309625
2020-03-20,-0.0,-0.0,0.0035266364596172536,0.0030695140804067027,0.0003628297470902684,-0.0009066520789574311,-0.005682398433054649,0.00036992977510214454,0.006052328208156794,-0.0,-0.0,0.011495897656308159,0.01511499780056287,0.0033316854693412677,-0.017068992966234462,-0.01288442447432082,-1.0836514342985049e-05,0.012873587959977836,-0.0,-0.0,0.017795712806209753,0.011170732599137265,0.006560509557345612,0.0021014801475392397,-0.0396838252552614,-0.0020553901450295273,0.037628435110231874,-0.0,-0.0,0.036911387674588174,0.011739941486120006,0.0035960236862337264,-0.013027614086047148,-0.0479470589526552,-0.008727320191760445,0.039219738760894754,-0.0,-0.0,0.05147727120377027,0.015596814486894166,0.0006625328635308455,-0.024833934841837674,-0.05268874267636657,-0.009786058964008956,0.042902683712357614,-0.0,-0.0,0.05283515147095884,0.021596901210446953,0.006057855939369957,-0.003210568228856228,-0.08222228605514639,-0.0049429456632268665,0.07727934039191953
2020-03-27,-0.0,-0.0,0.003525491188186851,0.0031649377974130614,-0.0005293702210713748,-0.0008393332667451351,-0.0056513917002805475,-0.0003296662024971451,0.005321725497783402,-0.0,-0.0,0.011492882632669744,0.015366208784092335,-0.0037701173139472514,-0.016891770515082623,-0.012802796635031168,-0.006605593047298963,0.006197203587732205,-0.0,-0.0,0.017790975224458962,0.01156546667551518,-0.00724942843662266,0.0023799541998516987,-0.039555561397941065,-0.015068593734737887,0.024486967663203178,-0.0,-0.0,0.036906234311797036,0.012169318330383962,-0.004345403666427366,-0.01272470051220905,-0.047807538365036574,-0.015802089901491997,0.03200544846354458,-0.0,-0.0,0.05146551949571887,0.016575963738041,-0.0023714159955237736,-0.02414317193054418,-0.05237058048222099,-0.010843685174529077,0.041526895307691915,-0.0,-0.0,0.052823705784240484,0.022550552843905815,-0.007722238757726376,-0.002537793186730332,-0.08191240899013677,-0.016798182306447182,0.06511422668368959
2020-04-03,-0.0,-0.0,0.003513052472439113,0.00307528067619288,-0.0004179537558912122,-0.0008849996219671552,-0.005685693173405861,-0.0004003134026322351,0.005285379770773626,-0.0,-0.0,0.01159251206438736,0.015548479692611621,-0.0037487608940073975,-0.01689565909582697,-0.012704631609406181,-0.006208059842241568,0.006496571767164613,-0.0,-0.0,0.017942890106101263,0.011846631116500167,-0.007222385634547388,0.0023762585805292813,-0.03940481246550674,-0.01446141829692342,0.02494339416858332,-0.0,-0.0,0.03734697085684285,0.01263196465739859,-0.0036648716612113666,-0.012978989920902736,-0.04748653069089231,-0.014151456758764967,0.03333507393212734,-0.0,-0.0,0.05233700710950907,0.017342022214046827,-0.0007721093524691222,-0.024748607243053163,-0.051784855945714206,-0.007626543217680581,0.044158312728033625,-0.0,-0.0,0.05399525160260767,0.023576133135303354,-0.005565057252012594,-0.0033546059623406344,-0.08112641217480812,-0.012474690651250314,0.06865172152355781
2020-04-10,-0.0,-0.0,0.0035735788719273654,0.0031844766449595674,-0.0004023594669494385,-0.0008884218818281713,-0.00562656270497718,-0.00015928853686785708,0.005467274168109323,-0.0,-0.0,0.011701125068893741,0.015886044578761253,-0.003962268504474641,-0.016804105762811702,-0.012551857338707296,-0.005731061958338645,0.006820795380368651,-0.0,-0.0,0.018172648372287856,0.012288411578640253,-0.007209696281934023,0.002382081771268949,-0.0391713661308304,-0.013537920690567366,0.025633445440263036,-0.0,-0.0,0.03778655507324413,0.013131516629238572,-0.0030511152740546575,-0.013206320414138512,-0.04715380228815059,-0.012493166273861052,0.034660636014289536,-0.0,-0.0,0.05316106114610165,0.0181259603992561,0.0006385591211239064,-0.02527999156969411,-0.051211379813465935,-0.004565790716678383,0.04664558909678755,-0.0,-0.0,0.055178818271137756,0.02461577781856692,-0.003391780346592479,-0.004177356835595706,-0.08033118356453711,-0.008105724657020613,0.0722254589075165
2020-04-17,-0.0,-0.0,0.0036465936503314185,0.003349624472046996,-0.00044053990620053366,-0.000869494202435369,-0.005544218576455694,0.0001419654372868187,0.005686184013742513,-0.0,-0.0,0.011899833466172781,0.016290868274665395,-0.003990081956880822,-0.016783377983923833,-0.012342463824156557,-0.00492522202412304,0.007417241800033517,-0.0,-0.0,0.01847393310069112,0.012686343949527602,-0.006883757703820744,0.0022645918961731997,-0.03892501472287664,-0.012383903480305464,0.026541111242571178,-0.0,-0.0,0.038475624395420474,0.01378310534963763,-0.0018648104641307663,-0.013653376224830786,-0.046675561796042396,-0.009935018739945845,0.03674054305609655,-0.0,-0.0,0.05408893539256566,0.01894523668942342,0.0023351147960332507,-0.025922079728435136,-0.050586554332964814,-0.0011393471833776175,0.0494472071495872,-0.0,-0.0,0.05629128542912072,0.025490059857514746,-0.0011735709737035272,-0.005021675565529254,-0.07961763740558365,-0.004031538658180969,0.07558609874740269
2020-04-24,-0.0,-0.0,0.0035943159120954485,0.003330114826373439,-0.0005815705504410575,-0.0008149336984798834,-0.00557064037220058,-4.271388265263392e-05,0.005527926489547946,-0.0,-0.0,0.011972637138166526,0.016482845504375166,-0.0040747172895214566,-0.01674566718997358,-0.012251359408155811,-0.004616261245109159,0.0076350981630466525,-0.0,-0.0,0.018671140281465867,0.012943440575370667,-0.006664663669715921,0.00218536243471385,-0.03876487543589255,-0.011629595814058084,0.027135279621834464,-0.0,-0.0,0.03945422190929371,0.014603062241590345,-2.9854871631759774e-07,-0.01436099168226197,-0.04603111368869523,-0.00633511976878947,0.03969599391990576,-0.0,-0.0,0.05497468282542653,0.01969895170791653,0.004003013987508774,-0.02655458392465746,-0.04999944385019055,0.002122620746003813,0.05212206459619436,-0.0,-0.0,0.05719660383280847,0.026068800621925993,0.0008579561153181593,-0.005800350996259395,-0.07908070110193367,-0.0007576915281404389,0.07832300957379323
2020-05-01,-0.0,-0.0,0.003593131670800865,0.003404861216839998,-0.0007129807865885223,-0.0007618285724109606,-0.005546462287483511,-2.3278758842130466e-05,0.005523183528641381,-0.0,-0.0,0.012002045212664991,0.016586966745392888,-0.004154221132961291,-0.016712101757386882,-0.012205801936196312,-0.004483112868486605,0.007722689067709707,-0.0,-0.0,0.018995704762010037,0.01324942631830204,-0.006104315205104256,0.001974152930058827,-0.03853991996587618,-0.010424951160609538,0.028114968805266646,-0.0,-0.0,0.04017352813996249,0.015132576522455322,0.0014949877357021697,-0.014931603054696856,-0.04558153641273291,-0.0037120470693097762,0.04186948934342313,-0.0,-0.0,0.05590161142487638,0.0203819928265052,0.00592873283064893,-0.02728942442152705,-0.049419873233215984,0.005503039427287484,0.05492291266050347,-0.0,-0.0,0.0579702317821321,0.026506752891142675,0.002690493679254805,-0.0065048058439123035,-0.07864052148958336,0.002022151019033913,0.08066267250861728
2020-05-08,-0.0,-0.0,0.0037369903186814956,0.0035732502902986038,-0.0005204872874647766,-0.0008328409361309931,-0.005435956908361844,0.0005209554770224866,0.00595691238538433,-0.0,-0.0,0.01209562439237746,0.01668774319293368,-0.004014067859154132,-0.016764337755761846,-0.0121368053921233,-0.004131843421728138,0.008004961970395161,-0.0,-0.0,0.019311381361671362,0.01342530888357748,-0.0053517404652479676,0.0016847550453655375,-0.03836123608744573,-0.009291531262079319,0.029069704825366412,-0.0,-0.0,0.04084139659341944,0.015513794276619928,0.0030716586999809292,-0.015537591290655295,-0.04520049850168413,-0.0013112402223191266,0.043889258279365004,-0.0,-0.0,0.05683448755798775,0.02090118737964642,0.008153681987873309,-0.02814503398158679,-0.048892019996051334,0.008852302947869352,0.057744322943920685,-0.0,-0.0,0.05884884380954646,0.02695858588555497,0.004849389265846917,-0.007336281365645528,-0.07815561821859313,0.005164919376709709,0.08332053759530283
2020-05-15,-0.0,-0.0,0.003692025495519834,0.003527831612456343,-0.0005929543112886306,-0.0008056688945861268,-0.005468119724548997,0.00035311417755242314,0.00582123390210142,-0.0,-0.0,0.012172709090547108,0.0166684540297144,-0.0037241661736557535,-0.016877940588229976,-0.012113681816716045,-0.0038746254583402664,0.008239056358375779,-0.0,-0.0,0.019766286300395206,0.013661805116216261,-0.004238325348188756,0.0012560197858458172,-0.03810933256575118,-0.007663546711482651,0.030445785854268527,-0.0,-0.0,0.04151110381841236,0.015847368677636614,0.004735704515299144,-0.016178839062462005,-0.0448344571680522,0.0010808807808339108,0.04591533794888611,-0.0,-0.0,0.05760943067443009,0.021180503259184587,0.010261120364781193,-0.028960636375513344,-0.048503612446937405,0.011586805475945122,0.06009041792288253,-0.0,-0.0,0.05934746281582157,0.027018876993914677,0.006409026918437399,-0.007943449934745233,-0.0779450613175676,0.006886855475860806,0.0848319167934284
2020-05-22,-0.0,-0.0,0.0036048097740037045,0.0034244899282071073,-0.0007075167401357545,-0.0007634821341640602,-0.005535527975496127,2.277285241486949e-05,0.005558300827910996,-0.0,-0.0,0.012271608929727944,0.016729393091919467,-0.003498340244756808,-0.016964581461405063,-0.012055777974555471,-0.0035176976590699308,0.00853808031548554,-0.0,-0.0,0.020615427376536436,0.014266512956070374,-0.0024383800774093393,0.0005683510909039448,-0.037585323573671676,-0.00457341222757026,0.033011911346101416,-0.0,-0.0,0.04227512910374499,0.016350851968186947,0.006424478492209281,-0.016825592729291544,-0.0443763556861687,0.003848511148680983,0.04822486683484968,-0.0,-0.0,0.058333169456911055,0.02141258987014687,0.012278376039748448,-0.029742197453281945,-0.04815035056014183,0.014131587353382595,0.062281937913524425,-0.0,-0.0,0.059877617345975895,0.027107370519751567,0.008025715021551041,-0.00857219423045208,-0.07771315066233168,0.00872535799449474,0.08643850865682642
2020-05-29,-0.0,-0.0,0.0036732860007832355,0.003488633866130595,0.0005885915534241781,-0.0008083274768338572,-0.005488203091645294,0.0014539808518588566,0.006942183943504151,-0.0,-0.0,0.012449097084363975,0.016895652094620992,0.0031900900253464537,-0.01708081913232858,-0.011933113413464891,0.0035209066585379523,0.015454020072002844,-0.0,-0.0,0.02107215068313221,0.014694340726441154,0.001645171878492199,0.0002692412515794744,-0.037269675669966244,0.0004112288696787869,0.03768090453964503,-0.0,-0.0,0.042921450252007054,0.01695628228411599,-0.007546968250299811,-0.0172488709198652,-0.04392967404627167,-0.008847780680313638,0.03508189336595803,-0.0,-0.0,0.05869617660973052,0.021752630631317917,-0.01290882394053139,-0.029979932225266254,-0.04789947120898372,-0.010339420133732916,0.0375600510752508,-0.0,-0.0,0.060205871029648764,0.02741485656124243,-0.00859580529164207,-0.00878716882264637,-0.0774862899227141,-0.007248536446111342,0.07023775347660276
2020-06-05,-0.0,-0.0,0.0035939937123770052,0.003531228391778171,0.0009255952284134097,-0.0006757749567003136,-0.0055044911723804045,0.0018705512034878679,0.007375042375868272,-0.0,-0.0,0.012304090204292434,0.016925389509096538,0.0037242685472955376,-0.01687163391853196,-0.011978769820171998,0.004103344521980549,0.016082114342152547,-0.0,-0.0,0.020829441325458553,0.01500675611172034,0.002987139742685709,0.0008005559152959524,-0.03725954679563221,0.002364346299528343,0.03962389309516055,-0.0,-0.0,0.0425980978670107,0.017523829994925747,-0.005501061510275748,-0.016436625662518998,-0.04386631280447031,-0.005682072115328611,0.038184240689141696,-0.0,-0.0,0.05838539410073073,0.022271679686363104,-0.010987529221962996,-0.02921749894350676,-0.047847284440867874,-0.007395238819243803,0.04045204562162407,-0.0,-0.0,0.05983139032082059,0.027857725831264647,-0.006592040062670634,-0.007994409970608211,-0.07748356689477787,-0.004380900775971475,0.07310266611880639
2020-06-12,-0.0,-0.0,0.003606225334872881,0.003225825101354763,0.0008440872107642112,-0.00048294914825846647,-0.005451379354987702,0.0017418091437456868,0.0071931884987333885,-0.0,-0.0,0.012137971435622378,0.021062338285933003,0.004794326305918392,-0.01951405759775807,-0.012709395552127373,0.005771182877588328,0.0184805784297157,-0.0,-0.0,0.020627791054814264,0.020114760423557324,0.004581723801392904,-0.002217713016486406,-0.038071879669531565,0.005034682593746523,0.04310656226327809,-0.0,-0.0,0.042309149833466626,0.024811022810590593,-0.003326436398290073,-0.020832182897594333,-0.04505813291985995,-0.0020965795716871433,0.04296155334817281,-0.0,-0.0,0.05811887008122524,0.028889532183789302,-0.009337746831138331,-0.033499986752482856,-0.04903642202822487,-0.004865753346831522,0.04417066868139335,-0.0,-0.0,0.05945455633170088,0.037156821628814486,-0.004457621026576337,-0.014176275288523183,-0.07921485412107494,-0.001237372475659096,0.07797748164541585
2020-06-19,-0.0,-0.0,0.0035527363124520043,0.003253862253352392,0.0010465933868466653,-0.0004146682797866013,-0.00546993805394385,0.001968585618920612,0.007438523672864462,-0.0,-0.0,0.011954615319252355,0.02165669159942713,0.0062517748026671175,-0.019011731617911445,-0.012635645649241987,0.00821570445419317,0.020851350103435157,-0.0,-0.0,0.020464821099627686,0.020680455030473725,0.005934458276580369,-0.0017510877856762473,-0.037996011736400784,0.007332634884604748,0.04532864662100553,-0.0,-0.0,0.0419505260654683,0.025256001098997238,-0.0015750040089123846,-0.020236011593123805,-0.045111706296126895,0.0002838052663024504,0.045395511562429346,-0.0,-0.0,0.05783284612275297,0.029180591665913868,-0.008038668657451595,-0.033058875708972674,-0.049096750196049574,-0.0031808567738070004,0.045915893422242574,-0.0,-0.0,0.05910564539060633,0.03738815405851781,-0.003062451291038544,-0.01370479280918549,-0.07932255676680834,0.0004039985820917663,0.07972655534890011
2020-06-26,-0.0,-0.0,0.0035000352310158877,0.003202094154761061,0.0011244933999984656,-0.00039013961147464844,-0.0055101120817829365,0.0019263710925178307,0.007436483174300767,-0.0,-0.0,0.011805422332968756,0.021893886075505416,0.007060175180733097,-0.018735676089776155,-0.012643575272743192,0.009380232226687919,0.02202380749943111,-0.0,-0.0,0.020262928119432918,0.02111420639930184,0.007201171035495947,-0.0013168015502369292,-0.03797565079313455,0.009285853210859223,0.04726150400399377,-0.0,-0.0,0.04166087251767014,0.025492424982023493,-0.00034879665226481487,-0.019820708477490557,-0.04518888154850016,0.0017949108214381088,0.04698379236993827,-0.0,-0.0,0.05753182593331801,0.02944327089117853,-0.006738333873369117,-0.03261813413579897,-0.0491722732056718,-0.0015536443903433408,0.04761862881532846,-0.0,-0.0,0.05870940400568726,0.037621616453172836,-0.001522834043400736,-0.013185101993454703,-0.07945293401127589,0.00217015041072878,0.08162308442200467
2020-07-03,-0.0,-0.0,0.0034539140234991013,-0.0034490896849807312,0.001640449840738818,-0.00021129314427732263,-0.005464682083990841,-0.004030701049010976,0.0014339810349798653,-0.0,-0.0,0.011683337316656921,-0.022114435092123626,0.007762214097651497,-0.0184955367558973,-0.01264277115591323,-0.03380719158962574,-0.021164420433712507,-0.0,-0.0,0.02001390357737001,-0.02152433680636275,0.008572289526032336,-0.0008483695420842308,-0.03798496632231804,-0.031771479567362676,0.006213486754955365,-0.0,-0.0,0.04141749305259288,-0.02587486118008856,0.0009630573401381762,-0.019372800585632198,-0.045203058039973286,-0.048070169412962986,-0.0028671113729897,-0.0,-0.0,0.05729426680682503,-0.029843368668154478,-0.005416785447280604,-0.03216650416663124,-0.04917871977453984,-0.05931111124978114,-0.010132391475241299,-0.0,-0.0,0.05843388612275817,-0.037932188075980526,-0.0002252038519422496,-0.012743931606779429,-0.07950271911698466,-0.07197015652892869,0.007532562588055965
2020-07-10,-0.0,-0.0,0.0033073575490523864,-0.0010714116950663656,0.0021097177826957486,0.003578874054842174,-0.004622644132868938,0.0033018935586550053,0.007924537691523943,-0.0,-0.0,0.011441034119581006,0.01715148569790465,0.008416930878591381,-0.014343716021935099,-0.011790403033053053,0.010875331641088884,0.022665734674141937,-0.0,-0.0,0.019557013509652887,0.014820258467279336,0.009678791289264105,0.0047451916000147126,-0.03694831464376786,0.011852940222443181,0.04880125486621104,-0.0,-0.0,0.04110147324370591,0.0216866766510162,0.0017067436505077535,-0.015881880009480986,-0.04458252820630157,0.004030485329447317,0.048613013535748886,-0.0,-0.0,0.05686751855520646,0.02386862856637395,-0.004397129833279245,-0.027183705875385496,-0.04827216980183462,0.0008831416110810508,0.049155311412915674,-0.0,-0.0,0.05799092964393193,0.02941114207649564,0.0009450710645133402,-0.005618619994080426,-0.0780631161350506,0.004665406655809903,0.0827285227908605
2020-07-17,-0.0,-0.0,0.0032821750739199964,-0.001355100359999278,0.0017770507140218398,0.0034745888477929073,-0.00470491106456944,0.002473803211166025,0.007178714275735465,-0.0,-0.0,0.011434090093923488,0.017049195377591763,0.00829105427344618,-0.014383052841009642,-0.011818877951174986,0.010572408952776799,0.022391286903951785,-0.0,-0.0,0.01929745976176933,0.014532762803556537,0.00999092663933815,0.00482953619848214,-0.037161875011979956,0.011488810391166206,0.04865068540314616,-0.0,-0.0,0.04091056776910079,0.021287551132960495,0.0016700385662295496,-0.015902357729710135,-0.04478475974581767,0.003181039992763028,0.0479657997385807,-0.0,-0.0,0.056686278098438445,0.023499682700801824,-0.00441782578188969,-0.02719876190584641,-0.048461763307719674,0.00010760980378449192,0.048569373111504166,-0.0,-0.0,0.057855949552977765,0.02932727729886347,0.0012005425990006232,-0.005545893320026401,-0.07815838234513485,0.004679493785680611,0.08283787613081546
2020-07-24,-0.0,-0.0,0.003252956598184325,-0.0014147825454965102,0.001773426209093165,0.0034720723540211658,-0.004735525010059932,0.0023481476057422134,0.0070836726158021454,-0.0,-0.0,0.011352297352500618,0.01716115207949914,0.008676824500830191,-0.014267413830509274,-0.011837440219478178,0.011085419882842498,0.022922860102320676,-0.0,-0.0,0.019070441138152795,0.01438334275419782,0.010408718737394603,0.004948172421099664,-0.037324114201852276,0.011486560848992605,0.04881067505084488,-0.0,-0.0,0.04066706307972372,0.02118489987382059,0.002199927954164674,-0.015749771842000826,-0.044944916871951644,0.0033572021937565075,0.04830211906570815,-0.0,-0.0,0.05642168643918853,0.02345807813719663,-0.0037428159467185773,-0.027002212797103756,-0.048618962384132124,0.0005157734484306994,0.04913473583256282,-0.0,-0.0,0.05778091573294517,0.02960193262463958,0.0017984170808650736,-0.005364206756413005,-0.0781340378357705,0.005683020846266318,0.08381705868203682
2020-07-31,-0.0,-0.0,0.0032305581392999207,-0.0012711039724972344,0.002039432493929366,0.003553432207461016,-0.004713414482852688,0.00283890438534038,0.007552318868193068,-0.0,-0.0,0.011190953691780393,0.017269440719428927,0.009278084108772608,-0.0140887942223327,-0.011901138114505763,0.011748546183143459,0.023649684297649222,-0.0,-0.0,0.018860093984842525,0.014390054950052585,0.011001798093455447,0.00512192033496761,-0.03743951233794622,0.011934355025371948,0.04937386736331817,-0.0,-0.0,0.0404576353763452,0.021228933389930527,0.0028434122318943445,-0.01556036099202848,-0.04505082365523438,0.003918796350907201,0.04896962000614158,-0.0,-0.0,0.056253028941664125,0.023505501904907716,-0.0032076278911438343,-0.026844415713332844,-0.04870137354881498,0.0010051136932801782,0.04970648724209516,-0.0,-0.0,0.05776869805279912,0.02979302448204799,0.0021034546757857137,-0.005270266683328696,-0.0780948557835102,0.006300054743793915,0.08439491052730412
2020-08-07,-0.0,-0.0,0.003310955747292924,-0.0011635174818350766,0.001969045392221513,0.003535455165269988,-0.004642804061762218,0.00300913476118713,0.007651938822949348,-0.0,-0.0,0.010982020820163953,0.01719825061758133,0.009756703316719743,-0.01395044689566154,-0.012034493562677284,0.011952034296126207,0.02398652785880349,-0.0,-0.0,0.018666363701354913,0.01406373450315949,0.01107623378989688,0.0051357473571725714,-0.03762579766448566,0.011316281687098195,0.04894207935158386,-0.0,-0.0,0.040195878871748345,0.020976121528808036,0.003210871873678601,-0.01545897797153365,-0.045257264122801996,0.0036666301798993425,0.04892389430270134,-0.0,-0.0,0.05614159204293484,0.02351801693578543,-0.0028807164709126446,-0.026748429077390105,-0.04876035308552507,0.001270110344892439,0.05003046343041751,-0.0,-0.0,0.05772166272959798,0.029851311610750688,0.0023166467256029214,-0.005206447372926048,-0.0781069964158196,0.006576177277205927,0.08468317369302553
2020-08-14,-0.0,-0.0,0.003241685631069141,2.043734537321559e-05,0.0021644715529408327,0.002647379564481632,-0.00491711868023199,0.003156855413632831,0.008073974093864822,-0.0,-0.0,0.010620144471659373,0.023363412593973704,0.010742811643791683,-0.018604316736962792,-0.013474368326803985,0.012647683645657987,0.026122051972461972,-0.0,-0.0,0.018340097407140023,0.01946695461531615,0.011694635757679973,0.0008275695519139463,-0.03897697993378503,0.011352277398265054,0.050329257332050084,-0.0,-0.0,0.03981749194838493,0.02730831483230464,0.004042796857292383,-0.020407792866963422,-0.046801831222700256,0.00395897954831826,0.050760810771018516,-0.0,-0.0,0.055844621078336217,0.028669709009268796,-0.0019105699079760413,-0.030500851307023426,-0.04991046995482951,0.00219243891777602,0.05210290887260553,-0.0,-0.0,0.05736748535253417,0.03595119467307875,0.003396631921907783,-0.009713665818258017,-0.07949374884073034,0.00750789728853235,0.08700164612926269
2020-08-21,-0.0,-0.0,0.003129499902588884,2.6537558647600856e-05,0.0023823521072336836,0.0026944926069905825,-0.004999118846301989,0.0032337633291587616,0.00823288217546075,-0.0,-0.0,0.010432241415041088,-0.023039090391269917,0.01079562108892359,-0.018601590254786336,-0.013659507194756778,-0.034072325336848355,-0.020412818142091574,-0.0,-0.0,0.018072243376778076,-0.019123021048653398,0.011920340163042624,0.0008681723762539353,-0.03921785963893855,-0.02748012477151731,0.011737734867421237,-0.0,-0.0,0.03952076180292491,-0.02704865138930164,0.004447023841002843,-0.020325177521777833,-0.047045068486175325,-0.050451111753327046,-0.0034060432671517184,-0.0,-0.0,0.05584013256333435,-0.028786380723255282,-0.0017512159756405458,-0.030462198441115917,-0.04989068435931538,-0.05505034693599277,-0.005159662576677392,-0.0,-0.0,0.0571644332738298,-0.035855632294835946,0.003777595786832573,-0.009631661692114813,-0.07964421681597877,-0.06418948174226716,0.015454735073711614
2020-08-28,-0.0,-0.0,0.00312529707717928,-0.00027805962394940656,0.00234600950450087,0.002857184010098666,-0.004966058378799252,0.0030843725890301573,0.00805043096782941,-0.0,-0.0,0.010403525249627864,0.02181688353158219,0.010922648255692991,-0.017559129061636525,-0.01341633326607608,0.012167594709190443,0.025583927975266523,-0.0,-0.0,0.018053554776800592,0.018265844024719986,0.011956306109791264,0.0015552138028594954,-0.0390617518697349,0.010769166844436434,0.049830918714171335,-0.0,-0.0,0.03948265033106727,0.025258054747549243,0.004488180936117463,-0.01891817157925676,-0.04672820183740328,0.0035825125980739336,0.050310714435477216,-0.0,-0.0,0.055779017970470655,0.02627251012231103,-0.0014148806510422684,-0.028255758171840464,-0.049370115288081225,0.0030107739818177257,0.05238088926989895,-0.0,-0.0,0.057007591708252814,0.028719759915889136,0.004123198068913991,-0.003873820371233272,-0.0783320879301079,0.007644641391714779,0.08597672932182268
2020-09-04,-0.0,-0.0,0.0031262987205332425,0.00035281698279426686,0.002252806961393626,0.002837174797813232,-0.004978628656318981,0.0035904688062153873,0.008569097462534368,-0.0,-0.0,0.010407098033212422,-0.02155022987342221,0.010590202066402973,-0.017630500358526275,-0.013461170463865245,-0.031644600596198336,-0.01818343013233309,-0.0,-0.0,0.01805734340424666,-0.01798308092306828,0.011603775729129708,0.0014795307261047511,-0.039109297833303205,-0.025951728896890368,0.01315756893641284,-0.0,-0.0,0.039482922276036544,-0.025237758214284044,0.004462876557447472,-0.01892360405639397,-0.046731614652673566,-0.046947178089867564,-0.00021556343719399823,-0.0,-0.0,0.05577768562864504,-0.026371949064891424,-0.001290906737629665,-0.028229142799892144,-0.04935339485916532,-0.049467707832933513,-0.00011431297376819291,-0.0,-0.0,0.05700671987379058,-0.028784829026055374,0.004204321942722903,-0.00385640427121773,-0.07832114670926502,-0.04975133819002464,0.028569808519240375
2020-09-11,-0.0,-0.0,0.003163395291531547,0.001345341805373816,0.00217890157885897,0.0014738716165812746,-0.005288615828462472,0.002872894463883134,0.008161510292345606,-0.0,-0.0,0.010416395325371315,0.022105854943498628,0.010670007470882698,-0.017990289925812263,-0.013534332441356215,0.01166763537258416,0.025201967813940376,-0.0,-0.0,0.018072119776240115,0.01870861735867756,0.011611485206238184,0.0009296544045804301,-0.039231061729082195,0.01009081501665409,0.049321876745736286,-0.0,-0.0,0.03940789181521498,0.022072705590455446,0.004816228035724308,-0.01620378160592409,-0.04609525461825238,0.003997789217218259,0.05009304383547064,-0.0,-0.0,0.05570360818828425,0.02327428923596204,-0.0009214811112734267,-0.02554765473746114,-0.048724170780443395,0.003784590795068342,0.052508761575511737,-0.0,-0.0,0.056863513132078485,0.022008070880167988,0.004322329757218966,0.001437277153686897,-0.07713218379057925,0.007499007132573093,0.08463119092315234
2020-09-18,-0.0,-0.0,0.0031617040986318115,0.001484115374055222,0.0023457584216066674,0.001505907014639166,-0.005266954812542186,0.00323053009639068,0.008497484908932866,-0.0,-0.0,0.010416913556918334,0.0220633306157334,0.010618877596957227,-0.018000106519707206,-0.013540970017585412,0.01155804523231634,0.02509901524990175,-0.0,-0.0,0.018072657208975235,0.018664517446367584,0.011558460900504702,0.0009194740924461503,-0.039237945236595226,0.00997716441169845,0.049215109648293676,-0.0,-0.0,0.03940261042539434,0.022506078574177205,0.0053373016701566455,-0.016103738952463614,-0.04602760989895164,0.005114641818312941,0.05114225171726458,-0.0,-0.0,0.05570148041362161,0.023448887227317618,-0.000711550143406136,-0.025507349395411237,-0.04869691796921764,0.004234550132904198,0.05293146810212184,-0.0,-0.0,0.05686099622694546,0.022214599601640444,0.004570653200429772,0.0014849535942773422,-0.07709994694629888,0.008031255676994156,0.08513120262329303
2020-09-25,-0.0,-0.0,0.0031641167495990324,0.00128614139677803,0.002107720925644354,0.0014602054071396987,-0.005297856356073495,0.00272032812308762,0.008018184479161115,-0.0,-0.0,0.010417494971757597,0.0220156216807318,0.010561513919270897,-0.018011119962239645,-0.013548416853538607,0.01143509375598204,0.024983510609520646,-0.0,-0.0,0.018073877827569196,0.0185643576134411,0.011438031962551701,0.0008963525416515744,-0.03925357907635454,0.009719040868859032,0.04897261994521357,-0.0,-0.0,0.03940061656709985,0.022669687841348835,0.005534020152097507,-0.01606597031936148,-0.046002072305773176,0.00553628193541153,0.051538354241184706,-0.0,-0.0,0.055698211805463686,0.023717098156281743,-0.00038906201239811267,-0.025445433830693243,-0.048655053216026596,0.004925760902627481,0.05358081411865408,-0.0,-0.0,0.0568530317626899,0.02286813659765723,0.005356444909977299,0.001635820348025095,-0.07699793706495243,0.009715496553397096,0.08671343361834953
2020-10-02,-0.0,-0.0,0.003164116749599032,0.0012861413967780301,0.0021077209256443546,0.0014602054071396985,-0.005297856356073495,0.00272032812308762,0.008018184479161115,-0.0,-0.0,0.010417639828969096,0.022003735187953486,0.010547221985474147,-0.01801386391796036,-0.013550272203312726,0.011404460881123648,0.024954733084436374,-0.0,-0.0,0.018070539080015827,0.01883832394394042,0.01176744020189184,0.000959596720895502,-0.03921081596877608,0.010425083977967507,0.04963589994674359,-0.0,-0.0,0.03939571881254416,0.023071581012923562,0.006017243480343586,-0.0159731946715888,-0.04593934123622981,0.006572007397992706,0.052511348634222514,-0.0,-0.0,0.055693573546230925,0.024097698019431228,6.855893169623678e-05,-0.02535757366947792,-0.04859564579591577,0.005906611031964694,0.054502256827880464,-0.0,-0.0,0.05684243579089037,0.023737606201329337,0.006401866990797906,0.0018365343969432902,-0.0768622224969241,0.0119562208830368,0.0888184433799609
2020-10-09,-0.0,-0.0,0.003163176537140408,0.0013632920507466793,0.0022004843723110773,0.001478015368602787,-0.005285813994118298,0.0029191543346826516,0.00820496832880095,-0.0,-0.0,0.010418316628125028,0.02194819933857609,0.01048044747953278,-0.018026684176588665,-0.013558940733847436,0.011261338535797798,0.024820279269645234,-0.0,-0.0,0.018067212462969908,0.019111294886032037,0.01209565161846092,0.0010226111181704084,-0.03916820823029535,0.011128561855337928,0.050296770085633276,-0.0,-0.0,0.03939237805681691,0.023345712127378442,0.0063468498505729444,-0.015909912452538876,-0.045896552407702504,0.007278475174526913,0.05317502758222942,-0.0,-0.0,0.05568568535070217,0.0247449766617149,0.0008468257994844773,-0.025208151635030127,-0.04849461277422031,0.007574723402651105,0.05606933617687142,-0.0,-0.0,0.05683304964849675,0.024507801296351276,0.007327924618891047,0.002014331269112195,-0.07674200357934849,0.013941103253502785,0.09068310683285127
2020-10-16,-0.0,-0.0,0.0031611387162079957,-0.0014166350154337188,0.0023154268397916223,-0.0,-0.0037311993033135914,0.0003287312372523077,0.004059930540565899,-0.0,-0.0,0.010429081219920349,-0.02243372004016943,0.010453521598519385,-0.0,-0.03207041905979699,-0.033621536281526684,-0.0015511172217296965,-0.0,-0.0,0.01806373923747647,-0.019314574343619745,0.01237652827192741,-0.0,-0.03802678198231632,-0.026901088816532186,0.011125693165784137,-0.0,-0.0,0.03939982392240929,-0.023939900329539368,0.00652359713797028,-0.0,-0.06216878903058113,-0.04018526829974093,0.0219835207308402,-0.0,-0.0,0.055696921904795915,-0.02573165465218955,0.0011816062534805642,-0.0,-0.07425894953867591,-0.043112076032588986,0.03114687350608693,-0.0,-0.0,0.056827818939106635,-0.024778331941206957,0.007723998415235534,-0.0,-0.07454501518096131,-0.03477152976782609,0.03977348541313522
2020-10-23,-0.0,-0.0,0.003180978936878978,0.0022245183272945595,0.0022000238527043322,-0.0,-0.0046156360102844775,0.0029898851065933924,0.00760552111687787,-0.0,-0.0,0.01040052789421649,0.02125605485717783,0.010608270550644613,-0.0,-0.030796003844595448,0.011468849457443479,0.04226485330203893,-0.0,-0.0,0.018028108093068963,0.01812871287374663,0.01278419410626581,-0.0,-0.03646610664282973,0.012474908430251674,0.048941015073081406,-0.0,-0.0,0.039280889241302526,0.018609528921448876,0.006846803092669318,-0.0,-0.056815998864621214,0.00792122239079951,0.06473722125542072,-0.0,-0.0,0.05559287094745079,0.021837405932817248,0.0020459503543755666,-0.0,-0.0696563687646744,0.00981985846996919,0.07947622723464359,-0.0,-0.0,0.05673401099062694,0.020936608494622453,0.0082530721714902,-0.0,-0.07036095807746283,0.01556273357927676,0.08592369165673959
2020-10-30,-0.0,-0.0,0.003181185234541789,0.0022064749163498306,0.0021788266396923477,-0.0,-0.004622069561632061,0.0029444172289519064,0.007566486790583967,-0.0,-0.0,0.01039729725204122,0.02153861648967019,0.01094022104112018,-0.0,-0.030695253782588538,0.01218088100024305,0.04287613478283159,-0.0,-0.0,0.01802343277550193,0.018537630139259104,0.013264585890718234,-0.0,-0.036320303267146054,0.013505345538333213,0.04982564880547927,-0.0,-0.0,0.03927644725293206,0.018998038517181653,0.007303220157224077,-0.0,-0.056677472039464195,0.008900233887873595,0.06557770592733779,-0.0,-0.0,0.05558291371481654,0.02270829529647739,0.003069062193258242,-0.0,-0.06934584480352657,0.012014426401025596,0.08136027120455216,-0.0,-0.0,0.056727636091212716,0.02149417627456659,0.008908097046570626,-0.0,-0.07016215193415552,0.0169677574781944,0.08712990941234992
2020-11-06,-0.0,-0.0,0.0031805832395363064,0.0022591272010268415,0.002240682000482232,-0.0,-0.004603295884189645,0.003077096556855735,0.00768039244104538,-0.0,-0.0,0.010392467417009386,0.021961048315053636,0.011436489591070324,-0.0,-0.03054463166087416,0.013245373662259186,0.043790005323133346,-0.0,-0.0,0.018018638932722618,0.01895691397452884,0.013757156214362675,-0.0,-0.036170803591520195,0.014561905530093934,0.05073270912161413,-0.0,-0.0,0.039272264738344435,0.019363853759379622,0.007732976129398874,-0.0,-0.05654703710387358,0.009822057523249349,0.06636909462712293,-0.0,-0.0,0.05557162041595121,0.023696041010947164,0.004229455667387258,-0.0,-0.06899365458894542,0.014503462505340223,0.08349711709428564,-0.0,-0.0,0.05671964809204241,0.022192830586448636,0.009728868923688043,-0.0,-0.06991304003377953,0.018728307568399563,0.0886413476021791
2020-11-13,-0.0,-0.0,0.003179665657685374,0.002339381655614347,0.0023349641056929988,-0.0,-0.004574680388148295,0.003279331030844425,0.00785401141899272,-0.0,-0.0,0.010387075521962899,0.022432639591309433,0.0119905101566945,-0.0,-0.03037648126513361,0.014433744004833226,0.044810225269966836,-0.0,-0.0,0.01801616571403111,0.019173229082507397,0.014011280971348928,-0.0,-0.03609367436364294,0.015107001404244487,0.05120067576788743,-0.0,-0.0,0.039269419307430345,0.01961272366220619,0.008025345923483078,-0.0,-0.05645830015144212,0.010449188741677502,0.06690748889311962,-0.0,-0.0,0.055564257808868825,0.024339996659307098,0.004985968118961424,-0.0,-0.06876404602202961,0.016126176565107744,0.08489022258713735,-0.0,-0.0,0.05671244775160446,0.02282259390849967,0.010468708376746192,-0.0,-0.06968849187702288,0.020315258159827446,0.09000375003685032
2020-11-20,-0.0,-0.0,0.003169835230813799,0.0020510314825068553,0.0024767948013256773,-0.0,-0.00414815512530712,0.00354950638933921,0.0076976615146463305,-0.0,-0.0,0.010382386542906984,0.022197111225127044,0.01198406011054144,-0.0,-0.03016279686712754,0.014400761011447927,0.044563557878575466,-0.0,-0.0,0.018056089243088682,0.021487271854734685,0.014299625313679327,-0.0,-0.03794530419672232,0.015897682214780377,0.053842986411502695,-0.0,-0.0,0.039210952256679296,0.017415202326736212,0.00850398547552423,-0.0,-0.053871100904810676,0.011259039154129069,0.06513014005893975,-0.0,-0.0,0.055573597584903586,0.02511323312929154,0.005228780066652385,-0.0,-0.06922144619301157,0.016694164587835944,0.08591561078084752,-0.0,-0.0,0.05666463651545932,0.020981572041906194,0.01082683602575957,-0.0,-0.06756822065136638,0.0209048239317587,0.08847304458312508
2020-11-27,-0.0,-0.0,0.00316847101075847,0.0021610344646624657,0.0026099244857275975,-0.0,-0.004104637582088606,0.0038347923790599276,0.007939429961148534,-0.0,-0.0,0.010380873983852143,0.02231907542442881,0.012131665703073538,-0.0,-0.03011454742688311,0.014717067684471376,0.044831615111354486,-0.0,-0.0,0.018054997481733375,0.021575305309760446,0.014406166662420334,-0.0,-0.037910477871029254,0.0161259915828849,0.05403646945391415,-0.0,-0.0,0.039203948754310165,0.017979925109639302,0.00918743390927771,-0.0,-0.05364769470590689,0.012723613067320276,0.06637130777322717,-0.0,-0.0,0.055570344055927846,0.02537557928705547,0.005546281106194763,-0.0,-0.06911766118614189,0.017374543263036182,0.08649220444917807,-0.0,-0.0,0.0566591604995906,0.021423126960804784,0.011361222147364248,-0.0,-0.06739354006644062,0.02204996954131902,0.08944350960775964
2020-12-04,-0.0,-0.0,0.003167167173877715,-0.0022661684894611095,0.002737161577550691,-0.0,-0.004063046214488777,-0.0004248859525214808,0.0036381602619672965,-0.0,-0.0,0.010380894425748828,-0.022317427105605636,0.012129670846566727,-0.0,-0.03011519950725602,-0.0299220613405461,0.00019313816670991912,-0.0,-0.0,0.018055978437390995,-0.021496206598903757,0.014310438472087692,-0.0,-0.03794176958240635,-0.02707155927183142,0.01087021031057493,-0.0,-0.0,0.03919755130209134,-0.018495779439387024,0.009811739930541127,-0.0,-0.05344362102854514,-0.022930109235299697,0.030513511793245445,-0.0,-0.0,0.05556700211979188,-0.02564505409773284,0.005872409505595772,-0.0,-0.0690110560606248,-0.033216698532969983,0.035794357527654815,-0.0,-0.0,0.056653693186102735,-0.021863980168979395,0.011894759032653744,-0.0,-0.06721913708059596,-0.02053466503081887,0.04668447204977709
2020-12-11,-0.0,-0.0,0.0031965794903110944,0.0036678170436309507,0.0027203459047088533,-0.0,-0.005395500356776772,0.0041892420818741265,0.009584742438650899,-0.0,-0.0,0.010364656649836332,0.021456966749752233,0.012073430547872,-0.0,-0.029370533556486517,0.014524520390974047,0.043895053947460565,-0.0,-0.0,0.018016960461978634,0.019451083644431176,0.014192304556625419,-0.0,-0.036154751117806194,0.015505597545229038,0.05166034866303523,-0.0,-0.0,0.03915079166579919,0.016641157167284565,0.010121084200671034,-0.0,-0.051364333255713365,0.014548699778041421,0.06591303303375479,-0.0,-0.0,0.05553565132310454,0.024734601170717033,0.006331643299214912,-0.0,-0.06765175417981348,0.018950141613223018,0.0866018957930365,-0.0,-0.0,0.05661644007316721,0.020966193820163813,0.012579652099897547,-0.0,-0.06562315537916798,0.0245391306140606,0.09016228599322858
2020-12-18,-0.0,-0.0,0.0031962631948916076,0.003695481187547724,0.0027528454555528913,-0.0,-0.005385636440751093,0.00425895339724113,0.009644589837992223,-0.0,-0.0,0.010363548970071877,0.02155384773673348,0.012187245331791934,-0.0,-0.02933598971074372,0.01476865232785357,0.04410464203859729,-0.0,-0.0,0.018011255271911494,0.019950076640742366,0.014778516380248899,-0.0,-0.03597683037578638,0.016763017917116374,0.052739848292902756,-0.0,-0.0,0.039148564409742494,0.016835959647168528,0.010349936144131856,-0.0,-0.05129487456185498,0.015039585639187905,0.06633446020104289,-0.0,-0.0,0.05553097246309846,0.02514382826855047,0.006812399071481249,-0.0,-0.0675058403304421,0.019981359472688073,0.08748719980313018,-0.0,-0.0,0.05661092641476802,0.021448434883630414,0.013146183925656045,-0.0,-0.06545120769958396,0.025754337524470525,0.09120554522405448
2020-12-25,-0.0,-0.0,0.0031964334677011996,0.003680588618071562,0.0027353498185888475,-0.0,-0.0053909465293322315,0.004221425375029378,0.00961237190436161,-0.0,-0.0,0.010364035509060487,0.021511293580799628,0.012137253148460411,-0.0,-0.029351162803463938,0.014661419434856587,0.044012582238320525,-0.0,-0.0,0.018005926286215095,0.020416165676980774,0.015326072971070926,-0.0,-0.035810641856532884,0.017937523077733913,0.0537481649342668,-0.0,-0.0,0.03914688613476186,0.01698274659929026,0.010522379940985755,-0.0,-0.05124253626525889,0.015409476409778994,0.06665201267503788,-0.0,-0.0,0.055527118307470896,0.025480924253470122,0.0072084159565211706,-0.0,-0.06738564552167287,0.020830812995789316,0.08821645851746218,-0.0,-0.0,0.05660777612417666,0.02172396872613633,0.013469878240965934,-0.0,-0.06535296346354733,0.026448659627731602,0.09180162309127893
2021-01-01,-0.0,-0.0,0.0030467408767733124,0.003591947257946668,0.002971581618472376,-0.0,-0.005476066446465594,0.004134203306726763,0.009610269753192357,-0.0,-0.0,0.009883287156527254,0.02157476055042846,0.01329593557347126,-0.0,-0.029498983587826953,0.015254999692600024,0.04475398328042698,-0.0,-0.0,0.017961327710153626,0.02079948056162313,0.015867214364478743,-0.0,-0.03568824748764162,0.018939775148613877,0.0546280226362555,-0.0,-0.0,0.03937716230493634,0.017007302266154576,0.010030519290407042,-0.0,-0.0511519125948786,0.015263071266619369,0.06641498386149797,-0.0,-0.0,0.05596197090235263,0.02559954535178518,0.006362601501764224,-0.0,-0.0671884572904696,0.02073566046543243,0.08792411775590203,-0.0,-0.0,0.056797431866165565,0.021812348664286333,0.013143090065299755,-0.0,-0.06525374736507902,0.026499123230672633,0.09175287059575166
2021-01-08,-0.0,-0.0,0.002971318642336898,0.0038247264067961004,0.0034093769775202665,-0.0,-0.005418903321166011,0.004786518705487254,0.010205422026653265,-0.0,-0.0,0.009699660535864123,0.02155354829466,0.013686280581799881,-0.0,-0.02957183684071787,0.015367652571606136,0.04493948941232401,-0.0,-0.0,0.01811848048384191,0.02094711048429526,0.01568190982915637,-0.0,-0.03557920612133073,0.01916829467596281,0.05474750079729354,-0.0,-0.0,0.039725310519938536,0.017106867270215147,0.009358630181175564,-0.0,-0.05099238409007831,0.015198423881250936,0.06619080797132924,-0.0,-0.0,0.05652850726215623,0.025854865916176892,0.0053764450396873685,-0.0,-0.0668952131804158,0.02086460503760469,0.0877598182180205,-0.0,-0.0,0.057220152053404104,0.021993937669017295,0.01239702450184316,-0.0,-0.06503815975927608,0.026572954464988474,0.09161111422426456
2021-01-15,-0.0,-0.0,0.002859527535085637,0.0037443381583605767,0.003569491560775757,-0.0,-0.005487588624725344,0.004685768629496627,0.01017335725422197,-0.0,-0.0,0.010140011266724012,0.02154167302572069,0.012678112600777877,-0.0,-0.029419755815350848,0.014940041077871731,0.04435979689322258,-0.0,-0.0,0.01825625821794123,0.020793194464416177,0.015193896945933106,-0.0,-0.03558578794636915,0.018657561681921363,0.05424334962829051,-0.0,-0.0,0.04014889182906578,0.017070123424976217,0.008359762430375879,-0.0,-0.050855225786226615,0.014723551898191259,0.06557877768441787,-0.0,-0.0,0.05716476046565069,0.025819191242563818,0.003898490336744245,-0.0,-0.06668215196943811,0.02020029007552064,0.08688244204495875,-0.0,-0.0,0.05783309376722464,0.022156556479394334,0.011199551130155916,-0.0,-0.06476186769918839,0.026427333677586498,0.09118920137677489
2021-01-22,-0.0,-0.0,0.002697388615961361,0.005527073088987857,0.004066345679267902,-0.0,-0.007173160600932503,0.005117646783284618,0.01229080738421712,-0.0,-0.0,0.01040721995724954,0.018486088002495602,0.011711227139116506,-0.0,-0.026699629878389135,0.013904905220472517,0.04060453509886165,-0.0,-0.0,0.018310553106611123,0.01995649151955152,0.014725694996312171,-0.0,-0.03513904259821025,0.017853697024264564,0.05299273962247481,-0.0,-0.0,0.04046560875844515,0.013417677423441257,0.007175050069592544,-0.0,-0.04764620135680872,0.013412134894670226,0.06105833625147895,-0.0,-0.0,0.05745979984551376,0.022329098195925795,0.0026845268245765754,-0.0,-0.06373579443440028,0.01873763043161586,0.08247342486601614,-0.0,-0.0,0.05826618623011146,0.01738687339794684,0.009862593122427142,-0.0,-0.060263325158739535,0.0252523275917459,0.08551565275048544
2021-01-29,-0.0,-0.0,0.0028462313655160123,0.00532938732436885,0.003553533448631295,-0.0,-0.007131817700423193,0.004597334438092964,0.011729152138516157,-0.0,-0.0,0.010806430739228622,0.018654278216391026,0.011067524250075615,-0.0,-0.02642064874311347,0.014107584462581792,0.04052823320569526,-0.0,-0.0,0.01893692570522515,0.019675459945648247,0.013144793455449347,-0.0,-0.034832469548606644,0.0169247095577161,0.05175717910632274,-0.0,-0.0,0.041293709501547184,0.013251750359133022,0.005300425534873936,-0.0,-0.04719140602967721,0.01265447936587693,0.05984588539555414,-0.0,-0.0,0.05816619411894302,0.022205772647386816,0.0011045007907575428,-0.0,-0.06334345653831698,0.018133011018770392,0.08147646755708737,-0.0,-0.0,0.059214762966217596,0.01745203693951719,0.007982641789010824,-0.0,-0.05968093378608648,0.024968507908659135,0.08464944169474561
2021-02-05,-0.0,-0.0,0.003370665479760595,-0.00020272980403996855,0.0021003757411948427,-0.0,-0.0017317168728626037,0.003536594544052865,0.005268311416915469,-0.0,-0.0,0.010900050916628141,0.017634768431841155,0.010768461250434685,-0.0,-0.02547166032858261,0.013831620270321376,0.039303280598903985,-0.0,-0.0,0.019170443744980954,0.01703935741610538,0.012283213082762541,-0.0,-0.03250919208338006,0.01598382216046882,0.04849301424384888,-0.0,-0.0,0.041836136571947076,0.007459096518081494,0.003709589113147932,-0.0,-0.04163929751751739,0.011365524685659115,0.0530048222031765,-0.0,-0.0,0.05857531183153151,0.017808937964355707,-0.00012989278258809656,-0.0,-0.059168938543149065,0.017085418470150056,0.07625435701329912,-0.0,-0.0,0.060099687023787964,0.008060349102060894,0.005460007046693387,-0.0,-0.05059560598222236,0.02302443719031988,0.07362004317254224
2021-02-12,-0.0,-0.0,0.003367019615726773,-0.00022600131670898183,0.002085127164384544,-0.0,-0.0017375484142293108,0.0034885970491730246,0.005226145463402335,-0.0,-0.0,0.010495194018192227,0.017537542138861772,0.011423564887311072,-0.0,-0.025825210003313667,0.0136310910410514,0.039456301044365066,-0.0,-0.0,0.019040378247909946,0.016906979650729213,0.012398166960806407,-0.0,-0.0326347318400651,0.01571079301938047,0.04834552485944557,-0.0,-0.0,0.04194344638268494,0.007296932988030745,0.0033584881319797264,-0.0,-0.041567805097765954,0.01103106240492946,0.052598867502695414,-0.0,-0.0,0.05879342990649171,0.017901897424706836,-0.00044451486118158906,-0.0,-0.058973665112892676,0.01727714735712428,0.07625081247001696,-0.0,-0.0,0.06074515340202381,0.008145520304502463,0.004349624562645092,-0.0,-0.05004019547381573,0.023200102795355643,0.07324029826917137
2021-02-19,-0.0,-0.0,0.003025414065764569,0.00010561588804051558,0.003028486781977367,-0.0,-0.001986959201813584,0.004172557533968867,0.006159516735782451,-0.0,-0.0,0.010149917953016173,0.01735521527904522,0.011888390548057619,-0.0,-0.02613848188743923,0.01325504189267978,0.03939352378011901,-0.0,-0.0,0.018925526657060994,0.016716580674108406,0.012430264913289432,-0.0,-0.03275427711435876,0.01531809513010008,0.04807237224445884,-0.0,-0.0,0.04190726881972106,0.007081387679106196,0.0032216968758577796,-0.0,-0.041623853169412466,0.010586500205272568,0.052210353374685034,-0.0,-0.0,0.059039135925279186,0.017977064145940937,-0.0008268346485322844,-0.0,-0.05875718670301821,0.01743217871966963,0.07618936542268784,-0.0,-0.0,0.0616326723185099,0.008074890527553336,0.0026455650101714022,-0.0,-0.04929869897583655,0.02305442888039809,0.07235312785623464
2021-02-26,-0.0,-0.0,0.0029099736083686577,-0.00024158617289858278,0.0026704446232393426,-0.0,-0.0018823787754274407,0.003456453283281977,0.0053388320587094175,-0.0,-0.0,0.009644396161042401,0.016774343786085374,0.01125085848269493,-0.0,-0.0256126039913726,0.012056994438450104,0.037669598429822704,-0.0,-0.0,0.018018785675494118,0.016164100195416052,0.01177136625272036,-0.0,-0.031775647980833426,0.014178604142797112,0.04595425212363054,-0.0,-0.0,0.04441338044699271,0.006636758513953147,0.0030904804653208817,-0.0,-0.044471166874122336,0.009669452552144402,0.05414061942626674,-0.0,-0.0,0.05992445689654165,0.01767495994109841,-0.0010168024053655593,-0.0,-0.05977352563509258,0.016809088797181924,0.0765826144322745,-0.0,-0.0,0.05998419704278063,0.007647791799048516,0.0020193480718918265,-0.0,-0.047477799160864115,0.022173537752856853,0.06965133691372097
2021-03-05,-0.0,-0.0,0.004235422631718862,-0.00028817822000216014,0.0027877677768822005,-0.0,-0.003374655002468059,0.0033603571861308434,0.006735012188598902,-0.0,-0.0,0.009843263190247635,0.016534585258663297,0.011037970401053086,-0.0,-0.025853326374321972,0.011562492475642047,0.03741581884996402,-0.0,-0.0,0.017606514531592624,0.016016508790501705,0.011574375794341485,-0.0,-0.03132320224627457,0.01387419687016124,0.04519739911643581,-0.0,-0.0,0.047220359572200304,0.006509933979266786,0.0033110639282240544,-0.0,-0.04763348053033737,0.009407876949353779,0.05704135747969115,-0.0,-0.0,0.05931330062733202,0.01760376504353279,-0.0011626709661726208,-0.0,-0.0590921453837394,0.016662249320952796,0.0757543947046922,-0.0,-0.0,0.05838855533613314,0.00757741782927571,0.0017528819157539416,-0.0,-0.04569046364096234,0.022028391440200454,0.0677188550811628
2021-03-12,-0.0,-0.0,0.004203453050788095,-0.0003952125071412814,0.002677837928273639,-0.0,-0.003346479503014049,0.0031395989689064043,0.006486078471920453,-0.0,-0.0,0.009112873832484814,0.016438490958155808,0.010852741734018375,-0.0,-0.025039808543813623,0.011364297980845373,0.036404106524658995,-0.0,-0.0,0.016293703406302734,0.015845002754399005,0.011242646627291072,-0.0,-0.02986088711729339,0.013520465670699418,0.04338135278799281,-0.0,-0.0,0.04857639227491265,0.006614069065473816,0.0035814114424120194,-0.0,-0.04914921721814271,0.009622655564655774,0.05877187278279848,-0.0,-0.0,0.05681474854208269,0.01771003732128301,-0.001365569239353344,-0.0,-0.05627778073019972,0.016881435893812635,0.07315921662401235,-0.0,-0.0,0.0563102642106154,0.007545511165764275,0.0014649846004752493,-0.0,-0.0433581760301468,0.021962583946708136,0.06532075997685494
2021-03-19,-0.0,-0.0,0.0023490379219114755,-0.0004835010501870581,0.0023617195221515364,-0.0,-0.0012697525450014657,0.0029575038488744883,0.004227256393875954,-0.0,-0.0,0.008724031496233572,0.016368227811918833,0.010735212410461268,-0.0,-0.024608091476882074,0.011219380241731601,0.035827471718613675,-0.0,-0.0,0.01696352890067731,0.01569570708719114,0.011177416855782283,-0.0,-0.03062410948656754,0.01321254335708319,0.04383665284365073,-0.0,-0.0,0.05097941629483024,0.006779405721977879,0.004041480786091241,-0.0,-0.05183664038420396,0.00996366241869541,0.061800302802899366,-0.0,-0.0,0.05195201951610833,0.01776682784234656,-0.0019090245221496651,-0.0,-0.05081125649279904,0.01699856634350619,0.06780982283630523,-0.0,-0.0,0.051278092061569754,0.007357717141739141,0.0006584410179658356,-0.0,-0.03771899144911843,0.021575258772156297,0.05929425022127473
2021-03-26,-0.0,-0.0,0.0033742833047512404,-0.00048622466447118695,0.002485459715431429,-0.0,-0.002421631961298006,0.0029518863944134766,0.005373518355711483,-0.0,-0.0,0.008898071084573335,0.016337866105554877,0.010726610938212871,-0.0,-0.02480578890598515,0.011156759222355934,0.035962548128341085,-0.0,-0.0,0.021910934883615174,0.015724050528148566,0.011815615973439074,-0.0,-0.03617959968114491,0.013271001704057907,0.04945060138520282,-0.0,-0.0,0.05614464939970377,0.007001727895216556,0.004898624334384804,-0.0,-0.057622799728304946,0.010422201901000183,0.06804500162930513,-0.0,-0.0,0.05026807625620548,0.017890965696259507,-0.0019937713249315557,-0.0,-0.048910669960331776,0.01725460066720165,0.06616527062753343,-0.0,-0.0,0.048528442239670476,0.007346832038035409,0.0003085651112348584,-0.0,-0.034631031143173396,0.02155280824576735,0.05618383938894075
2021-04-02,-0.0,-0.0,0.003362865830776968,-0.00038907720874297477,0.0026065240427832837,-0.0,-0.00242805964296436,0.0031522530218529173,0.005580312664817277,-0.0,-0.0,0.008923669978606517,0.01637397252153927,0.010542459582381258,-0.0,-0.024608873377203296,0.01123122870532375,0.035840102082527046,-0.0,-0.0,0.02190490394636428,0.015763482807296204,0.011875479801858276,-0.0,-0.03619153577571884,0.013352330779799915,0.049543866555518755,-0.0,-0.0,0.05628084876586061,0.0071529805682097585,0.003904800879164701,-0.0,-0.05660446967418639,0.010734160539048673,0.06733863021323507,-0.0,-0.0,0.050471155847596406,0.018038324689539996,-0.0035024778191716423,-0.0,-0.04744847412712209,0.017558528590842677,0.06500700271796477,-0.0,-0.0,0.04881998581454339,0.00744365396489791,-0.001896790515608748,-0.0,-0.0326143457939113,0.021752503469921254,0.054366849263832555
2021-04-09,-0.0,-0.0,0.003370880990321528,0.00046441276462322453,0.002519082470375147,-0.0,-0.0024286772582235512,0.003925698967096349,0.0063543762253199,-0.0,-0.0,0.008959325102149274,-0.016248740961163438,0.01022563082058447,-0.0,-0.02446075827184857,-0.021524543310278265,0.0029362149615703055,-0.0,-0.0,0.02192767409883872,-0.01588766316729848,0.01174332455839465,-0.0,-0.03595020905222725,-0.01816687356229236,0.01778333548993489,-0.0,-0.0,0.05644579590533942,-0.007330361250968511,0.002699217096436511,-0.0,-0.055375366055505845,-0.0035607143046984258,0.05181465175080742,-0.0,-0.0,0.05067008582689255,-0.018082826160133,-0.005014678493964883,-0.0,-0.04608792061911988,-0.01851533944632521,0.027572581172794666,-0.0,-0.0,0.04911692508244598,-0.007269464242457618,-0.004236737611235281,-0.0,-0.030756414546280173,0.0068543086824729045,0.03761072322875308
2021-04-16,-0.0,-0.0,0.003415702892476074,0.00013109016756326718,0.002177113084848837,-0.0,-0.002713839956647304,0.0030100661882408748,0.005723906144888179,-0.0,-0.0,0.008940338949841727,0.01558197029724638,0.010370913741202269,-0.0,-0.023923306012418252,0.010969916975872122,0.034893222988290375,-0.0,-0.0,0.02196035450633686,0.012709873928824944,0.011497716425434288,-0.0,-0.03252750782631744,0.013640437034278655,0.0461679448605961,-0.0,-0.0,0.056682405098659364,0.006118397384510916,0.000898498541010165,-0.0,-0.0525026806101164,0.011196620414064051,0.06369930102418045,-0.0,-0.0,0.050948968613386936,0.017968677874474672,-0.007138477395148122,-0.0,-0.044023121248096375,0.017756047844617116,0.06177916909271349,-0.0,-0.0,0.04940784827662068,0.006575648426467392,-0.006451635687892356,-0.0,-0.028024765147558302,0.021507095867637414,0.049531861015195716
2021-04-23,-0.0,-0.0,0.0034018673483999034,0.00019306485296867159,0.0023045823664390114,-0.0,-0.0027620559706778318,0.0031374585971297546,0.005899514567807586,-0.0,-0.0,0.008848226795785919,0.015610661653108393,0.011088032941549184,-0.0,-0.0245180277386328,0.011028893651810694,0.03554692139044349,-0.0,-0.0,0.02195628667146974,0.01291067089170338,0.011597743138118441,-0.0,-0.03241151435442947,0.014053186346862097,0.046464700701291564,-0.0,-0.0,0.056831064209825276,0.006247559837310914,-0.00019874096301474495,-0.0,-0.05141776207263518,0.011462121011486262,0.06287988308412144,-0.0,-0.0,0.051171388643380944,0.017958192127208637,-0.008849937821943403,-0.0,-0.04254514914007593,0.017734493808570256,0.060279642948646184,-0.0,-0.0,0.049673279697540755,0.006764521597675951,-0.0084250632634188,-0.0,-0.026117402867787326,0.021895335164010585,0.04801273803179791
2021-04-30,-0.0,-0.0,0.0033990836073868424,0.00012809967776460763,0.0023037009328450786,-0.0,-0.0028269651476751246,0.003003919070321404,0.0058308842179965285,-0.0,-0.0,0.008795913132153419,0.015557593925431927,0.011471546534033922,-0.0,-0.024905243602254646,0.010919809989364624,0.03582505359161927,-0.0,-0.0,0.022054180710801913,0.012931677710911148,0.010853253545329435,-0.0,-0.03174274493625333,0.014096367030789168,0.045839111967042497,-0.0,-0.0,0.057000639398838863,0.006320503416946312,-0.0014758462343088285,-0.0,-0.050233235989628436,0.011612060591847911,0.06184529658147635,-0.0,-0.0,0.051486265024162245,0.017981455155335585,-0.011259768861825255,-0.0,-0.04042563906239694,0.017782312255275635,0.05820795131767258,-0.0,-0.0,0.04996328195421234,0.007074156816189729,-0.010545787573449785,-0.0,-0.02395984363933005,0.022531807557622234,0.04649165119695228
2021-05-07,-0.0,-0.0,0.0033568898104478287,5.62486971706081e-05,0.0026030734027619163,-0.0,-0.0031599865223910593,0.002856225387989294,0.006016211910380353,-0.0,-0.0,0.008767180663725707,0.015747940808573408,0.011757382277362607,-0.0,-0.02496142516717292,0.011311078582488806,0.036272503749661726,-0.0,-0.0,0.0221741158944683,0.013141200583514168,0.010004103654880806,-0.0,-0.030792367197278986,0.01452705293558429,0.045319420132863275,-0.0,-0.0,0.05715312469856817,0.00645408998269814,-0.002600949732191064,-0.0,-0.04911960974984859,0.011886655199226652,0.06100626494907524,-0.0,-0.0,0.05179549427090357,0.01790012246165372,-0.01366207169912282,-0.0,-0.03841841664850491,0.017615128384929547,0.05603354503343446,-0.0,-0.0,0.05021409148442672,0.007268635689288373,-0.012405019444828167,-0.0,-0.022146138043228618,0.022931569685658314,0.04507770772888693
2021-05-14,-0.0,-0.0,0.003325459016215308,0.00015413683594843708,0.002877952752581012,-0.0,-0.003300108709267703,0.003057439895477054,0.006357548604744757,-0.0,-0.0,0.008784728197759583,0.015975837258802528,0.011700717919614835,-0.0,-0.0246817509793283,0.011779532396848647,0.03646128337617695,-0.0,-0.0,0.022413780925685092,0.013266994281601734,0.008206914582911434,-0.0,-0.02910206091965622,0.014785628870542043,0.04388768979019826,-0.0,-0.0,0.05745616169727823,0.006402778244563346,-0.004945419993684039,-0.0,-0.04713233887731905,0.011781181070838483,0.05891351994815753,-0.0,-0.0,0.05214826803445116,0.01803361643553197,-0.016325136194042477,-0.0,-0.03596721561137245,0.017889532664568206,0.053856748275940655,-0.0,-0.0,0.05050320803076816,0.007512819849723628,-0.014541365812499374,-0.0,-0.02004115827477274,0.023433503793219675,0.043474662067992415
2021-05-21,-0.0,-0.0,0.0033547314187947178,0.00013568576772601503,0.0026468613191907285,-0.0,-0.0031177658060249436,0.003019512699686518,0.006137278505711462,-0.0,-0.0,0.008862002726459808,0.01608355550490434,0.011144263404582699,-0.0,-0.02408886839988894,0.012000953236057904,0.036089821635946845,-0.0,-0.0,0.02264150443399016,0.01327716680473409,0.006461808389499374,-0.0,-0.027573940571242857,0.014806539056980768,0.042380479628223625,-0.0,-0.0,0.05776069235300615,0.006336414022093277,-0.007306516276912074,-0.0,-0.04514582437353734,0.011644765724650008,0.05679059009818735,-0.0,-0.0,0.052556538233627256,0.018150725020823814,-0.01941994754672346,-0.0,-0.03315705984005947,0.01813025586766813,0.0512873157077276,-0.0,-0.0,0.05083873002048378,0.007636833943364286,-0.017075209066528898,-0.0,-0.01771193324494924,0.023688421652369923,0.041400354897319164
2021-05-28,-0.0,-0.0,0.0033806281715056366,-0.0003064182673633579,0.002506502943422419,-0.0,-0.0028230865444614614,0.0027576263031032365,0.005580712847564698,-0.0,-0.0,0.009007758194983983,-0.016103046848720673,0.010031747218425861,-0.0,-0.023101533486005677,-0.020165074921316507,0.0029364585646891716,-0.0,-0.0,0.022852140985100147,-0.013314789778072982,0.004857309938310554,-0.0,-0.026140365532639633,-0.011745704387301912,0.01439466114533772,-0.0,-0.0,0.058129891046746686,-0.006381785537314894,-0.010125890873104384,-0.0,-0.04264775631612943,-0.001025541679802025,0.041622214636327405,0.0,-0.0,0.05296034051568333,-0.018465347523079382,-0.022412784873775196,-0.0,-0.030235923264905224,-0.018153715146076475,0.01208220811882875,0.0,-0.0,0.051310511494978006,-0.0077539874920226235,-0.020657680879143003,-0.0,-0.014477580827690045,0.008421262296122337,0.022898843123812383
2021-06-04,-0.0,-0.0,0.003382741469347747,0.000561688056634503,0.0024901540905197758,-0.0,-0.003064851245505027,0.0033697323709969986,0.0064345836165020254,-0.0,-0.0,0.009149639626672213,0.015054779361851137,0.008951597051501782,-0.0,-0.0210592180198086,0.012096798020216532,0.03315601604002513,-0.0,-0.0,0.02300435755069794,0.01345009313108502,0.003697267591942277,-0.0,-0.025215262553763697,0.014936455719961543,0.04015171827372524,-0.0,-0.0,0.058441224864869225,0.008728168234744588,-0.012500553825154548,-0.0,-0.04283519382843046,0.011833645446028808,0.054668839274459265,0.0,-0.0,0.05329133833719026,0.0174606491483515,-0.024934071293977303,-0.0,-0.026919112321840605,0.018898803869723854,0.04581791619156446,0.0,-0.0,0.05181835204738233,0.008634134935171409,-0.024528345243903252,-0.0,-0.011821950911274921,0.024102190827375566,0.03592414173865049
2021-06-11,-0.0,-0.0,0.0034137399737537415,-0.0005449975602543431,0.0022464272739962437,-0.0,-0.0028696479545866544,0.0022455217329089877,0.005115169687495642,-0.0,-0.0,0.009383207905599001,-0.014914296463693019,0.0071101280147766,-0.0,-0.01959882430507623,-0.018019784848393644,0.0015790394566825832,-0.0,-0.0,0.02328858528483216,-0.013115037766303303,0.0014003273837779062,-0.0,-0.02355435821275435,-0.011980483310447588,0.011573874902306762,-0.0,-0.0,0.05878520777727841,-0.00861300166788537,-0.015181199765306649,-0.0,-0.040619455695889733,-0.005628449351803351,0.03499100634408638,0.0,-0.0,0.05362869097742516,-0.017445508867322254,-0.02752963056799001,-0.0,-0.024676802983143536,-0.016023251441030638,0.008653551542112899,0.0,-0.0,0.052333051367546034,-0.008573029717773609,-0.028501378353961625,-0.0,-0.00842777759964796,0.006830865696162841,0.015258643295810802
2021-06-18,-0.0,-0.0,0.0035121696374796688,0.0014593719350871751,0.0014954450299180383,-0.0,-0.00310256799187756,0.003364418610607322,0.006466986602484882,-0.0,-0.0,0.009523280499626838,0.01494998250293411,0.006042627319267101,-0.0,-0.018658741905324336,0.011857148416503711,0.030515890321828047,-0.0,-0.0,0.02348827116131659,0.01424161204400565,-0.00012251086879346896,-0.0,-0.023294996034622654,0.014312376301906116,0.03760737233652877,-0.0,-0.0,0.05912605215111915,0.008520073522055905,-0.017778622165894743,-0.0,-0.03815129670346473,0.011716206803815583,0.049867503507280316,0.0,-0.0,0.05395220884318579,0.016502092434333974,-0.02999420323904404,-0.0,-0.021474837527215556,0.01898526051126016,0.040460098038475716,0.0,-0.0,0.05278386952734061,0.00947559178854831,-0.03193783560869447,-0.0,-0.006193607456203079,0.024128018250991375,0.030321625707194454
2021-06-25,-0.0,-0.0,0.003906181783861276,0.0015600126924653183,0.0015468389132463655,-0.0,-0.0034427586843285233,0.0035702747052444367,0.00701303338957296,-0.0,-0.0,0.010176849414932089,0.014894708581372618,0.005918715255189883,-0.0,-0.019246185129093926,0.011744088122400662,0.030990273251494588,-0.0,-0.0,0.025906664332457405,0.014102871922156935,-0.0005190956133886677,-0.0,-0.025461850952191906,0.014028589689033765,0.03949044064122567,-0.0,-0.0,0.06242111961307648,0.008664942999901814,-0.0180046764743116,-0.0,-0.04106885540289357,0.01201253073577313,0.0530813861386667,0.0,-0.0,0.05771702454791316,0.01642797242432543,-0.03047805239562294,-0.0,-0.02483329317673664,0.018833651399879005,0.04366694457661564,0.0,-0.0,0.05668200641786077,0.00921652101041331,-0.032610437226571976,-0.0,-0.009689989451441436,0.02359810075026067,0.033288090201702106
2021-07-02,-0.0,-0.0,0.004860891554997306,0.0013904636228921448,0.0012822412657596985,-0.0,-0.004310126653440752,0.0032234697902083966,0.007533596443649149,-0.0,-0.0,0.010174119347050991,0.014747048505881882,0.005780027363762825,-0.0,-0.019259139066889724,0.011442056149805972,0.030701195216695697,-0.0,-0.0,0.027741399735194287,0.013724461503686105,-0.001077080110308036,-0.0,-0.027134212750047123,0.013254568378525237,0.04038878112857236,-0.0,-0.0,0.06474817568351725,0.00856468593432748,-0.018354992303120477,-0.0,-0.04315040984944408,0.011807459465280175,0.05495786931472425,-0.0,-0.0,0.062029325984258046,0.01619068609518092,-0.031175701804918007,-0.0,-0.028696017275164798,0.018348292999356156,0.047044310274520953,0.0,-0.0,0.05996746627352104,0.008924412207776853,-0.033246749854483754,-0.0,-0.012644523154673494,0.023000605472140646,0.03564512862681414
2021-07-09,-0.0,-0.0,0.0042233106011593325,0.0013937296411195197,0.0013554413188691231,-0.0,-0.003742331279110851,0.0032301502820371235,0.006972481561147974,-0.0,-0.0,0.010477970912413242,0.014497868226001919,0.005512061332241291,-0.0,-0.01955553125696858,0.010932369213687874,0.030487900470656453,-0.0,-0.0,0.02889027069253888,0.013637185164190232,-0.0012855920890059123,-0.0,-0.02816581517453043,0.013076048593192766,0.041241863767723194,-0.0,-0.0,0.06617148620389814,0.008616595244033421,-0.01846267773255535,-0.0,-0.04441176611660664,0.011913637598769573,0.05632540371537621,-0.0,-0.0,0.06549919025179526,0.01612256997714536,-0.03162145874213714,-0.0,-0.03179133691070189,0.018208964576101598,0.05000030148680349,0.0,-0.0,0.06363504752100903,0.008794381140434994,-0.03377253191348559,-0.0,-0.015922263913562523,0.022734632834395918,0.03865689674795844
2021-07-16,-0.0,-0.0,0.0043559338674831055,0.0013968923824653095,0.0013438314333100282,-0.0,-0.003860038157559479,0.003236619525698965,0.007096657683258444,-0.0,-0.0,0.011082498334942579,0.014331126873648552,0.005288622139144614,-0.0,-0.02011093999113431,0.010591307356601434,0.030702247347735745,-0.0,-0.0,0.03117212107898901,0.01361076825408656,-0.001561432258363561,-0.0,-0.03019944307036767,0.013022014004344343,0.04322145707471201,-0.0,-0.0,0.068576628802099,0.008640493274975802,-0.018704718485693918,-0.0,-0.046549883656592794,0.011962519934788092,0.058512403591380886,-0.0,-0.0,0.06937978724893014,0.01598756770527549,-0.032175349091852316,-0.0,-0.035259182296894634,0.017932823565458673,0.05319200586235331,-0.0,-0.0,0.06838101815225993,0.008644035934253861,-0.034436044283641914,-0.0,-0.02016190125384642,0.022427108549025458,0.04258900980287188
2021-07-23,-0.0,-0.0,0.004037823925046656,0.0014023762664539781,0.0013839813269749925,-0.0,-0.0035763449573452933,0.003247836561130333,0.0068241815184756265,-0.0,-0.0,0.013009051725424565,0.014206104305189827,0.004959045489291934,-0.0,-0.021838622144243182,0.010335579375663144,0.032174201519906326,-0.0,-0.0,0.033898397553259865,0.013731622421901441,-0.0017475316666468984,-0.0,-0.03261327259727597,0.013269215711238437,0.04588248830851441,-0.0,-0.0,0.07341922778981168,0.008564336523632957,-0.019309027303615875,-0.0,-0.050867792248241894,0.011806744761586871,0.06267453700982877,-0.0,-0.0,0.07449605979423768,0.015727954333771443,-0.032982440959278776,-0.0,-0.03983977695407533,0.017401796214655013,0.057241573168730346,-0.0,-0.0,0.07348795638320062,0.008530994455503508,-0.03510414560509644,-0.0,-0.024718917891117013,0.022195887342490672,0.046914805233607686
2021-07-30,-0.0,-0.0,0.0007392041385460941,0.001163266024358885,0.0011509223790346457,-0.0,-0.0002946451123674405,0.002758747429572184,0.0030533925419396245,-0.0,-0.0,0.009991321721652053,0.013974035786144945,0.004733142490311654,-0.0,-0.018837606229582776,0.009860893768525877,0.028698499998108654,-0.0,-0.0,0.03325239910109147,0.013755271490886962,-0.0017260284397895452,-0.0,-0.03196405334529828,0.013317588806890608,0.04528164215218889,-0.0,-0.0,0.06817558070863512,0.008534038115659708,-0.01934623904237599,-0.0,-0.04561860903664094,0.011744770745277903,0.05736337978191884,-0.0,-0.0,0.07243562046684943,0.015621612770019519,-0.03308703570679378,-0.0,-0.03778591815036733,0.01718427937970783,0.05497019753007516,-0.0,-0.0,0.06869946024979125,0.008583466223400768,-0.035061774763408146,-0.0,-0.019917935751139752,0.022303215958644117,0.04222115170978387
2021-08-06,-0.0,-0.0,0.0023720893507717814,0.001240795099407593,0.0012273859473775693,-0.0,-0.001922940769021495,0.0029173296285354487,0.004840270397556944,-0.0,-0.0,0.00996649540600834,0.014110699948107562,0.004863307971437998,-0.0,-0.018800069225740852,0.010140434099813047,0.0289405033255539,-0.0,-0.0,0.03759663212987688,0.014011619098865677,-0.0014748827110425706,-0.0,-0.03629143233085293,0.013841936186847058,0.050133368517699985,-0.0,-0.0,0.06661360459626031,0.008751195899570397,-0.019141830708185203,-0.0,-0.04403401266618666,0.012188957121458843,0.0562229697876455,-0.0,-0.0,0.07039867837105782,0.015777701176354866,-0.03294156633722576,-0.0,-0.035731262090247705,0.017503551119939217,0.05323481321018692,-0.0,-0.0,0.06353175424756817,0.008820448037666543,-0.03484421790578831,-0.0,-0.014720032891622332,0.022787951487824074,0.037507984379446406
2021-08-13,-0.0,-0.0,-0.0027873374220588913,0.0013092617358501286,0.0012844053502914347,-0.0,0.003251045357176149,0.0030573750212588213,-0.00019367033591732798,-0.0,-0.0,0.006720808528012302,0.014238558460469909,0.004979957947070723,-0.0,-0.01553736206045327,0.010401962875099667,0.025939324935552937,-0.0,-0.0,0.04166549582259106,0.014168394333817494,-0.0013190415117016645,-0.0,-0.040352235840912895,0.014162612803793995,0.05451484864470689,-0.0,-0.0,0.06540410418865752,0.008819218370997925,-0.019078948122720922,-0.0,-0.04281628044210114,0.012328093994833395,0.05514437443693453,-0.0,-0.0,0.06563722705967154,0.015842413653413122,-0.032887490277856965,-0.0,-0.030956232884942002,0.0176359175502857,0.0485921504352277,-0.0,-0.0,0.05293560811630311,0.008935555570614881,-0.03475141460262632,-0.0,-0.004096350369982314,0.023023398714309355,0.02711974908429167
2021-08-20,-0.0,-0.0,-0.0008038238802378174,0.0011685005564879513,0.0011534537635337948,-0.0,0.0012513239873249845,0.0027694544271089135,0.0015181304397839288,-0.0,-0.0,0.007245405341691623,0.014451557694971346,0.005183725083430857,-0.0,-0.016043044992604866,0.010837643127488961,0.026880688120093827,-0.0,-0.0,0.04332139273593476,0.014205763995507055,-0.001280802675684449,-0.0,-0.0420073033075984,0.014239050748158961,0.05624635405575736,-0.0,-0.0,0.0659358019972325,0.008722898015831907,-0.01916986987765816,-0.0,-0.04335775504886703,0.012131075086539211,0.055488830135406245,-0.0,-0.0,0.0656063769189077,0.015883664575475694,-0.03284823809986332,-0.0,-0.030921508958197348,0.01772029443632271,0.04864180339452006,-0.0,-0.0,0.04342575099674078,0.008993298440380092,-0.034711535889953855,-0.0,0.005433995582571155,0.02314150912973817,0.017707513547167014
2021-08-27,-0.0,-0.0,-0.0023966732055495394,0.0012908746872333612,0.0012675090770201812,-0.0,0.002858054590384157,0.00301976514908816,0.000161710558704003,-0.0,-0.0,0.012683192905542779,0.01466808238663843,0.005398670454710824,-0.0,-0.021469411204629474,0.011280534542262563,0.03274994574689204,-0.0,-0.0,0.03716518123588888,0.01434263401291569,-0.001160199241182128,-0.0,-0.035828603860218536,0.014519012147403906,0.05034761600762244,-0.0,-0.0,0.0686293354845314,0.008824599277164965,-0.01906868854065719,-0.0,-0.0460461458272278,0.012339100393811378,0.058385246221039175,-0.0,-0.0,0.05981242484554282,0.016138696807652356,-0.03261448062080717,-0.0,-0.025094689757522097,0.018241951274865907,0.043336641032388004,-0.0,-0.0,0.02400318183367963,0.009093136224490756,-0.0346473279978523,-0.0,0.02489673271873735,0.023345722779055434,-0.0015510099396819146
2021-09-03,-0.0,-0.0,-0.002053124800626664,0.0013519598529946203,0.0012839633857970336,-0.0,0.002561913640889383,0.0031447120790543733,0.00058279843816499,-0.0,-0.0,0.012089776572549723,0.014750356624094501,0.005547007689846034,-0.0,-0.020938318131249384,0.011448822755240874,0.03238714088649026,-0.0,-0.0,0.039841403890328614,0.0143038341767825,-0.0015164461216809675,-0.0,-0.03818914309920773,0.014439648846222418,0.052628791945430145,-0.0,-0.0,0.07295596903290624,0.008733793126403044,-0.01967106044598702,-0.0,-0.0498653411733421,0.012153360539980174,0.06201870171332227,-0.0,-0.0,0.06497539896331614,0.016102583978479582,-0.03326528807585248,-0.0,-0.029644610741658008,0.01816808412428523,0.04781269486594324,-0.0,-0.0,0.028467539048489816,0.00889190349694553,-0.035370094962958565,-0.0,0.02094476279932706,0.02293411038180384,0.0019893475824767776
2021-09-10,-0.0,-0.0,-0.001695268776913011,0.0014934643593324166,0.001374404779919107,-0.0,0.002261552752406804,0.0034341531147453167,0.0011726003623385127,-0.0,-0.0,0.011162874564312898,0.014755046416475683,0.005662158136595143,-0.0,-0.02012166360499953,0.011458415512384194,0.031580079117383725,-0.0,-0.0,0.0417908751809493,0.01415054002403347,-0.0018936389176371846,-0.0,-0.03992168366265529,0.0141260926246903,0.05404777628734559,-0.0,-0.0,0.07753595582948275,0.008563805848880845,-0.020378231124983485,-0.0,-0.05391587126287711,0.011805659290503007,0.06572153055338012,-0.0,-0.0,0.07085644002240427,0.015951398790331417,-0.03411019657738742,-0.0,-0.03483880054136605,0.017858841693982212,0.052697642235348265,-0.0,-0.0,0.03323527529465172,0.008610365689534182,-0.0362046951779435,-0.0,0.016717291787674643,0.022358237593917044,0.005640945806242401
2021-09-17,-0.0,-0.0,-0.0028823292765121702,0.0013845042765493296,0.0014136607632934148,-0.0,0.0032954444548129753,0.0032112802181435496,-8.416423666942588e-05,-0.0,-0.0,0.012427798325654084,0.014533191129289838,0.005302212951907605,-0.0,-0.021258581800074734,0.011004620606776795,0.03226320240685153,-0.0,-0.0,0.0447299126615787,0.013754434840136852,-0.002617605233833958,-0.0,-0.042550864792070764,0.013315877475810825,0.05586674226788159,-0.0,-0.0,0.08233953344125157,0.00829299061221695,-0.021207020426869727,-0.0,-0.05817378459290837,0.011251719033690433,0.0694255036265988,-0.0,-0.0,0.07712169169008012,0.015665719145515268,-0.03512760209394814,-0.0,-0.04038531177569815,0.017274496965949092,0.057659808741647244,-0.0,-0.0,0.03829664824862849,0.007966833307556483,-0.03741511092257717,-0.0,0.012193550724445699,0.021041921358053498,0.0088483706336078
2021-09-24,-0.0,-0.0,-0.003071256177868496,-0.0013716737334054454,0.001424154656594359,-0.0,0.003460463713217935,0.00044168845853835223,-0.0030187752546795826,-0.0,-0.0,0.01596421846876512,-0.014360339176115617,0.004717019728684915,-0.0,-0.02439051758009977,-0.018069618558765353,0.006320899021334417,-0.0,-0.0,0.04849842426764202,-0.01352273683063721,-0.0032859162914484954,-0.0,-0.045893295077723675,-0.014203523932167367,0.03168977114555631,-0.0,-0.0,0.08940410887308566,-0.008175872840236065,-0.022161257952891308,-0.0,-0.0644065638057918,-0.005339585725833512,0.05906697807995828,-0.0,-0.0,0.08521499086944162,-0.015387152937706684,-0.036356706994407545,-0.0,-0.04754073436276372,-0.014069603425436325,0.0334711309373274,-0.0,-0.0,0.045525406177868814,-0.007401072757051522,-0.03881125766158191,-0.0,0.005769462595045849,0.005082538354281234,-0.0006869242407646151
2021-10-01,-0.0,-0.0,-0.0065038053067922865,0.0013885264113638264,0.0014158465426623256,-0.0,0.006882068457402208,0.003182636104636074,-0.003699432352766134,-0.0,-0.0,-0.011065754114216439,0.013958963992947975,0.0046528108411341765,-0.0,0.0030887384495535634,0.010634759169419276,0.007546020719865713,-0.0,-0.0,0.02350468316175457,0.013529993194114047,-0.0033461484527946587,-0.0,-0.020863490806640572,0.012825037096433387,0.03368852790307396,-0.0,-0.0,0.05905154242227005,0.007730961439092697,-0.022233372752827905,-0.0,-0.033555303704577794,0.010993827403957053,0.04454913110853485,-0.0,-0.0,0.05586920147048578,0.015839281546233624,-0.0364284356562364,-0.0,-0.0185973595436461,0.016682687816836905,0.035280047360483006,-0.0,-0.0,-0.001029442304450808,0.009284518265872808,-0.038927700996883315,-0.0,0.05051671374856192,0.019844088713100602,-0.030672625035461316
2021-10-08,-0.0,-0.0,-0.006499093463185163,0.0013463242194578478,0.0013755709347438151,-0.0,0.006873671605144866,0.003096473296161366,-0.0037771983089835,-0.0,-0.0,-0.011050606989422897,0.013823296954595733,0.0045233371764412875,-0.0,0.003061745157836006,0.010357772299450129,0.007296027141614123,-0.0,-0.0,0.02351854474743738,0.013405840240859654,-0.0034646336650873836,-0.0,-0.020888193173003965,0.012571558150205685,0.03345975132320965,-0.0,-0.0,0.059056593907755695,0.00768571720400452,-0.02227655153077013,-0.0,-0.03356430582367138,0.010901453757318706,0.04446575958099008,-0.0,-0.0,0.05589112842807635,0.015642890122984438,-0.03661586156006068,-0.0,-0.0186364349966303,0.016281721994369808,0.03491815699100011,-0.0,-0.0,-0.0010012280532834214,0.009031813944269903,-0.03916886904329355,-0.0,0.050466433875468425,0.019328150723161356,-0.03113828315230707
2021-10-15,-0.0,-0.0,-0.006494613201952088,0.0013061962228371833,0.0013372748324453798,-0.0,0.0068656874497303715,0.0030145453030608472,-0.0038511421466695243,-0.0,-0.0,-0.011030641372000057,0.013644472509591455,0.004352676295857531,-0.0,0.003026164957450825,0.009992672390899755,0.00696650743344893,-0.0,-0.0,0.023522875791944238,0.013367048721727523,-0.003501654301802416,-0.0,-0.020895911413225044,0.012492358798644302,0.033388270211869346,-0.0,-0.0,0.059055369802454696,0.0076966810498200686,-0.022266088198525887,-0.0,-0.03356212437789003,0.010923838275858841,0.04448596265374887,-0.0,-0.0,0.05593303036261133,0.015267590425048787,-0.03697402834721872,-0.0,-0.018711107329356796,0.01551548511108461,0.034226592440441406,-0.0,-0.0,-0.0009707751726734746,0.008759059069800129,-0.03942917230921111,-0.0,0.05041216459987008,0.018771276187785624,-0.031640888412084456
2021-10-22,-0.0,-0.0,-0.0,0.0013075913260184751,0.0013522031119284727,-0.0,0.0003575992007756974,0.0030173936387226452,0.002659794437946948,-0.0,-0.0,-0.0,0.013558867435666339,0.004294051953040119,-0.0,-0.008035024023737142,0.009817895364969315,0.017852919388706458,-0.0,-0.0,-0.0,0.013423301946038768,-0.0034972013389878566,-0.0,0.0026811085245621764,0.012607209131613088,0.009926100607050911,-0.0,-0.0,-0.0,0.007636580725531507,-0.02244709192823547,-0.0,0.025611644649806975,0.010801133447103012,-0.014810511202703963,-0.0,-0.0,-0.0,0.014905370206997082,-0.03743689377943405,-0.0,0.03730747573833264,0.014775952165895667,-0.02253152357243697,-0.0,-0.0,-0.0,0.008511483110613187,-0.03966347164997871,-0.0,0.0494177971438111,0.01826580860444558,-0.031151988539365523
2021-10-29,-0.0,-0.0,-0.0,0.0012676407100393975,0.0014385336102112857,-0.0,0.00022965347751468298,0.002935827797765366,0.002706174320250683,-0.0,-0.0,-0.0,0.01346492984107309,0.00406833581258411,-0.0,-0.007907159544315777,0.009626106109341424,0.0175332656536572,-0.0,-0.0,-0.0,0.013354349866623736,-0.004056148144374674,-0.0,0.003168230247225002,0.012466431969474064,0.009298201722249062,-0.0,-0.0,-0.0,0.007403694060717145,-0.02336241494503281,-0.0,0.02628437739075601,0.010325656506440344,-0.015958720884315665,-0.0,-0.0,-0.0,0.014590750638979955,-0.0383583874819371,-0.0,0.037901240724151186,0.01413360388119404,-0.023767636842957147,-0.0,-0.0,-0.0,0.008079912785498283,-0.04007288986941694,-0.0,0.049377662941254646,0.01738468585733599,-0.031992977083918656
2021-11-05,-0.0,-0.0,-0.0,0.0011612655349808089,0.001191839712082749,-0.0,0.000365539901623852,0.00271864514868741,0.002353105247063558,-0.0,-0.0,-0.0,0.013399319349144886,0.0037170623786078887,-0.0,-0.007624230372764767,0.009492151354988008,0.017116381727752775,-0.0,-0.0,-0.0,0.013272936425660119,-0.004900670311989095,-0.0,0.0039279467471689915,0.012300212860840015,0.008372266113671024,-0.0,-0.0,-0.0,0.007181428435597331,-0.024531389770332444,-0.0,0.02722182552322252,0.009871864188487407,-0.01734996133473511,-0.0,-0.0,-0.0,0.014355100891392742,-0.03924398983144861,-0.0,0.038541374586592715,0.013652485646536844,-0.02488888894005587,-0.0,-0.0,-0.0,0.0076206740450753645,-0.04052414309862386,-0.0,0.04935054248252105,0.01644707342897256,-0.03290346905354849
2021-11-12,0.0,-0.0,-0.0,0.0012330844054900282,0.0014141129688834465,-0.0,0.00021807796827026053,0.002865275342643735,0.0026471973743734745,-0.0,-0.0,-0.0,0.013483063507647657,0.0036449464348010706,-0.0,-0.007464880930517566,0.00966312901193116,0.017128009942448726,-0.0,-0.0,-0.0,0.013299872408970433,-0.005603062785895575,-0.0,0.004658397537023708,0.012355207160098566,0.007696809623074858,-0.0,-0.0,-0.0,0.0068264966802907695,-0.025831937203932287,-0.0,0.02815265237837799,0.009147211854736471,-0.019005440523641517,-0.0,-0.0,-0.0,0.014208573778964888,-0.03960923074038151,-0.0,0.03875398308674656,0.01335332612532994,-0.02540065696141662,-0.0,-0.0,-0.0,0.007209152628698161,-0.040772029719438344,-0.0,0.04916976096127591,0.015606883870535729,-0.033562877090740184
2021-11-19,0.0,-0.0,-0.0,0.0012574714964270432,0.0007311208131734124,-0.0,0.0009264733437063521,0.0029150656533068076,0.0019885923096004555,-0.0,-0.0,-0.0,0.01360968820370865,0.0031164388785252894,-0.0,-0.006804472649178266,0.009921654433055673,0.01672612708223394,-0.0,-0.0,-0.0,0.01331534950245619,-0.006922646117757515,-0.0,0.005994102841266634,0.01238680622596531,0.006392703384698675,-0.0,-0.0,-0.0,0.006585517486974162,-0.027647619605072046,-0.0,0.029717314786479643,0.008655212668381759,-0.021062102118097885,-0.0,-0.0,-0.0,0.01402959503493369,-0.03947777047262998,-0.0,0.03843608662729589,0.012987911189599601,-0.02544817543769629,-0.0,-0.0,-0.0,0.006801308380823181,-0.04009018975314219,-0.0,0.048063083236776674,0.014774201864457659,-0.033288881372319015
2021-11-26,0.0,-0.0,-0.0,0.0012486610934906118,0.0007606146420217852,-0.0,0.0008878020117991975,0.0028970777473115946,0.002009275735512397,-0.0,-0.0,-0.0,0.01366323601789832,0.00261128376955403,-0.0,-0.006243538567092737,0.010030981220359614,0.01627451978745235,-0.0,-0.0,-0.0,0.013217894657489198,-0.007406715973770119,-0.0,0.006376657233771966,0.012187835917491046,0.005811178683719079,-0.0,-0.0,-0.0,0.0064334732271284535,-0.028267245714175458,-0.0,0.03017856145824378,0.008344788971196775,-0.021833772487047005,-0.0,-0.0,-0.0,0.01363878802832345,-0.03828245550126619,-0.0,0.03683368102404645,0.012190013551103714,-0.024643667472942738,-0.0,-0.0,-0.0,0.0063131382186035105,-0.03777119288371906,-0.0,0.04523557578170806,0.013777521116592514,-0.031458054665115545
2021-12-03,0.0,-0.0,-0.0,-0.0012875607729172889,0.0009098095266386973,-0.0,0.0007791276265850769,0.00040137638030648536,-0.00037775124627859155,-0.0,-0.0,-0.0,-0.013697809308804562,0.0017973723119042576,-0.0,-0.0053936132647489695,-0.017294050261649273,-0.011900436996900304,-0.0,-0.0,-0.0,-0.01312008458157887,-0.007946849058402997,-0.0,0.006814904822664919,-0.01425202881731695,-0.02106693363998187,-0.0,-0.0,-0.0,-0.00630147136108549,-0.028011105627665688,-0.0,0.029784919427939253,-0.004527657560811922,-0.034312576988751176,-0.0,-0.0,-0.0,-0.013168558735530455,-0.03645895994293734,-0.0,0.03452036328572489,-0.015107155392742905,-0.04962751867846779,-0.0,-0.0,-0.0,-0.005768173274328729,-0.034708282957863074,-0.0,0.04160499403889918,0.0011285378067073804,-0.0404764562321918
2021-12-10,0.0,-0.0,-0.0,-0.0006833680086864578,0.0008727669043409076,-0.0,0.0014141530654947876,0.0016035519611492374,0.00018939889565444982,-0.0,-0.0,-0.0,-0.012648068410200296,0.0012642580617537212,-0.0,-0.003930632811579985,-0.01531444316002656,-0.011383810348446575,-0.0,-0.0,-0.0,-0.015053712081539793,-0.008805296556873534,-0.0,0.00553223918988166,-0.018326769448531666,-0.023859008638413327,-0.0,-0.0,-0.0,-0.007713000262404272,-0.028422611036876308,-0.0,0.028683502274506837,-0.0074521090247737405,-0.03613561129928058,-0.0,-0.0,-0.0,-0.016716596210428515,-0.036536744264356665,-0.0,0.03101785432284043,-0.02223548615194475,-0.05325334047478518,-0.0,-0.0,-0.0,-0.01126859589022146,-0.03450040343837843,-0.0,0.0359231249461576,-0.00984587438244229,-0.04576899932859989
2021-12-17,-0.0,-0.0,-0.0,0.0010334236198716372,0.000603700443857492,-0.0,0.0012691522160986708,0.0029062762798278,0.0016371240637291292,-0.0,-0.0,-0.0,0.012883173533217348,0.0007583819096100354,-0.0,-0.0037785235404243604,0.009863031902403023,0.013641555442827384,-0.0,-0.0,-0.0,0.01720534351876068,-0.009847530337129623,-0.0,0.00417171679108644,0.011529529972717499,0.007357813181631059,-0.0,-0.0,-0.0,0.009477749757502568,-0.028976422989177124,-0.0,0.027336645396419553,0.007837972164744997,-0.019498673231674556,-0.0,-0.0,-0.0,0.019596880802757476,-0.03658319970804791,-0.0,0.028161723902363687,0.011175404997073254,-0.016986318905290433,-0.0,-0.0,-0.0,0.016874678165871033,-0.03418683633281609,-0.0,0.03005408194346493,0.012741923776519871,-0.01731215816694506
2021-12-24,-0.0,-0.0,-0.0,0.0009879491388658458,0.0004366653444197338,-0.0,0.0013890887459232853,0.002813703229208865,0.0014246144832855796,-0.0,-0.0,-0.0,0.012686130577530501,0.0004044711499955431,-0.0,-0.003628692984914122,0.009461908742611923,0.013090601727526045,-0.0,-0.0,-0.0,0.016863576872667367,-0.010872527000354175,-0.0,0.0048427408565714595,0.010833790728884652,0.005991049872313192,-0.0,-0.0,-0.0,0.009039445480548676,-0.029534808707959312,-0.0,0.027441073114070888,0.0069457098866602535,-0.020495363227410635,-0.0,-0.0,-0.0,0.01917207619336739,-0.0363614113361647,-0.0,0.027499959327897866,0.010310624185100554,-0.017189335142797312,-0.0,-0.0,-0.0,0.016086311367902312,-0.03476082645898677,-0.0,0.02981154931459656,0.011137034223512105,-0.018674515091084455
2021-12-31,-0.0,-0.0,-0.0,0.0010035621312121821,0.0004663179362338919,-0.0,0.0013756067533249748,0.0028454868207710487,0.0014698800674460741,-0.0,-0.0,-0.0,0.012518331115502252,0.00013955982708291925,-0.0,-0.0035375739619593286,0.009120316980625843,0.012657890942585171,-0.0,-0.0,-0.0,0.01662312080831963,-0.011435925959919227,-0.0,0.005157096035204948,0.010344290883605353,0.005187194848400405,-0.0,-0.0,-0.0,0.008605669908574393,-0.02968160191528343,-0.0,0.027138598764707388,0.006062666757998349,-0.021075932006709038,-0.0,-0.0,-0.0,0.018807785209104873,-0.03539669347255301,-0.0,0.026157940087728555,0.009569031824280417,-0.016588908263448138,-0.0,-0.0,-0.0,0.015415275732384296,-0.03529606688063845,-0.0,0.02965178854231887,0.009770997394064715,-0.019880791148254154
2022-01-07,-0.0,-0.0,-0.0,0.0009344166373700837,0.0005107220490612269,-0.0,0.001259587664732611,0.0027047263511639215,0.0014451386864313106,-0.0,-0.0,-0.0,0.01212958910961012,-0.0004145773018432029,-0.0,-0.0033860624819929287,0.008328949325773988,0.011715011807766917,-0.0,-0.0,-0.0,0.01640319502405245,-0.011280552775642055,-0.0,0.0047739425743653,0.009896584822775695,0.005122642248410395,-0.0,-0.0,-0.0,0.00809941065754332,-0.02998978374537547,-0.0,0.026922440656231506,0.0050320675683993565,-0.02189037308783215,-0.0,-0.0,-0.0,0.018216195357044707,-0.035169951610932886,-0.0,0.025318480165046103,0.008364723911157924,-0.016953756253888178,-0.0,-0.0,-0.0,0.014778107665453238,-0.03603330067189633,-0.0,0.02972909826425528,0.008473905257812192,-0.021255193006443088
2022-01-14,-0.0,-0.0,-0.0,0.0008770529664084781,0.0006429386823470444,-0.0,0.001067958657950843,0.0025879503067063655,0.0015199916487555224,-0.0,-0.0,-0.0,0.011768363324617904,-0.0013069262250884283,-0.0,-0.0028678402646324895,0.007593596834896986,0.010461437099529475,-0.0,-0.0,-0.0,0.016219091858433177,-0.011342976017922097,-0.0,0.004645687537968249,0.009521803378479328,0.0048761158405110794,-0.0,-0.0,-0.0,0.007721900229493975,-0.030388419615648275,-0.0,0.026930083583167487,0.004263564197013188,-0.0226665193861543,-0.0,-0.0,-0.0,0.01766311588316526,-0.03478503359109423,-0.0,0.0243607298329752,0.007238812125046231,-0.01712191770792897,-0.0,-0.0,-0.0,0.014185665862417922,-0.03679732456702709,-0.0,0.029879521720528046,0.007267863015918877,-0.02261165870460917
2022-01-21,-0.0,-0.0,-0.0,0.0008687459536502994,0.0006431846471454629,-0.0,0.0010591090013671689,0.0025710396021629313,0.0015119306007957624,-0.0,-0.0,-0.0,0.011571313556503869,-0.002274729287870509,-0.0,-0.0021041244616828115,0.007192459806950547,0.009296584268633359,-0.0,-0.0,-0.0,0.015953104675134062,-0.01138126904098727,-0.0,0.004408493835473631,0.008980329469620423,0.004571835634146792,-0.0,-0.0,-0.0,0.007423475202402445,-0.030338903844832385,-0.0,0.026571484748578227,0.003656056106148286,-0.02291542864242994,-0.0,-0.0,-0.0,0.016996697933522372,-0.03555033457016003,-0.0,0.02443581222133941,0.005882175584701749,-0.01855363663663766,-0.0,-0.0,-0.0,0.013593489952969556,-0.03813791553252613,-0.0,0.030606787636955554,0.006062362057398983,-0.02454442557955657
2022-01-28,0.0,-0.0,-0.0,0.000658809271546128,0.00043190005696999614,-0.0,0.0010529591707918872,0.0021436684993080112,0.001090709328516124,-0.0,-0.0,-0.0,0.01149972976671235,-0.002346772684659079,-0.0,-0.002106221418606876,0.007046735663446394,0.00915295708205327,-0.0,-0.0,-0.0,0.015454085202161435,-0.011883492491314452,-0.0,0.004393875688793455,0.007964468399640438,0.003570592710846983,-0.0,-0.0,-0.0,0.00680479842711513,-0.03096155286265766,-0.0,0.026553361391998785,0.0023966069564562535,-0.02415675443554253,-0.0,-0.0,-0.0,0.01636550941229708,-0.03618557566616044,-0.0,0.024417322348927926,0.004597256095064568,-0.019820066253863358,-0.0,-0.0,-0.0,0.013240713507850495,-0.038492956994949326,-0.0,0.03059645349550544,0.005344210008406611,-0.02525224348709883
2022-02-04,,,-0.0,0.0006543280178234181,0.00042739003115275826,-0.0,0.0010528278981106038,0.0021345459470867804,0.0010817180489761764,,,-0.0,0.011296871985761523,-0.0025509329232725232,-0.0,-0.0021121638816925265,0.006633775180796473,0.008745939062489,,,-0.0,0.014874586796324182,-0.01246671159317635,-0.0,0.004376900013181042,0.006784775216328874,0.002407875203147832,,,-0.0,0.006084547489461443,-0.031686428204405426,-0.0,0.026532262548319516,0.0009303818333755327,-0.025601880714943983,,,-0.0,0.015901203107466018,-0.036652863070862005,-0.0,0.02440372108076872,0.0036520611173727346,-0.020751659963395987,,,-0.0,0.012867607874481041,-0.038868458170106056,-0.0,0.03058552383610095,0.004584673540475932,-0.026000850295625016
2022-02-11,0.0,-0.0,-0.0,0.0006543280178234181,0.00042739003115275826,,0.0010528278981106038,0.0021345459470867804,0.0010817180489761764,0.0,-0.0,-0.0,0.011296871985761523,-0.0025509329232725232,,-0.0021121638816925265,0.006633775180796473,0.008745939062489,0.0,-0.0,-0.0,0.014874586796324182,-0.01246671159317635,,0.004376900013181042,0.006784775216328874,0.002407875203147832,0.0,-0.0,-0.0,0.006084547489461443,-0.031686428204405426,,0.026532262548319516,0.0009303818333755327,-0.025601880714943983,0.0,-0.0,-0.0,0.015901203107466018,-0.036652863070862005,,0.02440372108076872,0.0036520611173727346,-0.020751659963395987,0.0,-0.0,-0.0,0.012867607874481041,-0.038868458170106056,,0.03058552383610095,0.004584673540475932,-0.026000850295625016
2022-02-18,0.0,-0.0,-0.0,0.0006543280178234181,0.00042739003115275826,-0.0,0.0010528278981106038,0.0021345459470867804,0.0010817180489761764,0.0,-0.0,-0.0,0.011296871985761523,-0.0025509329232725232,-0.0,-0.0021121638816925265,0.006633775180796473,0.008745939062489,0.0,-0.0,-0.0,0.014874586796324182,-0.01246671159317635,-0.0,0.004376900013181042,0.006784775216328874,0.002407875203147832,0.0,-0.0,-0.0,0.006084547489461443,-0.031686428204405426,-0.0,0.026532262548319516,0.0009303818333755327,-0.025601880714943983,0.0,-0.0,-0.0,0.015901203107466018,-0.036652863070862005,-0.0,0.02440372108076872,0.0036520611173727346,-0.020751659963395987,0.0,-0.0,-0.0,0.012867607874481041,-0.038868458170106056,-0.0,0.03058552383610095,0.004584673540475932,-0.026000850295625016
2022-02-25,0.0,-0.0,-0.0,0.00032424867656467474,-9.519140038352647e-05,-0.0,0.0010431586397189963,0.0012722159159001445,0.00022905727618114828,0.0,-0.0,-0.0,0.010562633497880662,0.0032898856229535796,-0.0,-0.0021336724730309205,0.011718846647803323,0.013852519120834243,0.0,-0.0,-0.0,0.013844184014089558,0.013503730123611514,-0.0,0.004346715662016077,0.03169462979971715,0.027347914137701074,0.0,-0.0,-0.0,0.0054813129742462665,0.03229353581442135,-0.0,0.026514591553291153,0.06428944034195877,0.03777484878866762,0.0,-0.0,-0.0,0.015538649102612555,0.03701774487028919,-0.0,0.02439310051802627,0.07694949449092803,0.05255639397290175,0.0,-0.0,-0.0,0.012517965703245067,0.0392203452348973,-0.0,0.030575281509254943,0.0823135924473973,0.051738310938142365
2022-03-04,0.0,-0.0,-0.0,0.0003643133731954316,-0.00018630264934223843,-0.0,0.0009935429694135681,0.0011715536932667614,0.00017801072385319316,0.0,-0.0,-0.0,0.01044436211813137,0.001666734965551483,-0.0,-0.003879318488030494,0.00823177859565236,0.012111097083682854,0.0,-0.0,-0.0,0.01372759435278603,0.010668438896146994,-0.0,0.0013906708567728923,0.025786704105705917,0.024396033248933024,0.0,-0.0,-0.0,0.005671739255053924,0.028819803644584727,-0.0,0.023238086602862463,0.057729629502501115,0.03449154289963865,0.0,-0.0,-0.0,0.015534446905737033,0.03452834163274025,-0.0,0.021899345005141988,0.07196213354361927,0.05006278853847729,0.0,-0.0,-0.0,0.012625944241964103,0.03594979325824875,-0.0,0.027416564447708264,0.07599230194792111,0.04857573750021285
2022-03-11,0.0,-0.0,-0.0,0.00029476146044886235,-0.0009651146980686927,-0.0,0.00014269501105673872,-0.0005276582265630916,-0.0006703532376198303,0.0,-0.0,-0.0,0.010289594394361038,0.0006665419248424803,-0.0,-0.005039806671215905,0.005916329647987613,0.010956136319203518,0.0,-0.0,-0.0,0.013573395112810234,0.007896393407185929,-0.0,-0.00154108098787738,0.01992870753211878,0.02146978851999616,0.0,-0.0,-0.0,0.005767473856221077,0.02563480428006754,-0.0,0.020152240932411247,0.051554519068699865,0.03140227813628862,0.0,-0.0,-0.0,0.015529490324378134,0.03246407954235148,-0.0,0.019829949312631483,0.06782351917936111,0.04799356986672962,0.0,-0.0,-0.0,0.012674022779159131,0.03327192873283642,-0.0,0.02478849555010506,0.07073444706210061,0.045945951511995556
2022-03-18,0.0,-0.0,-0.0,0.00018305570252674617,-0.0011931354474253872,-0.0,-0.00020102098757643393,-0.001211100732475075,-0.0010100797448986411,0.0,-0.0,-0.0,0.01007132620346396,0.00042296239690467637,-0.0,-0.0055094496825828215,0.0049848389177858145,0.010494288600368636,0.0,-0.0,-0.0,0.013703534005428194,0.005526758029669098,-0.0,-0.0037759296551827482,0.015454362379914544,0.019230292035097293,0.0,-0.0,-0.0,0.005938923103348411,0.023367160235656277,-0.0,0.01806216932252474,0.04736825266152943,0.02930608333900469,0.0,-0.0,-0.0,0.01555521301811298,0.031561130704708736,-0.0,0.018953641836356984,0.0660699855591787,0.04711634372282172,0.0,-0.0,-0.0,0.012906807778834743,0.031298564342206604,-0.0,0.02305622990913927,0.06726160203018061,0.04420537212104135
2022-03-25,0.0,-0.0,-0.0,0.0002063709699965171,-0.0014210871289775642,-0.0,-0.00040482471353492225,-0.0016195408725159692,-0.001214716158981047,0.0,-0.0,-0.0,0.0098561641422499,0.0003115867355023507,-0.0,-0.005843671764528284,0.004324079113223966,0.01016775087775225,0.0,-0.0,-0.0,0.014029169433272313,0.003926906486688715,-0.0,-0.00503851593361029,0.01291755998635074,0.01795607591996103,0.0,-0.0,-0.0,0.006249930493972542,0.022349167077044364,-0.0,0.017366290961344958,0.04596538853236186,0.028599097571016904,0.0,-0.0,-0.0,0.015808641453977524,0.03066237081216248,-0.0,0.018317361395241857,0.06478837366138186,0.046471012266140005,0.0,-0.0,-0.0,0.013383210757964819,0.02939621829396855,-0.0,0.021647301232143083,0.06442673028407644,0.04277942905193337
2022-04-01,0.0,-0.0,-0.0,0.00017680934376813534,-0.0009898112791241257,-0.0,5.805186642336528e-05,-0.000754950068932625,-0.0008130019353559903,0.0,-0.0,-0.0,0.010404238051139035,-0.0004806594040925764,-0.0,-0.0071899224326959065,0.002733656214350552,0.009923578647046459,0.0,-0.0,-0.0,0.011997054117636869,0.003311652926076369,-0.0,-0.003615384878786207,0.01169332216492703,0.015308707043713237,0.0,-0.0,-0.0,0.005590793614037133,0.022102037977598483,-0.0,0.017780121785110993,0.04547295337674661,0.027692831591635617,0.0,-0.0,-0.0,0.014837226742841342,0.02956424215901172,-0.0,0.018190086772067918,0.06259155567392098,0.044401468901853064,0.0,-0.0,-0.0,0.010925145462060056,0.02857975237996665,-0.0,0.023296164328125153,0.06280106217015186,0.0395048978420267
2022-04-08,0.0,-0.0,-0.0,4.3731506589232076e-05,-0.0010084321047101376,-0.0,-9.876517469459061e-05,-0.001063465772815496,-0.0009647005981209054,0.0,-0.0,-0.0,0.010423625857225017,-0.001819183111941303,-0.0,-0.008508312649609186,9.613009567452716e-05,0.008604442745283714,0.0,-0.0,-0.0,0.012287906607455896,0.0019887720682399846,-0.0,-0.004636226612579741,0.00964045206311614,0.01427667867569588,0.0,-0.0,-0.0,0.005753214872871517,0.02149452871513143,-0.0,0.01734128075297195,0.04458902434097489,0.027247743588002946,0.0,-0.0,-0.0,0.01505606592219612,0.02816664964219418,-0.0,0.017019750326118795,0.06024246589050909,0.0432227155643903,0.0,-0.0,-0.0,0.01121981391970008,0.02703771235932346,-0.0,0.022060126167338923,0.06031765244636246,0.03825752627902354
2022-04-15,0.0,-0.0,-0.0,0.001057596366413932,-0.0012010338218156208,-0.0,-0.0013106177631289273,-0.001454055218530616,-0.00014343745540168875,0.0,-0.0,-0.0,0.007932005569595791,-0.0031391184848304898,-0.0,-0.007331396998642626,-0.002538509913877324,0.0047928870847653016,0.0,-0.0,-0.0,0.009353238315307554,0.0011800011711290423,-0.0,-0.0025008386041716337,0.008032400882264961,0.010533239486436596,0.0,-0.0,-0.0,0.003888561001649351,0.021442105310390463,-0.0,0.019161601534035656,0.04449226784607547,0.025330666312039812,0.0,-0.0,-0.0,0.012023680375712604,0.027139721998849453,-0.0,0.019034161166325177,0.05819756354088723,0.039163402374562055,0.0,-0.0,-0.0,0.008014733776414937,0.025919872496999063,-0.0,0.024156684485268254,0.05809129075868225,0.033934606273414
2022-04-22,0.0,-0.0,-0.0,0.0013080772652035858,-0.002070514345970211,-0.0,-0.0019191806843776298,-0.002681617765144255,-0.0007624370807666253,0.0,-0.0,-0.0,0.00846889452467753,-0.004294194555173286,-0.0,-0.007927213740775287,-0.0037525137712710434,0.004174699969504244,0.0,-0.0,-0.0,0.009900933608113326,0.0008715283018095678,-0.0,-0.002238795543485119,0.008533666366437775,0.010772461909922895,0.0,-0.0,-0.0,0.0043526452558476664,0.0209823432653049,-0.0,0.01918526058707333,0.0445202491082259,0.02533498852115257,0.0,-0.0,-0.0,0.012705204837398086,0.025569038314850467,-0.0,0.018173398796581884,0.05644764194883044,0.038274243152248554,0.0,-0.0,-0.0,0.008404056741258227,0.024438057382812954,-0.0,0.023080414126127217,0.0559225282501984,0.03284211412407118
2022-04-29,0.0,-0.0,-0.0,0.0013590165132025536,-0.002233714756771171,-0.0,-0.0021342849362352132,-0.0030089831798038305,-0.0008746982435686172,0.0,-0.0,-0.0,0.00565271483189149,-0.003932090173294451,-0.0,-0.0047346130711794845,-0.003013988412582445,0.0017206246585970393,0.0,-0.0,-0.0,0.009267284451983028,0.001922660024929582,-0.0,-0.0005464255611751234,0.010643518915737487,0.01118994447691261,0.0,-0.0,-0.0,0.0022948590221732084,0.02099694872024568,-0.0,0.02126698737338501,0.0445587951158039,0.023291807742418888,0.0,-0.0,-0.0,0.009823978632411603,0.025643908251450045,-0.0,0.021142810686553437,0.056610697570415085,0.03546788688386165,0.0,-0.0,-0.0,0.007589833823096086,0.0244492052580966,-0.0,0.02390950280602995,0.05594854188722264,0.03203903908119269
2022-05-06,0.0,-0.0,-0.0,0.0015760684473280784,-0.002638847950032972,-0.0,-0.0023125001983657825,-0.0033752797010706765,-0.0010627795027048938,0.0,-0.0,-0.0,0.005944303879245079,-0.0037580498808795076,-0.0,-0.004255729683803977,-0.002069475685438405,0.0021862539983655716,0.0,-0.0,-0.0,0.009454546546164481,0.0031077120252493247,-0.0,0.0008344004466979528,0.013396659018111757,0.012562258571413805,0.0,-0.0,-0.0,0.0025105548498276687,0.02122143136281434,-0.0,0.021716970199410615,0.04544895641205263,0.023731986212642008,0.0,-0.0,-0.0,0.010118874896817431,0.02554064120361264,-0.0,0.021347844278776666,0.057007360379206735,0.03565951610043007,0.0,-0.0,-0.0,0.0077346208704706645,0.02383852523710363,-0.0,0.023450191061837683,0.055023337169411976,0.03157314610757429
2022-05-13,0.0,-0.0,-0.0,0.0016720617288583093,-0.0022710875906481074,-0.0,-0.0018443832264720403,-0.0024434090882618385,-0.0005990258617897982,0.0,-0.0,-0.0,0.006031678780061038,-0.0031709470740344937,-0.0,-0.003577280389742278,-0.0007165486837157338,0.002860731706026544,0.0,-0.0,-0.0,0.009381332760454539,0.004914789191553004,-0.0,0.0025649359279412377,0.01686105787994878,0.014296121952007542,0.0,-0.0,-0.0,0.0026336911775720114,0.021673886892173814,-0.0,0.02229815916232098,0.046605737232066805,0.024307578069745824,0.0,-0.0,-0.0,0.010226520411446829,0.02574976301919103,-0.0,0.021669504586922156,0.05764578801756001,0.035976283430637856,0.0,-0.0,-0.0,0.007777246198516972,0.023402746930788955,-0.0,0.0230589755984805,0.05423896872778643,0.031179993129305927
2022-05-20,0.0,-0.0,-0.0,0.0017280736939317167,-0.001997487165942862,-0.0,-0.0015122248382809604,-0.0017816383102921057,-0.00026941347201114526,0.0,-0.0,-0.0,0.0060596932456672015,-0.0022396868591572504,-0.0,-0.0026167323244585933,0.0012032740620513578,0.003820006386509951,0.0,-0.0,-0.0,0.009339927619536762,0.005997131898119184,-0.0,0.0036039914417297465,0.018941050959385693,0.015337059517655946,0.0,-0.0,-0.0,0.0028164947097516907,0.021483545267233548,-0.0,0.02229893032102312,0.04659897029800836,0.024300039976985238,0.0,-0.0,-0.0,0.010070015091026655,0.025550815495353808,-0.0,0.02130693786446385,0.05692776845084431,0.035620830586380464,0.0,-0.0,-0.0,0.007730351895075888,0.022375056804753157,-0.0,0.021982259609756305,0.05208766830958535,0.030105408699829046
2022-05-27,0.0,-0.0,-0.0,0.0016651753658861444,-0.001981948560832427,-0.0,-0.0015624435761272593,-0.0018792167710735418,-0.00031677319494628244,0.0,-0.0,-0.0,0.005849739002637972,-0.0012762247335690279,-0.0,-0.0018727678165827433,0.002700746452486201,0.004573514269068944,0.0,-0.0,-0.0,0.009258233814447262,0.006178787082514245,-0.0,0.0037002394662585154,0.019137260363220023,0.015437020896961508,0.0,-0.0,-0.0,0.002879348823977855,0.021346211022591367,-0.0,0.022227307195799205,0.04645286704236842,0.02422555984656922,0.0,-0.0,-0.0,0.009862147268394126,0.025475016662547267,-0.0,0.021013822671632404,0.056350986602573795,0.03533716393094139,0.0,-0.0,-0.0,0.0075684390801011355,0.021249882595986244,-0.0,0.020687812912606705,0.04950613458869409,0.02881832167608738
2022-06-03,0.0,-0.0,-0.0,0.0016651753658861442,-0.0019819485608324272,-0.0,-0.0015624435761272593,-0.0018792167710735424,-0.0003167731949462831,0.0,-0.0,-0.0,0.005851108705906323,-0.0006752985542015935,-0.0,-0.0012704096747074931,0.003905400476997236,0.005175810151704729,0.0,-0.0,-0.0,0.009259163581088295,0.006586701065205929,-0.0,0.0041091254777112715,0.019954990124005496,0.015845864646294224,0.0,-0.0,-0.0,0.002880680305588547,0.02193036831833791,-0.0,0.022812856495047835,0.0476239051189743,0.024811048623926458,0.0,-0.0,-0.0,0.009860908653212009,0.024931602401734337,-0.0,0.020469113494947247,0.05526162454989359,0.034792511054946344,0.0,-0.0,-0.0,0.00756739986701305,0.020793951472068948,-0.0,0.020230795338642776,0.048592146677724775,0.028361351339082
2022-06-10,0.0,-0.0,-0.0,0.001666954492226442,-0.0012013973137177639,-0.0,-0.0007800323332932001,-0.00031447515478452205,0.000465557178508678,0.0,-0.0,-0.0,0.005852510759492041,-6.017940832046065e-05,-0.0,-0.0006538247455321958,0.005138506605639385,0.005792331351171581,0.0,-0.0,-0.0,0.009260774432131537,0.007293425350176385,-0.0,0.004817533834226932,0.021371733616534855,0.016554199782307922,0.0,-0.0,-0.0,0.002881911076890272,0.022470341254894232,-0.0,0.023354116147055962,0.04870636847884047,0.025352252331784505,0.0,-0.0,-0.0,0.009860104739503679,0.024578903532972395,-0.0,0.020115574170944783,0.05455458244342086,0.03443900827247608,0.0,-0.0,-0.0,0.007565833153371814,0.020106591469104502,-0.0,0.019541797407780677,0.04721422203025699,0.027672424622476315
2022-06-17,0.0,-0.0,-0.0,0.0016659250971954697,-0.0016530209882134738,-0.0,-0.0012327321935031018,-0.0012198280845211059,1.290410898199595e-05,0.0,-0.0,-0.0,0.005852666717398081,8.243578455919993e-06,-0.0,-0.0005852387118540489,0.005275671583999953,0.0058609102958540014,0.0,-0.0,-0.0,0.009261406838424947,0.0075708792385403454,-0.0,0.005095648874624915,0.02192793495159021,0.016832286076965294,0.0,-0.0,-0.0,0.0028796287242658634,0.021469010912584303,-0.0,0.02235039970882051,0.04669903934567068,0.024348639636850168,0.0,-0.0,-0.0,0.009856985483000824,0.02321040063454017,-0.0,0.018743810231623213,0.05181119634916421,0.033067386117540995,0.0,-0.0,-0.0,0.0075613574417147415,0.01814297470028103,-0.0,0.01757350148586117,0.04327783362785694,0.025704332141995773
2022-06-24,0.0,-0.0,-0.0,0.0016664938773305275,-0.0014034816307790191,-0.0,-0.0009825982022910894,-0.000719585955739581,0.00026301224655150834,0.0,-0.0,-0.0,0.005852639596301192,-3.65518641515222e-06,-0.0,-0.00059716583059914,0.0052518185792869,0.00584898440988604,0.0,-0.0,-0.0,0.009262933107254803,0.008240494999713228,-0.0,0.005766860280483562,0.023270288387451595,0.017503428106968033,0.0,-0.0,-0.0,0.002879122015244842,0.02124670384572594,-0.0,0.022127562900712897,0.04625338876168368,0.02412582586097078,0.0,-0.0,-0.0,0.009854446250035667,0.022096369880916605,-0.0,0.01762712482535426,0.049577940956306535,0.03195081613095227,0.0,-0.0,-0.0,0.007559371275847085,0.0172715895659806,-0.0,0.016700039905426366,0.04153100074725405,0.024830960841827683
2022-07-01,0.0,-0.0,-0.0,0.0016665102806571682,-0.0013962850440178234,-0.0,-0.000975384466597495,-0.0007051592299581501,0.00027022523663934486,0.0,-0.0,-0.0,0.005852243242441992,-0.00017754643409577834,-0.0,-0.0007714714482234706,0.004903225360122743,0.005674696808346214,0.0,-0.0,-0.0,0.009262932388541787,0.008240179680712046,-0.0,0.005766544210100589,0.02326965627935442,0.017503112069253833,0.0,-0.0,-0.0,0.002876672773487012,0.020172154689062662,-0.0,0.021050453173120973,0.044099280635670646,0.023048827462549673,0.0,-0.0,-0.0,0.009852212692698467,0.021116447361886725,-0.0,0.016644867223653666,0.04761352727823886,0.030968660054585193,0.0,-0.0,-0.0,0.007557791848457265,0.016578651694773162,-0.0,0.016005450814675026,0.04014189435790545,0.024136443543230426
2022-07-08,0.0,-0.0,-0.0,0.0016670722754651647,-0.001149722594619979,-0.0,-0.0007282344771731147,-0.0002108847963279291,0.0005173496808451856,0.0,-0.0,-0.0,0.005852497796798313,-6.586649558621651e-05,-0.0,-0.0006595253847050285,0.005127105916507068,0.0057866313012120965,0.0,-0.0,-0.0,0.009262827825980289,0.008194305233277046,-0.0,0.005720560447260391,0.023177693506517726,0.017457133059257335,0.0,-0.0,-0.0,0.0028746683625848223,0.01929276496052036,-0.0,0.020168967924090023,0.042336401247195204,0.022167433323105185,0.0,-0.0,-0.0,0.009849493645518757,0.019923527208313422,-0.0,0.015449104429847019,0.0452221252836792,0.02977302085383218,0.0,-0.0,-0.0,0.007556374119881564,0.015956655503288144,-0.0,0.015381972452406314,0.03889500207557602,0.023513029623169708
2022-07-15,0.0,-0.0,-0.0,0.0016659117173329016,-0.0016588910988287334,-0.0,-0.0012386162921565061,-0.001231595673652338,7.0206185041681805e-06,0.0,-0.0,-0.0,0.005852972246007964,0.00014228731221216487,-0.0,-0.00045087556182382693,0.005544383996396301,0.005995259558220128,0.0,-0.0,-0.0,0.009260437679582206,0.00714568282262674,-0.0,0.004669439247193903,0.021075559749402846,0.016406120502208944,0.0,-0.0,-0.0,0.0028714625908619258,0.01788630547554735,-0.0,0.018759156950497617,0.039516925016906894,0.020757768066409277,0.0,-0.0,-0.0,0.009844958857854271,0.01793399218387976,-0.0,0.013454828491036864,0.041233779532770895,0.027778951041734033,0.0,-0.0,-0.0,0.007554573780108403,0.015166797344626894,-0.0,0.01459023212034585,0.03731160324508115,0.022721371124735296
2022-07-22,0.0,-0.0,-0.0,0.0016661061595739733,-0.0015735839847004938,-0.0,-0.0011531058975035099,-0.0010605837226300304,9.252217487347946e-05,0.0,-0.0,-0.0,0.005854567375047691,0.0008421139254582021,-0.0,0.0002506186863273736,0.006947299986833266,0.006696681300505892,0.0,-0.0,-0.0,0.009259945628494614,0.006929806590925306,-0.0,0.0044530485984463535,0.020642800817866274,0.01618975221941992,0.0,-0.0,-0.0,0.0028688819036851933,0.016754087628736595,-0.0,0.017624241112547553,0.037247210644969345,0.019622969532421788,0.0,-0.0,-0.0,0.009842946348835006,0.017051049590517064,-0.0,0.0125697819109722,0.039463777850324275,0.026893995939352072,0.0,-0.0,-0.0,0.0075539895903182505,0.014910497351239824,-0.0,0.01433332138308727,0.03679780832464534,0.022464486941558073
2022-07-29,0.0,-0.0,-0.0,0.0016667813243132147,0.001277370800011008,-0.0,-0.0008561868587684514,0.0020879652655557716,0.002944152124324223,0.0,-0.0,-0.0,0.005854966165175364,-0.001017074030563476,-0.0,0.00042599570838430714,0.0052638878429961955,0.004837892134611888,0.0,-0.0,-0.0,0.009257851195271168,-0.0060109216148929055,-0.0,0.0035319739876803454,0.006778903568058608,0.0032469295803782628,0.0,-0.0,-0.0,0.0028669989980004266,-0.015928005552858313,-0.0,0.016796190544362474,0.003735183989504587,-0.013061006554857887,0.0,-0.0,-0.0,0.00984172707800487,-0.016516122224493602,-0.0,0.012033579852717228,0.005359184706228495,-0.006674395146488732,0.0,-0.0,-0.0,0.007553114465360832,-0.014526556165374068,-0.0,0.013948465293856929,0.0069750235938436924,-0.006973441700013236
2022-08-05,0.0,-0.0,-0.0,0.0016221181668915172,0.0007650001781630677,-0.0,-0.00039050953786137527,0.0019966088071932094,0.002387118345054585,0.0,-0.0,-0.0,0.005807706073740638,-0.001077937681126014,-0.0,0.00043745108153781485,0.0051672194741524385,0.004729768392614624,0.0,-0.0,-0.0,0.008998818256828196,-0.006220906786953906,-0.0,0.003471151996823689,0.00624906346669798,0.0027779114698742906,0.0,-0.0,-0.0,0.0025534908735003977,-0.016322526040658248,-0.0,0.016862952538366918,0.003093917371209067,-0.01376903516715785,0.0,-0.0,-0.0,0.009602565036238757,-0.017230561044919393,-0.0,0.01249798562947845,0.004869989620797814,-0.007627996008680636,0.0,-0.0,-0.0,0.007403032047791059,-0.014506988743241783,-0.0,0.01377199352608352,0.0066680368306327965,-0.007103956695450724
2022-08-12,0.0,-0.0,-0.0,0.0016816148380394422,0.0010843097837460512,-0.0,-0.0006476180781533449,0.0021183065436321483,0.0027659246217854932,0.0,-0.0,-0.0,0.005726054985601484,-5.238871973952729e-05,-0.0,-0.0006734603810850618,0.005000205884776895,0.0056736662658619565,0.0,-0.0,-0.0,0.008689263393712092,-0.005963088608744569,-0.0,0.0028897082799020637,0.005615883064869587,0.002726174784967523,0.0,-0.0,-0.0,0.0021082050491808557,-0.016317762372689053,-0.0,0.01639266278133638,0.0021831054578281828,-0.014209557323508197,0.0,-0.0,-0.0,0.009407547987208132,-0.01749303462375867,-0.0,0.012556577747967514,0.0044710911114169746,-0.008085486636550539,0.0,-0.0,-0.0,0.00712101014249643,-0.014081823318552832,-0.0,0.013051987018586547,0.006091173842530145,-0.006960813176056402
2022-08-19,0.0,-0.0,-0.0,0.001645949032339066,0.0014529966719980462,-0.0,-0.0010535919450920998,0.002045353759245012,0.003098945704337112,0.0,-0.0,-0.0,0.00568194192053145,0.0007887842595874729,-0.0,-0.001560751564803457,0.004909974615315466,0.006470726180118923,0.0,-0.0,-0.0,0.008322261322787657,-0.005784856766581624,-0.0,0.0023277924544999416,0.004865197010705974,0.0025374045562060327,0.0,-0.0,-0.0,0.0018197591748405429,-0.01637966444022027,-0.0,0.016153007798420917,0.00159310253304119,-0.014559905265379727,0.0,-0.0,-0.0,0.009225012701112078,-0.017805814363657305,-0.0,0.01267852514331121,0.004097723480765982,-0.008580801662545228,0.0,-0.0,-0.0,0.006838728161416606,-0.013472074212751402,-0.0,0.012147124932565314,0.005513778881230518,-0.006633346051334796
2022-08-26,0.0,-0.0,-0.0,0.001607670458989722,0.0013661453869487242,-0.0,-0.0010067591685443665,0.00196705667739408,0.0029738158459384463,0.0,-0.0,-0.0,0.0054819837435976125,0.001134630982362831,-0.0,-0.002115645472555101,0.004500969253405342,0.0066166147259604435,0.0,-0.0,-0.0,0.008050556096361973,-0.006098633018913901,-0.0,0.00235751324284173,0.0043094363202898014,0.0019519230774480718,0.0,-0.0,-0.0,0.0015841966761420726,-0.017201878989943204,-0.0,0.016728952463140902,0.0011112701493397707,-0.015617682313801132,0.0,-0.0,-0.0,0.009138774907619288,-0.01814071946362159,-0.0,0.01292327255007847,0.003921327994076169,-0.009001944556002301,0.0,-0.0,-0.0,0.006678148088917287,-0.013078242015120532,-0.0,0.011585413568230597,0.005185319642027352,-0.006400093926203245
2022-09-02,0.0,-0.0,-0.0,0.0013680377834355117,0.0011230271452046376,-0.0,-0.001014165996697858,0.0014768989319422915,0.0024910649286401495,0.0,-0.0,-0.0,0.005211868282026777,0.0008605865686236905,-0.0,-0.0021239944959127468,0.003948460354737721,0.006072454850650467,0.0,-0.0,-0.0,0.007678863816610986,-0.00647573173182491,-0.0,0.0023460245723766955,0.003549156657162771,0.0012031320847860757,0.0,-0.0,-0.0,0.0013973256180034488,-0.017391468172563845,-0.0,0.016723176448616615,0.0007290338940562184,-0.015994142554560397,0.0,-0.0,-0.0,0.0088658049665914,-0.018417659876518975,-0.0,0.012914835297355796,0.0033629803874282212,-0.009551854909927575,0.0,-0.0,-0.0,0.006335173514446772,-0.013426205310674257,-0.0,0.011574812535928786,0.004483780739701301,-0.007091031796227485
2022-09-09,0.0,-0.0,-0.0,0.001472038963872146,0.0012285410700839847,-0.0,-0.0010109514147570902,0.0016896286191990404,0.0027005800339561306,0.0,-0.0,-0.0,0.005087396050403813,0.0007343038318134875,-0.0,-0.0021278418194356358,0.003693858062781665,0.005821699882217301,0.0,-0.0,-0.0,0.007367076838802353,-0.006792053792947115,-0.0,0.0023363875203353483,0.0029114105661905863,0.000575023045855238,0.0,-0.0,-0.0,0.0014672127001066288,-0.01732056455108462,-0.0,0.01672533659479071,0.000871984743812719,-0.01585335185097799,0.0,-0.0,-0.0,0.008664363558857763,-0.01862203134109237,-0.0,0.012908608926571294,0.002950941144336687,-0.009957667782234607,0.0,-0.0,-0.0,0.006332026690082846,-0.013429397907028936,-0.0,0.011574715270448453,0.004477344053502363,-0.0070973712169460895
2022-09-16,0.0,-0.0,-0.0,0.0012796785272813425,0.0010333826635064072,-0.0,-0.0010168971009789879,0.0012961640898087618,0.0023130611907877497,0.0,-0.0,-0.0,0.0048058496826050325,0.0004486622441194465,-0.0,-0.002136544161713057,0.003117967765011422,0.005254511926724479,0.0,-0.0,-0.0,0.007161755653802384,-0.007000361467910723,-0.0,0.0023300412291626174,0.0024914354150542785,0.00016139418589166104,0.0,-0.0,-0.0,0.0014528849124730632,-0.017335100742901944,-0.0,0.016724893735900224,0.0008426779054713437,-0.01588221583042888,0.0,-0.0,-0.0,0.008309020949202911,-0.01898254257052402,-0.0,0.012897625609545608,0.0022241039882245003,-0.010673521621321107,0.0,-0.0,-0.0,0.006224790703403407,-0.01353819368987825,-0.0,0.011571400703587446,0.004257997717112602,-0.007313402986474844
2022-09-23,0.0,-0.0,-0.0,0.0013346799474544917,0.0010891841043366192,-0.0,-0.0010151970570827272,0.0014086669947083836,0.002423864051791111,0.0,-0.0,-0.0,0.0048291598202937274,0.0004723114383563433,-0.0,-0.002135823666548132,0.0031656475921019384,0.00530147125865007,0.0,-0.0,-0.0,0.007274788974891362,-0.006885684025787722,-0.0,0.002333534986359912,0.002722639935463552,0.0003891049491036398,0.0,-0.0,-0.0,0.0016224114877472265,-0.01716310832653288,-0.0,0.016730133648226876,0.0011894368094412227,-0.015540696838785653,0.0,-0.0,-0.0,0.008227630291339477,-0.019065117092501825,-0.0,0.012895109898302549,0.0020576230971402,-0.010837486801162349,0.0,-0.0,-0.0,0.006607264206881329,-0.013150156935440652,-0.0,0.011583222611876769,0.005040329883317446,-0.006542892728559323
2022-09-30,0.0,-0.0,-0.0,0.0012438408265694535,0.0009970236871477993,-0.0,-0.0010180048117282648,0.001222859701988988,0.0022408645137172527,0.0,-0.0,-0.0,0.004724917708438188,0.00036655307760108407,-0.0,-0.0021390456954600325,0.0029524250905792393,0.005091470786039272,0.0,-0.0,-0.0,0.007357493364217984,-0.006801776663525442,-0.0,0.0023360913038481916,0.0028918080045407333,0.0005557167006925417,0.0,-0.0,-0.0,0.0016264450209071356,-0.017159016123799744,-0.0,0.01673025832107001,0.0011976872181774009,-0.015532571102892608,0.0,-0.0,-0.0,0.008165118850708688,-0.01912853779045089,-0.0,0.01289317772650124,0.0019297587867590383,-0.010963418939742202,0.0,-0.0,-0.0,0.006874576152041686,-0.012878956816532514,-0.0,0.011591484981090812,0.005587104316599984,-0.006004380664490828
2022-10-07,,,-0.0,0.001181795810453042,0.000934076198069691,-0.0,-0.001019922566771865,0.0010959494417508678,0.002115872008522733,,,-0.0,0.004528728421443308,0.0001675101282499183,-0.0,-0.002145109727967145,0.002551128821726082,0.004696238549693227,,,-0.0,0.007559577223473488,-0.006596753402680765,-0.0,0.0023423375322251796,0.0033051613530179023,0.0009628238207927227,,,-0.0,0.001548609891519537,-0.017237983400523887,-0.0,0.01672785250797984,0.0010384789989754915,-0.01568937350900435,,,-0.0,0.008299356971356529,-0.018992347115320895,-0.0,0.012897326904775804,0.0022043367608114376,-0.010692990143964366,,,-0.0,0.007003252049752732,-0.012748409269400207,-0.0,0.011595462236110968,0.005850305016463493,-0.005745157219647475
2022-10-14,0.0,-0.0,-0.0,0.0012394886120676543,0.000992608167707792,-0.0,-0.0010181393347219545,0.0012139574450534918,0.0022320967797754463,0.0,-0.0,-0.0,0.0045541084174323615,0.00019325928781699763,-0.0,-0.002144325255363842,0.0026030424498855176,0.0047473677052493595,0.0,-0.0,-0.0,0.007665921565891574,-0.006488862233463864,-0.0,0.0023456245391726507,0.0035226838716003604,0.0011770593324277098,0.0,-0.0,-0.0,0.0013893373970677943,-0.017399572585804015,-0.0,0.01672292953996951,0.0007126943512332888,-0.016010235188736222,0.0,-0.0,-0.0,0.008157578484267422,-0.019136187834949466,-0.0,0.012892944660629421,0.0019143353099473764,-0.010978609350682044,0.0,-0.0,-0.0,0.007168040166789334,-0.012581224234297613,-0.0,0.011600555687001194,0.006187371619492915,-0.005413184067508279
2022-10-21,0.0,-0.0,-0.0,0.0011665883478206404,0.0009186475359808238,-0.0,-0.0010203926156168617,0.0010648432681846026,0.0020852358838014643,0.0,-0.0,-0.0,0.004646628462355849,0.0002871250788484631,-0.0,-0.0021414655448843884,0.0027922879963199238,0.004933753541204312,0.0,-0.0,-0.0,0.007815833908297978,-0.006336769347895182,-0.0,0.0023502581933924835,0.0038293227537952793,0.0014790645604027958,0.0,-0.0,-0.0,0.001280561888226791,-0.017509930283864526,-0.0,0.016719567387878064,0.0004901989922403288,-0.016229368395637735,0.0,-0.0,-0.0,0.008526918055706434,-0.018761476051562254,-0.0,0.012904360611019365,0.0026698026151635457,-0.01023455799585582,0.0,-0.0,-0.0,0.007392219558945072,-0.012353784050983245,-0.0,0.011607484868213287,0.006645920376175114,-0.004961564492038173
2022-10-28,-0.0,-0.0,-0.0,0.0009826060254874622,0.0007319891071409802,-0.0,-0.0010260793419435241,0.0006885157906849182,0.0017145951326284423,-0.0,-0.0,-0.0,0.004835816432930582,0.00047906487444973573,-0.0,-0.0021356179167029902,0.0031792633906773276,0.005314881307380318,-0.0,-0.0,-0.0,0.007928675934840127,-0.006222285982785149,-0.0,0.0023537460378492423,0.00406013598990422,0.0017063899520549774,-0.0,-0.0,-0.0,0.0013277167457800667,-0.017462089537474104,-0.0,0.016721024901656972,0.0005866521099629346,-0.016134372791694038,-0.0,-0.0,-0.0,0.008906562387322015,-0.018376309620577725,-0.0,0.012916095072178392,0.003446347838922682,-0.00946974723325571,-0.0,-0.0,-0.0,0.0077716094862569675,-0.011968875724728639,-0.0,0.01161921146596657,0.007421945227494899,-0.004197266238471671
2022-11-04,-0.0,-0.0,-0.0,0.0010931773546755212,0.0008441687465717735,-0.0,-0.0010226616826777123,0.0009146844185695824,0.0019373461012472948,-0.0,-0.0,-0.0,0.005114008792416517,0.0007613036682554675,-0.0,-0.0021270192437734202,0.0037482932168985635,0.005875312460671984,-0.0,-0.0,-0.0,0.007966361058474815,-0.006184052711897592,-0.0,0.0023549108507615905,0.004137219197338814,0.0017823083465772233,-0.0,-0.0,-0.0,0.0014186859340083633,-0.017369797161053392,-0.0,0.016723836676565844,0.0007727254495208148,-0.01595111122704503,-0.0,-0.0,-0.0,0.009026628831906991,-0.018254496754980597,-0.0,0.012919806216829194,0.003691938293755588,-0.009227867923073606,-0.0,-0.0,-0.0,0.008362541869894663,-0.011369347960965292,-0.0,0.01163747664873354,0.00863067055766291,-0.0030068060910706292
2022-11-11,-0.0,-0.0,-0.0,0.0012262795396695912,0.0009792069633475764,-0.0,-0.0010185476151415309,0.0011869388878756365,0.0022054865030171674,-0.0,-0.0,-0.0,0.005315773457898215,0.0009660030925078105,-0.0,-0.002120782881385806,0.004160993669020219,0.006281776550406026,-0.0,-0.0,-0.0,0.007813742995712789,-0.0063388906737543325,-0.0,0.002350193565185309,0.003825045887143765,0.001474852321958456,-0.0,-0.0,-0.0,0.0015326031766172798,-0.017254222940370174,-0.0,0.01672735775497377,0.0010057379912208758,-0.015721619763752893,-0.0,-0.0,-0.0,0.009436628547393619,-0.017838533407268705,-0.0,0.012932478935307872,0.004530574075432786,-0.008401904859875086,-0.0,-0.0,-0.0,0.008932456802012443,-0.010791143357107626,-0.0,0.011655092201180835,0.009796405646085651,-0.0018586865550951834
2022-11-18,-0.0,-0.0,-0.0,0.0012499129923302674,0.001003184175319682,-0.0,-0.001017817126604746,0.0012352800410452033,0.0022530971676499494,-0.0,-0.0,-0.0,0.00537069929452135,0.0010217278503909177,-0.0,-0.0021190851737083647,0.004273341971203902,0.006392427144912267,-0.0,-0.0,-0.0,0.00760610756843809,-0.006549546252698488,-0.0,0.0023437757428877307,0.003400337058627333,0.0010565613157396021,-0.0,-0.0,-0.0,0.001809794354357987,-0.01697299989095324,-0.0,0.016735925482285755,0.0015727199456905018,-0.015163205536595253,-0.0,-0.0,-0.0,0.009563651448838984,-0.017709662899984147,-0.0,0.012936405097716187,0.004790393646571025,-0.008146011451145163,-0.0,-0.0,-0.0,0.009395395932064765,-0.010321470566981815,-0.0,0.011669401228836999,0.010743326593919949,-0.0009260746349170502
2022-11-25,-0.0,-0.0,-0.0,0.001276798454662098,0.0010304606989217922,-0.0,-0.0010169861214054002,0.00129027303217849,0.0023072591535838903,-0.0,-0.0,-0.0,0.005287717592795657,0.0009375391420946704,-0.0,-0.0021216500626707923,0.004103606672219535,0.006225256734890328,-0.0,-0.0,-0.0,0.00745382246142504,-0.006704046415813545,-0.0,0.0023390687486709617,0.003088844794282457,0.0007497760456114952,-0.0,-0.0,-0.0,0.001995464373493778,-0.016784629216993658,-0.0,0.016741664373786325,0.0019524995302864449,-0.01478916484349988,-0.0,-0.0,-0.0,0.009750982486296092,-0.01751960704743675,-0.0,0.012942195329783043,0.0051735707686423864,-0.0077686245611406565,-0.0,-0.0,-0.0,0.009862614103558313,-0.00984745649481199,-0.0,0.011683842517774063,0.011699000126520387,1.51576087463242e-05
2022-12-02,-0.0,-0.0,-0.0,0.001292872164347248,0.0010467682080205457,-0.0,-0.0010164892976514944,0.0013231510747162994,0.0023396403723677938,-0.0,-0.0,-0.0,0.005001799376002195,0.0006474621148751242,-0.0,-0.002130487534826224,0.003518773956051095,0.005649261490877319,-0.0,-0.0,-0.0,0.007372611869882036,-0.006786438252324451,-0.0,0.0023365586031141757,0.0029227322206717603,0.0005861736175575847,-0.0,-0.0,-0.0,0.00191124779448182,-0.016870070764427605,-0.0,0.016739061315889585,0.0017802383459437996,-0.014958822969945785,-0.0,-0.0,-0.0,0.010159852349551954,-0.01710478998616989,-0.0,0.012954833125556403,0.006009895488938466,-0.006944937636617937,-0.0,-0.0,-0.0,0.010253287068340654,-0.00945110101417827,-0.0,0.011695917863958249,0.012498103918120633,0.0008021860541623845
2022-12-09,-0.0,-0.0,-0.0,0.0012794606068871515,0.0010331615733610272,-0.0,-0.001016903836700263,0.0012957183435479155,0.0023126221802481787,-0.0,-0.0,-0.0,0.004645420053202642,0.0002858990928348389,-0.0,-0.0021415028957127665,0.002789816250324714,0.004931319146037481,-0.0,-0.0,-0.0,0.00727611913662219,-0.006884334516249907,-0.0,0.002333576100449772,0.0027253607208220553,0.0003917846203722831,-0.0,-0.0,-0.0,0.0021159894590377253,-0.016662351039296343,-0.0,0.016745389694612214,0.0021990281143535965,-0.014546361580258618,-0.0,-0.0,-0.0,0.010527472253115714,-0.016731822884008853,-0.0,0.012966195922575618,0.006761845291682479,-0.006204350630893139,-0.0,-0.0,-0.0,0.01061560109799514,-0.009083516962274283,-0.0,0.011707116661238455,0.013239200796959312,0.0015320841357208577
2022-12-16,-0.0,-0.0,-0.0,0.0011694724153641673,0.000921573553597708,-0.0,-0.0010203034717109732,0.001070742497250902,0.0020910459689618753,-0.0,-0.0,-0.0,0.004390435154975587,2.7205323360841915e-05,-0.0,-0.0021493842471125143,0.0022682562312239148,0.004417640478336429,-0.0,-0.0,-0.0,0.007491725410904383,-0.006665592150705427,-0.0,0.002340240294382131,0.003166373554581087,0.0008261332601989559,-0.0,-0.0,-0.0,0.0021842056130654424,-0.016593142650300957,-0.0,0.016747498193918534,0.0023385611566830184,-0.014408937037235515,-0.0,-0.0,-0.0,0.010923890990505584,-0.016329638055893325,-0.0,0.012978448865367684,0.007572701799979943,-0.005405747065387741,-0.0,-0.0,-0.0,0.01101518156915296,-0.008678124411535988,-0.0,0.011719467330346976,0.014056524487963948,0.0023370571576169716
2022-12-23,-0.0,-0.0,-0.0,0.000998164498064935,0.0007477738847741243,-0.0,-0.001025598443700222,0.0007203399391388374,0.0017459383828390593,-0.0,-0.0,-0.0,0.004324581616623768,-3.960608463972931e-05,-0.0,-0.002151419720116115,0.0021335558118679232,0.004284975531984038,-0.0,-0.0,-0.0,0.0077520145750790736,-0.006401516962324557,-0.0,0.002348285595820251,0.0036987832085747675,0.0013504976127545164,-0.0,-0.0,-0.0,0.0024453200908598582,-0.016328230143738617,-0.0,0.016755569005050354,0.002872658952171595,-0.013882910052878759,-0.0,-0.0,-0.0,0.01145620223365503,-0.01578958410375262,-0.0,0.012994902121974128,0.008661520251876538,-0.00433338187009759,-0.0,-0.0,-0.0,0.011411102347184182,-0.00827644478582431,-0.0,0.011731704881667925,0.014866362443027798,0.0031346575613598725
2022-12-30,-0.0,-0.0,-0.0,0.0009450049160829864,0.0006938410725088023,-0.0,-0.0010272415580523902,0.0006116044305393984,0.0016388459885917886,-0.0,-0.0,-0.0,0.004539868157516071,0.00017881189684737308,-0.0,-0.00214476540885217,0.0025739146455112747,0.004718680054363445,-0.0,-0.0,-0.0,0.007960768812420997,-0.00618972629971221,-0.0,0.0023547379995199113,0.004125780512228698,0.0017710425127087865,-0.0,-0.0,-0.0,0.0031277077250623122,-0.01563591687122049,-0.0,0.01677666098647116,0.004268451840312982,-0.012508209146158179,-0.0,-0.0,-0.0,0.012129058254361393,-0.015106941086381422,-0.0,0.013015699489886859,0.01003781665786683,-0.0029778828320200287,-0.0,-0.0,-0.0,0.011943631874711813,-0.007736169374259919,-0.0,0.01174816488524607,0.015955627385697963,0.004207462500451894
2023-01-06,-0.0,-0.0,-0.0,0.0010311280376155327,0.0007812168939909109,-0.0,-0.001024579570659569,0.0007877653609468746,0.0018123449316064435,-0.0,-0.0,-0.0,0.004804402800646404,0.0004471943166050526,-0.0,-0.0021365888835190535,0.0031150082337324035,0.005251597117251457,-0.0,-0.0,-0.0,0.008510014127333869,-0.005632491962036966,-0.0,0.002371714672889951,0.005249236838186854,0.0028775221652969033,-0.0,-0.0,-0.0,0.003830594623359014,-0.01492280616349402,-0.0,0.016798386581509422,0.005706175041374415,-0.011092211540135007,-0.0,-0.0,-0.0,0.01283081332584733,-0.014394978668401157,-0.0,0.013037390101187337,0.01147322475863351,-0.0015641653425538266,-0.0,-0.0,-0.0,0.012612350938038506,-0.007057723488193935,-0.0,0.01176883438356707,0.01732346183341164,0.005554627449844571
2023-01-13,-0.0,-0.0,-0.0,0.0011082930369719704,0.000859504293337989,-0.0,-0.001022194470679458,0.0009456028596305014,0.0019677973303099594,-0.0,-0.0,-0.0,0.0052642267924747285,0.0009137066574054296,-0.0,-0.0021223761419534477,0.004055557307926711,0.006177933449880158,-0.0,-0.0,-0.0,0.008833423906239776,-0.0053043780408924355,-0.0,0.002381710975147038,0.005910756840494379,0.0035290458653473404,-0.0,-0.0,-0.0,0.0044646773153497405,-0.014279500450528889,-0.0,0.01681798550108005,0.0070031623659009,-0.00981482313517915,-0.0,-0.0,-0.0,0.013471837336581848,-0.013744630672055941,-0.0,0.013057203570610047,0.012784410235135954,-0.0002727933354740933,-0.0,-0.0,-0.0,0.013034463789088733,-0.006629470813855698,-0.0,0.011781881508054082,0.018186874483287117,0.006404992975233035
2023-01-20,-0.0,-0.0,-0.0,0.0012049802494481844,0.0009575978652684011,-0.0,-0.001019205956839287,0.0011433721578772982,0.0021625781147165853,-0.0,-0.0,-0.0,0.005584203423513081,0.0012383374939861575,-0.0,-0.0021124859551758983,0.00471005496232334,0.006822540917499238,-0.0,-0.0,-0.0,0.009153590799795518,-0.0049795541743395105,-0.0,0.002391607042766042,0.006565643668222049,0.004174036625456007,-0.0,-0.0,-0.0,0.005051783902430025,-0.013683854131272887,-0.0,0.016836132431953435,0.008204062203110572,-0.008632070228842863,-0.0,-0.0,-0.0,0.013925820602335832,-0.01328404401334554,-0.0,0.01307123578064243,0.013713012369632722,0.0006417765889902925,-0.0,-0.0,-0.0,0.01329193656839075,-0.006368252975945645,-0.0,0.011789839757596137,0.018713523350041242,0.006923683592445105
2023-01-27,,,-0.0,0.0012049802494481841,0.0009575978652684009,-0.0,-0.0010192059568392866,0.0011433721578772986,0.0021625781147165853,,,-0.0,0.005580448872668232,0.0012345283314926538,-0.0,-0.002112602004929287,0.004702375199231599,0.006814977204160886,,,-0.0,0.009610909831199036,-0.004515583229751944,-0.0,0.0024057423582821485,0.00750106895972924,0.005095326601447092,,,-0.0,0.005494145141110351,-0.01323505854730267,-0.0,0.016849805415694467,0.00910889200950215,-0.007740913406192319,,,-0.0,0.014235309181578028,-0.012970053782041645,-0.0,0.013080801791273564,0.014346057190809947,0.001265255399536383,,,-0.0,0.01347155308166117,-0.006186023858845847,-0.0,0.011795391540733592,0.019080920763548916,0.007285529222815323
2023-02-03,-0.0,-0.0,-0.0,0.0012049802494481841,0.0009575978652684009,-0.0,-0.0010192059568392866,0.0011433721578772986,0.0021625781147165853,-0.0,-0.0,-0.0,0.005580448872668232,0.0012345283314926538,-0.0,-0.002112602004929287,0.004702375199231599,0.006814977204160886,-0.0,-0.0,-0.0,0.009610909831199036,-0.004515583229751944,-0.0,0.0024057423582821485,0.00750106895972924,0.005095326601447092,-0.0,-0.0,-0.0,0.005494145141110351,-0.01323505854730267,-0.0,0.016849805415694467,0.00910889200950215,-0.007740913406192319,-0.0,-0.0,-0.0,0.014235309181578028,-0.012970053782041645,-0.0,0.013080801791273564,0.014346057190809947,0.001265255399536383,-0.0,-0.0,-0.0,0.01347155308166117,-0.006186023858845847,-0.0,0.011795391540733592,0.019080920763548916,0.007285529222815323
2023-02-10,-0.0,-0.0,-0.0,0.0011378256776767531,0.0008894664997257504,-0.0,-0.0010212816436031293,0.001006010533799374,0.0020272921774025033,-0.0,-0.0,-0.0,0.0054239281096667554,0.0010757309028475207,-0.0,-0.002117439919422059,0.004382219093092217,0.006499659012514276,-0.0,-0.0,-0.0,0.009796843753786038,-0.0043269448137454895,-0.0,0.0024114894067984675,0.007881388346839015,0.005469898940040549,-0.0,-0.0,-0.0,0.0056799046349481136,-0.013046597097190898,-0.0,0.016855547072776714,0.00948885461053393,-0.007366692462242784,-0.0,-0.0,-0.0,0.014202473200485498,-0.013003367377404621,-0.0,0.013079786860948888,0.014278892684029765,0.0011991058230808767,-0.0,-0.0,-0.0,0.013343400162233985,-0.006316040820737415,-0.0,0.01179143045049675,0.01881878979199332,0.00702735934149657
2023-02-17,-0.0,-0.0,-0.0,0.0009009641277992366,0.0006491596909409235,-0.0,-0.0010286028187811635,0.0005215209999589964,0.00155012381874016,-0.0,-0.0,-0.0,0.005427294371194179,0.0010791461281789792,-0.0,-0.002117335871338484,0.004389104628034674,0.006506440499373158,-0.0,-0.0,-0.0,0.01007155829091592,-0.0040482344288028105,-0.0,0.0024199805834006632,0.008443304445513772,0.006023323862113109,-0.0,-0.0,-0.0,0.005813553489951348,-0.012911004258842163,-0.0,0.016859678037385906,0.00976222726849509,-0.0070974507688908155,-0.0,-0.0,-0.0,0.014139739858701655,-0.013067013204159856,-0.0,0.013077847830384648,0.014150574484926447,0.0010727266545417988,-0.0,-0.0,-0.0,0.012904200687195312,-0.0067616286517766565,-0.0,0.011777855193995546,0.017920427229414202,0.006142572035418656
2023-02-24,-0.0,-0.0,-0.0,0.0011934637727181307,0.0009459138761495462,-0.0,-0.0010195619206654878,0.0011198157282021892,0.002139377648867677,-0.0,-0.0,-0.0,0.005893833531768285,0.0015524713129068902,-0.0,-0.0021029155700116467,0.0053433892746635285,0.007446304844675175,-0.0,-0.0,-0.0,0.010523066587462843,-0.003590158738851579,-0.0,0.002433936294384838,0.009366844142996104,0.006932907848611265,-0.0,-0.0,-0.0,0.00613054553698698,-0.0125894014183951,-0.0,0.016869475973385187,0.010410620091977067,-0.0064588558814081196,-0.0,-0.0,-0.0,0.014325280877073826,-0.012878773407338643,-0.0,0.013083582734588888,0.01453009020432407,0.0014465074697351827,-0.0,-0.0,-0.0,0.012363899437284165,-0.0073097888289592435,-0.0,0.011761154973543764,0.016815265581868685,0.005054110608324921
2023-03-03,-0.0,-0.0,-0.0,0.0010388013448529528,0.0007890018129699673,-0.0,-0.001024342395708592,0.0008034607621143282,0.0018278031578229201,-0.0,-0.0,-0.0,0.006058600342432343,0.0017196347317260598,-0.0,-0.0020978227776820325,0.0056804122964763705,0.007778235074158403,-0.0,-0.0,-0.0,0.01068021337979964,-0.00343072617498988,-0.0,0.0024387935588752515,0.009688280763685012,0.00724948720480976,-0.0,-0.0,-0.0,0.0062555110779902124,-0.012462618196795469,-0.0,0.01687333854465257,0.010666231425847314,-0.006207107118805256,-0.0,-0.0,-0.0,0.014198916707316378,-0.013006975601383471,-0.0,0.01307967693297821,0.014271618038911117,0.0011919411059329067,-0.0,-0.0,-0.0,0.01180868021139585,-0.007873083970860475,-0.0,0.011743993652016291,0.015679589892551665,0.003935596240535376
2023-03-10,-0.0,-0.0,-0.0,0.0011229496115691831,0.000874374054474798,-0.0,-0.0010217414492828172,0.0009755822167611637,0.001997323666043981,-0.0,-0.0,-0.0,0.006380687370089392,0.0020464066616035777,-0.0,-0.002087867360463541,0.006339226671229428,0.008427094031692969,-0.0,-0.0,-0.0,0.011004382007193255,-0.0031018423675614475,-0.0,0.0024488133164492385,0.010351352956081045,0.007902539639631808,-0.0,-0.0,-0.0,0.006367568512793554,-0.01234893083566771,-0.0,0.01687680213809194,0.010895439815217785,-0.005981362322874156,-0.0,-0.0,-0.0,0.014223348480787748,-0.012982188456661605,-0.0,0.0130804320968855,0.014321592121011644,0.0012411600241261436,-0.0,-0.0,-0.0,0.011356487480958476,-0.00833185405010421,-0.0,0.011730016785802776,0.014754650216657042,0.003024633430854266
2023-03-17,-0.0,-0.0,-0.0,-0.0013694086509818766,0.0011244179526425843,-0.0,-0.0010141236244282437,-0.001259114322767536,-0.00024499069833929226,-0.0,-0.0,-0.0,-0.0066547128387607814,0.002324417955273824,-0.0,-0.0020793974823409694,-0.006409692365827927,-0.004330294883486957,-0.0,-0.0,-0.0,-0.011135889380077155,-0.0029684221601628705,-0.0,0.00245287808979292,-0.011651433450447106,-0.014104311540240026,-0.0,-0.0,-0.0,-0.006300791738560171,-0.012416678908435397,-0.0,0.016874738128706553,-0.0018427325182890156,-0.018717470646995568,-0.0,-0.0,-0.0,-0.013776278227037956,-0.013435761550465946,-0.0,0.013066613561769594,-0.014145426215734308,-0.027212039777503902,-0.0,-0.0,-0.0,-0.010769081151245866,-0.008927804471885363,-0.0,0.011711860590157117,-0.007985025032974115,-0.01969688562313123
2023-03-24,-0.0,-0.0,-0.0,0.00109199111763007,0.0010876365357999752,-0.0,-0.0007740807565777991,0.0014055468968522463,0.0021796276534300453,-0.0,-0.0,-0.0,0.005175091404714795,0.0022049764252552867,-0.0,-0.0007211440546041467,0.006658923775365935,0.007380067829970082,-0.0,-0.0,-0.0,0.010234737155541613,-0.0031219895038461856,-0.0,0.003197986078005097,0.010310733729700525,0.007112747651695428,-0.0,-0.0,-0.0,0.0062289067513892895,-0.012656695169772978,-0.0,0.016702735624518277,0.010274947206134588,-0.006427788418383688,-0.0,-0.0,-0.0,0.012892461554665665,-0.014431945850675606,-0.0,0.012938178445219158,0.011398694149209217,-0.0015394842960099412,-0.0,-0.0,-0.0,0.009038686705978244,-0.009872740834089514,-0.0,0.012482077764152775,0.011648023636041505,-0.0008340541281112706
2023-03-31,-0.0,-0.0,-0.0,0.001095639625255996,0.0010550667132419925,-0.0,-0.0007377104052428076,0.0014129959332551813,0.002150706338497989,-0.0,-0.0,-0.0,0.005193588511994513,0.0024031191272600215,-0.0,-0.0009000189365258402,0.006696688702728694,0.007596707639254534,-0.0,-0.0,-0.0,0.010213272875285673,-0.0031695425102679802,-0.0,0.003223180459160282,0.010266910824177975,0.007043730365017693,-0.0,-0.0,-0.0,0.0061923407792372235,-0.012116719004396597,-0.0,0.016124669904816813,0.010200291679657438,-0.005924378225159374,-0.0,-0.0,-0.0,0.012799203006470085,-0.01255693123734892,-0.0,0.010966019510855384,0.01120829127997655,0.00024227176912116483,-0.0,-0.0,-0.0,0.008875983905616277,-0.00705110597951743,-0.0,0.009490960825870297,0.011315838751969145,0.0018248779260988468
2023-04-07,-0.0,-0.0,-0.0,0.0011628009208335863,0.0013368452949621141,-0.0,-0.0009495293040696076,0.0015501169117260927,0.0024996462157957002,-0.0,-0.0,-0.0,0.00523147518594465,0.0026846207393303634,-0.0,-0.00114205526323145,0.006774040662043563,0.007916095925275013,-0.0,-0.0,-0.0,0.010086007173912078,-0.0030357220533990046,-0.0,0.0029567915633604844,0.010007076683873559,0.007050285120513073,-0.0,-0.0,-0.0,0.006146487062135381,-0.01149227558273272,-0.0,0.015452462194505199,0.01010667367390786,-0.005345788520597338,-0.0,-0.0,-0.0,0.012603477981934447,-0.010699362120271541,-0.0,0.008904570159886735,0.01080868602154964,0.0019041158616629056,-0.0,-0.0,-0.0,0.008628604021047448,-0.0039219963806392324,-0.0,0.006104163847232913,0.01081077148764113,0.004706607640408216
2023-04-14,-0.0,-0.0,-0.0,0.0011692075932427403,0.0016281552140431314,-0.0,-0.0012341656060577547,0.001563197201228117,0.0027973628072858717,-0.0,-0.0,-0.0,0.005209549582646028,0.0032623016065745987,-0.0,-0.0017425753005784186,0.006729275888642207,0.008471851189220626,-0.0,-0.0,-0.0,0.009912763311666078,-0.0026464724195401942,-0.0,0.0023870795729954153,0.009653370465121299,0.0072662908921258835,-0.0,-0.0,-0.0,0.005933585405477948,-0.010039199948974935,-0.0,0.013777614001729246,0.009671999458232258,-0.0041056145434969875,-0.0,-0.0,-0.0,0.012482373757618001,-0.008142925902706568,-0.0,0.006221983708658793,0.010561431563570225,0.004339447854911433,-0.0,-0.0,-0.0,0.008227236156181768,-0.000815625694232467,-0.0,0.0025797016349243876,0.009991312096873688,0.007411610461949301
2023-04-21,-0.0,-0.0,-0.0,0.001114873964619924,0.0014105634527616195,-0.0,-0.001073171374591678,0.0014522660427898656,0.0025254374173815436,-0.0,-0.0,-0.0,0.005094535668679057,0.0033359081378867683,-0.0,-0.0019359879922728534,0.006494455814292972,0.008430443806565826,-0.0,-0.0,-0.0,0.009731757947302319,-0.002578604725505115,-0.0,0.0021306646244147664,0.00928381784621197,0.007153153221797204,-0.0,-0.0,-0.0,0.005701408296826906,-0.007298037990058281,-0.0,0.010794600887967768,0.009197971194736393,-0.0015966296932313755,-0.0,-0.0,-0.0,0.012365420985142993,-0.005421267355628506,-0.0,0.0033784993569192685,0.010322652986433756,0.006944153629514487,-0.0,-0.0,-0.0,0.007911066226973242,0.0019924902029819953,-0.0,-0.0005577579385489554,0.009345798491406283,0.009903556429955237
2023-04-28,-0.0,-0.0,-0.0,0.0011372342046909012,0.0014592456801870409,-0.0,-0.0010985616852764945,0.0014979181996014478,0.0025964798848779422,-0.0,-0.0,-0.0,0.005043489224248872,0.0033231843586033726,-0.0,-0.001976437592604223,0.006390235990248021,0.008366673582852244,-0.0,-0.0,-0.0,0.009653796968545906,-0.0018534405508440703,-0.0,0.0013242910968824483,0.009124647514584285,0.007800356417701835,-0.0,-0.0,-0.0,0.00557422955171422,-0.00512904961520164,-0.0,0.008493134653618737,0.008938314590131318,0.00044517993651258057,-0.0,-0.0,-0.0,0.012168111309482877,-0.0022831374029407396,-0.0,3.48384920855517e-05,0.00991981239862769,0.009884973906542138,-0.0,-0.0,-0.0,0.007624360859769253,0.004664737822452698,-0.0,-0.0035286569821904677,0.008760441700031483,0.01228909868222195
2023-05-05,-0.0,-0.0,-0.0,0.0011438814732082137,0.0021061980079122174,-0.0,-0.0017385897749628058,0.0015114897061576254,0.003250079481120431,-0.0,-0.0,-0.0,0.004873629238571936,0.003465547617070008,-0.0,-0.002295738336150999,0.006043438519490944,0.008339176855641943,-0.0,-0.0,-0.0,0.0095490759741846,-0.0010915808996404476,-0.0,0.00045334707655247334,0.008910842151096627,0.008457495074544153,-0.0,-0.0,-0.0,0.005331798814189806,-0.0030168664866298926,-0.0,0.006128419506792394,0.008443351834352308,0.0023149323275599137,-0.0,-0.0,-0.0,0.011872665603321567,0.001165451370094434,-0.0,-0.0037215062248676404,0.009316610748548362,0.013038116973416001,-0.0,-0.0,-0.0,0.007315645840088819,0.008097728889751127,-0.0,-0.007283226194989344,0.008130148534850602,0.015413374729839946
2023-05-12,-0.0,-0.0,-0.0,-0.0010590933028350859,0.0018847639385136848,-0.0,-0.0016054767163696144,-0.0007798060806910156,0.0008256706356785989,-0.0,-0.0,-0.0,-0.004715287565314708,0.0035763600080287866,-0.0,-0.0025714899700860694,-0.0037104175273719904,-0.001138927557285921,-0.0,-0.0,-0.0,-0.009340343910608472,0.0003022958231189686,-0.0,-0.0011579588790987406,-0.010196006966588244,-0.009038048087489503,-0.0,-0.0,-0.0,-0.005216361758878108,-0.00047906549937398605,-0.0,0.003470371586920132,-0.0022250556713319623,-0.0056954272582520945,-0.0,-0.0,-0.0,-0.01148352645369331,0.004249166697838363,-0.0,-0.007210574833474353,-0.0144449345893293,-0.0072343597558549464,-0.0,-0.0,-0.0,-0.0070201978330321655,0.010273348032714066,-0.0,-0.009766603678636313,-0.006513453478954412,0.0032531501996819
2023-05-19,-0.0,-0.0,-0.0,0.0009018361107421816,0.001528101102806646,-0.0,-0.001089331926544564,0.0013406052870042636,0.0024299372135488276,-0.0,-0.0,-0.0,0.005045987320375925,0.003990045487449888,-0.0,-0.0033190976514709107,0.005716935156354902,0.009036032807825813,-0.0,-0.0,-0.0,0.009820307390929242,0.0039839494169908165,-0.0,-0.005337591611621195,0.008466665196298864,0.013804256807920058,-0.0,-0.0,-0.0,0.004944372273134281,0.002957503142926269,-0.0,0.0002920929534955003,0.00819396836955605,0.00790187541606055,-0.0,-0.0,-0.0,0.012532709345166603,0.007889055261699269,-0.0,-0.011919945299437705,0.008501819307428167,0.020421764606865872,-0.0,-0.0,-0.0,0.008378990727765882,0.01317542661458354,-0.0,-0.014045920486307048,0.007508496856042374,0.021554417342349422
2023-05-26,-0.0,-0.0,-0.0,0.0008047711731461374,0.001776996237529286,-0.0,-0.0014390252656938632,0.0011427421449815602,0.0025817674106754234,-0.0,-0.0,-0.0,0.005006297093247351,0.005229763899854278,-0.0,-0.004600032838201121,0.005636028154900508,0.010236060993101629,-0.0,-0.0,-0.0,0.00971958609743902,0.007068705566043692,-0.0,-0.008526942950067756,0.008261348713414954,0.01678829166348271,-0.0,-0.0,-0.0,0.004780558562722788,0.0071044501117603015,-0.0,-0.00402496825307354,0.00786004042140955,0.01188500867448309,-0.0,-0.0,-0.0,0.012276204144486854,0.01136064762869925,-0.0,-0.015657908451758955,0.007978943321427151,0.023636851773186106,-0.0,-0.0,-0.0,0.008145974481314466,0.01702428372306506,-0.0,-0.018136756004565026,0.007033502199814502,0.025170258204379528
2023-06-02,-0.0,-0.0,-0.0,-0.0007123739336877517,0.0016838802641425284,-0.0,-0.0014418602717446607,-0.000470353941289884,0.0009715063304547767,-0.0,-0.0,-0.0,-0.004916222881424947,0.005138989024327122,-0.0,-0.004602796567258772,-0.004380030424356598,0.00022276614290217458,-0.0,-0.0,-0.0,-0.009154848946719913,0.006499575472924872,-0.0,-0.008544270667311085,-0.011199544141106126,-0.002655273473795041,-0.0,-0.0,-0.0,-0.0038987377136125295,0.006215769809199747,-0.0,-0.004052024986127482,-0.001734992890540265,0.002317032095587217,-0.0,-0.0,-0.0,-0.011438450308071177,0.010516377124584567,-0.0,-0.015683613085460554,-0.016605686268947165,-0.0009220731834866103,-0.0,-0.0,-0.0,-0.007272072643845599,0.016143584032063587,-0.0,-0.01816356976016584,-0.009292058371947853,0.008871511388217988
2023-06-09,-0.0,-0.0,-0.0,-0.00070143476567156,0.001704096243928728,-0.0,-0.0014102456698562196,-0.0004075841915990516,0.001002661478257168,-0.0,-0.0,-0.0,-0.004768729816663351,0.004839039721683354,-0.0,-0.00476206983474648,-0.004691759929726477,7.030990502000355e-05,-0.0,-0.0,-0.0,-0.00774779032225745,0.005980308957558254,-0.0,-0.00766828006992812,-0.009435761434627316,-0.0017674813646991958,-0.0,-0.0,-0.0,-0.004979518533118988,0.005550015110015082,-0.0,-0.0058136912934364455,-0.005243194716540351,0.0005704965768960945,-0.0,-0.0,-0.0,-0.011524904076812854,0.010122357735060747,-0.0,-0.01617304122985161,-0.017575587571603716,-0.0014025463417521068,-0.0,-0.0,-0.0,-0.00914481906610446,0.015656025907445987,-0.0,-0.02053495517351088,-0.014023748332169354,0.006511206841341526
2023-06-16,-0.0,-0.0,-0.0,0.00019769152906438315,0.0016387969514937675,-0.0,-0.0009732858005120713,0.0008632026800460793,0.0018364884805581506,-0.0,-0.0,-0.0,0.004309204832350614,0.004176834292114135,-0.0,-0.004979800403402264,0.003506238721062484,0.008486039124464748,-0.0,-0.0,-0.0,0.0062549985680925985,0.005368777042162787,-0.0,-0.006800918683781359,0.004822856926474026,0.011623775610255386,-0.0,-0.0,-0.0,0.005183867734781715,0.004927072075336527,-0.0,-0.006655141326020422,0.0034557984840978204,0.010110939810118243,-0.0,-0.0,-0.0,0.011536409489791183,0.00970370700096443,-0.0,-0.016612712166337532,0.004627404324418081,0.021240116490755613,-0.0,-0.0,-0.0,0.010420631687393381,0.01522189830971322,-0.0,-0.022254761928844676,0.0033877680682619267,0.025642529997106603
2023-06-23,0.026124407957470452,-0.0,-0.0,0.00019769152906438326,0.001638796951493768,-0.0,-0.0009732858005120717,0.02698761063751653,0.027960896438028602,0.030509318995598687,-0.0,-0.0,0.003907412517020869,0.003772935200599141,-0.0,-0.004991086704394673,0.03319858000882402,0.038189666713218696,0.020556502485759007,-0.0,-0.0,0.005579534372773763,0.004689771087018307,-0.0,-0.006819892397133017,0.024005915548418064,0.03082580794555108,0.05873359756099699,-0.0,-0.0,0.004557398831426769,0.0042973183163085606,-0.0,-0.006672738767125901,0.06091557594160642,0.06758831470873232,0.051149847171896044,-0.0,-0.0,0.010913565070589947,0.009077596730875994,-0.0,-0.01663020779609038,0.0545108011772716,0.07114100897336198,0.056511129834239296,-0.0,-0.0,0.00960723114413,0.014404232744874679,-0.0,-0.022277610258711632,0.058244983464532336,0.08052259372324397
2023-06-30,0.010324993496946393,-0.0,-0.0,-0.00013742924422588501,0.0013019189906281964,-0.0,-0.0009826993053797756,0.010506783937968929,0.011489483243348704,0.00925330047170203,-0.0,-0.0,0.003492375228260501,0.003355721686354637,-0.0,-0.0050027450552025485,0.01109865233111462,0.01610139738631717,-0.0009192592754355881,-0.0,-0.0,0.0048982879237504185,0.0040049525592360385,-0.0,-0.006839028533341535,0.0011449526742093354,0.00798398120755087,0.02351149461350337,-0.0,-0.0,0.003873286608429219,0.0036096189880218846,-0.0,-0.00669195540260336,0.024302444807351116,0.030994400209954476,0.015038771240813271,-0.0,-0.0,0.010233237857570293,0.00839370225906148,-0.0,-0.01664931811106284,0.017016393246382207,0.03366571135744505,0.014146678783234671,-0.0,-0.0,0.008931090656741573,0.013724546951559856,-0.0,-0.022296602969031527,0.01450571342250457,0.0368023163915361
2023-07-07,0.007300955761016385,-0.0,-0.0,0.002393288333500485,0.0012831935766892243,-0.0,-0.00353256787463464,0.007444869796571454,0.010977437671206094,0.012232189625007639,-0.0,-0.0,0.005430836520649843,0.003364494875590959,-0.0,-0.006932233767691107,0.014095287253557333,0.02102752102124844,-0.011896170294567663,-0.0,-0.0,0.007908773199789923,0.003950461562022561,-0.0,-0.009905243238349378,-0.009942178771104556,-3.693553275517861e-05,0.012078298734608747,-0.0,-0.0,0.004806977014684725,0.0035576692105033863,-0.0,-0.007678776263139153,0.012764168696657705,0.020442944959796858,-0.006167096794972543,-0.0,-0.0,0.012178947864394397,0.008296880767472568,-0.0,-0.018694050097921064,-0.004385318261026642,0.014308731836894422,-0.0009013877550644327,-0.0,-0.0,0.011976431753449746,0.013652207192475356,-0.0,-0.02541592791025795,-0.0006886767193972805,0.02472725119086067
2023-07-14,-0.0,-0.0,-0.0,0.0026154346897399525,0.0015067662337713203,-0.0,-0.0035260603770401436,0.0005961405464711294,0.004122200923511273,-0.0,-0.0,-0.0,0.005489040020280576,0.003423072073453671,-0.0,-0.006930528769507705,0.0019815833242265426,0.008912112093734248,0.0,-0.0,-0.0,0.007944504773041322,0.00398642255147461,-0.0,-0.009904196526933907,0.0020267307975820256,0.011930927324515932,-0.0,-0.0,-0.0,0.0049915242667695325,0.0037434013566625735,-0.0,-0.007673370183924791,0.0010615554395073147,0.008734925623432106,0.0,-0.0,-0.0,0.012345462186797846,0.008464464202700432,-0.0,-0.01868917227065965,0.002120754118838629,0.02080992638949828,0.0,-0.0,-0.0,0.011903710035199563,0.01357901856110639,-0.0,-0.0254180582013624,6.467039494355287e-05,0.025482728596305952
2023-07-21,0.00813560713840015,-0.0,-0.0,0.0025451692566039338,0.0014360496582074608,-0.0,-0.0035281187143671633,0.008588707338844382,0.012116826053211545,0.015467963014479679,-0.0,-0.0,0.005227235478985418,0.0031595866041245163,-0.0,-0.006938198003662819,0.016916587093926794,0.023854785097589613,-0.013564885578235002,-0.0,-0.0,0.00772013797109258,0.0037606151922099855,-0.0,-0.009910769069687624,-0.01199490148462006,-0.0020841324149324368,0.005566461314123152,-0.0,-0.0,0.004772375468718849,0.0035228455037287386,-0.0,-0.007679789871829163,0.006181892414741577,0.01386168228657074,-0.01608301030460479,-0.0,-0.0,0.011936133297788861,0.00805250719883425,-0.0,-0.018701163044695625,-0.014795532852677306,0.00390563019201832,-0.009427160241622932,-0.0,-0.0,0.011316863391365473,0.012988404041549452,-0.0,-0.0254352491343479,-0.010557141943055908,0.014878107191291992
2023-07-28,-0.0,-0.0,-0.0,-0.002410870600438729,0.0013008887313766693,-0.0,-0.003532052824278905,-0.004642034693340964,-0.0011099818690620596,-0.0,-0.0,-0.0,-0.0049614077081073125,0.0028920520738828282,-0.0,-0.006945985093259165,-0.00901534072748365,-0.0020693556342244843,0.0,-0.0,-0.0,-0.007530911822886588,0.0035701741088630247,-0.0,-0.009916312211268295,-0.013877049925291858,-0.003960737714023563,-0.0,-0.0,-0.0,-0.004561274103365418,0.00331038875240193,-0.0,-0.007685973820332693,-0.00893685917129618,-0.0012508853509634885,0.0,-0.0,-0.0,-0.011767871923778034,0.007883165494974234,-0.0,-0.01870609204963253,-0.02259079847843633,-0.0038847064288037997,0.0,-0.0,-0.0,-0.011068235103992062,0.012738179424883112,-0.0,-0.025442532386746874,-0.023772588065855825,0.0016699443208910494
2023-08-04,-0.0,-0.0,-0.0,-0.002079621564447872,0.0012432243124810539,-0.0,-0.0032597787621585607,-0.004096176014125379,-0.0008363972519668181,-0.0,-0.0,-0.0,-0.006660908480804349,0.002766184559111028,-0.0,-0.008774214006063723,-0.012668937927757043,-0.0038947239216933207,0.0,-0.0,-0.0,-0.008636047689867084,0.0036947940595292274,-0.0,-0.010893995855976533,-0.01583524948631439,-0.004941253630337857,-0.0,-0.0,-0.0,-0.007237118316526195,0.0033483005326514588,-0.0,-0.010323044621874632,-0.014211862405749367,-0.003888817783874736,0.0,-0.0,-0.0,-0.013155190934598989,0.0077932267167929265,-0.0,-0.02018539390177528,-0.02554735811958134,-0.0053619642178060626,0.0,-0.0,-0.0,-0.01349913358697457,0.012611344903266443,-0.0,-0.02800314799411006,-0.02889093667781819,-0.000887788683708127
2023-08-11,-0.0,-0.0,-0.0,0.0028689066082851597,0.0012336159410988189,-0.0,-0.004058890549454956,4.36319999290221e-05,0.004102522549383978,-0.0,-0.0,-0.0,0.007718812148722846,0.0027649583668930893,-0.0,-0.009833371734205112,0.0006503987814108231,0.010483770515615935,0.0,-0.0,-0.0,0.009788721296453364,0.0038789129066070446,-0.0,-0.011858366096233232,0.0018092681068271766,0.013667634203060408,-0.0,-0.0,-0.0,0.009498039122009182,0.0035178075830005567,-0.0,-0.012410605944046044,0.0006052407609636948,0.01301584670500974,0.0,-0.0,-0.0,0.014609342401683567,0.007720717421459846,-0.0,-0.021713702602723237,0.0006163572204201766,0.022330059823143414,0.0,-0.0,-0.0,0.01603269660623733,0.012540210799236213,-0.0,-0.030609461801585563,-0.0020365543961120176,0.028572907405473545
2023-08-18,0.012919118335644228,-0.0,-0.0,0.0027614061324645616,0.0011256625138351569,-0.0,-0.004061796987881285,0.012744389994062662,0.016806186981943947,0.011378097548649439,-0.0,-0.0,0.007749805920562605,0.002796082730468128,-0.0,-0.0098325337705704,0.012091452429109771,0.02192398619968017,-0.014459224156286202,-0.0,-0.0,0.009826121603918506,0.003916470799637351,-0.0,-0.0118573549221901,-0.012573986674920446,-0.0007166317527303456,0.0006216681942392661,-0.0,-0.0,0.009340006520244241,0.003359109113531554,-0.0,-0.012414878595147134,0.0009059052328679283,0.013320783828015062,-0.019269964289580103,-0.0,-0.0,0.014276623077716032,0.007386596190228406,-0.0,-0.021722698174333314,-0.01932944319596898,0.002393254978364335,-0.01674989740368616,-0.0,-0.0,0.01568441327787404,0.012190459984938808,-0.0,-0.030618878169662807,-0.019493902310536118,0.011124975859126689
2023-08-25,0.008042159132070391,-0.0,-0.0,0.00314964656514316,0.0011027140931341181,-0.0,-0.004473507396276852,0.007821012394070816,0.01229451979034767,0.009021337666209267,-0.0,-0.0,0.007810776550044845,0.0027852796050257733,-0.0,-0.009904553051073224,0.009712840770206664,0.019617393821279888,-0.014661061920953058,-0.0,-0.0,0.00997752644789967,0.003915214832527101,-0.0,-0.012010044277988562,-0.01277836491851485,-0.0007683206405262877,-0.0037153334202763367,-0.0,-0.0,0.009239363264382334,0.0033397103765769325,-0.0,-0.012334074956625168,-0.003470334735942238,0.00886374022068293,-0.023877373221182,-0.0,-0.0,0.01486786227914096,0.007364408258990948,-0.0,-0.022336629578160194,-0.023981732261210288,-0.001645102683050093,-0.023152259811944863,-0.0,-0.0,0.018604579969678244,0.012154879648295473,-0.0,-0.033575433842124955,-0.0259682340360961,0.007607199806028853
2023-09-01,-0.0,-0.0,-0.0,0.003220939491620958,0.0011743808402001935,-0.0,-0.004471504785982535,-7.618445416138382e-05,0.004395320331821152,-0.0,-0.0,-0.0,0.00806456245173928,0.0030403962193133725,-0.0,-0.00989742423360991,0.0012075344374427432,0.011104958671052653,0.0,-0.0,-0.0,0.010144519850653953,0.004083083856119807,-0.0,-0.01200535345206851,0.00222225025470525,0.01422760370677376,0.0,-0.0,-0.0,0.009275088675762839,0.003375623112211883,-0.0,-0.012333071433833592,0.0003176403541411306,0.012650711787974722,0.0,-0.0,-0.0,0.014870352708044269,0.007366911746322979,-0.0,-0.02233655962229214,-9.929516792489199e-05,0.02223726445436725,0.0,-0.0,-0.0,0.018358335552017678,0.01190734406140376,-0.0,-0.03358235082014916,-0.003316671206727722,0.03026567961342144
2023-09-08,0.009797769988382235,-0.0,-0.0,0.0024345593519488856,0.0011528068847847293,-0.0,-0.0037071889188944646,0.009677947306221386,0.01338513622511585,0.010152424642939748,-0.0,-0.0,0.007161951310212473,0.003035833313274777,-0.0,-0.008999479700531677,0.011350729565895319,0.020350209266426996,-0.016359097962914296,-0.0,-0.0,0.009238011505780531,0.003909704544946759,-0.0,-0.011276164857258447,-0.014487546769445452,-0.0032113819121870066,-0.00350046162065129,-0.0,-0.0,0.010333288309541833,0.0032396078083635096,-0.0,-0.013530377628366614,-0.0034579431311125616,0.010072434497254052,-0.02528358477138536,-0.0,-0.0,0.016034975739803538,0.007051711806997542,-0.0,-0.023823546228361542,-0.026020443452945824,-0.0021968972245842797,-0.026145634126249092,-0.0,-0.0,0.02197003181951968,0.011482893043966514,-0.0,-0.03762814471912113,-0.030320853981884034,0.0073072907372371005
2023-09-15,0.00896215214256623,-0.0,-0.0,0.0023222683105872622,0.0010397948736551347,-0.0,-0.0037104783434608363,0.008613736983347792,0.012324215326808628,0.009476580006642737,-0.0,-0.0,0.00714802691006469,0.003021819510878854,-0.0,-0.008999887598288816,0.010646538829297465,0.01964642642758628,-0.017686724019064147,-0.0,-0.0,0.00916852001450536,0.003839766880372874,-0.0,-0.011278200522933844,-0.015956637647119756,-0.004678437124185913,-0.005669075156867017,-0.0,-0.0,0.010067808377430845,0.0029724233502036565,-0.0,-0.013538154528464564,-0.00616699795769708,0.007371156570767484,-0.027083946033413773,-0.0,-0.0,0.015834319595802792,0.006849767341044947,-0.0,-0.023829424197266864,-0.028229283293832896,-0.004399859096566034,-0.029516733777402663,-0.0,-0.0,0.02162656122693354,0.01113721718272813,-0.0,-0.037638206257346964,-0.03439116162508796,0.0032470446322590083
2023-09-22,0.008282844963498693,-0.0,-0.0,0.002480034319180359,0.0011985738261236297,-0.0,-0.003705856787029338,0.008255596321773345,0.011961453108802683,0.007463814153733542,-0.0,-0.0,0.0071465458282987835,0.003020328919759715,-0.0,-0.008999930984712938,0.008630757917079105,0.017630688901792042,-0.018693924523837686,-0.0,-0.0,0.009210135315776281,0.0038816493745893565,-0.0,-0.011276981455119727,-0.016879121288591772,-0.005602139833472047,-0.009744183742490975,-0.0,-0.0,0.010034450475160056,0.0029388512719953374,-0.0,-0.013539131706179562,-0.010310013701515144,0.003229118004664418,-0.02969557642250224,-0.0,-0.0,0.015499515714936926,0.006512813836545913,-0.0,-0.023839231855093186,-0.031522478726112586,-0.0076832468710194,-0.038000657296435536,-0.0,-0.0,0.021348879204621394,0.010857752290288783,-0.0,-0.03764634060230234,-0.0434403664038277,-0.0057940258015253595
2023-09-29,0.00753891944439194,-0.0,-0.0,0.002476477061066724,0.0011949937284715451,-0.0,-0.003705960992423518,0.007504429241506691,0.01121039023393021,0.002531582243723811,-0.0,-0.0,0.007045244958236832,0.0029183776428273853,-0.0,-0.009002898466059055,0.0034923063787289724,0.012495204844788027,-0.01901803710871674,-0.0,-0.0,0.008990186707297239,0.0036602885760077188,-0.0,-0.011283424572462812,-0.017650986397874595,-0.006367561825411781,-0.013812575444303529,-0.0,-0.0,0.009761648810794932,0.0026642980720644658,-0.0,-0.013547123087198285,-0.014933751648642414,-0.0013866285614441303,-0.03313361835886793,-0.0,-0.0,0.014978105552203023,0.005988055936009544,-0.0,-0.023854505908816933,-0.0360219627794723,-0.012167456870655364,-0.04488695473466686,-0.0,-0.0,0.0208952582308966,0.010401218822350665,-0.0,-0.037659628857150615,-0.05125010653857021,-0.013590477681419596
2023-10-06,,,-0.0,0.0023979229944458245,0.0011159353018723392,-0.0,-0.0037082621348245286,-0.00019440383850636515,0.0035138582963181635,,,-0.0,0.007026922561514446,0.0028999376063186593,-0.0,-0.009003435197584227,0.0009234249702488768,0.009926860167833104,,,-0.0,0.00872120314130699,0.003389577988727005,-0.0,-0.011291304107100567,0.0008194770229334285,0.012110781130033995,,,-0.0,0.00948147556921353,0.0023823259653685774,-0.0,-0.013555330409283129,-0.0016915288747010211,0.011863801534582108,,,-0.0,0.014386363753629372,0.005392514832148106,-0.0,-0.023871840239192484,-0.004092961653415005,0.01977887858577748,,,-0.0,0.020152572162292312,0.009653764303867702,-0.0,-0.03768138490972209,-0.007875048443562072,0.029806336466160016
2023-10-13,0.007232671653865462,-0.0,-0.0,0.0023054646828445735,0.0010228833574518121,-0.0,-0.0037109705845624476,0.006850049109599399,0.010561019694161847,-0.0006767647947943718,-0.0,-0.0,0.00697413877018478,0.002846814914242074,-0.0,-0.009004981432241956,0.00013920745739052706,0.009144188889632483,-0.019026980136000834,-0.0,-0.0,0.00847933497794202,0.003146156899754528,-0.0,-0.011298389330184691,-0.018699877588488976,-0.007401488258304285,-0.017490113992438362,-0.0,-0.0,0.009296295459150774,0.0021959568979378163,-0.0,-0.013560755027274538,-0.01955861666262431,-0.005997861635349771,-0.03641627495880292,-0.0,-0.0,0.01406678721768405,0.00507088644043423,-0.0,-0.023881201831136307,-0.041159803131820945,-0.017278601300684638,-0.04923383974938882,-0.0,-0.0,0.01977832445533201,0.009277113722384316,-0.0,-0.037692348024733355,-0.057870749596405854,-0.020178401571672496
2023-10-20,0.004114694156875673,-0.0,-0.0,0.0018202780725535426,0.0010092471314935084,-0.0,-0.003239730114456047,0.0037044892464666774,0.006944219360922725,-0.0018995785109655876,-0.0,-0.0,0.007166549321850461,0.0028405595967546634,-0.0,-0.00920378946770158,-0.0010962590600620426,0.008107530407639537,-0.020524750987137876,-0.0,-0.0,0.009220673083605474,0.003137296007776235,-0.0,-0.012048789711735043,-0.020215571607491212,-0.008166781895756169,-0.019907644220414085,-0.0,-0.0,0.012700400698365331,0.0021764201825580326,-0.0,-0.01698484099812752,-0.02201566433761824,-0.0050308233394907205,-0.04210272250243764,-0.0,-0.0,0.017082968955848436,0.0050367670515401195,-0.0,-0.026932278398851497,-0.046915264893900584,-0.019982986495049086,-0.046313178551222106,-0.0,-0.0,0.023475334304904394,0.00928219831777435,-0.0,-0.041384157719929565,-0.054939803648472924,-0.013555645928543362
2023-10-27,0.004535153076438112,-0.0,-0.0,0.0018976387412759303,0.00108720956859835,-0.0,-0.0032373564725030257,0.004282644913809367,0.007520001386312393,0.00013367699392941596,-0.0,-0.0,0.007035782220190556,0.002708775292056785,-0.0,-0.009207801768573599,0.0006704327376031577,0.009878234506176756,-0.0197404266340321,-0.0,-0.0,0.00905681614256548,0.0029721644665034364,-0.0,-0.012053817301542232,-0.019765263326505415,-0.007711446024963183,-0.01994686415848418,-0.0,-0.0,0.012273212823151641,0.0017459093247368042,-0.0,-0.016997948318412812,-0.022925690329008548,-0.005927742010595734,-0.04414826362277219,-0.0,-0.0,0.016734738835870882,0.004685828140655221,-0.0,-0.02694296307409714,-0.04967065972034322,-0.022727696646246083,-0.04037795987691611,-0.0,-0.0,0.023209403429956244,0.009014198836193074,-0.0,-0.04139231722387137,-0.04954667483463816,-0.008154357610766789
2023-11-03,0.00478462060760919,-0.0,-0.0,0.0017675550657228864,0.0009561140062000365,-0.0,-0.003241347803948258,0.004266941875583854,0.0075082896795321125,0.0011064715706548185,-0.0,-0.0,0.00677022012219919,0.0024411474560516594,-0.0,-0.009215949957405661,0.0011018891915000068,0.010317839148905668,-0.020208029134894685,-0.0,-0.0,0.008799104844901156,0.002712448500145092,-0.0,-0.012061724605835301,-0.020758200395683737,-0.008696475789848435,-0.02139677850128576,-0.0,-0.0,0.0116846681475639,0.0011527865142482029,-0.0,-0.01701600651718841,-0.025575330356662068,-0.008559323839473658,-0.04579383144818612,-0.0,-0.0,0.016000354303037576,0.003945731022864693,-0.0,-0.026965496048095047,-0.0528132421703789,-0.02584774612228385,-0.03571104726823725,-0.0,-0.0,0.02292047738094657,0.008723025307113316,-0.0,-0.04140118228414781,-0.04546872686432517,-0.00406754458017736
2023-11-10,0.004686420386285786,-0.0,-0.0,0.0017675762419827777,0.0009561353471845099,-0.0,-0.0032413471542013035,0.00416878482125177,0.007410131975453073,0.0014213275960723835,-0.0,-0.0,0.006578472321934411,0.0022479080998643354,-0.0,-0.009221833316877915,0.0010258747009932144,0.01024770801787113,-0.019825686041304743,-0.0,-0.0,0.008675121235588572,0.0025875004548050152,-0.0,-0.012065528770165979,-0.020628593121077135,-0.008563064350911156,-0.021766120193881237,-0.0,-0.0,0.011413272026950865,0.0008792792742872773,-0.0,-0.01702433371017178,-0.026497902602814878,-0.009473568892643095,-0.04244436309948923,-0.0,-0.0,0.01569524294527538,0.0036382462837543073,-0.0,-0.02697485771896848,-0.05008573158942802,-0.023110873870459542,-0.032160397686405454,-0.0,-0.0,0.022735542233317526,0.008536651597402462,-0.0,-0.04140685661235942,-0.04229506046804488,-0.0008882038556854658
2023-11-17,0.004933069775132891,-0.0,-0.0,0.0016665268219646214,0.0008542998901912764,-0.0,-0.0032444476333807724,0.0042094488539080165,0.007453896487288789,0.000138098880973955,-0.0,-0.0,0.006515583987612754,0.002184530573659454,-0.0,-0.009223762907083986,-0.0003855494648378234,0.008838213442246163,-0.01999257377811322,-0.0,-0.0,0.008286943386571223,0.002196303071957802,-0.0,-0.012077439153606016,-0.02158676647319021,-0.009509327319584194,-0.02557809026431737,-0.0,-0.0,0.011096922077275936,0.0005604685212008762,-0.0,-0.017034040212517042,-0.030954739878357604,-0.01392069966584056,-0.03914585622667509,-0.0,-0.0,0.015391062132216653,0.0033316993278109473,-0.0,-0.02698419083812456,-0.04740728560477205,-0.02042309476664749,-0.029070813697321857,-0.0,-0.0,0.02244411764574997,0.00824296009428771,-0.0,-0.04141579833479561,-0.03979953429207979,0.0016162640427158231
2023-11-24,0.004552021075683456,-0.0,-0.0,0.0016164398676767463,0.0008038233226029787,-0.0,-0.0032459844413991125,0.0037262998245640683,0.006972284265963181,-0.0018025150275476065,-0.0,-0.0,0.006478370355608262,0.0021470274665572626,-0.0,-0.009224904725524919,-0.0024020219309070006,0.006822882794617918,-0.021370478208362374,-0.0,-0.0,0.007996902769489759,0.001904006304873113,-0.0,-0.012086338411952079,-0.023555907545951583,-0.011469569133999503,-0.029335438659011767,-0.0,-0.0,0.010878748113731112,0.00034059743952994515,-0.0,-0.017040734400681122,-0.03515682750643183,-0.01811609310575071,-0.036399809429081456,-0.0,-0.0,0.015253872818220347,0.00319344285406878,-0.0,-0.02698840019045548,-0.04494089394724781,-0.01795249375679233,-0.0268143554836247,-0.0,-0.0,0.022295853053443084,0.008093542190545434,-0.0,-0.0414203475076797,-0.037845307747315884,0.0035750397603638174
2023-12-01,0.00430698912267712,-0.0,-0.0,0.0015580970899259636,0.000745026711663125,-0.0,-0.0032477745612004565,0.0033623383630657527,0.006610112924266209,-0.003867750326467492,-0.0,-0.0,0.0064822608335275474,0.002150948207485427,-0.0,-0.009224785354767673,-0.004459326640222191,0.004765458714545482,-0.023144519053378085,-0.0,-0.0,0.007687186724535349,0.001591881059914734,-0.0,-0.012095841367523284,-0.025961292636451284,-0.013865451268928002,-0.031970862753272135,-0.0,-0.0,0.010415959924202828,-0.00012579065812777572,-0.0,-0.01705493403830277,-0.038735627525499854,-0.021680693487197082,-0.033751607450795654,-0.0,-0.0,0.015229846603588422,0.0031692297458053194,-0.0,-0.026989137382002093,-0.04234166848340401,-0.015352531101401914,-0.025053733395616153,-0.0,-0.0,0.022222921457649095,0.0080200432789674,-0.0,-0.04142258525327234,-0.036233353912272,0.005189231341000343
2023-12-08,0.0031217280990186516,-0.0,-0.0,0.0005663881974794907,0.0007415576026275396,-0.0,-0.002259613621176739,0.002170060277948943,0.004429673899125682,-0.004573210370059731,-0.0,-0.0,0.006463106326800588,0.002147446510004862,-0.0,-0.009209212129554925,-0.005171869662809207,0.004037342466745719,-0.02383643573372367,-0.0,-0.0,0.008879319979447192,0.0015853998996284541,-0.0,-0.013294603081818821,-0.026666318936466846,-0.013371715854648025,-0.030480597590265893,-0.0,-0.0,0.012309341511526701,-0.000123055379965471,-0.0,-0.018945518182051563,-0.03723982964075623,-0.018294311458704665,-0.03138076072702501,-0.0,-0.0,0.016521211426419297,0.0031779108105061053,-0.0,-0.028271623843207166,-0.039953262333306774,-0.011681638490099608,-0.022697579662945555,-0.0,-0.0,0.024849109197198696,0.008025291979100915,-0.0,-0.04404340500404902,-0.03386658349069496,0.010176821513354056
2023-12-15,0.002737661470431199,-0.0,-0.0,0.0004880748613828487,0.0006625109955936629,-0.0,-0.002262143405910198,0.0016261039214975122,0.0038882473274077104,-0.004320426695926909,-0.0,-0.0,0.006126781811879353,0.0018079728891386706,-0.0,-0.009220076545065023,-0.005605748539973908,0.003614328005091115,-0.025922389425657427,-0.0,-0.0,0.008630768980556367,0.0013345216441937083,-0.0,-0.01330263211689535,-0.029259730917802703,-0.015957098800907354,-0.02729912057716372,-0.0,-0.0,0.012059026923521447,-0.000375713737521334,-0.0,-0.01895360418700117,-0.034569411578164774,-0.015615807391163606,-0.027879978063573462,-0.0,-0.0,0.016289799337953277,0.002944331942185532,-0.0,-0.02827909923370537,-0.036924946017140026,-0.008645846783434653,-0.018813372057966182,-0.0,-0.0,0.024662918244858525,0.00783735766578377,-0.0,-0.04404941959941956,-0.03036251574674345,0.013686903852676112
2023-12-22,0.002255221983224894,-0.0,-0.0,0.0004774918110869843,0.0006518288530665633,-0.0,-0.002262485274107957,0.001122057373270484,0.003384542647378441,-0.004487363972429513,-0.0,-0.0,0.005863011889680543,0.0015417332111140295,-0.0,-0.00922859720266414,-0.0063112160742990805,0.0029173811283650596,-0.027528994025585656,-0.0,-0.0,0.008454005757670998,0.0011561033349517336,-0.0,-0.013308342164825638,-0.031227227097788558,-0.01791888493296292,-0.023921523874617455,-0.0,-0.0,0.011952274708403807,-0.0004834655052149868,-0.0,-0.018957052643388407,-0.03140976731481704,-0.012452714671428635,-0.024460123495128126,-0.0,-0.0,0.01617784253481197,0.002831326854370614,-0.0,-0.028282715815829314,-0.03373366992177486,-0.0054509541059455414,-0.015030040234914256,-0.0,-0.0,0.02458764695241142,0.0077613815859542065,-0.0,-0.044051851115889065,-0.026732862812437697,0.01731898830345137
2023-12-29,0.0031066301835498784,-0.0,-0.0,0.00047604663231983987,0.0006503701426630236,-0.0,-0.002262531958253526,0.001970515000279216,0.004233046958532742,-0.004802230697576862,-0.0,-0.0,0.005534636850500252,0.0012102834992822344,-0.0,-0.009239204823311819,-0.007296515171106195,0.0019426896522056242,-0.02799989737291803,-0.0,-0.0,0.007980184861799643,0.0006778459138381325,-0.0,-0.013323648176911371,-0.03266551477419162,-0.019341866597280252,-0.02040596546289703,-0.0,-0.0,0.011919665013181112,-0.000516380534662618,-0.0,-0.018958106046464418,-0.027960787030842954,-0.009002680984378538,-0.021282017368595016,-0.0,-0.0,0.016101191324560622,0.002753957936158103,-0.0,-0.028285191908295298,-0.030712060016171588,-0.002426868107876291,-0.00994819604607722,-0.0,-0.0,0.024412018063685422,0.007584108231977954,-0.0,-0.044057524521002395,-0.022009594271416237,0.022047930249586158
2024-01-05,0.0029153932451633866,-0.0,-0.0,0.00020432018717333753,0.0003760994424121529,-0.0,-0.002271309638363594,0.001224503236385283,0.003495812874748877,-0.005117760274520093,-0.0,-0.0,0.005388055453631615,0.0010623296174241893,-0.0,-0.00924393989652527,-0.007911315099989559,0.0013326247965357112,-0.025857844905594916,-0.0,-0.0,0.007795391798760413,0.0004913225786730691,-0.0,-0.013329617615745498,-0.03090074814390693,-0.017571130528161432,-0.018098908623589986,-0.0,-0.0,0.01185924946621655,-0.0005773617702691666,-0.0,-0.018960057672279283,-0.025777078599921885,-0.006817020927642602,-0.018438725861671376,-0.0,-0.0,0.015948619409830413,0.002599957445447271,-0.0,-0.02829012049542844,-0.028180269501822133,0.00010985099360630822,-0.006170064066704343,-0.0,-0.0,0.024231742705535013,0.0074021449023092736,-0.0,-0.04406334802274041,-0.018599524481600467,0.025463823541139942
2024-01-12,0.002235393073149129,-0.0,-0.0,0.0001973734452977101,0.00036908765613693985,-0.0,-0.00227153404154216,0.0005303201330416193,0.002801854174583779,-0.007676448463745592,-0.0,-0.0,0.005468276044341769,0.0011433013372608453,-0.0,-0.009241348501038847,-0.010306219583181824,-0.0010648710821429775,-0.023454606982867894,-0.0,-0.0,0.007881526734087112,0.0005782640208848515,-0.0,-0.013326835166991968,-0.028321651394887896,-0.01499481622789593,-0.015730623131320082,-0.0,-0.0,0.011957213878609051,-0.00047848008809770636,-0.0,-0.018956893091541888,-0.023208782432350625,-0.004251889340808737,-0.015419550120856496,-0.0,-0.0,0.016094265605647036,0.002746967369689149,-0.0,-0.02828541563236133,-0.02486373277788164,0.0034216828544796894,-0.0030615058335151154,-0.0,-0.0,0.024137896075483226,0.0073074195584929575,-0.0,-0.044066379585228035,-0.015682569784766967,0.02838380980046107
2024-01-19,0.0016928040540651423,-0.0,-0.0,0.00012552469680507394,0.00029656616655355,-0.0,-0.0022738549983052653,-0.00015896008088149907,0.0021148949174237663,-0.009464492620379392,-0.0,-0.0,0.005548887633165105,0.0012246677162416981,-0.0,-0.0092387444749954,-0.01192968174596799,-0.002690937270972588,-0.02048660422508146,-0.0,-0.0,0.008039704177939415,0.0007379225269455057,-0.0,-0.013321725502373148,-0.025030703022569684,-0.011708977520196538,-0.013001395965003968,-0.0,-0.0,0.01210386398998349,-0.00033045684833962036,-0.0,-0.01895215579861828,-0.02018014462197838,-0.001227988823360098,-0.012071870250318358,-0.0,-0.0,0.016281002500346326,0.002935452737185245,-0.0,-0.028279383401212332,-0.02113479841399912,0.007144584987213213,0.0004443201208009112,-0.0,-0.0,0.024051811350034574,0.007220528796289165,-0.0,-0.044069160412033265,-0.012352500144908615,0.03171666026712465
2024-01-26,0.002369387515278221,-0.0,-0.0,0.00030280971214584026,-0.00047551115394806775,-0.0,-0.00226812809471982,-7.14420212438267e-05,0.0021966860734759933,-0.010064942846752913,-0.0,-0.0,0.005399754088140475,-0.0010741377897093454,-0.0,-0.009243561991197038,-0.014982888539518822,-0.005739326548321783,-0.017228028131082672,-0.0,-0.0,0.008332774590242495,-0.001033737044232693,-0.0,-0.013312258340177966,-0.023241248925250837,-0.00992899058507287,-0.010284779740561531,-0.0,-0.0,0.012347342203356948,8.469887641397528e-05,-0.0,-0.018944290631613236,-0.016797029292403842,0.0021472613392093925,-0.007368591131659214,-0.0,-0.0,0.01643039407848437,-0.0030862431128713917,-0.0,-0.028274557549671366,-0.022298997715717604,0.005975559833953764,0.003815218273123949,-0.0,-0.0,0.024026585369333133,-0.007195066617266548,-0.0,-0.04406997529624131,-0.02342323827105077,0.020646737025190535
2024-02-02,0.0,-0.0,-0.0,0.0005632020444533904,-0.0020114501358314846,-0.0,-0.003532825063782873,-0.004981073155160967,-0.0014482480913780944,0.0,-0.0,-0.0,0.005123644881802813,0.0001801397002230461,-0.0,-0.008276898257866375,-0.002973113675840516,0.0053037845820258596,0.0,-0.0,-0.0,0.008080931860439323,0.0006765107205907398,-0.0,-0.011864346752232831,-0.003106904171202768,0.008757442581030063,0.0,-0.0,-0.0,0.011998348831971704,0.001878190615651295,-0.0,-0.017514333654235544,-0.0036377942066125445,0.013876539447623,0.0,-0.0,-0.0,0.01588343488248166,-0.0003531629973794506,-0.0,-0.026111226596682247,-0.010580954711580038,0.015530271885102209,-0.0,-0.0,-0.0,0.023588668467649974,-0.005410638506132935,-0.0,-0.04274171062436098,-0.024563680662843944,0.018178029961517038
2024-02-09,0.0,-0.0,-0.0,0.0005593621463655068,-0.001904867013310107,-0.0,-0.003430241835103041,-0.004775746702047641,-0.0013455048669446,0.0,-0.0,-0.0,0.0051262563313138765,0.0024843010680672163,-0.0,-0.005970016630114848,0.0016405407692662447,0.007610557399381093,0.0,-0.0,-0.0,0.008105885290761918,0.003068731651584971,-0.0,-0.009446132664652563,0.0017284842776943265,0.01117461694234689,0.0,-0.0,-0.0,0.012069836517883997,0.0045952032167455035,-0.0,-0.014722854713649371,0.0019421850209801281,0.0166650397346295,0.0,-0.0,-0.0,0.015707253353204553,0.0027495177179803084,-0.0,-0.02319206830765281,-0.004735297236467949,0.01845677107118486,-0.0,-0.0,-0.0,0.023376309694971308,-0.002670335206799009,-0.0,-0.040222614379900684,-0.019516639891728384,0.0207059744881723
2024-02-16,,,-0.0,0.0002453049736983141,-0.0015045493443174832,-0.0,-0.0033570670543054083,-0.004616311424924578,-0.0012592443706191691,,,-0.0,0.005204228863245802,0.004670144250533727,-0.0,-0.003702952060219249,0.006171421053560281,0.00987437311377953,,,-0.0,0.008181245886790372,0.0052201287163492725,-0.0,-0.007216234979025294,0.006185139624114351,0.013401374603139645,,,-0.0,0.012183490358187863,0.0070498809100476975,-0.0,-0.012149787603363979,0.007083583664871582,0.01923337126823556,,,-0.0,0.015537883493728418,0.005598789351453816,-0.0,-0.020519223611133598,0.0006174492340486372,0.021136672845182235,,,-0.0,0.023291603433181207,-0.00047765679791252085,-0.0,-0.03811817166037889,-0.015304225025110203,0.022813946635268686
2024-02-23,0.0,-0.0,-0.0,0.000514122848088851,-0.0017661406758736936,-0.0,-0.0033386397667048064,-0.004590657594489649,-0.0012520178277848426,0.0,-0.0,-0.0,0.005619433327413736,0.0042661015919269515,-0.0,-0.003674490068651062,0.006211044850689626,0.009885534919340688,0.0,-0.0,-0.0,0.00855791244296721,0.004853587963780681,-0.0,-0.007190414735576287,0.006221085671171605,0.013411500406747892,0.0,-0.0,-0.0,0.012450396508303853,0.006790149910508744,-0.0,-0.012131491363198701,0.007109055055613895,0.019240546418812596,0.0,-0.0,-0.0,0.015637775788722212,0.00550158242829483,-0.0,-0.020512376060340627,0.000626982156676413,0.02113935821701704,-0.0,-0.0,-0.0,0.02346826172127271,-0.0006495660391305303,-0.0,-0.03810606185150143,-0.015287366169359249,0.02281869568214218
2024-03-01,0.0,-0.0,-0.0,0.0005224477646462852,-0.0015461662381182355,-0.0,-0.0031099935408686876,-0.0041337120143406375,-0.0010237184734719503,0.0,-0.0,-0.0,0.005752050072437683,0.004292254133730206,-0.0,-0.0035101950841145194,0.006534109122053369,0.010044304206167889,0.0,-0.0,-0.0,0.00859722607025024,0.005079865127148327,-0.0,-0.006923185877122156,0.006753905320276409,0.013677091197398565,0.0,-0.0,-0.0,0.012460710003586176,0.007591203967614827,-0.0,-0.011319694081840193,0.00873221988936081,0.020051913971201003,0.0,-0.0,-0.0,0.015557047829451515,0.005744486890790844,-0.0,-0.020353563222084925,0.0009479714981574343,0.02130153472024236,-0.0,-0.0,-0.0,0.023343917933610295,-0.000449942080909236,-0.0,-0.03803596267209515,-0.01514198681939409,0.02289397585270106
2024-03-08,0.0,-0.0,-0.0,0.000597490173864612,-0.0014281925010285257,-0.0,-0.002913850627509887,-0.0037445529546738005,-0.0008307023271639137,0.0,-0.0,-0.0,0.0057682816577099075,0.004242215859670398,-0.0,-0.0035433254568490932,0.006467172060531212,0.010010497517380305,0.0,-0.0,-0.0,0.008669745228007918,0.005258931874111748,-0.0,-0.006668578340827817,0.0072600987612918486,0.013928677102119666,0.0,-0.0,-0.0,0.012269083747554862,0.00799331961685433,-0.0,-0.011117189115966639,0.009145214248442553,0.020262403364409192,0.0,-0.0,-0.0,0.01532622094571641,0.005777195684248247,-0.0,-0.020561299099184905,0.0005421175307797517,0.021103416629964657,-0.0,-0.0,-0.0,0.023186548095104433,-0.000289432954351942,-0.0,-0.0380393804606481,-0.015142265319895609,0.022897115140752492
2024-03-15,0.0,-0.0,-0.0,0.0006735793919820514,-0.0013861317814213754,-0.0,-0.0027925303056970698,-0.003505082695136394,-0.000712552389439324,0.0,-0.0,-0.0,0.005758867590978914,0.004108586172083236,-0.0,-0.003686761463947711,0.006180692299114439,0.00986745376306215,0.0,-0.0,-0.0,0.008709067494126787,0.0053397469210235814,-0.0,-0.006546802600042158,0.00750201181510821,0.014048814415150369,0.0,-0.0,-0.0,0.012003192412661531,0.008328682720208137,-0.0,-0.011058796153126722,0.009273078979742944,0.020331875132869666,0.0,-0.0,-0.0,0.015149524027702132,0.005483047341828022,-0.0,-0.021039506731203333,-0.0004069353616731816,0.020632571369530152,-0.0,-0.0,-0.0,0.023186992183215974,-0.0009240113888144487,-0.0,-0.03867349630332775,-0.016410515508926228,0.022262980794401525
2024-03-22,0.0,-0.0,-0.0,0.0006466407420758594,-0.001336744359167517,-0.0,-0.002771203977095496,-0.0034613075941871537,-0.0006901036170916577,0.0,-0.0,-0.0,0.005706051987828283,0.0038575324842070376,-0.0,-0.0039928314051058175,0.005570753066929503,0.00956358447203532,0.0,-0.0,-0.0,0.008552112949776978,0.005924907367822847,-0.0,-0.00612513647027394,0.008351883847325884,0.014477020317599825,0.0,-0.0,-0.0,0.011646258312905514,0.008500835301240142,-0.0,-0.011258449926007242,0.008888643688138414,0.020147093614145656,0.0,-0.0,-0.0,0.01487497594510343,0.005172331739658794,-0.0,-0.021636209919412883,-0.0015889022346506597,0.020047307684762223,-0.0,-0.0,-0.0,0.02300552545291409,-0.0013018814800478612,-0.0,-0.039240394238625645,-0.017536750265759415,0.02170364397286623
2024-03-29,0.0,-0.0,-0.0,0.000530053350479976,-0.0012023720876756943,-0.0,-0.002758276905182719,-0.0034305956423784376,-0.0006723187371957183,0.0,-0.0,-0.0,0.005598708901500814,0.003964181556534888,-0.0,-0.003997998047702412,0.00556489241033329,0.009562890458035702,0.0,-0.0,-0.0,0.008421815739654864,0.006489978183997899,-0.0,-0.005695791914642757,0.009216002009010005,0.014911793923652763,0.0,-0.0,-0.0,0.011414499607914762,0.008497488637246723,-0.0,-0.011503211907699356,0.008408776337462131,0.019911988245161487,0.0,-0.0,-0.0,0.014594688861709762,0.00505695986441146,-0.0,-0.02204354750652862,-0.0023918987804073984,0.019651648726121223,-0.0,-0.0,-0.0,0.022742413774625936,-0.0017625237284268971,-0.0,-0.03997511115188816,-0.018995221105689124,0.02097989004619904
2024-04-05,0.0,-0.0,-0.0,0.000581672708196591,-0.0011981248966112812,-0.0,-0.002700259549830165,-0.003316711738244855,-0.0006164521884146902,0.0,-0.0,-0.0,0.005650378982927881,0.004074312107026897,-0.0,-0.0038340444957238725,0.005890646594230904,0.009724691089954777,0.0,-0.0,-0.0,0.008204728906895928,0.00680685790661426,-0.0,-0.005605044309483627,0.00940654250402656,0.015011586813510187,0.0,-0.0,-0.0,0.011151181345881086,0.008394807390252914,-0.0,-0.011880183010978235,0.0076658057251557665,0.019545988736134,0.0,-0.0,-0.0,0.014406025640817461,0.004970579925439358,-0.0,-0.0223264516339302,-0.0029498460676733833,0.019376605566256817,-0.0,-0.0,-0.0,0.022740147158918377,-0.0023079208436734173,-0.0,-0.040522869325163385,-0.020090643009918425,0.02043222631524496
2024-04-12,0.0,-0.0,-0.0,0.0003642213446215426,-0.0012571823952783707,-0.0,-0.0025422377319239404,-0.003435198782580769,-0.0008929610506568282,0.0,-0.0,-0.0,0.005844888274649575,0.0042236494870467964,-0.0,-0.0038761069318383884,0.006192430829857983,0.010068537761696372,0.0,-0.0,-0.0,0.010932428952363982,0.006900542817482277,-0.0,-0.008253010881101641,0.009579960888744618,0.01783297176984626,0.0,-0.0,-0.0,0.013411269993313853,0.007912685432780349,-0.0,-0.014650057648253757,0.006673897777840443,0.0213239554260942,0.0,-0.0,-0.0,0.015559341432683357,0.0042626424627755745,-0.0,-0.024215111293700464,-0.004393127398241534,0.01982198389545893,-0.0,-0.0,-0.0,0.026350388123751466,-0.0029302144365197635,-0.0,-0.044795340565770225,-0.02137516687853852,0.023420173687231705
2024-04-19,0.0,-0.0,-0.0,0.0002802529597664608,-0.0008943639228644086,-0.0,-0.002267204389131201,-0.002881315352229149,-0.0006141109630979478,0.0,-0.0,-0.0,0.005729100932370614,0.0049180649187451735,-0.0,-0.0033027419034316516,0.007344423947684135,0.010647165851115787,0.0,-0.0,-0.0,0.010624791632628245,0.007218359874689462,-0.0,-0.008256814658163636,0.00958633684915407,0.017843151507317707,0.0,-0.0,-0.0,0.013181700352589079,0.007691977357043941,-0.0,-0.01511077034838424,0.0057629073612487786,0.02087367770963302,-0.0,-0.0,-0.0,0.01542077821133007,0.0038964276768844322,-0.0,-0.024726187629188226,-0.0054089817409737236,0.019317205888214502,-0.0,-0.0,-0.0,0.025981493097662508,-0.003128282754066873,-0.0,-0.04537907186513761,-0.022525861521541974,0.022853210343595633
2024-04-26,0.0,-0.0,-0.0,0.00032312331447793857,-0.0007831513891272121,-0.0,-0.002111172848195641,-0.0025712009228449147,-0.0004600280746492735,0.0,-0.0,-0.0,0.005697151556230682,0.005265477887003085,-0.0,-0.0029887305556836703,0.007973898887550096,0.010962629443233767,0.0,-0.0,-0.0,0.01050329464288486,0.007042691135236192,-0.0,-0.008559502977803167,0.008986482800317887,0.017545985778121054,0.0,-0.0,-0.0,0.013003579321678468,0.007335666191745239,-0.0,-0.015653298955089486,0.004685946558334219,0.020339245513423705,-0.0,-0.0,-0.0,0.015255883035250049,0.003170175757486245,-0.0,-0.025624829959942808,-0.007198771167206512,0.018426058792736295,-0.0,-0.0,-0.0,0.02547188102346668,-0.0037235172862914623,-0.0,-0.04650708265674874,-0.02475871891957352,0.021748363737175216
2024-05-03,0.0,-0.0,-0.0,0.000366948438395095,-0.0007899645154114366,-0.0,-0.0020721687994755657,-0.0024951848764919074,-0.0004230160770163416,0.0,-0.0,-0.0,0.0054081304769994865,0.005439034404840214,-0.0,-0.0031173324388609697,0.007729832442978732,0.010847164881839701,0.0,-0.0,-0.0,0.010180639858776963,0.006818008827429608,-0.0,-0.009121506196268017,0.007877142489938552,0.01699864868620657,0.0,-0.0,-0.0,0.012751968375033805,0.007029051532371708,-0.0,-0.016222961422318802,0.0035580584850867097,0.019781019907405512,-0.0,-0.0,-0.0,0.015195610463808136,0.0023702273549775347,-0.0,-0.0264877905962317,-0.008921952777446028,0.017565837818785672,-0.0,-0.0,-0.0,0.025051050725379494,-0.004723782516697406,-0.0,-0.047947306835154906,-0.027620038626472818,0.020327268208682088
2024-05-10,0.0,-0.0,-0.0,-0.00023717418344050073,-0.0003324747988664655,-0.0,-0.001750352167655852,-0.0023200011499628186,-0.0005696489823069663,0.0,-0.0,-0.0,-0.005075199953688502,0.005653580760005378,-0.0,-0.0032508498126118364,-0.0026724690062949604,0.000578380806316876,0.0,-0.0,-0.0,-0.00995560038658294,0.006389984355924445,-0.0,-0.009784799206885117,-0.01335041523754361,-0.0035656160306584946,0.0,-0.0,-0.0,-0.012712482436246533,0.00613507261109586,-0.0,-0.01715822109778136,-0.023735630922932033,-0.006577409825150673,-0.0,-0.0,-0.0,-0.014911756876629106,0.0017270500282746738,-0.0,-0.02742772394589446,-0.040612430794248894,-0.013184706848354433,-0.0,-0.0,-0.0,-0.0245716064657129,-0.005440758791347011,-0.0,-0.04916552029036506,-0.07917788554742497,-0.030012365257059914
2024-05-17,0.0,-0.0,-0.0,0.00014049630546583163,-0.0002944266279123706,-0.0,-0.0016397786114029623,-0.0017937089338495012,-0.000153930322446539,0.0,-0.0,-0.0,0.00623289334380668,0.005322664362525425,-0.0,-0.004826009944467195,0.00672954776186491,0.011555557706332105,0.0,-0.0,-0.0,0.01216434990471738,0.005587503472463492,-0.0,-0.012445481264893438,0.005306372112287433,0.01775185337718087,0.0,-0.0,-0.0,0.015171446253831808,0.00518068503166148,-0.0,-0.01999749997472051,0.00035463131077277665,0.020352131285493288,-0.0,-0.0,-0.0,0.017287860961053763,0.0009510647498340742,-0.0,-0.03046576788306883,-0.012226842172180993,0.018238925710887838,-0.0,-0.0,-0.0,0.021675974054313932,-0.004107708061256621,-0.0,-0.046243194446709296,-0.028674928453651986,0.01756826599305731
2024-05-24,-0.0,-0.0,-0.0,-8.182370510100386e-05,-0.00032998620914338105,-0.0,-0.001900994940102592,-0.0023128048543469767,-0.0004118099142443849,0.0,-0.0,-0.0,0.0060838057415345086,0.004835263795546134,-0.0,-0.0053874766693167795,0.005531592867763864,0.010919069537080644,0.0,-0.0,-0.0,0.011955484228846553,0.0049061847485438554,-0.0,-0.01323081528052524,0.003630853696865168,0.016861668977390408,0.0,-0.0,-0.0,0.01493574218740109,0.00410561241508736,-0.0,-0.021138918891064278,-0.002097564288575826,0.01904135460248845,-0.0,-0.0,-0.0,0.01669396617254071,-4.5960689456900644e-06,-0.0,-0.03188079230341974,-0.015191422199824719,0.01668937010359502,-0.0,-0.0,-0.0,0.021393354465601404,-0.0037035228150786104,-0.0,-0.046200768813136506,-0.02851093716261371,0.017689831650522795
2024-05-31,-0.0,-0.0,-0.0,-0.0001231073947962314,-0.0003112378560144093,-0.0,-0.0018384952340942172,-0.002272840484904858,-0.00043434525081064064,0.0,-0.0,-0.0,0.006832757820651086,0.004432769096322673,-0.0,-0.0065873176320435725,0.004678209284930186,0.011265526916973759,0.0,-0.0,-0.0,0.012607977285559688,0.0044598019703771035,-0.0,-0.01437741905292002,0.002690360203016771,0.01706777925593679,0.0,-0.0,-0.0,0.014490188823127227,0.0032727302704984302,-0.0,-0.02155981434732818,-0.0037968952537025223,0.017762919093625658,-0.0,-0.0,-0.0,0.018831515374672633,-0.001274318471062455,-0.0,-0.035433218615584273,-0.017876021711974097,0.017557196903610177,-0.0,-0.0,-0.0,0.023954745884071767,-0.002728773592786249,-0.0,-0.04781618984352482,-0.026590217552239302,0.02122597229128552
2024-06-07,-0.0,-0.0,-0.0,-0.00014227812053290917,-0.00041687607404940674,-0.0,-0.001944968625756651,-0.002504122820338967,-0.0005591541945823159,0.0,-0.0,-0.0,0.006865405909772147,0.0038067893591629885,-0.0,-0.007065350778365845,0.0036068444905692906,0.010672195268935135,0.0,-0.0,-0.0,0.012792551659438751,0.0033616684080316163,-0.0,-0.015082927849420037,0.0010712922180503293,0.016154220067470366,0.0,-0.0,-0.0,0.014442125412917839,0.002348642470474832,-0.0,-0.022366134294384565,-0.005575366410991895,0.01679076788339267,-0.0,-0.0,-0.0,0.018574188809080523,-0.002303588413516526,-0.0,-0.03654437179616571,-0.02027377140060171,0.016270600395563998,-0.0,-0.0,-0.0,0.02396421590191015,-0.0016042208930820761,-0.0,-0.04688620079784493,-0.024526205789016858,0.022359995008828074
2024-06-14,-0.0,-0.0,-0.0,-0.0009493055138860697,-0.0004913348380998206,-0.0,-0.001189497605960876,-0.0026301379579467665,-0.0014406403519858903,0.0,-0.0,-0.0,0.006784486855751653,0.0033693189702840845,-0.0,-0.007444948999051208,0.0027088568269845303,0.010153805826035738,0.0,-0.0,-0.0,0.01246008081461656,0.0027717762179949547,-0.0,-0.015363872812048478,-0.0001320157794369621,0.015231857032611516,0.0,-0.0,-0.0,0.016130144432710096,0.0016730734348445692,-0.0,-0.024826621264653626,-0.007023403397098959,0.017803217867554667,-0.0,-0.0,-0.0,0.021481873285187553,-0.0018093450887601465,-0.0,-0.039027011125152694,-0.019354482928725287,0.019672528196427407,-0.0,-0.0,-0.0,0.026889929153291862,-0.00023900411924342074,-0.0,-0.04846517238707321,-0.021814247353024768,0.02665092503404844
2024-06-21,0.0006340137229797981,-0.0,-0.0,-0.0011071496737350835,-0.0004359959800279744,-0.0,-0.0013109628873448635,-0.002220094818128123,-0.0009091319307832598,-0.007338808255864599,-0.0,-0.0,0.006704679089691038,0.003154407334239157,-0.0,-0.007700676462250795,-0.005180398294185199,0.002520278168065596,-0.013190660849330496,-0.0,-0.0,0.01236081665861176,0.0021431103551051134,-0.0,-0.015971032866165392,-0.014657766701779014,0.0013132661643863778,-0.0034784655601326746,-0.0,-0.0,0.01566040427075495,0.0011169939070152916,-0.0,-0.02576471205696995,-0.012465779439332386,0.013298932617637566,0.0034280376106040618,-0.0,-0.0,0.021334242768245498,-0.0011588730947404197,-0.0,-0.03866164557272607,-0.015058238288616927,0.023603407284109142,0.013840875266279605,-0.0,-0.0,0.02696657011093964,0.0010002175037446838,-0.0,-0.04739332208315257,-0.005585659202188641,0.04180766288096393
2024-06-28,2.0564567872161704e-05,-0.0,-0.0,-0.0009445820823980908,-0.0007031273691958327,-0.0,-0.0013539720277753063,-0.0029811169114970677,-0.0016271448837217616,-0.007482050399154212,-0.0,-0.0,0.006773272294667961,0.003080953340378701,-0.0,-0.007687416792113391,-0.005315241556220941,0.0023721752358924503,-0.01478555605114037,-0.0,-0.0,0.012713518917593562,0.0014738982746699727,-0.0,-0.016136065158582617,-0.016734204017459453,-0.0005981388588768351,-0.006996128076615824,-0.0,-0.0,0.01591031695543127,-0.00016806115750658249,-0.0,-0.02653034778967733,-0.017784220068368467,0.008746127721308863,0.007291840983750387,-0.0,-0.0,0.020960880718980338,0.0002883828799932215,-0.0,-0.037895870944667565,-0.009354766361943618,0.028541104582723947,0.020607006891228786,-0.0,-0.0,0.026354707168208195,0.003519420188991941,-0.0,-0.04602041602482274,0.004460718223606185,0.05048113424842893
2024-07-05,-6.09076910419826e-05,-0.0,-0.0,-0.0009522670595291622,-0.0007280180345815378,-0.0,-0.0013819537860714957,-0.0031231465712241785,-0.0017411927851526828,-0.008663365653516462,-0.0,-0.0,0.0070267845213727795,0.0025880729833278318,-0.0,-0.00781553323971403,-0.0068640413885298806,0.0009514918511841488,-0.015581338195173747,-0.0,-0.0,0.012756790855604211,0.001187983984019571,-0.0,-0.016319361056191754,-0.01795592441174172,-0.0016365633555499649,-0.008987604977692389,-0.0,-0.0,0.015909584080892915,-0.0008441467699102231,-0.0,-0.02707198579786551,-0.020994153464575206,0.006077832333290303,0.012089024110730678,-0.0,-0.0,0.020358702406647947,0.0021353837719180523,-0.0,-0.03705055745907673,-0.0024674471697800557,0.03458311028929668,0.02578393018627667,-0.0,-0.0,0.025720094173928208,0.005507118963228949,-0.0,-0.04509660064942715,0.01191454267400667,0.05701114332343382
2024-07-12,0.00040283519653809335,-0.0,-0.0,-0.0010234531891061324,-0.0005447770384809087,-0.0,-0.001310106425246811,-0.0024755014562957587,-0.0011653950310489478,-0.009152815452665532,-0.0,-0.0,0.007146104523162988,0.002378694434541753,-0.0,-0.007857750076863181,-0.0074857665718239715,0.00037198350503920945,-0.01605204414386402,-0.0,-0.0,0.012696763914530724,0.001049829442399766,-0.0,-0.016492912977614762,-0.01879836376454829,-0.0023054507869335297,-0.00599634170363799,-0.0,-0.0,0.015463306689819352,0.0003331435872323408,-0.0,-0.026598744772778706,-0.016798636199365002,0.009800108573413702,0.017008275551087356,-0.0,-0.0,0.019786066128138248,0.0040131583869719425,-0.0,-0.036149605859468796,0.004657894206728748,0.040807500066197544,0.029853886341110587,-0.0,-0.0,0.025172186049802606,0.007087511098438097,-0.0,-0.04440759047159172,0.017705993017759568,0.06211358348935129
2024-07-19,0.000682090156946836,-0.0,-0.0,-0.0010735432292155265,-0.0004318214084912104,-0.0,-0.0012723364633699154,-0.0020956109441298163,-0.000823274480759901,-0.010252206870691366,-0.0,-0.0,0.0072645884223278105,0.001962468266143187,-0.0,-0.008066322917458967,-0.009091473099679335,-0.0010251501822203684,-0.01731174498860646,-0.0,-0.0,0.01256128768858713,0.0006709994887876002,-0.0,-0.016938226977745278,-0.021017684788977007,-0.00407945781123173,-0.003672140781427052,-0.0,-0.0,0.015118212658517871,0.001247292999806088,-0.0,-0.02622977397558626,-0.013536409098689353,0.012693364876896906,0.02059074076002272,-0.0,-0.0,0.01942077822747609,0.005361945654711461,-0.0,-0.03545412834097243,0.009919336301237841,0.04537346464221027,0.03405828138525399,-0.0,-0.0,0.02455873059504438,0.008737265947698108,-0.0,-0.04373191481967984,0.023622363108316634,0.06735427792799648
2024-07-26,-0.0007553854279737396,-0.0,-0.0,-0.0007335497245146822,-0.0010429742896610817,-0.0,-0.001404265588369927,-0.003936175030519431,-0.0025319094421495034,-0.011479121222510791,-0.0,-0.0,0.00753854483601954,0.001446708085102154,-0.0,-0.00819127682791548,-0.010685145129304578,-0.0024938683013890966,-0.019558050763150626,-0.0,-0.0,0.01265768093561654,-0.00012675600510911455,-0.0,-0.017475218463481768,-0.024502344296124967,-0.007027125832643201,-0.00027350116016960067,-0.0,-0.0,0.014707033841382788,0.0025502447075618708,-0.0,-0.025619150367373472,-0.008635372978598413,0.01698377738877506,0.025893050208729475,-0.0,-0.0,0.018832687665436873,0.007375404255638632,-0.0,-0.034460856550371885,0.017640285579433097,0.05210114212980498,0.03879177647586367,-0.0,-0.0,0.023813042326674052,0.010614535195020234,-0.0,-0.04301307210361098,0.030206281893946973,0.07321935399755795
2024-08-02,-0.00025592080903859917,-0.0,-0.0,-0.000876773730529877,-0.0008215499514952248,-0.0,-0.0013775113241531955,-0.003331755815216896,-0.001954244491063701,-0.01112469649206525,-0.0,-0.0,0.00730934226952638,0.0016499664688594856,-0.0,-0.008269332815727427,-0.010434720569406811,-0.0021653877536793836,-0.0197722393499357,-0.0,-0.0,0.012334836681541912,-8.274744584561364e-05,-0.0,-0.01777899808284931,-0.025299148197088714,-0.007520150114239401,0.004971626456637753,-0.0,-0.0,0.013865730808335357,0.004635853611384665,-0.0,-0.02483403142901503,-0.001360820552657259,0.023473210876357772,0.031092984240625957,-0.0,-0.0,0.0179805942986617,0.00944956655948758,-0.0,-0.03369622474240665,0.02482692035636859,0.05852314509877524,0.04457676746805637,-0.0,-0.0,0.022764330880571945,0.01295850011155657,-0.0,-0.04223904718878914,0.03806055127139574,0.08029959846018488
2024-08-09,-0.00042500796742092265,-0.0,-0.0,-0.0009531840591461066,-0.0008513431128613382,-0.0,-0.00148157669829313,-0.0037111118377214976,-0.0022295351394283677,-0.011072658261026293,-0.0,-0.0,0.007109322862298275,0.0017399738927067838,-0.0,-0.008407347254239098,-0.010630708760260333,-0.0022233615060212346,-0.016463730761105647,-0.0,-0.0,0.011760399691154964,0.001248633628016489,-0.0,-0.01731705206366593,-0.020771749505600123,-0.0034546974419341933,0.009734508434982952,-0.0,-0.0,0.013195511106849554,0.00649581121934739,-0.0,-0.024049796029204935,0.005376034731974962,0.029425830761179897,0.0348308350709821,-0.0,-0.0,0.017336014342011038,0.010952128146573372,-0.0,-0.033170984427221196,0.029947993132345314,0.06311897755956651,0.04923561364541807,-0.0,-0.0,0.021914477019373425,0.01484808684486752,-0.0,-0.04161972435639881,0.04437845315326021,0.08599817750965902
2024-08-16,-0.0003807426054656806,-0.0,-0.0,-0.0008355242973057809,-0.0008788595075798042,-0.0,-0.0013800470641355603,-0.003475173474486826,-0.0020951264103512657,-0.011177382956497079,-0.0,-0.0,0.006830681964749205,0.0018051733773209232,-0.0,-0.008647760608974311,-0.011189288223401261,-0.002541527614426951,-0.013158732678729189,-0.0,-0.0,0.011290777128567438,0.002540917865734159,-0.0,-0.016776328364208695,-0.016103366048636287,0.0006729623155724085,0.014006624859176647,-0.0,-0.0,0.01272410245717076,0.008117196654963688,-0.0,-0.02324766676287463,0.011600257208436465,0.0348479239713111,0.03938166311873241,-0.0,-0.0,0.016619284600604266,0.012756887107009915,-0.0,-0.032479743487349076,0.036278091338997516,0.06875783482634659,0.05430693363284584,-0.0,-0.0,0.021059519730144083,0.016879604602425963,-0.0,-0.04089221530404286,0.051353842661373016,0.09224605796541588
2024-08-23,,-0.0,-0.0,-0.001001354177484045,-0.0007676191292064466,-0.0,-0.0014651761356240494,-0.0032341494423145413,-0.0017689733066904917,,-0.0,-0.0,0.006611701511495761,0.0016005102391351944,-0.0,-0.009041420595439019,-0.0008292088448080635,0.008212211750630955,,-0.0,-0.0,0.01059174974564937,0.004288211179576661,-0.0,-0.01611247246519867,-0.0012325115399726399,0.01487996092522603,,-0.0,-0.0,0.011864479567325354,0.01045536584152542,-0.0,-0.02227973544796291,4.010996088786231e-05,0.022319845408850774,,-0.0,-0.0,0.015585254187654113,0.014916963241366496,-0.0,-0.03183741451346144,-0.0013351970844408326,0.03050221742902061,,-0.0,-0.0,0.02036924361292616,0.018046678603973777,-0.0,-0.040683346025883395,-0.002267423808983461,0.038415922216899934
2024-08-30,-3.280637417957939e-05,-0.0,-0.0,-0.0011190953906733238,-0.0006581431908622988,-0.0,-0.0015012236587974748,-0.003311268614512677,-0.001810044955715202,-0.011697395999653427,-0.0,-0.0,0.006422943374331343,0.0017760178088843527,-0.0,-0.009099210583662313,-0.012597645400100044,-0.003498434816437731,-0.008472854574676067,-0.0,-0.0,0.010421148396926079,0.004446836543018733,-0.0,-0.016164703590604457,-0.009769573225335712,0.006395130365268745,0.020311565720395844,-0.0,-0.0,0.011663831567805689,0.01064192862128021,-0.0,-0.022341165623654728,0.020276160285827016,0.042617325909481744,0.045301773810965305,-0.0,-0.0,0.01519017728446915,0.015284306277188173,-0.0,-0.03195837083314834,0.043817886539474285,0.07577625737262263,0.05741152847348036,-0.0,-0.0,0.02012821401131575,0.018270788251651685,-0.0,-0.04075713938943202,0.05505339134701578,0.0958105307364478
2024-09-06,-0.0003159316497850872,-0.0,-0.0,-0.0012807675134392463,-0.0006958326111368688,-0.0,-0.0017011309239213484,-0.003993662698282551,-0.0022925317743612023,-0.008791139146371646,-0.0,-0.0,0.006055369358152,0.002895976148554338,-0.0,-0.008589196628914633,-0.00842899026857994,0.00016020636033469218,-0.003689344243961295,-0.0,-0.0,0.009928565339970928,0.006249560339455953,-0.0,-0.015239736763257584,-0.002750955327791996,0.012488781435465588,0.02410027457720706,-0.0,-0.0,0.011188984462392434,0.01210038136863282,-0.0,-0.021672992886456584,0.02571664752177573,0.04738964040823231,0.04969581362962276,-0.0,-0.0,0.014516192294926004,0.017020358397353132,-0.0,-0.03127721337603668,0.049955150945865216,0.0812323643219019,0.06004021389860196,-0.0,-0.0,0.01974022156906113,0.01930386107169069,-0.0,-0.04033807319776819,0.05874622334158558,0.09908429653935377
2024-09-13,-0.001037154208755208,-0.0,-0.0,-0.0010886834931752157,-0.0010102404686813233,-0.0,-0.0017509689886796808,-0.0048870471592914275,-0.003136078170611747,-0.005684145534510006,-0.0,-0.0,0.005864622324401364,0.004020162371706476,-0.0,-0.007890132035831101,-0.0036894928742332673,0.004200639161597834,0.0008432131338537209,-0.0,-0.0,0.00970290245481559,0.007870527096049934,-0.0,-0.014179909387395509,0.0042367332973237345,0.018416642684719244,0.0288375665827711,-0.0,-0.0,0.010714481499604155,0.013880869976562286,-0.0,-0.020746830111040674,0.03268608794789686,0.05343291805893754,0.054705874860257825,-0.0,-0.0,0.01390616060316177,0.018942497571760298,-0.0,-0.03038003531286336,0.05717449772231653,0.08755453303517989,0.06265504027537509,-0.0,-0.0,0.019750297259350375,0.02018827158838327,-0.0,-0.03961996530961037,0.06297364381349836,0.10259360912310873
2024-09-20,-0.0005788580071692353,-0.0,-0.0,-0.001145599256265721,-0.0008340099575910946,-0.0,-0.0016697461310525275,-0.004228213352078578,-0.002558467221026051,-0.0007042018301786859,-0.0,-0.0,0.005369345035801593,0.0058905737184258315,-0.0,-0.006913844111485363,0.003641872812563375,0.010555716924048738,0.0078430526568302,-0.0,-0.0,0.009010471247580549,0.01049823859703574,-0.0,-0.012804792954203646,0.014546969547242845,0.02735176250144649,0.03511925034498274,-0.0,-0.0,0.009843272431477541,0.01632933189213907,-0.0,-0.019702830100112183,0.04158902456848716,0.06129185466859935,0.05836761229221527,-0.0,-0.0,0.013379256255808112,0.020376653680556123,-0.0,-0.029785959990548033,0.06233756223803147,0.0921235222285795,0.06598380856399863,-0.0,-0.0,0.019561586024188973,0.021387041296606225,-0.0,-0.038859096339951466,0.06807333954484236,0.10693243588479383
2024-09-27,,-0.0,-0.0,0.0014975110211064013,-0.00041884665114383797,-0.0,-0.0010323352890567235,4.632908090583987e-05,0.0010786643699625634,,-0.0,-0.0,-0.005413442847666304,-0.007688456602649588,-0.0,-0.006551412934120274,-0.019653312384436166,-0.013101899450315892,,-0.0,-0.0,-0.00944498823230528,-0.01244600572955818,-0.0,-0.012801122408297418,-0.03469211637016088,-0.02189099396186346,,-0.0,-0.0,-0.012079181487596584,-0.018290717096656,-0.0,-0.021507869539332092,-0.051877768123584675,-0.030369898584252583,,-0.0,-0.0,-0.01517522273413788,-0.02134614470795819,-0.0,-0.0313729401304299,-0.06789430757252596,-0.03652136744209607,,-0.0,-0.0,-0.0212538149059597,-0.022769995216269184,-0.0,-0.0402481911589558,-0.08427200128118469,-0.04402381012222888
2024-10-04,-0.0,-0.0,-0.0,-0.001478990324984245,-0.00040209670785635774,-0.0,-0.0010258133990402529,-0.0029069004318808553,-0.0018810870328406027,-0.0,-0.0,-0.0,0.005474608215412717,-0.007633139219644544,-0.0,-0.006529874121614146,-0.008688405125845972,-0.0021585310042318267,-0.0,-0.0,-0.0,0.009430318447710674,-0.012459272944698438,-0.0,-0.01280628823581605,-0.015835242732803814,-0.003028954496987764,-0.0,-0.0,-0.0,0.011889149475046627,-0.018462580260546976,-0.0,-0.02157478753621969,-0.028148218321720042,-0.006573430785500349,-0.0,-0.0,-0.0,0.015093618063313495,-0.021419947204326956,-0.0,-0.03140167645245782,-0.03772800559347128,-0.006326329141013462,-0.0,-0.0,-0.0,0.021202144501306867,-0.022816725444002997,-0.0,-0.040266386408963184,-0.04188096735165932,-0.0016145809426961304
2024-10-11,-0.0,-0.0,-0.0,0.0011675885796657934,-0.00012046789977583234,-0.0,-0.0009161561852667399,0.0001309644946232212,0.001047120679889961,-0.0,-0.0,-0.0,-0.006047699042472623,-0.007114841268611188,-0.0,-0.006328065543854632,-0.019490605854938444,-0.013162540311083812,-0.0,-0.0,-0.0,-0.0099079209154009,-0.012027333767304414,-0.0,-0.01263810499122728,-0.034573359673932595,-0.021935254682705314,-0.0,-0.0,-0.0,-0.012463807059035508,-0.01794286534929072,-0.0,-0.021372427239652967,-0.05177909964797919,-0.03040667240832623,-0.0,-0.0,-0.0,-0.015862269885337798,-0.02072478572973646,-0.0,-0.031131002898335883,-0.06771805851341015,-0.03658705561507426,-0.0,-0.0,-0.0,-0.022074771994132453,-0.022027529351182625,-0.0,-0.039959098794285344,-0.08406140013960042,-0.04410230134531508
2024-10-18,-0.0,-0.0,-0.0,-0.0018516004362798132,-0.00012949252105146457,-0.0,-0.0002782449978735793,-0.002259337955204857,-0.001981092957331278,-0.0,-0.0,-0.0,0.001608766615077983,-0.006957110206827349,-0.0,-0.0018764939480691645,-0.0072248375398185315,-0.005348343591749367,-0.0,-0.0,-0.0,0.005175908523883089,-0.012126986721405613,-0.0,-0.00827867490617008,-0.015229753103692605,-0.006951078197522525,-0.0,-0.0,-0.0,0.009869549845983663,-0.018036925947450808,-0.0,-0.019039271007765972,-0.027206647109233116,-0.008167376101467144,-0.0,-0.0,-0.0,0.012231358489806424,-0.020462314353323494,-0.0,-0.027297369335352276,-0.035528325198869344,-0.00823095586351707,-0.0,-0.0,-0.0,0.016445728325098944,-0.02187367147079247,-0.0,-0.034380574210872726,-0.03980851735656625,-0.005427943145693524
2024-10-25,-0.0,-0.0,-0.0,-0.0017070866365418728,4.494379981945227e-07,-0.0,-0.00022973997459135777,-0.001936377173135036,-0.0017066371985436782,-0.0,-0.0,-0.0,0.001792692218381455,0.006792874494073602,-0.0,-0.0018147606348035148,0.006770806077651543,0.008585566712455058,-0.0,-0.0,-0.0,0.005350807946162185,0.011970810904867273,-0.0,-0.008219971166007697,0.009101647685021762,0.01732161885102946,-0.0,-0.0,-0.0,0.009793040187212535,0.018105244974900667,-0.0,-0.019064950927515777,0.008833334234597423,0.0278982851621132,-0.0,-0.0,-0.0,0.012542087081879405,0.020184850363125947,-0.0,-0.0271930755058337,0.005533861939171651,0.03272693744500535,-0.0,-0.0,-0.0,0.01718510081457159,0.021213451438246513,-0.0,-0.0341324091229632,0.004266143129854905,0.0383985522528181
2024-11-01,,-0.0,-0.0,-0.0016279696732269648,-0.0001388871624471051,-0.0,-0.0002581364434669451,-0.002024993279141015,-0.00176685683567407,,-0.0,-0.0,0.0016763601919273568,0.006721340527240595,-0.0,-0.001994136436046722,0.00640356428312123,0.008397700719167952,,-0.0,-0.0,0.005140591856474752,0.012282488783372052,-0.0,-0.008191355757375682,0.009231724882471122,0.017423080639846805,,-0.0,-0.0,0.009594250051470294,0.018004508537492376,-0.0,-0.019354269719971756,0.008244488868990915,0.02759875858896267,,-0.0,-0.0,0.012433397436869473,0.020374686734101238,-0.0,-0.027155330536313887,0.005652753634656824,0.03280808417097071,,-0.0,-0.0,0.017566687975066428,0.021210277658262368,-0.0,-0.03373428162843095,0.005042684004897845,0.038776965633328796
2024-11-08,-0.0,-0.0,-0.0,0.0017341104672161795,-4.361173515211041e-05,-0.0,-0.0002933639353196227,0.0013971347967444464,0.001690498732064069,-0.0,-0.0,-0.0,-0.0013984226955499229,0.006970826259666442,-0.0,-0.0020863822213023474,0.0034860213428141718,0.005572403564116519,-0.0,-0.0,-0.0,-0.004741335076283861,0.012640874649007972,-0.0,-0.008323866684067368,-0.0004243271113432562,0.007899539572724112,-0.0,-0.0,-0.0,-0.009659926311875032,0.017945555391034512,-0.0,-0.019332472163713074,-0.011046843084553594,0.00828562907915948,-0.0,-0.0,-0.0,-0.01227036461309518,0.02052103029687674,-0.0,-0.027209440151056488,-0.018958774467274925,0.008250665683781562,-0.0,-0.0,-0.0,-0.017861206443161373,0.020945908306579667,-0.0,-0.03363653271827741,-0.030551830854859113,0.003084701863418294
2024-11-15,-0.0,-0.0,-0.0,-6.0139321296388964e-05,-0.00042558377101161647,-0.0,-0.0021147036810322483,-0.0026004267733402537,-0.00048572309230800545,-0.0,-0.0,-0.0,0.0019377355319005604,0.0070343153260231895,-0.0,-0.0030688562835204797,0.00590319457440327,0.00897205085792375,-0.0,-0.0,-0.0,0.007830691830136717,0.011994559331686281,-0.0,-0.011809539627837345,0.008015711533985653,0.019825251161822998,-0.0,-0.0,-0.0,0.012012479232094442,0.01725501673172514,-0.0,-0.02156607441325284,0.007701421550566745,0.029267495963819584,-0.0,-0.0,-0.0,0.013108375270271736,0.020355346950930702,-0.0,-0.028175389475650185,0.005288332745552255,0.03346372222120244,-0.0,-0.0,-0.0,0.0180321726735273,0.02074079917320566,-0.0,-0.03347025041781235,0.005302721428920611,0.03877297184673296
2024-11-22,-0.0,-0.0,-0.0,-0.0001280629075826758,-0.0005421509628410693,-0.0,-0.0022598938251321087,-0.0029301076955558537,-0.000670213870423745,-0.0,-0.0,-0.0,0.0017880308513776534,0.0073144005401489815,-0.0,-0.003047129676896194,0.006055301714630441,0.009102431391526635,-0.0,-0.0,-0.0,0.0076273793462046545,0.01156414877593754,-0.0,-0.012295991214697325,0.00689553690744487,0.019191528122142195,-0.0,-0.0,-0.0,0.011968580745673942,0.01712266223019253,-0.0,-0.021696193877304107,0.007395049098562364,0.02909124297586647,-0.0,-0.0,-0.0,0.01336077250272771,0.020194413907584776,-0.0,-0.028013931578393613,0.005541254831918873,0.033555186410312486,-0.0,-0.0,-0.0,0.018367584188095677,0.020430239890459282,-0.0,-0.033317221559784,0.005480602518770965,0.03879782407855496
2024-11-29,-0.0,-0.0,-0.0,-0.00015920439775654876,-0.0002843622417807295,-0.0,-0.0021284034696391245,-0.002571970109176403,-0.0004435666395372783,-0.0,-0.0,-0.0,0.0017030919953845945,0.007664406424313653,-0.0,-0.002913198372784136,0.006454300046914111,0.009367498419698247,-0.0,-0.0,-0.0,0.007553202433453021,0.011476773083102795,-0.0,-0.012429142518923408,0.006600832997632408,0.019029975516555817,-0.0,-0.0,-0.0,0.011976920622475523,0.017297972413444856,-0.0,-0.02157591388948732,0.007698979146433062,0.02927489303592038,-0.0,-0.0,-0.0,0.013837131890479986,0.020181662723760457,-0.0,-0.027524033880904405,0.0064947607333360365,0.03401879461424044,-0.0,-0.0,-0.0,0.018750541888306955,0.0199074656700412,-0.0,-0.0332495311952837,0.005408476363064456,0.038658007558348154
2024-12-06,-0.0,-0.0,-0.0,0.0007832674250701349,-2.860152170383195e-05,-0.0,-0.002787010837972923,-0.00203234493460662,0.0007546659033663029,-0.0,-0.0,-0.0,0.0027693222863713497,0.007849783658415545,-0.0,-0.003807071156909949,0.006812034787876946,0.010619105944786895,-0.0,-0.0,-0.0,0.005704831649289399,0.011143317172923365,-0.0,-0.01089687011464189,0.005951278707570874,0.016848148822212763,-0.0,-0.0,-0.0,0.012365951342592735,0.017383968904237428,-0.0,-0.021875785327131973,0.00787413491969819,0.029749920246830163,-0.0,-0.0,-0.0,0.011551234525168793,0.020079808070542278,-0.0,-0.025184674355944937,0.0064463682397661315,0.03163104259571107,-0.0,-0.0,-0.0,0.015218929862916892,0.019535109190051327,-0.0,-0.029942988389281878,0.004811050663686343,0.03475403905296822
2024-12-13,-0.0,-0.0,-0.0,-0.000473806270475894,-5.9091722868212615e-05,-0.0,-0.0024942121686903763,-0.003027110162034483,-0.0005328979933441067,-0.0,-0.0,-0.0,-0.002078168143945289,0.007332169594589958,-0.0,-0.0037964053787172373,0.0014575960719274321,0.0052540014506446695,-0.0,-0.0,-0.0,-0.0025991651059019956,0.01057577850482607,-0.0,-0.008332707075149513,-0.0003560936762254385,0.007976613398924075,-0.0,-0.0,-0.0,-0.011837676960472719,0.017109477739502933,-0.0,-0.021694277293647764,-0.01642247651461755,0.005271800779030214,-0.0,-0.0,-0.0,-0.008939212063647091,0.01975603661501184,-0.0,-0.02280833799757804,-0.011991513446213289,0.01081682455136475,-0.0,-0.0,-0.0,-0.00956113516405998,0.01891408101974343,-0.0,-0.02468082038858683,-0.01532787453290338,0.009352945855683449
2024-12-20,-0.0,-0.0,-0.0,0.0006861129497054119,-0.00011097778778130959,-0.0,-0.002691272095954875,-0.0021161369340307727,0.0005751351619241022,-0.0,-0.0,-0.0,0.0055866895484541264,0.006534150954121288,-0.0,-0.007162401986879972,0.004958438515695442,0.012120840502575414,-0.0,-0.0,-0.0,0.004068890965449354,0.01012795590834517,-0.0,-0.009533685808734354,0.004663161065060168,0.014196846873794522,-0.0,-0.0,-0.0,0.011670127607430516,0.016812573931018985,-0.0,-0.0209166794901982,0.007566022048251301,0.0284827015384495,-0.0,-0.0,-0.0,0.00936416263955709,0.019294304006991645,-0.0,-0.022543815344139462,0.006114651302409273,0.028658466646548735,-0.0,-0.0,-0.0,0.011061837861100836,0.017877911100972352,-0.0,-0.02484117570872432,0.004098573253348867,0.028939748962073186
2024-12-27,-0.0,-0.0,-0.0,0.0006813894703263075,2.743489186171344e-05,-0.0,-0.002640866677445725,-0.001932042315257704,0.0007088243621880209,-0.0,-0.0,-0.0,0.005539935123126407,0.006099114081016903,-0.0,-0.007385508882715828,0.004253540321427482,0.01163904920414331,-0.0,-0.0,-0.0,0.004147105653657693,0.009916781038202148,-0.0,-0.009536030334172805,0.0045278563576870365,0.014063886691859841,-0.0,-0.0,-0.0,0.012157276422005607,0.016370251422600686,-0.0,-0.02058210223826167,0.007945425606344623,0.02852752784460629,-0.0,-0.0,-0.0,0.009684292040807589,0.018434090849637926,-0.0,-0.02255176473576791,0.005566618154677603,0.028118382890445513,-0.0,-0.0,-0.0,0.011722517733298058,0.017022544391251584,-0.0,-0.024489608526805554,0.00425545359774409,0.028745062124549643
2025-01-03,-0.0,-0.0,-0.0,0.0005743945424441796,-0.0004590665656381641,-0.0,-0.0029478119347219117,-0.002832483957915896,0.00011532797680601555,-0.0,-0.0,-0.0,0.005787791246636587,0.005290741118708847,-0.0,-0.007448609137953364,0.003629923227392069,0.011078532365345433,-0.0,-0.0,-0.0,0.004332681878330185,0.009592771994351436,-0.0,-0.009470778915806975,0.004454674956874648,0.013925453872681622,-0.0,-0.0,-0.0,0.012661832647033596,0.015610977386720758,-0.0,-0.020356027816334256,0.0079167822174201,0.028272810033754356,-0.0,-0.0,-0.0,0.010274712113060977,0.01731556470396224,-0.0,-0.022379234118172137,0.00521104269885108,0.027590276817023217,-0.0,-0.0,-0.0,0.012324010879974942,0.016207390550958257,-0.0,-0.024184102258912148,0.004347299172021049,0.028531401430933197
2025-01-10,-0.0,-0.0,-0.0,0.0006261899400570761,-0.0006329035048602671,-0.0,-0.0029629615429172113,-0.0029696751077204022,-6.713564803190967e-06,-0.0,-0.0,-0.0,0.0061593594851171996,0.004983643468261114,-0.0,-0.007181301547727813,0.0039617014056505,0.011143002953378313,-0.0,-0.0,-0.0,0.004578821684654811,0.009650494391669793,-0.0,-0.009189243160238777,0.005040072916085828,0.014229316076324605,-0.0,-0.0,-0.0,0.013164729252482521,0.015452621040014916,-0.0,-0.019891328919295216,0.00872602137320222,0.028617350292497436,-0.0,-0.0,-0.0,0.011097972509211657,0.016640146463310405,-0.0,-0.021784977998474654,0.005953140974047408,0.027738118972522062,-0.0,-0.0,-0.0,0.01307357843244961,0.01580687777873474,-0.0,-0.02355726143770315,0.005323194773481199,0.02888045621118435
2025-01-17,-0.0,-0.0,-0.0,0.0007066543718000175,-0.00043678424645056933,-0.0,-0.002800026186223244,-0.002530156060873796,0.0002698701253494481,-0.0,-0.0,-0.0,0.00636533965018213,0.005178370448766783,-0.0,-0.006887131582207377,0.0046565785167415365,0.011543710098948914,-0.0,-0.0,-0.0,0.005083201341519056,0.009740695761011744,-0.0,-0.008623563972794542,0.006200333129736257,0.014823897102530799,-0.0,-0.0,-0.0,0.013686049426799473,0.015410575102131273,-0.0,-0.019360761111415888,0.00973586341751486,0.029096624528930748,-0.0,-0.0,-0.0,0.011984962961377311,0.016029774305594477,-0.0,-0.02109778688678709,0.006916950380184701,0.02801473726697179,-0.0,-0.0,-0.0,0.013796331884905488,0.015565913555755604,-0.0,-0.022894756001816147,0.006467489438844946,0.029362245440661093
2025-01-24,-0.0,-0.0,-0.0,0.0010123278287609712,-0.000713626849184455,-0.0,-0.002589806097507796,-0.00229110511793128,0.0002987009795765162,-0.0,-0.0,-0.0,0.006485165366124036,0.005343204520721646,-0.0,-0.006695380951686427,0.005132988935159255,0.011828369886845682,-0.0,-0.0,-0.0,0.0056679682870556915,0.00961363086998892,-0.0,-0.008060384636390201,0.007221214520654409,0.01528159915704461,-0.0,-0.0,-0.0,0.014082405677194551,0.014853104641390141,-0.0,-0.019167575232797503,0.009767935085787188,0.02893551031858469,-0.0,-0.0,-0.0,0.012711591745292107,0.015479789571322749,-0.0,-0.02055482055738525,0.007636560759229603,0.028191381316614854,-0.0,-0.0,-0.0,0.014207222290859575,0.015515808720649,-0.0,-0.022483363009606988,0.007239668001901588,0.029723031011508576
2025-01-31,-0.0,-0.0,-0.0,0.0010146988134989287,-0.0006919888378628505,-0.0,-0.0025786613590042984,-0.0022559513833682204,0.00032270997563607813,-0.0,-0.0,-0.0,0.00639146706315881,0.005805712322383391,-0.0,-0.006608761049135211,0.00558841833640699,0.012197179385542201,-0.0,-0.0,-0.0,0.005976318144723524,0.009558245125193076,-0.0,-0.007758771583757308,0.007775791686159292,0.0155345632699166,-0.0,-0.0,-0.0,0.014479435678822457,0.014384512172114111,-0.0,-0.018938130718798612,0.009925817132137957,0.02886394785093657,-0.0,-0.0,-0.0,0.013075295165582493,0.015366729424646506,-0.0,-0.02021815602475084,0.00822386856547816,0.028442024590229,-0.0,-0.0,-0.0,0.014247044609526784,0.015799902338345963,-0.0,-0.02232791212792763,0.007719034819945118,0.030046946947872747
2025-02-07,-0.0,-0.0,-0.0,0.0010766794245227757,-0.0005740776116249955,-0.0,-0.0024664172269341193,-0.001963815414036339,0.0005026018128977802,-0.0,-0.0,-0.0,0.006444652338263075,0.005906891399222877,-0.0,-0.006512444879539948,0.005839098857946004,0.012351543737485952,-0.0,-0.0,-0.0,0.006054235788845165,0.009706474786246451,-0.0,-0.007617666193008249,0.008143044382083369,0.015760710575091617,-0.0,-0.0,-0.0,0.014490210599912762,0.01440501026236176,-0.0,-0.018918617815554747,0.009976603046719774,0.028895220862274522,-0.0,-0.0,-0.0,0.01314854920968756,0.015506087104808544,-0.0,-0.020085496206375713,0.00856914010812039,0.028654636314496103,-0.0,-0.0,-0.0,0.014334276878237226,0.01596585203779631,-0.0,-0.02216993836600155,0.008130190550031988,0.030300128916033536
2025-02-14,-0.0,-0.0,-0.0,0.00112764020714153,-0.0004771303845912649,-0.0,-0.002374129514370934,-0.001723619691820669,0.000650509822550265,-0.0,-0.0,-0.0,0.006495657732672331,0.006003923495231541,-0.0,-0.006420076377006755,0.006079504850897117,0.012499581227903872,-0.0,-0.0,-0.0,0.006075566527739761,0.009747054147083246,-0.0,-0.007579037172834191,0.008243583501988814,0.015822620674823006,-0.0,-0.0,-0.0,0.014447457191056747,0.014323676652047389,-0.0,-0.01899604233897928,0.009775091504124856,0.028771133843104136,-0.0,-0.0,-0.0,0.013164503442606144,0.015536438260372168,-0.0,-0.020056603799585734,0.008644337903392578,0.02870094170297831,-0.0,-0.0,-0.0,0.014430654339061402,0.016149199449184314,-0.0,-0.021995403067580927,0.008584450720664789,0.030579853788245716
2025-02-21,-0.0,-0.0,-0.0,0.0012358772824786778,-0.0004839556724002636,-0.0,-0.0022632107003905276,-0.0015112890903121133,0.0007519216100784142,-0.0,-0.0,-0.0,0.00696577013761426,0.0056308877935307994,-0.0,-0.006075672632498027,0.006520985298647032,0.01259665793114506,-0.0,-0.0,-0.0,0.006396584471282193,0.008970956495113716,-0.0,-0.007552407392902462,0.007815133573493449,0.01536754096639591,-0.0,-0.0,-0.0,0.015058901550416743,0.013517929297479974,-0.0,-0.018676324703478263,0.009900506144418453,0.028576830847896716,-0.0,-0.0,-0.0,0.013417490173740953,0.01527945859505029,-0.0,-0.019893759598022944,0.008803189170768298,0.028696948768791242,-0.0,-0.0,-0.0,0.014626947435541382,0.016220715729931667,-0.0,-0.021760688803978023,0.009086974361495026,0.03084766316547305
2025-02-28,-0.0,-0.0,-0.0,0.001181572907300052,-0.0005862736942277944,-0.0,-0.002361157503059098,-0.0017658582899868402,0.0005952992130722576,-0.0,-0.0,-0.0,0.007184706401595974,0.006043398302366113,-0.0,-0.0056807853517831085,0.007547319352178979,0.013228104703962087,-0.0,-0.0,-0.0,0.0066499684391012805,0.009448371920017896,-0.0,-0.007095388056730746,0.009002952302388428,0.016098340359119175,-0.0,-0.0,-0.0,0.015344480436595151,0.014056005034717895,-0.0,-0.01816123657809577,0.011239248893217278,0.029400485471313048,-0.0,-0.0,-0.0,0.013546620621022508,0.01552276075772307,-0.0,-0.019660851763308194,0.009408529615437384,0.02906938137874558,-0.0,-0.0,-0.0,0.014975186460363584,0.016876853067406827,-0.0,-0.02113258289292464,0.010719456634845768,0.03185203952777041
2025-03-07,,-0.0,-0.0,0.0013684867144826052,-0.0002340985529014522,-0.0,-0.002024027948986879,-0.0008896397874057259,0.001134388161581153,,-0.0,-0.0,0.007376480823492284,0.006404731609691818,-0.0,-0.005334888885861694,0.008446323547322408,0.013781212433184102,,-0.0,-0.0,0.007014738284268797,0.010135655934558308,-0.0,-0.0064374661134886865,0.010712928105338419,0.017150394218827105,,-0.0,-0.0,0.015682089421249452,0.014692113697185767,-0.0,-0.01755230367922159,0.012821899439213628,0.03037420311843522,,-0.0,-0.0,0.01368167936117877,0.015777232760721925,-0.0,-0.01941725128494457,0.010041660836956123,0.029458912121900695,,-0.0,-0.0,0.015364988604552706,0.01761130188790001,-0.0,-0.020429511113328785,0.012546779379123931,0.032976290492452716
2025-03-14,-0.0,-0.0,-0.0,0.0014260496752542047,-0.00012564084102625992,-0.0,-0.001920203755426625,-0.0006197949211986802,0.0013004088342279448,-0.0,-0.0,-0.0,0.0074651564689138805,0.006571810534621389,-0.0,-0.005174947888197189,0.008862019115338082,0.01403696700353527,-0.0,-0.0,-0.0,0.007369685158147388,0.010804431919359939,-0.0,-0.005797261501995516,0.012376855575511811,0.018174117077507327,-0.0,-0.0,-0.0,0.01591133447087121,0.015124047586746176,-0.0,-0.017138822821294596,0.013896559236322787,0.031035382057617383,-0.0,-0.0,-0.0,0.01363555525217108,0.015690327652676753,-0.0,-0.019500443642620734,0.0098254392622271,0.029325882904847833,-0.0,-0.0,-0.0,0.015466248475875898,0.01780209148248091,-0.0,-0.020246872410607096,0.013021467547749709,0.033268339958356805
2025-03-21,-0.0,-0.0,-0.0,0.001412167639680486,-0.00015179678912749612,-0.0,-0.0019452422720195222,-0.0006848714214665321,0.00126037085055299,-0.0,-0.0,-0.0,0.007325751942728565,0.0063091503841976385,-0.0,-0.00542638670086127,0.008208515626064932,0.013634902326926202,-0.0,-0.0,-0.0,0.007467527185598233,0.01098878175613526,-0.0,-0.0056207874384620014,0.012835521503271493,0.018456308941733494,-0.0,-0.0,-0.0,0.01584163863403633,0.014992729619619167,-0.0,-0.017264530636822036,0.013569837616833457,0.030834368253655493,-0.0,-0.0,-0.0,0.01357788143156316,0.015581661063356346,-0.0,-0.019604467789987198,0.009555074704932307,0.029159542494919505,-0.0,-0.0,-0.0,0.015631884722979966,0.018114176339196007,-0.0,-0.019948120408461778,0.013797940653714195,0.033746061062175974
2025-03-28,-0.0,-0.0,-0.0,0.0013234229770494532,0.0003190057533829735,-0.0,-0.0021053077534842987,-0.00046287902305187207,0.0016424287304324266,-0.0,-0.0,-0.0,0.007369615439200638,-0.006391796141094737,-0.0,-0.005347271726806754,-0.004369452428700854,0.0009778192981059006,-0.0,-0.0,-0.0,0.007540092287614973,-0.011125505872150651,-0.0,-0.005489904434938263,-0.009075318019473942,-0.0035854135845356785,-0.0,-0.0,-0.0,0.01574273587281426,-0.014806381192844428,-0.0,-0.017442917906815097,-0.016506563226845267,0.0009363546799698308,-0.0,-0.0,-0.0,0.013708713762879481,-0.015828169844413795,-0.0,-0.019368490329682093,-0.02148794641121641,-0.0021194560815343145,-0.0,-0.0,-0.0,0.0158377014623414,-0.018501967591027662,-0.0,-0.01957689633139961,-0.02224116246008587,-0.0026642661286862615
2025-04-04,-0.0,-0.0,-0.0,0.0013551261617209538,0.00026787141255734076,-0.0,-0.002051565673248969,-0.0004285680989706746,0.0016229975742782946,-0.0,-0.0,-0.0,0.007565203651933213,-0.00701001362795441,-0.0,-0.004894617108693686,-0.004339427084714883,0.000555190023978803,-0.0,-0.0,-0.0,0.0077997421551480265,-0.011456890208727291,-0.0,-0.005084718339397906,-0.00874186639297717,-0.003657148053579265,-0.0,-0.0,-0.0,0.0158424779634121,-0.014618044273272492,-0.0,-0.01741352347951614,-0.01618908978937653,0.0012244336901396091,-0.0,-0.0,-0.0,0.014256358918335352,-0.015360266532294324,-0.0,-0.01898062424130121,-0.02008453185526018,-0.0011039076139589717,-0.0,-0.0,-0.0,0.01673608343271279,-0.01772624709080735,-0.0,-0.01894388346259777,-0.019934047120692328,-0.0009901636580945568
2025-04-11,-0.0,-0.0,-0.0,0.001180445640429891,-4.9446099054490536e-05,-0.0,-0.002108053215959854,-0.0009770536745844537,0.0011309995413754004,0.0,-0.0,-0.0,0.007787329160814909,-0.0076803644166702585,-0.0,-0.0043932450088815635,-0.004286280264736913,0.0001069647441446506,-0.0,-0.0,-0.0,0.008028753744006703,-0.01174768109678601,-0.0,-0.004727939815872802,-0.008446867168652108,-0.003718927352779306,-0.0,-0.0,-0.0,0.015987069931629693,-0.014152148617415265,-0.0,-0.017448060175230554,-0.015613138861016125,0.0018349213142144286,-0.0,-0.0,-0.0,0.014888021612270572,-0.014762730191029182,-0.0,-0.018556392949175285,-0.018431101527933896,0.00012529142124139032,-0.0,-0.0,-0.0,0.017848832606505216,-0.016698416096521278,-0.0,-0.01818662922783016,-0.017036212717846222,0.0011504165099839384
2025-04-18,-0.0,-0.0,-0.0,0.0013956614666025655,-0.00021725260916430502,-0.0,-0.0018149539944346189,-0.0006365451369963583,0.0011784088574382605,0.0,-0.0,-0.0,0.008196621071278068,-0.007769785728644906,-0.0,-0.00392771997810539,-0.003500884635472228,0.00042683534263316183,-0.0,-0.0,-0.0,0.008343162090130602,-0.011313376397074509,-0.0,-0.004571532932327309,-0.007541747239271215,-0.0029702143069439066,-0.0,-0.0,-0.0,0.016430922843424216,-0.013309800913907417,-0.0,-0.017318953699249455,-0.014197831769732655,0.0031211219295167996,-0.0,-0.0,-0.0,0.015657780673815878,-0.01397319462221718,-0.0,-0.01806396016207754,-0.016379374110478843,0.0016845860515986976,-0.0,-0.0,-0.0,0.019257206946504322,-0.015391228358825523,-0.0,-0.0172307112659094,-0.013364732678230603,0.003865978587678799
2025-04-25,-0.0,-0.0,-0.0,0.001479980640149055,0.00026278724069422535,-0.0,-0.0017082050095988395,3.4562871244440876e-05,0.0017427678808432804,0.0,-0.0,-0.0,0.008365676598782111,0.00750311516220625,-0.0,-0.0038568799008016122,0.01201191186018675,0.015868791760988363,-0.0,-0.0,-0.0,0.0083697666389226,0.010635217491626556,-0.0,-0.004814861718274902,0.014190122412274256,0.019004984130549157,-0.0,-0.0,-0.0,0.016846392511352077,0.012486198046706459,-0.0,-0.017212151694805597,0.012120438863252939,0.029332590558058536,-0.0,-0.0,-0.0,0.016265858618897733,0.012754293410500224,-0.0,-0.017913038804428363,0.011107113224969593,0.029020152029397957,-0.0,-0.0,-0.0,0.02022299681436557,0.013892866053693236,-0.0,-0.016815976826708018,0.01729988604135079,0.03411586286805881
2025-05-02,-0.0,-0.0,-0.0,0.0015332729917018075,0.00036695080834374643,-0.0,-0.0016105826134086391,0.0002896411866369149,0.001900223800045554,0.0,-0.0,-0.0,0.008325998618088666,0.007425561819076569,-0.0,-0.003929563117781603,0.011821997319383633,0.015751560437165236,-0.0,-0.0,-0.0,0.008085479701442808,0.010079559113242962,-0.0,-0.005335626353982118,0.012829412460703654,0.01816503881468577,-0.0,-0.0,-0.0,0.01684462564547044,0.01248274458577958,-0.0,-0.017215388288352045,0.012111981942897972,0.029327370231250018,-0.0,-0.0,-0.0,0.01645379167167155,0.013121621492031948,-0.0,-0.017568777866403158,0.012006635297300339,0.029575413163703497,-0.0,-0.0,-0.0,0.020753422242831505,0.014929619047156945,-0.0,-0.015844328929433302,0.019838712360555146,0.03568304128998845
2025-05-09,-0.0,-0.0,-0.0,0.00148575467662859,0.0002740729922499907,-0.0,-0.00169762797067302,6.219969820556062e-05,0.0017598276688785806,0.0,-0.0,-0.0,0.008229785747043458,0.007237507143126475,-0.0,-0.004105808502759104,0.011361484387410829,0.015467292890169933,-0.0,-0.0,-0.0,0.007766342902159218,0.009455784282276426,-0.0,-0.0059202299256165,0.011301897258819145,0.017222127184435644,-0.0,-0.0,-0.0,0.016868786568259953,0.012529968771654885,-0.0,-0.017171129645072943,0.012227625694841895,0.029398755339914838,-0.0,-0.0,-0.0,0.016749566517881304,0.013699733778401934,-0.0,-0.017026969363334928,0.013422330932948312,0.03044930029628324,-0.0,-0.0,-0.0,0.02121884871841627,0.015839327115254907,-0.0,-0.014991747902830099,0.022066427930841074,0.03705817583367117
2025-05-16,-0.0,-0.0,-0.0,0.00144087935355728,0.00018636108586309746,-0.0,-0.0017798318224526522,-0.00015259138303227462,0.0016272404394203775,0.0,-0.0,-0.0,0.008044035336775274,0.006874445186538876,-0.0,-0.004446071216175741,0.01047240930713841,0.01491848052331415,-0.0,-0.0,-0.0,0.007591019699062253,0.009113103019501896,-0.0,-0.00624139179397813,0.010462730924586017,0.016704122718564147,-0.0,-0.0,-0.0,0.016936363931037837,0.012662053376559646,-0.0,-0.01704733957219425,0.012551077735403236,0.029598417307597484,-0.0,-0.0,-0.0,0.017182255085429324,0.014545453352858104,-0.0,-0.01623435853762703,0.015493349900660397,0.03172770843828743,-0.0,-0.0,-0.0,0.02180724033082207,0.016989379003330665,-0.0,-0.013913915954573744,0.024882703379578992,0.03879661933415274
2025-05-23,-0.0,-0.0,-0.0,0.001439166700193018,0.0001830135870312629,-0.0,-0.001782969108017861,-0.00016078882079358027,0.0016221802872242808,0.0,-0.0,-0.0,0.007861082067085728,0.006516850433656865,-0.0,-0.004781210050502565,0.009596722450240028,0.014377932500742593,-0.0,-0.0,-0.0,0.007649838004557262,0.009228067444319863,-0.0,-0.006133646803281179,0.010744258645595946,0.016877905448877125,-0.0,-0.0,-0.0,0.017072224094527896,0.012927601413346175,-0.0,-0.01679846718581508,0.01320135832205899,0.02999982550787407,-0.0,-0.0,-0.0,0.017522928625568094,0.015211323225564302,-0.0,-0.015610303371398853,0.017123948479733538,0.03273425185113239,-0.0,-0.0,-0.0,0.022433989559789976,0.018214403491999754,-0.0,-0.012765819468689776,0.027882573583099955,0.04064839305178973
2025-05-30,-0.0,-0.0,-0.0,0.0014382240907811537,0.0001811711920837892,-0.0,-0.0017846958058793084,-0.0001653005230143655,0.0016193952828649429,-0.0,-0.0,-0.0,0.007623105807795589,0.006051709461992084,-0.0,-0.005217141511423124,0.008457673758364549,0.013674815269787673,-0.0,-0.0,-0.0,0.007688888542591292,0.009304394407603363,-0.0,-0.006062112953032047,0.010931169997162607,0.016993282950194654,-0.0,-0.0,-0.0,0.017297805826893685,0.013368516429387835,-0.0,-0.01638524036041434,0.01428108189586718,0.03066632225628152,-0.0,-0.0,-0.0,0.01808390711022744,0.01630779426942317,-0.0,-0.014582687544962971,0.019809013834687642,0.03439170137965061,-0.0,-0.0,-0.0,0.023085170618129126,0.019487181672096638,-0.0,-0.011572968085394916,0.03099938420483085,0.04257235229022577
2025-06-06,-0.0,-0.0,-0.0,0.0013023460447909158,-8.441179727967674e-05,-0.0,-0.0020336009499144444,-0.0008156667024032053,0.001217934247511239,-0.0,-0.0,-0.0,0.007411460869075039,0.005638034867988209,-0.0,-0.005604838534681255,0.0074446572023819935,0.013049495737063248,-0.0,-0.0,-0.0,0.007811098432821663,0.009543262046158412,-0.0,-0.005838245512868144,0.011516114966111933,0.017354360478980077,-0.0,-0.0,-0.0,0.01768686089779573,0.014128951332643669,-0.0,-0.015672558574664874,0.01614325365577452,0.031815812230439396,-0.0,-0.0,-0.0,0.01863548345477788,0.017385888183567347,-0.0,-0.01357229481752735,0.022449076820817877,0.03602137163834523,-0.0,-0.0,-0.0,0.023714079276960797,0.02071642691500429,-0.0,-0.01042091589645857,0.03400959029550652,0.04443050619196509
2025-06-13,-0.0,-0.0,-0.0,0.001258817853521257,-0.0001694906418769223,-0.0,-0.002113337088586485,-0.0010240098769421502,0.0010893272116443346,-0.0,-0.0,-0.0,0.007425731608397829,0.005665928009828403,-0.0,-0.005578697001656244,0.007512962616569988,0.013091659618226233,-0.0,-0.0,-0.0,0.008057954614668005,0.010025759437402275,-0.0,-0.00538604756543193,0.01269766648663835,0.01808371405207028,-0.0,-0.0,-0.0,0.01829188844176706,0.01531151929352447,-0.0,-0.014564252469142657,0.019039155266148876,0.03360340773529153,-0.0,-0.0,-0.0,0.01938517151173008,0.01885120506978279,-0.0,-0.01219899560324136,0.026037380978271508,0.03823637658151287,-0.0,-0.0,-0.0,0.024710432961145657,0.022663868740360856,-0.0,-0.008595767797921882,0.03877853390358463,0.04737430170150651
2025-06-20,-0.0,-0.0,-0.0,0.0012052809176065328,-0.000274132266489437,-0.0,-0.0022114075211419498,-0.0012802588700248539,0.0009311486511170959,0.0,-0.0,-0.0,0.007661940376239438,0.00612761429785276,-0.0,-0.005146003280212811,0.008643551393879387,0.013789554674092198,-0.0,-0.0,-0.0,0.008373673405398883,0.01064285353549189,-0.0,-0.004807705195928668,0.014208821744962106,0.019016526940890774,-0.0,-0.0,-0.0,0.01881102646699541,0.01632621028078151,-0.0,-0.013613281147750064,0.021523955600026855,0.03513723674777692,-0.0,-0.0,-0.0,0.020176505089687633,0.020397920992035235,-0.0,-0.01074940897748498,0.029825017104237888,0.04057442608172287,-0.0,-0.0,-0.0,0.025585712884555842,0.024374663570349852,-0.0,-0.006992405946345568,0.04296797050856013,0.0499603764549057
2025-06-27,-0.0,-0.0,-0.0,0.0012332436265987904,-0.00021947722791611424,-0.0,-0.0021601846612707507,-0.0011464182625880745,0.0010137663986826762,0.0,-0.0,-0.0,0.007932369145731366,0.006656185933455387,-0.0,-0.004650624418005239,0.009937930661181515,0.014588555079186754,-0.0,-0.0,-0.0,0.008829151414200818,0.011533116640803453,-0.0,-0.0039733480445620145,0.016388920010442256,0.02036226805500427,-0.0,-0.0,-0.0,0.01959142797763474,0.017851558725328974,-0.0,-0.012183720183759782,0.025259266519203932,0.03744298670296371,-0.0,-0.0,-0.0,0.021042947540403503,0.022091442373620762,-0.0,-0.009162235851599091,0.03397215406242518,0.04313438991402427,-0.0,-0.0,-0.0,0.026542625478048597,0.026245015070382523,-0.0,-0.005239507123165128,0.04754813342526599,0.05278764054843112
2025-07-04,,-0.0,-0.0,0.0013166127948800758,-5.65264526710797e-05,-0.0,-0.0020074667244773877,-0.0007473803822683916,0.001260086342208996,,-0.0,-0.0,0.008250533546812888,0.007278060145234505,-0.0,-0.004067802112158,0.011460791579889391,0.015528593692047392,,-0.0,-0.0,0.009407141565035025,0.012662838156611955,-0.0,-0.0029145697798626923,0.019155409941784288,0.022069979721646982,,-0.0,-0.0,0.020319266972799715,0.019274170117055213,-0.0,-0.010850444682146066,0.028742992407708858,0.039593437089854924,,-0.0,-0.0,0.021843366176902534,0.023655915667848987,-0.0,-0.007696006965583813,0.03780327487916771,0.04549928184475152,,-0.0,-0.0,0.02743871131845846,0.027996476496604576,-0.0,-0.003598032420245933,0.051837155394817105,0.055435187815063035
2025-07-11,-0.0,-0.0,-0.0,-0.0014523943444107493,0.00020886792772316335,-0.0,-0.0017587383453124845,-0.0030022647620000704,-0.001243526416687586,0.0,-0.0,-0.0,-0.008431759055501689,0.007632277870369766,-0.0,-0.0037358282379806556,-0.004535309423112579,-0.0007994811851319231,-0.0,-0.0,-0.0,-0.009660172005741818,0.013157403561590543,-0.0,-0.0024510616551291385,0.0010461699007195862,0.0034972315558487246,-0.0,-0.0,-0.0,-0.02078246227045609,0.020179517194385963,-0.0,-0.010001950788674597,-0.010604895864744723,-0.0006029450760701265,-0.0,-0.0,-0.0,-0.022456799983595385,0.0248549142475739,-0.0,-0.0065723020366663595,-0.004174187772687844,0.002398114263978516,-0.0,-0.0,-0.0,-0.02790212634824758,0.028902253055506404,-0.0,-0.002749136015406682,-0.0017490093081478572,0.001000126707258825
2025-07-18,-0.0,-0.0,-0.0,0.000947234230075992,0.000203159538720779,-0.0,-0.0013860026556374906,-0.00023560888684071957,0.001150393768796771,0.0,-0.0,-0.0,0.006597943318099032,0.007966400147336976,-0.0,-0.0019135059466767485,0.01265083751875926,0.014564343465436008,-0.0,-0.0,-0.0,0.005837863795177713,0.013978227460956404,-0.0,0.0015117869818514484,0.021327878237985567,0.01981609125613412,-0.0,-0.0,-0.0,0.0165800179160915,0.02174290361906828,-0.0,-0.004771007313904405,0.03355191422125538,0.03832292153515978,-0.0,-0.0,-0.0,0.016888539601316893,0.026647201159037594,-0.0,-1.0486313207248854e-05,0.04352525444714724,0.04353574076035449,-0.0,-0.0,-0.0,0.023245574885506267,0.030413180894908153,-0.0,0.0027542902928426177,0.056413046073257034,0.053658755780414416
2025-07-25,-0.0,-0.0,-0.0,0.0010382234722942816,-0.00035904558226237,-0.0,-0.0012483631632615722,-0.0005691852732296605,0.0006791778900319117,0.0,-0.0,-0.0,0.006804207042357267,-0.008319778581060274,-0.0,-0.0016014906621186096,-0.0031170622008216175,-0.0015155715387030078,-0.0,-0.0,-0.0,0.006416460152597472,-0.014969499558259472,-0.0,0.0023870301093274838,-0.006166009296334517,-0.008553039405662,-0.0,-0.0,-0.0,0.0172590011544035,-0.022906162132614157,-0.0,-0.0037439088792475365,-0.009391069857458193,-0.005647160978210657,-0.0,-0.0,-0.0,0.01766642797914594,-0.02797990751618957,-0.0,0.0011662259973827423,-0.009147253539660886,-0.010313479537043629,-0.0,-0.0,-0.0,0.02356625752122156,-0.030962585924507433,-0.0,0.0032393871473448133,-0.004156941255941061,-0.007396328403285874
2025-08-01,,-0.0,-0.0,0.0010304872211716262,-0.0003680234172046489,-0.0,-0.001254002561723726,-0.0005915387577567488,0.0006624638039669773,,-0.0,-0.0,0.007212909135267401,-0.00784548426556605,-0.0,-0.0013035641964837096,-0.001936139326782359,-0.0006325751302986493,,-0.0,-0.0,0.00708197273374203,-0.014197179475728952,-0.0,0.002872160512561202,-0.004243046229425719,-0.007115206741986921,,-0.0,-0.0,0.018045511246019715,-0.021993425760563238,-0.0,-0.0031705764303899178,-0.00711849094493344,-0.003947914514543523,,-0.0,-0.0,0.018593549741623576,-0.02690399283568702,-0.0,0.001842058381654122,-0.006468384712409323,-0.008310443094063445,,-0.0,-0.0,0.023698099815357154,-0.03081049475327116,-0.0,0.003335742862694859,-0.0037766520752191488,-0.007112394937914008
2025-08-08,-0.0,-0.0,-0.0,0.0009349602182701138,-0.00047888146084659814,-0.0,-0.0013236376892184114,-0.0008675589317948958,0.0004560787574235156,0.0,-0.0,-0.0,0.007276201421841655,-0.007772034258195022,-0.0,-0.0012574268079845316,-0.001753259644337899,-0.0004958328363533675,0.0,-0.0,-0.0,0.007430616032766819,-0.013792582734652377,-0.0,0.003126306668520788,-0.0032356600333647697,-0.006361966701885558,-0.0,-0.0,-0.0,0.018577174157780804,-0.0213764367576152,-0.0,-0.0027830167507164015,-0.005582279350550796,-0.0027992625998343942,-0.0,-0.0,-0.0,0.018786301402083407,-0.026680306638713517,-0.0,0.0019825661547784625,-0.005911439081851648,-0.00789400523663011,-0.0,-0.0,-0.0,0.02401612248039366,-0.030443628870648342,-0.0,0.003568166771790438,-0.002859339618464244,-0.006427506390254682
2025-08-15,,-0.0,-0.0,0.001070113815326167,-0.00032203718743990865,-0.0,-0.0012251164577707252,-0.000477039829884467,0.0007480766278862583,,-0.0,-0.0,0.007593726470642443,-0.0074035499066691934,-0.0,-0.0010259645346543866,-0.0008357879706811372,0.0001901765639732494,,-0.0,-0.0,0.008205550876610655,-0.012893279311231073,-0.0,0.003691201253424441,-0.0009965271811959771,-0.004687728434620418,,-0.0,-0.0,0.019475299559871657,-0.0203341720366799,-0.0,-0.0021283214815128702,-0.0029871939583211125,-0.0008588724768082423,,-0.0,-0.0,0.019420907566794984,-0.025943853114932625,-0.0,0.0024451670932185143,-0.004077778454919127,-0.006522945548137642,,-0.0,-0.0,0.024352410725932472,-0.03005569210519453,-0.0,0.00381393991063907,-0.0018893414686229869,-0.005703281379262057
2025-08-22,,-0.0,-0.0,0.0011078672593002117,-0.0002782247280034556,-0.0,-0.0011975958007350742,-0.0003679532694383181,0.0008296425312967562,,-0.0,-0.0,0.00783354022360404,-0.007125248665300138,-0.0,-0.0008511504951133619,-0.00014285893680945991,0.000708291558303902,,-0.0,-0.0,0.008545574991011986,-0.012498685039782194,-0.0,0.003939064389903419,-1.4045658866788241e-05,-0.003953110048770208,,-0.0,-0.0,0.01977479941280074,-0.01998660572811477,-0.0,-0.0019099988103320198,-0.00212180512564605,-0.00021180631531403024,,-0.0,-0.0,0.01949128065121245,-0.025862185918992125,-0.0,0.0024964660825802718,-0.0038744391851994048,-0.0063709052677796765,,-0.0,-0.0,0.024534556864947515,-0.02984557121947579,-0.0,0.003947059723504252,-0.0013639546310240218,-0.005311014354528274
2025-08-29,,-0.0,-0.0,0.0012003888449411367,-0.00017085443827104558,-0.0,-0.0011301514947647624,-0.00010061708809467121,0.0010295344066700912,,-0.0,-0.0,0.008114400845577447,-0.006799312980704939,-0.0,-0.0006464150315762182,0.00066867283329629,0.0013150878648725082,,-0.0,-0.0,0.00892144117398261,-0.01206249643918046,-0.0,0.00421305487193587,0.0010719996067380198,-0.00314105526519785,,-0.0,-0.0,0.020026547008880433,-0.019694455392133558,-0.0,-0.001726485506061786,-0.0013943938893149106,0.00033209161674687543,,-0.0,-0.0,0.01959766079576279,-0.02573873292299104,-0.0,0.00257401268933714,-0.003567059437891113,-0.006141072127228253,,-0.0,-0.0,0.02460686312243824,-0.029762159872141668,-0.0,0.003999904079789774,-0.001155392669913654,-0.005155296749703428
2025-09-05,-0.0,-0.0,-0.0,0.0010508413083964942,-0.0003444027212618184,-0.0,-0.0012391652967003164,-0.0005327267095656407,0.0007064385871346757,0.0,-0.0,-0.0,0.008437978014788369,-0.0064238052095367485,-0.0,-0.0004105410195379428,0.0016036317857136776,0.0020141728052516204,0.0,-0.0,-0.0,0.009461270668651165,-0.011436030205953405,-0.0,0.004606567643663798,0.002631808106361558,-0.0019747595373022404,-0.0,-0.0,-0.0,0.02018485297265768,-0.019510743049987775,-0.0,-0.0016110871826980448,-0.0009369772600281399,0.0006741099226699049,-0.0,-0.0,-0.0,0.019852326928617617,-0.025443195656954753,-0.0,0.0027596534829482204,-0.0028312152453889156,-0.005590868728337136,-0.0,-0.0,-0.0,0.024438754412804936,-0.029956087402838654,-0.0,0.0038770433917268456,-0.0016402895983068724,-0.005517332990033718
2025-09-12,0.0,-0.0,-0.0,0.0014076033696252006,6.961575468952366e-05,-0.0,-0.0009791009079479442,0.00049811821636678,0.0014772191243147242,0.0,-0.0,-0.0,0.008921100331508012,-0.005863147037035269,-0.0,-5.836537183144877e-05,0.002999587922641294,0.0030579532944727426,0.0,-0.0,-0.0,0.010063703237266058,-0.010736913789083348,-0.0,0.005045715397160256,0.004372504845342966,-0.0006732105518172903,-0.0,-0.0,-0.0,0.02051400002350098,-0.019128771492012447,-0.0,-0.0013711529635369764,1.4075567951556123e-05,0.0013852285314885325,-0.0,-0.0,-0.0,0.02017295853542002,-0.025071106178793975,-0.0,0.0029933803051068915,-0.0019047673382670653,-0.004898147643373957,-0.0,-0.0,-0.0,0.024422204273890476,-0.02997517937956828,-0.0,0.0038649478765153088,-0.0016880272291624962,-0.005552975105677805
2025-09-19,0.0,-0.0,-0.0,0.0014020416052236806,6.316138784012583e-05,-0.0,-0.000983155197954241,0.0004820477951095654,0.0014652029930638064,0.0,-0.0,-0.0,0.009073245087784565,-0.005686584708909168,-0.0,5.254169296874025e-05,0.003439202071844137,0.003386660378875397,0.0,-0.0,-0.0,0.010348179884902525,-0.010406781746195816,-0.0,0.005253086789810884,0.005194484928517594,-5.86018612932903e-05,-0.0,-0.0,-0.0,0.020349329462437792,-0.019319869879802422,-0.0,-0.0014911908079784618,-0.00046173122534309136,0.0010294595826353704,-0.0,-0.0,-0.0,0.020095450796575685,-0.025161053063281192,-0.0,0.002936880455720693,-0.002128721810984814,-0.005065602266705507,-0.0,-0.0,-0.0,0.024113322819626647,-0.030331500106996086,-0.0,0.0036392047363560907,-0.0025789725510133484,-0.006218177287369439
2025-09-26,0.0,-0.0,-0.0,0.0015452871000729803,0.00022939622026639032,-0.0,-0.0008787353167280458,0.0008959480036113249,0.0017746833203393707,0.0,-0.0,-0.0,0.009206080250680076,-0.005532430953026784,-0.0,0.0001493728843915713,0.0038230221820448633,0.003673649297653292,0.0,-0.0,-0.0,0.010610211937548297,-0.010102696410683483,-0.0,0.005444097026073543,0.005951612552938357,0.000507515526864814,-0.0,-0.0,-0.0,0.02017863753983025,-0.0195179559919069,-0.0,-0.0016156179692214875,-0.0009549364212981387,0.0006606815479233488,-0.0,-0.0,-0.0,0.01985140069868931,-0.025444270536671466,-0.0,0.0027589783006731657,-0.0028338915373089905,-0.005592869837982156,-0.0,-0.0,-0.0,0.023709256770055726,-0.03079762426797917,-0.0,0.0033438968193455557,-0.003744470678577888,-0.007088367497923444
2025-10-03,0.0,-0.0,-0.0,0.0015452871000729803,0.00022939622026639034,-0.0,-0.0008787353167280458,0.0008959480036113249,0.0017746833203393707,0.0,-0.0,-0.0,0.009631689433471669,-0.0050385161443630075,-0.0,0.00045962390040174897,0.00505279718951041,0.004593173289108661,0.0,-0.0,-0.0,0.0104608588706596,-0.01027601901376228,-0.0,0.005335224984256854,0.005520064841154174,0.0001848398568973196,-0.0,-0.0,-0.0,0.020125146350457517,-0.019580031933010767,-0.0,-0.001654610774173771,-0.001109496356727021,0.0005451144174467501,-0.0,-0.0,-0.0,0.019294040339580827,-0.026091081146631084,-0.0,0.0023526862734124104,-0.004444354533637847,-0.006797040807050257,-0.0,-0.0,-0.0,0.02321655973792092,-0.031365991719207904,-0.0,0.0029838137724488255,-0.005165618208838159,-0.008149431981286984
2025-10-10,0.0,-0.0,-0.0,0.0016507902257877104,0.0003518314454864657,-0.0,-0.0008018280194499424,0.0012007936518242336,0.002002621671274176,0.0,-0.0,-0.0,0.009804608171670823,-0.004837845837082929,-0.0,0.0005856743156244758,0.005552436650212369,0.004966762334587893,0.0,-0.0,-0.0,0.010524262906067538,-0.010202439323090177,-0.0,0.005381443832909118,0.0057032674158864795,0.0003218235829773614,-0.0,-0.0,-0.0,0.020125146350457517,-0.019580031933010767,-0.0,-0.001654610774173771,-0.001109496356727021,0.0005451144174467501,-0.0,-0.0,-0.0,0.019294040339580827,-0.026091081146631084,-0.0,0.0023526862734124104,-0.004444354533637847,-0.006797040807050257,-0.0,-0.0,-0.0,0.02321655973792092,-0.031365991719207904,-0.0,0.0029838137724488255,-0.005165618208838159,-0.008149431981286984
2025-10-17,0.0,-0.0,-0.0,-0.0016265207366769425,0.00032366696841412256,-0.0,-0.0008195194461369235,-0.0021223732143997435,-0.00130285376826282,0.0,-0.0,-0.0,-0.0099329611228544,-0.004688893638943182,-0.0,0.0006792381650964699,-0.013942616596701114,-0.014621854761797583,0.0,-0.0,-0.0,-0.010284227581865308,-0.010480997695464242,-0.0,0.005206468277345179,-0.015558756999984371,-0.02076522527732955,-0.0,-0.0,-0.0,-0.019928883197419707,-0.019807793178772903,-0.0,-0.0017976782762326622,-0.041534354652425276,-0.03973667637619261,-0.0,-0.0,-0.0,-0.018833092570654797,-0.026626005998580466,-0.0,0.0020166749291576948,-0.04344242364007757,-0.04545909856923526,-0.0,-0.0,-0.0,-0.02257748997449056,-0.03210321242261759,-0.0,0.002516755575246995,-0.05216394682186115,-0.05468070239710815
2025-10-24,0.0,-0.0,-0.0,0.0006640402332841233,0.0007743404148923601,-0.0,0.0006039126365493892,0.002042293284725873,0.0014383806481764834,0.0,-0.0,-0.0,0.007724955264670737,-0.0045294247410199,-0.0,0.002759366863536593,0.00595489738718743,0.0031955305236508373,0.0,-0.0,-0.0,0.010044964815328919,-0.010758659523104024,-0.0,0.005032055883504356,0.004318361175729251,-0.000713694707775105,-0.0,-0.0,-0.0,0.019561989126039573,-0.02023356974185599,-0.0,-0.002065128470016619,-0.0027367090858330355,-0.0006715806158164167,-0.0,-0.0,-0.0,0.018278294075956245,-0.02726984359286981,-0.0,0.0016122503922336266,-0.007379299124679939,-0.008991549516913565,-0.0,-0.0,-0.0,0.022062713501314425,-0.0326970503654684,-0.0,0.002140535974067638,-0.008493800890086334,-0.010634336864153972
2025-10-31,0.0,-0.0,0.0,0.0006064294451034632,0.0004977695544609112,-0.0,0.0006360916856716843,0.0017402906852360587,0.0011041989995643744,0.0,-0.0,0.0,0.007434895617681843,-0.005121449653198118,-0.0,0.0026545630353159047,0.00496800899979963,0.0023134459644837246,0.0,-0.0,0.0,0.01000341374307835,-0.010999331292973135,-0.0,0.005054253881570327,0.004058336331675542,-0.000995917549894785,-0.0,-0.0,0.0,0.01944706282785293,-0.020820797846968213,-0.0,-0.002025125571271949,-0.0033988605903872322,-0.0013737350191152832,-0.0,-0.0,0.0,0.018183339187514923,-0.02774039745144216,-0.0,0.0016413122430192738,-0.007915746020907964,-0.009557058263927238,-0.0,-0.0,0.0,0.02195312393633442,-0.03322044564818408,-0.0,0.002168709233238239,-0.009098612478611417,-0.011267321711849656
2025-11-07,0.0,-0.0,0.003642481104530846,0.000594649113952603,0.0004845760036492924,-0.0,0.004270699462190925,0.008992405684323666,0.004721706222132741,0.0,-0.0,-0.008485811109295045,0.007258764436619344,-0.0053187102952887205,-0.0,-0.005948964506889043,-0.012494721474853464,-0.006545756967964421,0.0,-0.0,0.0,0.009990675417430976,-0.011014160140544148,-0.0,0.00504498077227653,0.0040214960491633586,-0.0010234847231131716,-0.0,-0.0,0.0,0.01897751724884266,-0.021367401852198976,-0.0,-0.002366940311537939,-0.004756824914894254,-0.0023898846033563147,-0.0,-0.0,0.0,0.017665999969726395,-0.028342638641961362,-0.0,0.0012647052036546466,-0.009411933468580321,-0.010676638672234968,-0.0,-0.0,0.0,0.021406702390440926,-0.03385278833592965,-0.0,0.001769907441007492,-0.010676178504481229,-0.012446085945488721
2025-11-14,0.0,-0.0,0.0012736811811765597,0.000576755514942432,0.0004645358108295694,-0.0,0.001889940437474284,0.004204912944422845,0.002314972506948561,0.0,-0.0,-0.008233356947308977,0.007032413885769281,-0.005572214840758156,-0.0,-0.005847790653548654,-0.012620948555846504,-0.006773157902297851,0.0,-0.0,0.0,0.009865979232079769,-0.0111593205624432,-0.0,0.004954205784472751,0.0036608644541093202,-0.001293341330363431,-0.0,-0.0,0.0,0.018532599637343473,-0.021885336125919058,-0.0,-0.0026908266489088957,-0.0060435631374844805,-0.0033527364885755848,-0.0,-0.0,0.0,0.01702263383212786,-0.029091589379358254,-0.0,0.000796354442728079,-0.011272601104502317,-0.012068955547230396,-0.0,-0.0,0.0,0.020861766197252014,-0.03448341210916953,-0.0,0.0013721897226481178,-0.012249456189269401,-0.013621645911917519
2025-11-21,0.0,-0.0,-0.005345314961319919,0.0005559007729885145,0.0004411792435048785,-0.0,-0.004742993872115962,-0.00909122881694249,-0.004348234944826526,0.0,-0.0,-0.008091162522558896,0.0069049222804941635,-0.005715000892415904,-0.0,-0.005790804633740903,-0.01269204576822154,-0.0069012411344806365,0.0,-0.0,0.0,0.009676250727768334,-0.01138018593739078,-0.0,0.004816089268587355,0.0031121540589649083,-0.0017039352096224463,-0.0,-0.0,0.0,0.01810021578422391,-0.022388679691437076,-0.0,-0.0030055887956653253,-0.00729405270287849,-0.004288463907213165,-0.0,-0.0,0.0,0.016615784569712806,-0.029565207801727403,-0.0,0.0005001806926675616,-0.012449242539347035,-0.012949423232014597,-0.0,-0.0,0.0,0.020179598036038627,-0.035272846661664664,-0.0,0.0008743142502418665,-0.01421893437538417,-0.015093248625626037
2025-11-28,0.0,-0.0,-0.0024969666011152125,0.0004559013104602285,0.0003291834113753895,-0.0,-0.0019614796746683905,-0.0036733615539479847,-0.0017118818792795944,0.0,-0.0,-0.008255462550552648,0.0070522337827031,-0.005550017262954209,-0.0,-0.0058566497234209,-0.012609895754224658,-0.006753246030803757,0.0,-0.0,0.0,0.009334286096682692,-0.0117782713317686,-0.0,0.004567149534555461,0.0021231642994695528,-0.0024439852350859083,-0.0,-0.0,0.0,0.017749150827633297,-0.022797358890958217,-0.0,-0.003261153286777058,-0.008309361350101978,-0.00504820806332492,-0.0,-0.0,0.0,0.016151678644379188,-0.030105479436641793,-0.0,0.0001623258529772527,-0.013791474939285352,-0.013953800792262605,-0.0,-0.0,0.0,0.01945082134211955,-0.036116218627617325,-0.0,0.00034242187913174557,-0.016322975406366028,-0.016665397285497773
